$MeshFormat
4.1 0 8
$EndMeshFormat
$PhysicalNames
7
3 1 "Proximal_Cortical"
3 2 "Proximal_Trabecular"
3 3 "Distal_Cortical"
3 4 "Distal_Trabecular"
3 5 "Gap_Cortical"
3 6 "Gap_Trabecular"
3 10 "Plate"
$EndPhysicalNames
$Entities
24 44 32 10
1 0 2.939152317953648e-18 0.012 0 
2 0.079 2.939152317953648e-18 0.012 0 
3 0.079 0.011 -0.004795831523312723 0 
4 0.03 0.011 -0.004795831523312722 0 
5 0.03 0.011 0.004795831523312722 0 
6 0.079 0.011 0.004795831523312719 0 
7 0 1.959434878635765e-18 0.008 0 
8 0.079 1.959434878635765e-18 0.008 0 
9 0.081 2.939152317953648e-18 0.012 0 
10 0.16 2.939152317953648e-18 0.012 0 
11 0.081 0.011 0.004795831523312719 0 
12 0.13 0.011 0.004795831523312722 0 
13 0.13 0.011 -0.004795831523312722 0 
14 0.081 0.011 -0.004795831523312723 0 
15 0.081 1.959434878635765e-18 0.008 0 
16 0.16 1.959434878635765e-18 0.008 0 
17 0.03 0.011 -0.008 0 
18 0.03 0.011 0.008 0 
19 0.03 0.018 0.008 0 
20 0.03 0.018 -0.008 0 
21 0.13 0.011 -0.008 0 
22 0.13 0.011 0.008 0 
23 0.13 0.018 0.008 0 
24 0.13 0.018 -0.008 0 
1 -1.000000000028756e-07 -9.999999999706084e-08 0.0119999 0.0790001 1.000000000029391e-07 0.0120001 0 2 1 -2 
2 -1e-07 -0.0120001 -0.0120001 1e-07 0.0120001 0.0120001 0 2 1 -1 
3 0.0789999 -0.0120001 -0.0120001 0.0790001 0.0110001 0.0120001 0 2 2 -3 
4 0.0299999 0.0109999 -0.004795931523312722 0.0790001 0.0110001 -0.004795731523312721 0 2 4 -3 
5 0.0299999 0.01099989999999999 -0.004795931523312733 0.0300001 0.0120001 0.004795931523312709 0 2 4 -5 
6 0.0299999 0.0109999 0.004795731523312721 0.0790001 0.0110001 0.004795931523312722 0 2 5 -6 
7 0.0789999 -9.999999999680403e-08 0.004795731523312719 0.0790001 0.0110001 0.0120001 0 2 6 -2 
8 -1e-07 -0.0080001 -0.0080001 1e-07 0.0080001 0.0080001 0 2 7 -7 
9 0.07899978786796565 0.01099978786796564 -0.004796043655347079 0.07900021213203436 0.01100021213203435 0.004796043655347076 0 2 3 -6 
10 0.0789999 -0.008000100000000007 -0.008000100000000007 0.0790001 0.008000100000000007 0.008000100000000007 0 2 8 -8 
11 0.0299999 0.0109999 -0.004795931523312722 0.0300001 0.0110001 0.004795931523312722 0 2 4 -5 
12 -1.000000000028756e-07 -9.999999999804056e-08 0.007999900000000001 0.0790001 1.000000000019594e-07 0.0080001 0 2 7 -8 
13 0.0789999 0.0109999 -0.004795931523312723 0.0790001 0.0120001 0.004795931523312719 0 2 3 -6 
14 0.0809999 -9.999999999706084e-08 0.0119999 0.1600001 1.000000000029391e-07 0.0120001 0 2 9 -10 
15 0.0809999 -9.999999999680403e-08 0.004795731523312719 0.08100010000000001 0.0110001 0.0120001 0 2 11 -9 
16 0.0809999 0.0109999 0.004795731523312721 0.1300001 0.0110001 0.004795931523312722 0 2 11 -12 
17 0.1299999 0.01099989999999999 -0.004795931523312733 0.1300001 0.0120001 0.004795931523312709 0 2 13 -12 
18 0.0809999 0.0109999 -0.004795931523312722 0.1300001 0.0110001 -0.004795731523312721 0 2 14 -13 
19 0.0809999 -0.0120001 -0.0120001 0.08100010000000001 0.0110001 0.0120001 0 2 9 -14 
20 0.1599999 -0.0120001 -0.0120001 0.1600001 0.0120001 0.0120001 0 2 10 -10 
21 0.08099978786796565 0.01099978786796564 -0.004796043655347079 0.08100021213203436 0.01100021213203435 0.004796043655347076 0 2 14 -11 
22 0.0809999 -0.008000100000000007 -0.008000100000000007 0.08100010000000001 0.008000100000000007 0.008000100000000007 0 2 15 -15 
23 0.1299999 0.0109999 -0.004795931523312722 0.1300001 0.0110001 0.004795931523312722 0 2 13 -12 
24 0.1599999 -0.0080001 -0.0080001 0.1600001 0.0080001 0.0080001 0 2 16 -16 
25 0.0809999 -9.999999999804056e-08 0.007999900000000001 0.1600001 1.000000000019594e-07 0.0080001 0 2 15 -16 
26 0.0809999 0.0109999 -0.004795931523312723 0.08100010000000001 0.0120001 0.004795931523312719 0 2 14 -11 
27 0.0789999 -9.999999999706084e-08 0.0119999 0.08100010000000001 1.000000000029391e-07 0.0120001 0 2 2 -9 
28 0.0789999 0.0109999 0.004795731523312721 0.08100010000000001 0.0110001 0.004795931523312722 0 2 6 -11 
29 0.0789999 0.0109999 -0.004795931523312722 0.08100010000000001 0.0110001 -0.004795731523312721 0 2 3 -14 
30 0.0789999 -9.999999999804056e-08 0.007999900000000001 0.08100010000000001 1.000000000019594e-07 0.0080001 0 2 8 -15 
31 0.0299999 0.0109999 -0.0080001 0.0300001 0.0110001 -0.004795731523312721 0 2 17 -4 
32 0.0299999 0.0109999 0.004795731523312721 0.0300001 0.0110001 0.0080001 0 2 5 -18 
33 0.0299999 0.0109999 0.007999900000000001 0.0300001 0.0180001 0.0080001 0 2 18 -19 
34 0.0299999 0.0179999 -0.0080001 0.0300001 0.0180001 0.0080001 0 2 20 -19 
35 0.0299999 0.0109999 -0.0080001 0.0300001 0.0180001 -0.007999900000000001 0 2 17 -20 
36 0.1299999 0.0109999 -0.0080001 0.1300001 0.0110001 -0.004795731523312721 0 2 21 -13 
37 0.0299999 0.0109999 -0.0080001 0.1300001 0.0110001 -0.007999900000000001 0 2 17 -21 
38 0.1299999 0.0109999 0.004795731523312721 0.1300001 0.0110001 0.0080001 0 2 12 -22 
39 0.0299999 0.0109999 0.007999900000000001 0.1300001 0.0110001 0.0080001 0 2 18 -22 
40 0.0299999 0.0179999 0.007999900000000001 0.1300001 0.0180001 0.0080001 0 2 19 -23 
41 0.1299999 0.0109999 0.007999900000000001 0.1300001 0.0180001 0.0080001 0 2 22 -23 
42 0.0299999 0.0179999 -0.0080001 0.1300001 0.0180001 -0.007999900000000001 0 2 20 -24 
43 0.1299999 0.0179999 -0.0080001 0.1300001 0.0180001 0.0080001 0 2 24 -23 
44 0.1299999 0.0109999 -0.0080001 0.1300001 0.0180001 -0.007999900000000001 0 2 21 -24 
1 -1.000000000028756e-07 -0.0120001 -0.0120001 0.0790001 0.0120001 0.0120001 0 8 1 -7 -6 -5 4 -3 -1 2 
2 -1e-07 -0.0120001 -0.0120001 1e-07 0.0120001 0.0120001 0 2 2 -8 
3 0.07899978786796565 -0.01200021213203436 -0.01200021213203436 0.07900021213203436 0.01100021213203435 0.01200021213203436 0 4 7 3 9 -10 
4 0.02999978786796564 0.01099978786796564 -0.004796043655347079 0.07900021213203436 0.01100021213203435 0.004796043655347078 0 4 -4 11 6 -9 
5 0.0299999 0.01099989999999999 -0.004795931523312733 0.0300001 0.0120001 0.004795931523312723 0 2 -11 5 
6 -1.000000000028756e-07 -0.0080001 -0.0080001 0.0790001 0.0080001 0.0080001 0 4 -10 -12 8 12 
7 0.0299999 0.01099989999999999 -0.004795931523312733 0.0790001 0.0120001 0.004795931523312719 0 4 -13 -4 5 6 
8 0.07899978786796565 0.01099978786796564 -0.004796043655347079 0.07900021213203436 0.01200021213203436 0.004796043655347076 0 2 -9 13 
9 0.0809999 -0.0120001 -0.0120001 0.1600001 0.0120001 0.0120001 0 8 14 -20 -14 19 18 17 -16 15 
10 0.08099978786796565 -0.01200021213203436 -0.01200021213203436 0.08100021213203436 0.01100021213203435 0.01200021213203436 0 4 15 19 21 -22 
11 0.08099978786796565 0.01099978786796564 -0.004796043655347079 0.1300002121320344 0.01100021213203435 0.004796043655347078 0 4 -23 -18 21 16 
12 0.1299999 0.01099989999999999 -0.004795931523312733 0.1300001 0.0120001 0.004795931523312723 0 2 -23 17 
13 0.1599999 -0.0120001 -0.0120001 0.1600001 0.0120001 0.0120001 0 2 20 -24 
14 0.0809999 -0.0080001 -0.0080001 0.1600001 0.0080001 0.0080001 0 4 -24 -25 22 25 
15 0.0809999 0.01099989999999999 -0.004795931523312733 0.1300001 0.0120001 0.004795931523312719 0 4 -18 26 16 -17 
16 0.08099978786796565 0.01099978786796564 -0.004796043655347079 0.08100021213203436 0.01200021213203436 0.004796043655347076 0 2 -21 26 
17 0.0789999 -9.999999999680403e-08 0.004795731523312719 0.08100010000000001 0.0110001 0.0120001 0 4 27 -15 -28 7 
18 0.0789999 -0.0120001 -0.0120001 0.08100010000000001 0.0110001 0.0120001 0 4 -19 -27 3 29 
19 0.07899978786796565 0.01099978786796564 -0.004796043655347079 0.08100021213203436 0.01100021213203435 0.004796043655347078 0 4 -21 -29 9 28 
20 0.0789999 -0.0080001 -0.0080001 0.08100010000000001 0.0080001 0.0080001 0 4 -22 -30 10 30 
21 0.0789999 0.0109999 -0.004795931523312723 0.08100010000000001 0.0120001 0.004795931523312719 0 4 -26 -29 13 28 
22 0.0299999 0.01099989999999999 -0.0080001 0.0300001 0.0180001 0.0080001 0 6 -31 35 34 -33 -32 -5 
23 0.0299999 0.0109999 -0.0080001 0.1300001 0.0110001 -0.004795731523312721 0 6 -36 -37 31 4 29 18 
24 0.0299999 0.0109999 0.004795731523312721 0.1300001 0.0110001 0.0080001 0 6 -38 -16 -28 -6 32 39 
25 0.0299999 0.0109999 0.007999900000000001 0.1300001 0.0180001 0.0080001 0 4 -33 39 41 -40 
26 0.0299999 0.0179999 -0.0080001 0.1300001 0.0180001 0.0080001 0 4 -42 34 40 -43 
27 0.0299999 0.0109999 -0.0080001 0.1300001 0.0180001 -0.007999900000000001 0 4 -35 37 44 -42 
28 0.1299999 0.01099989999999999 -0.0080001 0.1300001 0.0180001 0.0080001 0 6 -36 44 43 -41 -38 -17 
29 0.0789999 -0.008000100000000007 -0.008000100000000007 0.0790001 0.008000100000000007 0.008000100000000007 0 1 10 
30 -1e-07 -0.0080001 -0.0080001 1e-07 0.0080001 0.0080001 0 1 8 
31 0.1599999 -0.0080001 -0.0080001 0.1600001 0.0080001 0.0080001 0 1 24 
32 0.0809999 -0.008000100000000007 -0.008000100000000007 0.08100010000000001 0.008000100000000007 0.008000100000000007 0 1 22 
2 -1.000000000028756e-07 -0.008000100000000007 -0.008000100000000007 0.0790001 0.008000100000000007 0.008000100000000007 1 2 3 6 29 -30 
4 0.0809999 -0.008000100000000007 -0.008000100000000007 0.1600001 0.008000100000000007 0.008000100000000007 1 4 3 14 31 -32 
6 0.0789999 -0.008000100000000007 -0.008000100000000007 0.08100010000000001 0.008000100000000007 0.008000100000000007 1 6 3 20 32 -29 
7 -2.121320343551059e-07 -0.01200021213203436 -0.01200021213203436 0.07900021213203436 0.01200021213203436 0.01200021213203436 1 1 6 1 -2 3 4 5 -6 
8 0.02999978786796564 0.01099978786796564 -0.004796043655347089 0.07900021213203436 0.01200021213203436 0.004796043655347079 1 1 4 7 8 -4 -5 
9 0.08099978786796565 -0.01200021213203436 -0.01200021213203436 0.1600002121320344 0.01200021213203436 0.01200021213203436 1 3 6 9 -10 11 -12 13 -14 
10 0.08099978786796565 0.01099978786796564 -0.004796043655347089 0.1300002121320344 0.01200021213203436 0.004796043655347079 1 3 4 15 -11 12 -16 
11 0.07899978786796565 -0.01200021213203436 -0.01200021213203436 0.08100021213203436 0.01100021213203435 0.01200021213203436 1 5 6 17 18 -3 19 10 -20 
12 0.07899978786796565 0.01099978786796564 -0.004796043655347079 0.08100021213203436 0.01200021213203436 0.004796043655347078 1 5 4 21 16 -19 -8 
13 0.0299999 0.01099989999999999 -0.0080001 0.1300001 0.0180001 0.0080001 1 10 10 -22 -23 -7 -24 25 26 -27 28 -15 -21 
$EndEntities
$Nodes
110 9857 1 9857
0 1 0 1
1
0 2.939152317953648e-18 0.012
0 2 0 1
2
0.079 2.939152317953648e-18 0.012
0 3 0 1
3
0.079 0.011 -0.004795831523312723
0 4 0 1
4
0.03 0.011 -0.004795831523312722
0 5 0 1
5
0.03 0.011 0.004795831523312722
0 6 0 1
6
0.079 0.011 0.004795831523312719
0 7 0 1
7
0 1.959434878635765e-18 0.008
0 8 0 1
8
0.079 1.959434878635765e-18 0.008
0 9 0 1
9
0.081 2.939152317953648e-18 0.012
0 10 0 1
10
0.16 2.939152317953648e-18 0.012
0 11 0 1
11
0.081 0.011 0.004795831523312719
0 12 0 1
12
0.13 0.011 0.004795831523312722
0 13 0 1
13
0.13 0.011 -0.004795831523312722
0 14 0 1
14
0.081 0.011 -0.004795831523312723
0 15 0 1
15
0.081 1.959434878635765e-18 0.008
0 16 0 1
16
0.16 1.959434878635765e-18 0.008
0 17 0 1
17
0.03 0.011 -0.008
0 18 0 1
18
0.03 0.011 0.008
0 19 0 1
19
0.03 0.018 0.008
0 20 0 1
20
0.03 0.018 -0.008
0 21 0 1
21
0.13 0.011 -0.008
0 22 0 1
22
0.13 0.011 0.008
0 23 0 1
23
0.13 0.018 0.008
0 24 0 1
24
0.13 0.018 -0.008
1 1 0 31
25
26
27
28
29
30
31
32
33
34
35
36
37
38
39
40
41
42
43
44
45
46
47
48
49
50
51
52
53
54
55
0.004937500000000005 2.939152317953648e-18 0.012
0.009875000000000012 2.939152317953648e-18 0.012
0.01481250000000001 2.939152317953648e-18 0.012
0.01975000000000002 2.939152317953648e-18 0.012
0.02468750000000002 2.939152317953648e-18 0.012
0.02962500000000002 2.939152317953648e-18 0.012
0.03456250000000002 2.939152317953648e-18 0.012
0.03950000000000001 2.939152317953648e-18 0.012
0.04443750000000001 2.939152317953648e-18 0.012
0.04937500000000001 2.939152317953648e-18 0.012
0.05431250000000001 2.939152317953648e-18 0.012
0.05925 2.939152317953648e-18 0.012
0.06418750000000001 2.939152317953648e-18 0.012
0.06912500000000001 2.939152317953648e-18 0.012
0.0740625 2.939152317953648e-18 0.012
0.002468750000000003 2.939152317953648e-18 0.012
0.007406250000000008 2.939152317953648e-18 0.012
0.01234375000000001 2.939152317953648e-18 0.012
0.01728125000000002 2.939152317953648e-18 0.012
0.02221875000000002 2.939152317953648e-18 0.012
0.02715625000000002 2.939152317953648e-18 0.012
0.03209375000000002 2.939152317953648e-18 0.012
0.03703125000000002 2.939152317953648e-18 0.012
0.04196875000000001 2.939152317953648e-18 0.012
0.04690625000000001 2.939152317953648e-18 0.012
0.05184375000000001 2.939152317953648e-18 0.012
0.05678125000000001 2.939152317953648e-18 0.012
0.06171875000000001 2.939152317953648e-18 0.012
0.06665625 2.939152317953648e-18 0.012
0.07159375000000001 2.939152317953648e-18 0.012
0.07653125 2.939152317953648e-18 0.012
1 2 0 31
56
57
58
59
60
61
62
63
64
65
66
67
68
69
70
71
72
73
74
75
76
77
78
79
80
81
82
83
84
85
86
0 -0.004592201188381069 0.01108655439013544
0 -0.008485281374238559 0.008485281374238582
0 -0.01108655439013543 0.0045922011883811
0 -0.012 3.803828170689367e-17
0 -0.01108655439013546 -0.00459220118838104
0 -0.008485281374238604 -0.008485281374238537
0 -0.004592201188381138 -0.01108655439013542
0 -7.607656341378734e-17 -0.012
0 0.004592201188381012 -0.01108655439013547
0 0.008485281374238525 -0.008485281374238618
0 0.01108655439013542 -0.004592201188381124
0 0.012 -3.417878734766975e-17
0 0.01108655439013545 0.004592201188381051
0 0.008485281374238587 0.008485281374238554
0 0.004592201188381085 0.01108655439013544
0 -0.002341083864193535 0.01176942336483877
0 -0.006666842796235217 0.00997763534763055
0 -0.009977635347630532 0.006666842796235244
0 -0.01176942336483876 0.002341083864193571
0 -0.01176942336483877 -0.002341083864193499
0 -0.009977635347630569 -0.006666842796235189
0 -0.006666842796235274 -0.009977635347630512
0 -0.002341083864193606 -0.01176942336483875
0 0.002341083864193467 -0.01176942336483878
0 0.00666684279623517 -0.009977635347630581
0 0.009977635347630508 -0.006666842796235279
0 0.01176942336483876 -0.002341083864193576
0 0.01176942336483877 0.002341083864193508
0 0.009977635347630558 0.006666842796235205
0 0.006666842796235245 0.009977635347630531
0 0.002341083864193545 0.01176942336483876
1 3 0 21
87
88
89
90
91
92
93
94
95
96
97
98
99
100
101
102
103
104
105
106
107
0.079 -0.004573610877787264 0.01109423650093083
0.079 -0.008456786790233628 0.008513680589764337
0.079 -0.01106332123701267 0.004647894491774141
0.079 -0.01199973025796458 8.045953075500383e-05
0.079 -0.01112465300119313 -0.00449912164794915
0.079 -0.008570191639706513 -0.008399512798889267
0.079 -0.004721969150340912 -0.01103190859929635
0.079 -0.0001609154442904085 -0.01199892104398511
0.079 0.004424430151072558 -0.01115456937036478
0.079 0.008341861190598416 -0.008626317399492553
0.079 -0.002331218778753938 0.01177138135503157
0.079 -0.00664173418990516 0.009994366760863084
0.079 -0.009949609534433747 0.006708596731977938
0.079 -0.01175548602124889 0.002410093028126076
0.079 -0.01178674748275319 -0.0022522397247654
0.079 -0.01003867467048695 -0.006574573055349196
0.079 -0.006775157675627834 -0.009904405003349834
0.079 -0.002488858926931716 -0.01173906219601175
0.079 0.002173159416822265 -0.01180158371359864
0.079 0.006507116347673572 -0.0100825312713544
0.079 0.009858755199871715 -0.006841414028474115
1 4 0 19
108
109
110
111
112
113
114
115
116
117
118
119
120
121
122
123
124
125
126
0.03490000000000001 0.011 -0.004795831523312722
0.03980000000000002 0.011 -0.004795831523312722
0.04470000000000002 0.011 -0.004795831523312722
0.04960000000000003 0.011 -0.004795831523312722
0.05450000000000003 0.011 -0.004795831523312722
0.05940000000000003 0.011 -0.004795831523312722
0.06430000000000002 0.011 -0.004795831523312722
0.06920000000000001 0.011 -0.004795831523312722
0.0741 0.011 -0.004795831523312722
0.03245000000000001 0.011 -0.004795831523312722
0.03735000000000001 0.011 -0.004795831523312722
0.04225000000000002 0.011 -0.004795831523312722
0.04715000000000003 0.011 -0.004795831523312722
0.05205000000000003 0.011 -0.004795831523312722
0.05695000000000003 0.011 -0.004795831523312722
0.06185000000000003 0.011 -0.004795831523312722
0.06675000000000002 0.011 -0.004795831523312722
0.07165000000000001 0.011 -0.004795831523312722
0.07655000000000001 0.011 -0.004795831523312722
1 5 0 3
127
128
129
0.03 0.012 -1.286250527486674e-17
0.03 0.01174734012447073 -0.002449489742783186
0.03 0.01174734012447073 0.002449489742783161
1 6 0 19
130
131
132
133
134
135
136
137
138
139
140
141
142
143
144
145
146
147
148
0.03490000000000001 0.011 0.004795831523312722
0.03980000000000002 0.011 0.004795831523312722
0.04470000000000002 0.011 0.004795831523312722
0.04960000000000003 0.011 0.004795831523312722
0.05450000000000003 0.011 0.004795831523312722
0.05940000000000003 0.011 0.004795831523312722
0.06430000000000002 0.011 0.004795831523312722
0.06920000000000001 0.011 0.004795831523312722
0.0741 0.011 0.004795831523312722
0.03245000000000001 0.011 0.004795831523312722
0.03735000000000001 0.011 0.004795831523312722
0.04225000000000002 0.011 0.004795831523312722
0.04715000000000003 0.011 0.004795831523312722
0.05205000000000003 0.011 0.004795831523312722
0.05695000000000003 0.011 0.004795831523312722
0.06185000000000003 0.011 0.004795831523312722
0.06675000000000002 0.011 0.004795831523312722
0.07165000000000001 0.011 0.004795831523312722
0.07655000000000001 0.011 0.004795831523312722
1 7 0 5
149
150
151
152
153
0.079 0.008380337425920058 0.008588943161281462
0.079 0.004523974030905925 0.01111456967082796
0.079 0.009874021149468584 0.006819362605100796
0.079 0.006574573055349194 0.01003867467048695
0.079 0.002304903897135894 0.01177656223288307
1 8 0 21
154
155
156
157
158
159
160
161
162
163
164
165
166
167
168
169
170
171
172
173
174
0 -0.004325126539644783 0.006730028262649448
0 -0.00727705596283615 0.003323320104015087
0 -0.00791857153504746 -0.001138518706186292
0 -0.006045996594834053 -0.005238885871562297
0 -0.002253860454731407 -0.007675943788915988
0 0.002253860454731473 -0.007675943788915969
0 0.006045996594834096 -0.005238885871562247
0 0.007918571535047469 -0.001138518706186226
0 0.007277055962836128 0.003323320104015133
0 0.004325126539644756 0.006730028262649465
0 -0.002253860454731439 0.007675943788915979
0 -0.006045996594834069 0.005238885871562278
0 -0.007918571535047464 0.001138518706186274
0 -0.00727705596283614 -0.003323320104015107
0 -0.004325126539644758 -0.006730028262649464
0 3.454741934868713e-17 -0.008
0 0.004325126539644814 -0.006730028262649428
0 0.007277055962836168 -0.003323320104015046
0 0.007918571535047455 0.001138518706186328
0 0.006045996594834041 0.00523888587156231
0 0.002253860454731425 0.007675943788915984
1 9 0 3
175
176
177
0.079 0.011 -8.673617379884035e-19
0.079 0.011 -0.002397915761656362
0.079 0.011 0.00239791576165636
1 10 0 21
178
179
180
181
182
183
184
185
186
187
188
189
190
191
192
193
194
195
196
197
198
0.079 -0.004325126539644783 0.006730028262649448
0.079 -0.00727705596283615 0.003323320104015087
0.079 -0.00791857153504746 -0.001138518706186292
0.079 -0.006045996594834053 -0.005238885871562297
0.079 -0.002253860454731407 -0.007675943788915988
0.079 0.002253860454731473 -0.007675943788915969
0.079 0.006045996594834096 -0.005238885871562247
0.079 0.007918571535047469 -0.001138518706186226
0.079 0.007277055962836128 0.003323320104015133
0.079 0.004325126539644756 0.006730028262649465
0.079 -0.002253860454731439 0.007675943788915979
0.079 -0.006045996594834069 0.005238885871562278
0.079 -0.007918571535047464 0.001138518706186274
0.079 -0.00727705596283614 -0.003323320104015107
0.079 -0.004325126539644758 -0.006730028262649464
0.079 3.454741934868713e-17 -0.008
0.079 0.004325126539644814 -0.006730028262649428
0.079 0.007277055962836168 -0.003323320104015046
0.079 0.007918571535047455 0.001138518706186328
0.079 0.006045996594834041 0.00523888587156231
0.079 0.002253860454731425 0.007675943788915984
1 11 0 3
199
200
201
0.03 0.011 -6.938893903907228e-18
0.03 0.011 -0.002397915761656364
0.03 0.011 0.002397915761656357
1 12 0 31
202
203
204
205
206
207
208
209
210
211
212
213
214
215
216
217
218
219
220
221
222
223
224
225
226
227
228
229
230
231
232
0.004937500000000005 1.959434878635765e-18 0.008
0.009875000000000012 1.959434878635765e-18 0.008
0.01481250000000001 1.959434878635765e-18 0.008
0.01975000000000002 1.959434878635765e-18 0.008
0.02468750000000002 1.959434878635765e-18 0.008
0.02962500000000002 1.959434878635765e-18 0.008
0.03456250000000002 1.959434878635765e-18 0.008
0.03950000000000001 1.959434878635765e-18 0.008
0.04443750000000001 1.959434878635765e-18 0.008
0.04937500000000001 1.959434878635765e-18 0.008
0.05431250000000001 1.959434878635765e-18 0.008
0.05925 1.959434878635765e-18 0.008
0.06418750000000001 1.959434878635765e-18 0.008
0.06912500000000001 1.959434878635765e-18 0.008
0.0740625 1.959434878635765e-18 0.008
0.002468750000000003 1.959434878635765e-18 0.008
0.007406250000000008 1.959434878635765e-18 0.008
0.01234375000000001 1.959434878635765e-18 0.008
0.01728125000000002 1.959434878635765e-18 0.008
0.02221875000000002 1.959434878635765e-18 0.008
0.02715625000000002 1.959434878635765e-18 0.008
0.03209375000000002 1.959434878635765e-18 0.008
0.03703125000000002 1.959434878635765e-18 0.008
0.04196875000000001 1.959434878635765e-18 0.008
0.04690625000000001 1.959434878635765e-18 0.008
0.05184375000000001 1.959434878635765e-18 0.008
0.05678125000000001 1.959434878635765e-18 0.008
0.06171875000000001 1.959434878635765e-18 0.008
0.06665625 1.959434878635765e-18 0.008
0.07159375000000001 1.959434878635765e-18 0.008
0.07653125 1.959434878635765e-18 0.008
1 13 0 3
233
234
235
0.079 0.012 -2.204364238465236e-18
0.079 0.01174734012447073 -0.002449489742783176
0.079 0.01174734012447073 0.002449489742783182
1 14 0 31
236
237
238
239
240
241
242
243
244
245
246
247
248
249
250
251
252
253
254
255
256
257
258
259
260
261
262
263
264
265
266
0.08593750000000001 2.939152317953648e-18 0.012
0.09087500000000001 2.939152317953648e-18 0.012
0.09581250000000002 2.939152317953648e-18 0.012
0.10075 2.939152317953648e-18 0.012
0.1056875 2.939152317953648e-18 0.012
0.110625 2.939152317953648e-18 0.012
0.1155625 2.939152317953648e-18 0.012
0.1205 2.939152317953648e-18 0.012
0.1254375 2.939152317953648e-18 0.012
0.130375 2.939152317953648e-18 0.012
0.1353125 2.939152317953648e-18 0.012
0.14025 2.939152317953648e-18 0.012
0.1451875 2.939152317953648e-18 0.012
0.150125 2.939152317953648e-18 0.012
0.1550625 2.939152317953648e-18 0.012
0.08346875000000001 2.939152317953648e-18 0.012
0.08840625000000001 2.939152317953648e-18 0.012
0.09334375000000002 2.939152317953648e-18 0.012
0.09828125000000001 2.939152317953648e-18 0.012
0.10321875 2.939152317953648e-18 0.012
0.10815625 2.939152317953648e-18 0.012
0.11309375 2.939152317953648e-18 0.012
0.11803125 2.939152317953648e-18 0.012
0.12296875 2.939152317953648e-18 0.012
0.12790625 2.939152317953648e-18 0.012
0.13284375 2.939152317953648e-18 0.012
0.13778125 2.939152317953648e-18 0.012
0.14271875 2.939152317953648e-18 0.012
0.14765625 2.939152317953648e-18 0.012
0.15259375 2.939152317953648e-18 0.012
0.15753125 2.939152317953648e-18 0.012
1 15 0 5
267
268
269
270
271
0.081 0.008380337425920058 0.008588943161281462
0.081 0.004523974030905925 0.01111456967082796
0.081 0.009874021149468584 0.006819362605100796
0.081 0.006574573055349194 0.01003867467048695
0.081 0.002304903897135894 0.01177656223288307
1 16 0 19
272
273
274
275
276
277
278
279
280
281
282
283
284
285
286
287
288
289
290
0.0859 0.011 0.004795831523312722
0.09080000000000002 0.011 0.004795831523312722
0.09570000000000002 0.011 0.004795831523312722
0.1006 0.011 0.004795831523312722
0.1055 0.011 0.004795831523312722
0.1104000000000001 0.011 0.004795831523312722
0.1153000000000001 0.011 0.004795831523312722
0.1202000000000001 0.011 0.004795831523312722
0.1251 0.011 0.004795831523312722
0.08345000000000001 0.011 0.004795831523312722
0.08835000000000001 0.011 0.004795831523312722
0.09325000000000003 0.011 0.004795831523312722
0.09815000000000002 0.011 0.004795831523312722
0.10305 0.011 0.004795831523312722
0.10795 0.011 0.004795831523312722
0.1128500000000001 0.011 0.004795831523312722
0.1177500000000001 0.011 0.004795831523312722
0.1226500000000001 0.011 0.004795831523312722
0.12755 0.011 0.004795831523312722
1 17 0 3
291
292
293
0.13 0.012 -1.286250527486674e-17
0.13 0.01174734012447073 -0.002449489742783186
0.13 0.01174734012447073 0.002449489742783161
1 18 0 19
294
295
296
297
298
299
300
301
302
303
304
305
306
307
308
309
310
311
312
0.0859 0.011 -0.004795831523312722
0.09080000000000002 0.011 -0.004795831523312722
0.09570000000000002 0.011 -0.004795831523312722
0.1006 0.011 -0.004795831523312722
0.1055 0.011 -0.004795831523312722
0.1104000000000001 0.011 -0.004795831523312722
0.1153000000000001 0.011 -0.004795831523312722
0.1202000000000001 0.011 -0.004795831523312722
0.1251 0.011 -0.004795831523312722
0.08345000000000001 0.011 -0.004795831523312722
0.08835000000000001 0.011 -0.004795831523312722
0.09325000000000003 0.011 -0.004795831523312722
0.09815000000000002 0.011 -0.004795831523312722
0.10305 0.011 -0.004795831523312722
0.10795 0.011 -0.004795831523312722
0.1128500000000001 0.011 -0.004795831523312722
0.1177500000000001 0.011 -0.004795831523312722
0.1226500000000001 0.011 -0.004795831523312722
0.12755 0.011 -0.004795831523312722
1 19 0 21
313
314
315
316
317
318
319
320
321
322
323
324
325
326
327
328
329
330
331
332
333
0.081 -0.004573610877787264 0.01109423650093083
0.081 -0.008456786790233628 0.008513680589764337
0.081 -0.01106332123701267 0.004647894491774141
0.081 -0.01199973025796458 8.045953075500383e-05
0.081 -0.01112465300119313 -0.00449912164794915
0.081 -0.008570191639706513 -0.008399512798889267
0.081 -0.004721969150340912 -0.01103190859929635
0.081 -0.0001609154442904085 -0.01199892104398511
0.081 0.004424430151072558 -0.01115456937036478
0.081 0.008341861190598416 -0.008626317399492553
0.081 -0.002331218778753938 0.01177138135503157
0.081 -0.00664173418990516 0.009994366760863084
0.081 -0.009949609534433747 0.006708596731977938
0.081 -0.01175548602124889 0.002410093028126076
0.081 -0.01178674748275319 -0.0022522397247654
0.081 -0.01003867467048695 -0.006574573055349196
0.081 -0.006775157675627834 -0.009904405003349834
0.081 -0.002488858926931716 -0.01173906219601175
0.081 0.002173159416822265 -0.01180158371359864
0.081 0.006507116347673572 -0.0100825312713544
0.081 0.009858755199871715 -0.006841414028474115
1 20 0 31
334
335
336
337
338
339
340
341
342
343
344
345
346
347
348
349
350
351
352
353
354
355
356
357
358
359
360
361
362
363
364
0.16 -0.004592201188381069 0.01108655439013544
0.16 -0.008485281374238559 0.008485281374238582
0.16 -0.01108655439013543 0.0045922011883811
0.16 -0.012 3.803828170689367e-17
0.16 -0.01108655439013546 -0.00459220118838104
0.16 -0.008485281374238604 -0.008485281374238537
0.16 -0.004592201188381138 -0.01108655439013542
0.16 -7.607656341378734e-17 -0.012
0.16 0.004592201188381012 -0.01108655439013547
0.16 0.008485281374238525 -0.008485281374238618
0.16 0.01108655439013542 -0.004592201188381124
0.16 0.012 -3.417878734766975e-17
0.16 0.01108655439013545 0.004592201188381051
0.16 0.008485281374238587 0.008485281374238554
0.16 0.004592201188381085 0.01108655439013544
0.16 -0.002341083864193535 0.01176942336483877
0.16 -0.006666842796235217 0.00997763534763055
0.16 -0.009977635347630532 0.006666842796235244
0.16 -0.01176942336483876 0.002341083864193571
0.16 -0.01176942336483877 -0.002341083864193499
0.16 -0.009977635347630569 -0.006666842796235189
0.16 -0.006666842796235274 -0.009977635347630512
0.16 -0.002341083864193606 -0.01176942336483875
0.16 0.002341083864193467 -0.01176942336483878
0.16 0.00666684279623517 -0.009977635347630581
0.16 0.009977635347630508 -0.006666842796235279
0.16 0.01176942336483876 -0.002341083864193576
0.16 0.01176942336483877 0.002341083864193508
0.16 0.009977635347630558 0.006666842796235205
0.16 0.006666842796235245 0.009977635347630531
0.16 0.002341083864193545 0.01176942336483876
1 21 0 3
365
366
367
0.081 0.011 -8.673617379884035e-19
0.081 0.011 -0.002397915761656362
0.081 0.011 0.00239791576165636
1 22 0 21
368
369
370
371
372
373
374
375
376
377
378
379
380
381
382
383
384
385
386
387
388
0.081 -0.004325126539644783 0.006730028262649448
0.081 -0.00727705596283615 0.003323320104015087
0.081 -0.00791857153504746 -0.001138518706186292
0.081 -0.006045996594834053 -0.005238885871562297
0.081 -0.002253860454731407 -0.007675943788915988
0.081 0.002253860454731473 -0.007675943788915969
0.081 0.006045996594834096 -0.005238885871562247
0.081 0.007918571535047469 -0.001138518706186226
0.081 0.007277055962836128 0.003323320104015133
0.081 0.004325126539644756 0.006730028262649465
0.081 -0.002253860454731439 0.007675943788915979
0.081 -0.006045996594834069 0.005238885871562278
0.081 -0.007918571535047464 0.001138518706186274
0.081 -0.00727705596283614 -0.003323320104015107
0.081 -0.004325126539644758 -0.006730028262649464
0.081 3.454741934868713e-17 -0.008
0.081 0.004325126539644814 -0.006730028262649428
0.081 0.007277055962836168 -0.003323320104015046
0.081 0.007918571535047455 0.001138518706186328
0.081 0.006045996594834041 0.00523888587156231
0.081 0.002253860454731425 0.007675943788915984
1 23 0 3
389
390
391
0.13 0.011 -6.938893903907228e-18
0.13 0.011 -0.002397915761656364
0.13 0.011 0.002397915761656357
1 24 0 21
392
393
394
395
396
397
398
399
400
401
402
403
404
405
406
407
408
409
410
411
412
0.16 -0.004325126539644783 0.006730028262649448
0.16 -0.00727705596283615 0.003323320104015087
0.16 -0.00791857153504746 -0.001138518706186292
0.16 -0.006045996594834053 -0.005238885871562297
0.16 -0.002253860454731407 -0.007675943788915988
0.16 0.002253860454731473 -0.007675943788915969
0.16 0.006045996594834096 -0.005238885871562247
0.16 0.007918571535047469 -0.001138518706186226
0.16 0.007277055962836128 0.003323320104015133
0.16 0.004325126539644756 0.006730028262649465
0.16 -0.002253860454731439 0.007675943788915979
0.16 -0.006045996594834069 0.005238885871562278
0.16 -0.007918571535047464 0.001138518706186274
0.16 -0.00727705596283614 -0.003323320104015107
0.16 -0.004325126539644758 -0.006730028262649464
0.16 3.454741934868713e-17 -0.008
0.16 0.004325126539644814 -0.006730028262649428
0.16 0.007277055962836168 -0.003323320104015046
0.16 0.007918571535047455 0.001138518706186328
0.16 0.006045996594834041 0.00523888587156231
0.16 0.002253860454731425 0.007675943788915984
1 25 0 31
413
414
415
416
417
418
419
420
421
422
423
424
425
426
427
428
429
430
431
432
433
434
435
436
437
438
439
440
441
442
443
0.08593750000000001 1.959434878635765e-18 0.008
0.09087500000000001 1.959434878635765e-18 0.008
0.09581250000000002 1.959434878635765e-18 0.008
0.10075 1.959434878635765e-18 0.008
0.1056875 1.959434878635765e-18 0.008
0.110625 1.959434878635765e-18 0.008
0.1155625 1.959434878635765e-18 0.008
0.1205 1.959434878635765e-18 0.008
0.1254375 1.959434878635765e-18 0.008
0.130375 1.959434878635765e-18 0.008
0.1353125 1.959434878635765e-18 0.008
0.14025 1.959434878635765e-18 0.008
0.1451875 1.959434878635765e-18 0.008
0.150125 1.959434878635765e-18 0.008
0.1550625 1.959434878635765e-18 0.008
0.08346875000000001 1.959434878635765e-18 0.008
0.08840625000000001 1.959434878635765e-18 0.008
0.09334375000000002 1.959434878635765e-18 0.008
0.09828125000000001 1.959434878635765e-18 0.008
0.10321875 1.959434878635765e-18 0.008
0.10815625 1.959434878635765e-18 0.008
0.11309375 1.959434878635765e-18 0.008
0.11803125 1.959434878635765e-18 0.008
0.12296875 1.959434878635765e-18 0.008
0.12790625 1.959434878635765e-18 0.008
0.13284375 1.959434878635765e-18 0.008
0.13778125 1.959434878635765e-18 0.008
0.14271875 1.959434878635765e-18 0.008
0.14765625 1.959434878635765e-18 0.008
0.15259375 1.959434878635765e-18 0.008
0.15753125 1.959434878635765e-18 0.008
1 26 0 3
444
445
446
0.081 0.012 -2.204364238465236e-18
0.081 0.01174734012447073 -0.002449489742783176
0.081 0.01174734012447073 0.002449489742783182
1 27 0 1
447
0.08 2.939152317953648e-18 0.012
1 28 0 1
448
0.08 0.011 0.004795831523312722
1 29 0 1
449
0.08 0.011 -0.004795831523312722
1 30 0 1
450
0.08 1.959434878635765e-18 0.008
1 31 0 1
451
0.03 0.011 -0.006397915761656361
1 32 0 1
452
0.03 0.011 0.00639791576165636
1 33 0 3
453
454
455
0.03 0.0145 0.008
0.03 0.01275 0.008
0.03 0.01625 0.008
1 34 0 7
456
457
458
459
460
461
462
0.03 0.018 -0.004000000000000011
0.03 0.018 -1.214306433183765e-17
0.03 0.018 0.003999999999999993
0.03 0.018 -0.006000000000000005
0.03 0.018 -0.002000000000000011
0.03 0.018 0.00199999999999999
0.03 0.018 0.005999999999999997
1 35 0 3
463
464
465
0.03 0.0145 -0.008
0.03 0.01275 -0.008
0.03 0.01625 -0.008
1 36 0 1
466
0.13 0.011 -0.006397915761656361
1 37 0 39
467
468
469
470
471
472
473
474
475
476
477
478
479
480
481
482
483
484
485
486
487
488
489
490
491
492
493
494
495
496
497
498
499
500
501
502
503
504
505
0.035 0.011 -0.008
0.04000000000000001 0.011 -0.008
0.04500000000000001 0.011 -0.008
0.05000000000000002 0.011 -0.008
0.05500000000000003 0.011 -0.008
0.06000000000000005 0.011 -0.008
0.06500000000000006 0.011 -0.008
0.07000000000000006 0.011 -0.008
0.07500000000000007 0.011 -0.008
0.08000000000000007 0.011 -0.008
0.08500000000000008 0.011 -0.008
0.09000000000000008 0.011 -0.008
0.09500000000000008 0.011 -0.008
0.1000000000000001 0.011 -0.008
0.1050000000000001 0.011 -0.008
0.1100000000000001 0.011 -0.008
0.1150000000000001 0.011 -0.008
0.1200000000000001 0.011 -0.008
0.125 0.011 -0.008
0.0325 0.011 -0.008
0.03750000000000001 0.011 -0.008
0.04250000000000001 0.011 -0.008
0.04750000000000002 0.011 -0.008
0.05250000000000003 0.011 -0.008
0.05750000000000004 0.011 -0.008
0.06250000000000006 0.011 -0.008
0.06750000000000006 0.011 -0.008
0.07250000000000006 0.011 -0.008
0.07750000000000007 0.011 -0.008
0.08250000000000007 0.011 -0.008
0.08750000000000008 0.011 -0.008
0.09250000000000008 0.011 -0.008
0.09750000000000009 0.011 -0.008
0.1025000000000001 0.011 -0.008
0.1075000000000001 0.011 -0.008
0.1125000000000001 0.011 -0.008
0.1175000000000001 0.011 -0.008
0.1225 0.011 -0.008
0.1275 0.011 -0.008
1 38 0 1
506
0.13 0.011 0.00639791576165636
1 39 0 39
507
508
509
510
511
512
513
514
515
516
517
518
519
520
521
522
523
524
525
526
527
528
529
530
531
532
533
534
535
536
537
538
539
540
541
542
543
544
545
0.035 0.011 0.008
0.04000000000000001 0.011 0.008
0.04500000000000001 0.011 0.008
0.05000000000000002 0.011 0.008
0.05500000000000003 0.011 0.008
0.06000000000000005 0.011 0.008
0.06500000000000006 0.011 0.008
0.07000000000000006 0.011 0.008
0.07500000000000007 0.011 0.008
0.08000000000000007 0.011 0.008
0.08500000000000008 0.011 0.008
0.09000000000000008 0.011 0.008
0.09500000000000008 0.011 0.008
0.1000000000000001 0.011 0.008
0.1050000000000001 0.011 0.008
0.1100000000000001 0.011 0.008
0.1150000000000001 0.011 0.008
0.1200000000000001 0.011 0.008
0.125 0.011 0.008
0.0325 0.011 0.008
0.03750000000000001 0.011 0.008
0.04250000000000001 0.011 0.008
0.04750000000000002 0.011 0.008
0.05250000000000003 0.011 0.008
0.05750000000000004 0.011 0.008
0.06250000000000006 0.011 0.008
0.06750000000000006 0.011 0.008
0.07250000000000006 0.011 0.008
0.07750000000000007 0.011 0.008
0.08250000000000007 0.011 0.008
0.08750000000000008 0.011 0.008
0.09250000000000008 0.011 0.008
0.09750000000000009 0.011 0.008
0.1025000000000001 0.011 0.008
0.1075000000000001 0.011 0.008
0.1125000000000001 0.011 0.008
0.1175000000000001 0.011 0.008
0.1225 0.011 0.008
0.1275 0.011 0.008
1 40 0 39
546
547
548
549
550
551
552
553
554
555
556
557
558
559
560
561
562
563
564
565
566
567
568
569
570
571
572
573
574
575
576
577
578
579
580
581
582
583
584
0.035 0.018 0.008
0.04000000000000001 0.018 0.008
0.04500000000000001 0.018 0.008
0.05000000000000002 0.018 0.008
0.05500000000000003 0.018 0.008
0.06000000000000005 0.018 0.008
0.06500000000000006 0.018 0.008
0.07000000000000006 0.018 0.008
0.07500000000000007 0.018 0.008
0.08000000000000007 0.018 0.008
0.08500000000000008 0.018 0.008
0.09000000000000008 0.018 0.008
0.09500000000000008 0.018 0.008
0.1000000000000001 0.018 0.008
0.1050000000000001 0.018 0.008
0.1100000000000001 0.018 0.008
0.1150000000000001 0.018 0.008
0.1200000000000001 0.018 0.008
0.125 0.018 0.008
0.0325 0.018 0.008
0.03750000000000001 0.018 0.008
0.04250000000000001 0.018 0.008
0.04750000000000002 0.018 0.008
0.05250000000000003 0.018 0.008
0.05750000000000004 0.018 0.008
0.06250000000000006 0.018 0.008
0.06750000000000006 0.018 0.008
0.07250000000000006 0.018 0.008
0.07750000000000007 0.018 0.008
0.08250000000000007 0.018 0.008
0.08750000000000008 0.018 0.008
0.09250000000000008 0.018 0.008
0.09750000000000009 0.018 0.008
0.1025000000000001 0.018 0.008
0.1075000000000001 0.018 0.008
0.1125000000000001 0.018 0.008
0.1175000000000001 0.018 0.008
0.1225 0.018 0.008
0.1275 0.018 0.008
1 41 0 3
585
586
587
0.13 0.0145 0.008
0.13 0.01275 0.008
0.13 0.01625 0.008
1 42 0 39
588
589
590
591
592
593
594
595
596
597
598
599
600
601
602
603
604
605
606
607
608
609
610
611
612
613
614
615
616
617
618
619
620
621
622
623
624
625
626
0.035 0.018 -0.008
0.04000000000000001 0.018 -0.008
0.04500000000000001 0.018 -0.008
0.05000000000000002 0.018 -0.008
0.05500000000000003 0.018 -0.008
0.06000000000000005 0.018 -0.008
0.06500000000000006 0.018 -0.008
0.07000000000000006 0.018 -0.008
0.07500000000000007 0.018 -0.008
0.08000000000000007 0.018 -0.008
0.08500000000000008 0.018 -0.008
0.09000000000000008 0.018 -0.008
0.09500000000000008 0.018 -0.008
0.1000000000000001 0.018 -0.008
0.1050000000000001 0.018 -0.008
0.1100000000000001 0.018 -0.008
0.1150000000000001 0.018 -0.008
0.1200000000000001 0.018 -0.008
0.125 0.018 -0.008
0.0325 0.018 -0.008
0.03750000000000001 0.018 -0.008
0.04250000000000001 0.018 -0.008
0.04750000000000002 0.018 -0.008
0.05250000000000003 0.018 -0.008
0.05750000000000004 0.018 -0.008
0.06250000000000006 0.018 -0.008
0.06750000000000006 0.018 -0.008
0.07250000000000006 0.018 -0.008
0.07750000000000007 0.018 -0.008
0.08250000000000007 0.018 -0.008
0.08750000000000008 0.018 -0.008
0.09250000000000008 0.018 -0.008
0.09750000000000009 0.018 -0.008
0.1025000000000001 0.018 -0.008
0.1075000000000001 0.018 -0.008
0.1125000000000001 0.018 -0.008
0.1175000000000001 0.018 -0.008
0.1225 0.018 -0.008
0.1275 0.018 -0.008
1 43 0 7
627
628
629
630
631
632
633
0.13 0.018 -0.004000000000000011
0.13 0.018 -1.214306433183765e-17
0.13 0.018 0.003999999999999993
0.13 0.018 -0.006000000000000005
0.13 0.018 -0.002000000000000011
0.13 0.018 0.00199999999999999
0.13 0.018 0.005999999999999997
1 44 0 3
634
635
636
0.13 0.0145 -0.008
0.13 0.01275 -0.008
0.13 0.01625 -0.008
2 1 0 1085
637
638
639
640
641
642
643
644
645
646
647
648
649
650
651
652
653
654
655
656
657
658
659
660
661
662
663
664
665
666
667
668
669
670
671
672
673
674
675
676
677
678
679
680
681
682
683
684
685
686
687
688
689
690
691
692
693
694
695
696
697
698
699
700
701
702
703
704
705
706
707
708
709
710
711
712
713
714
715
716
717
718
719
720
721
722
723
724
725
726
727
728
729
730
731
732
733
734
735
736
737
738
739
740
741
742
743
744
745
746
747
748
749
750
751
752
753
754
755
756
757
758
759
760
761
762
763
764
765
766
767
768
769
770
771
772
773
774
775
776
777
778
779
780
781
782
783
784
785
786
787
788
789
790
791
792
793
794
795
796
797
798
799
800
801
802
803
804
805
806
807
808
809
810
811
812
813
814
815
816
817
818
819
820
821
822
823
824
825
826
827
828
829
830
831
832
833
834
835
836
837
838
839
840
841
842
843
844
845
846
847
848
849
850
851
852
853
854
855
856
857
858
859
860
861
862
863
864
865
866
867
868
869
870
871
872
873
874
875
876
877
878
879
880
881
882
883
884
885
886
887
888
889
890
891
892
893
894
895
896
897
898
899
900
901
902
903
904
905
906
907
908
909
910
911
912
913
914
915
916
917
918
919
920
921
922
923
924
925
926
927
928
929
930
931
932
933
934
935
936
937
938
939
940
941
942
943
944
945
946
947
948
949
950
951
952
953
954
955
956
957
958
959
960
961
962
963
964
965
966
967
968
969
970
971
972
973
974
975
976
977
978
979
980
981
982
983
984
985
986
987
988
989
990
991
992
993
994
995
996
997
998
999
1000
1001
1002
1003
1004
1005
1006
1007
1008
1009
1010
1011
1012
1013
1014
1015
1016
1017
1018
1019
1020
1021
1022
1023
1024
1025
1026
1027
1028
1029
1030
1031
1032
1033
1034
1035
1036
1037
1038
1039
1040
1041
1042
1043
1044
1045
1046
1047
1048
1049
1050
1051
1052
1053
1054
1055
1056
1057
1058
1059
1060
1061
1062
1063
1064
1065
1066
1067
1068
1069
1070
1071
1072
1073
1074
1075
1076
1077
1078
1079
1080
1081
1082
1083
1084
1085
1086
1087
1088
1089
1090
1091
1092
1093
1094
1095
1096
1097
1098
1099
1100
1101
1102
1103
1104
1105
1106
1107
1108
1109
1110
1111
1112
1113
1114
1115
1116
1117
1118
1119
1120
1121
1122
1123
1124
1125
1126
1127
1128
1129
1130
1131
1132
1133
1134
1135
1136
1137
1138
1139
1140
1141
1142
1143
1144
1145
1146
1147
1148
1149
1150
1151
1152
1153
1154
1155
1156
1157
1158
1159
1160
1161
1162
1163
1164
1165
1166
1167
1168
1169
1170
1171
1172
1173
1174
1175
1176
1177
1178
1179
1180
1181
1182
1183
1184
1185
1186
1187
1188
1189
1190
1191
1192
1193
1194
1195
1196
1197
1198
1199
1200
1201
1202
1203
1204
1205
1206
1207
1208
1209
1210
1211
1212
1213
1214
1215
1216
1217
1218
1219
1220
1221
1222
1223
1224
1225
1226
1227
1228
1229
1230
1231
1232
1233
1234
1235
1236
1237
1238
1239
1240
1241
1242
1243
1244
1245
1246
1247
1248
1249
1250
1251
1252
1253
1254
1255
1256
1257
1258
1259
1260
1261
1262
1263
1264
1265
1266
1267
1268
1269
1270
1271
1272
1273
1274
1275
1276
1277
1278
1279
1280
1281
1282
1283
1284
1285
1286
1287
1288
1289
1290
1291
1292
1293
1294
1295
1296
1297
1298
1299
1300
1301
1302
1303
1304
1305
1306
1307
1308
1309
1310
1311
1312
1313
1314
1315
1316
1317
1318
1319
1320
1321
1322
1323
1324
1325
1326
1327
1328
1329
1330
1331
1332
1333
1334
1335
1336
1337
1338
1339
1340
1341
1342
1343
1344
1345
1346
1347
1348
1349
1350
1351
1352
1353
1354
1355
1356
1357
1358
1359
1360
1361
1362
1363
1364
1365
1366
1367
1368
1369
1370
1371
1372
1373
1374
1375
1376
1377
1378
1379
1380
1381
1382
1383
1384
1385
1386
1387
1388
1389
1390
1391
1392
1393
1394
1395
1396
1397
1398
1399
1400
1401
1402
1403
1404
1405
1406
1407
1408
1409
1410
1411
1412
1413
1414
1415
1416
1417
1418
1419
1420
1421
1422
1423
1424
1425
1426
1427
1428
1429
1430
1431
1432
1433
1434
1435
1436
1437
1438
1439
1440
1441
1442
1443
1444
1445
1446
1447
1448
1449
1450
1451
1452
1453
1454
1455
1456
1457
1458
1459
1460
1461
1462
1463
1464
1465
1466
1467
1468
1469
1470
1471
1472
1473
1474
1475
1476
1477
1478
1479
1480
1481
1482
1483
1484
1485
1486
1487
1488
1489
1490
1491
1492
1493
1494
1495
1496
1497
1498
1499
1500
1501
1502
1503
1504
1505
1506
1507
1508
1509
1510
1511
1512
1513
1514
1515
1516
1517
1518
1519
1520
1521
1522
1523
1524
1525
1526
1527
1528
1529
1530
1531
1532
1533
1534
1535
1536
1537
1538
1539
1540
1541
1542
1543
1544
1545
1546
1547
1548
1549
1550
1551
1552
1553
1554
1555
1556
1557
1558
1559
1560
1561
1562
1563
1564
1565
1566
1567
1568
1569
1570
1571
1572
1573
1574
1575
1576
1577
1578
1579
1580
1581
1582
1583
1584
1585
1586
1587
1588
1589
1590
1591
1592
1593
1594
1595
1596
1597
1598
1599
1600
1601
1602
1603
1604
1605
1606
1607
1608
1609
1610
1611
1612
1613
1614
1615
1616
1617
1618
1619
1620
1621
1622
1623
1624
1625
1626
1627
1628
1629
1630
1631
1632
1633
1634
1635
1636
1637
1638
1639
1640
1641
1642
1643
1644
1645
1646
1647
1648
1649
1650
1651
1652
1653
1654
1655
1656
1657
1658
1659
1660
1661
1662
1663
1664
1665
1666
1667
1668
1669
1670
1671
1672
1673
1674
1675
1676
1677
1678
1679
1680
1681
1682
1683
1684
1685
1686
1687
1688
1689
1690
1691
1692
1693
1694
1695
1696
1697
1698
1699
1700
1701
1702
1703
1704
1705
1706
1707
1708
1709
1710
1711
1712
1713
1714
1715
1716
1717
1718
1719
1720
1721
0.07497508881316035 0.008630118986056375 -0.008337928177101868
0.03735000000000001 0.008642998372409654 -0.008324576814140408
0.05695000000000003 0.008642998372412643 -0.008324576814137306
0.004048315130134971 -0.009977635347630569 -0.006666842796235189
0.02715625000000002 -0.004207585798506166 0.01123815917969706
0.05678125000000001 -0.004207585798528705 0.01123815917968862
0.004048315130134979 0.002341083864193467 -0.01176942336483878
0.07496868799292052 -0.01003867467048695 -0.006574573055349196
0.004048315130134983 0.01176942336483877 0.002341083864193508
0.02577832086959632 0.01174663801402604 -0.002452854534504326
0.02537301355363747 0.009866307103363706 -0.006830518585152585
0.06675000000000002 0.008642998372409292 -0.008324576814140783
0.04715000000000003 0.008642998372419511 -0.008324576814130175
0.04690625000000001 -0.0042075857985251 0.01123815917968997
0.01728125000000002 -0.0042075857985331 0.01123815917968697
0.03703125000000002 -0.004207585798533214 0.01123815917968693
0.06665625 -0.00420758579853269 0.01123815917968713
0.02143507907432924 0.01101661111743845 -0.004757549735644555
0.02140637317765047 0.008206237466168265 -0.008755436405391582
0.02522736925201592 0.006214378414797134 -0.0102655492263056
0.02141204366671601 0.004082508614368861 -0.0112841979517201
0.02562676620307342 0.00178360331219053 -0.01186670801969708
0.02152454433670131 -0.0006178793305030424 -0.01198408215646643
0.02567189900491878 -0.002995817925871699 -0.01162002904277893
0.02154276173510691 -0.005279894923386519 -0.01077602475860172
0.02566679769499755 -0.007300037372179508 -0.009524151109930087
0.02176606503405377 -0.009082900952059802 -0.007842251608758236
0.02982874302396736 -0.005265642117971564 -0.01078299647989574
0.02980706805037664 -0.009071406167571846 -0.00785554518432295
0.03396141576640602 -0.007334422508174498 -0.009497696903543686
0.004048315130134987 0.009977635347630508 -0.006666842796235279
0.07496868799292118 -0.002488858926931716 -0.01173906219601175
0.07496868799292118 -0.01175548602124889 0.002410093028126074
0.03389877353674948 -0.01043012549173434 -0.005934010635874649
0.03808042576422618 -0.009098110338721259 -0.007824601476398229
0.03734748304942873 -0.01158713187338768 -0.003120636945997303
0.04207701076870418 -0.01050156020043936 -0.005806654230841376
0.01728125000000002 0.004207585798548615 0.01123815917968117
0.004048315130135765 -0.009977635347630531 0.006666842796235245
0.04290967263534658 -0.006927421227016425 -0.009798511884132317
0.04660391137371038 -0.009178553773924533 -0.007730080893443207
0.02977690421197244 -0.01142817970652081 -0.003660151444334782
0.04632484921266794 -0.01159716723682825 -0.003083133484141968
0.05053629549503243 -0.01049783329500219 -0.005813389382309048
0.05054113252571335 -0.007398137511283123 -0.009448151214081279
0.05461086006757812 -0.009191572848668157 -0.007714595813626682
0.05465680100961384 -0.01144229382678894 -0.003615786495553599
0.05875384105572109 -0.01049820767358614 -0.005812713277141494
0.05804086645934038 -0.007018355179391611 -0.009733585699828556
0.05877754703278684 -0.01193289963525346 -0.001267243581545331
0.0174207776800394 -0.002963778199385311 -0.01162824229128583
0.01738831992244531 0.006299939632825408 -0.01021326395540405
0.05390250146482485 -0.01193681185035906 0.001229846677081133
0.02155838217624837 0.01199989212990117 -5.088094668814395e-05
0.01733903580649151 0.01174427748125524 -0.002464131985767213
0.062891528699403 -0.01144359664789394 -0.003611661080487839
0.06290026084552018 -0.01194643236260575 0.001132587217694994
0.03373731331995047 -0.002988111979539286 -0.01162201302691293
0.0174048285009492 0.01178098978046847 0.002282165592698602
0.007406250000000008 0.004207585798531957 0.0112381591796874
0.07329478945833057 0.005230651576853013 -0.0108000131519163
0.02154262524148563 0.0110423800988314 0.004697429270668392
0.0305738494223179 0.004597657944493552 -0.0110842925541252
0.01321107004741129 0.01199953500109688 -0.0001056397531751428
0.01295900437644521 0.0110077224309144 0.004778079832311724
0.02745428449456089 0.004196743383722458 0.01124221263680695
0.01321494275165993 0.01100590056674468 -0.004782274847280229
0.07165000000000001 0.008642998372507768 0.008324576814038542
0.06686796434460585 -0.01192981805147086 -0.001295932582660098
0.06688086489584028 -0.01147183265562577 0.003520945259631031
0.06284498830335691 -0.01054509212081206 0.005727218536391587
0.06701951553783901 -0.01050548105538324 -0.005799557551657178
0.06185027859387918 0.008648917518448988 0.008318426880069705
0.05204507774410062 0.008654806983509884 0.008312299084981755
0.04225028402997617 0.008649106315692465 0.008318230577463498
0.07496868799292118 -0.00664173418990516 0.009994366760863084
0.007406250000000008 -0.004207585798531564 0.01123815917968755
0.0324464943370708 0.008654420754944521 0.008312701209377462
0.06666391566435198 0.00419194426956076 0.01124400299007861
0.05678528585443875 0.004190873522449378 0.01124440212367171
0.00933952708386545 0.01173529180714129 -0.002506576589941452
0.04691196864735152 0.004191191181701566 0.01124428372456098
0.03703853976640119 0.004191449932234923 0.01124418727456849
0.06760918736651163 -0.009136981504404765 0.007779175341137724
0.07059875842489764 0.008640289379580814 -0.008327388512439119
0.06873951087032723 0.005335831625674326 -0.01074843713580973
0.06452631792418918 0.005306251275703019 -0.01076307100223259
0.06688226448304796 0.001452062890874453 -0.011911822419804
0.06209453787892195 0.001394589947383116 -0.01191868780020091
0.06463329038002515 -0.002631660560359273 -0.01170787609667311
0.06932327651959674 -0.002568099677700293 -0.01172198208689109
0.06703390751255443 -0.006362362920194278 -0.01017449448728225
0.07082492309017291 -0.006313700201643631 -0.01020476309199607
0.05993817820559557 -0.002694608487787493 -0.01169354886668472
0.05743861201198824 0.001346151436188838 -0.01192425579693956
0.05523394860467695 -0.002752717062591708 -0.011680006368719
0.05282709416152265 0.001290177500077028 -0.01193044181991157
0.06277164571471894 -0.007495691855240335 0.009370944648821895
0.0587866075236203 -0.009239914787436982 0.007656629462165671
0.06207598725563667 0.008536956546384058 -0.008433289567253716
0.009356435420349368 0.009839757292550686 -0.006868709953382482
0.07117517534445307 -0.01056194283450589 0.005696083177116506
0.07111913587917935 -0.01144459315926523 -0.003608502101828329
0.05213639255038183 0.00867806356276773 -0.008288016216234319
0.05020134803926845 0.005401344381282009 -0.01071566511583827
0.04443205907492542 0.005282793774948164 -0.01077460393385153
0.04762134952248865 0.00140961772450032 -0.01191691981473294
0.04276532884625835 0.001288935637017008 -0.01193057605162582
0.04525181978134223 -0.002709293133542247 -0.01169015529052291
0.0505179966282602 -0.002811072883289981 -0.01166609914430834
0.04205179457031068 0.008642787521716745 -0.008324795724488219
0.0399396211896346 0.005290117930486414 -0.01077100980788459
0.03795209380000811 0.0009638645193666528 -0.01196122757865204
0.03502195468074782 0.005336776904280509 -0.01074796782065978
0.02754620499975785 0.008641453724074334 0.008326180248750432
0.01328352813576238 0.00826493319124506 -0.008700050536879412
0.009370192137488992 0.006406596364650847 -0.01014670010498204
0.01235883166870828 -0.004199298014685055 0.01124125865656787
0.01481038705652467 -0.007844002657610465 0.009081388787371674
0.01969185612030965 -0.007855034088067332 0.009071848735252382
0.01724110859941248 -0.01049964752847036 0.005810112027997939
0.02209529257070742 -0.01050863538091037 0.005793840041896112
0.01967227576478355 -0.01185947566293068 0.00183107536719681
0.01481381259351061 -0.01185647686557298 0.001850393562497657
0.01711617622724215 -0.01177238468320593 -0.002326146786129054
0.01316079090187811 -0.01177212107878175 -0.002327480463183837
0.01479614539871093 -0.01028471213358332 -0.0061826124194651
0.01002576291680437 -0.01185789540499789 0.00184128122896259
0.02436995973572425 -0.01186236250827503 0.001812279151309459
0.02694086526712924 -0.01052000650689509 0.005773167509685218
0.01002578063194354 -0.01029453891234756 -0.006166236176320362
0.0122584013114156 -0.007602296542125891 -0.009284669476377754
0.007656287170779743 -0.007615085709142748 -0.00927418296360439
0.01001016949429267 -0.004048264709477066 -0.01129652835352537
0.007262133635665862 -0.01171647047294686 -0.002593129317362392
0.006568398678100142 -0.004084287515344369 -0.01128355420477086
0.02933105739915485 -0.01187282650073801 0.001742409505074316
0.03179434992583338 -0.01053062613491043 0.005753773823043561
0.03420145323612752 -0.01187101518957039 0.001754707488155558
0.0366512772025426 -0.01054221232766346 0.005732517705028099
0.03909827189726624 -0.01187460236567035 0.001730265487494928
0.04150727637443419 -0.01055441319110758 0.005710022958918317
0.04397569053190832 -0.01187768477490912 0.001708977585544118
0.04635949844462662 -0.01056682098507626 0.005687028597550041
0.04876256148489377 -0.01188098618091965 0.001685872880378656
0.05110355677279829 -0.0105743403529204 0.005673034999063494
0.005048513232900871 -0.01182433058435685 0.002045777659434962
0.04395570888417241 -0.007942045965828086 0.008995771555384998
0.03424349675592967 -0.007900425660490649 0.009032346006606528
0.01100211693709426 -0.00784373529387445 0.009081619714545875
0.02216106713272864 -0.004239092825781445 0.01122631248515773
0.01235172735966105 0.00420320217133886 0.0112397994424657
0.009882921449054413 0.007837122842399583 0.00908732664501165
0.005020198752151534 0.007851083289984413 0.009075268104784978
0.007320286605709676 0.0104860883918428 0.005834547989215593
0.01488950015039878 0.008069818067288978 0.008881330776457794
0.0200671240198251 0.007776427742986368 0.009139320081828405
0.01241635367206144 -0.01049905454207747 0.005811183504457805
0.017146549778445 -0.007579572775006591 -0.00930322936126907
0.06278297280040981 -0.009115749045269295 -0.007804045062893472
0.03810238241238999 -0.005223687244995057 -0.01080338333886547
0.05183855630725424 -0.004209282162578417 0.0112375239121347
0.01734354408953778 0.009835570387094547 -0.006874704005301523
0.02203142559580735 -0.01176643716793866 -0.002356046767989064
0.01331732938968029 0.004240300685958927 -0.01122585631890308
0.0091543438529298 0.001960004986017198 -0.01183885047015916
0.01256827956483692 -0.0005418224781103192 -0.01198776160933368
0.03221245221123196 0.004181043612319186 0.01124806091341458
0.04197918702413507 0.004177913913455815 0.01124922376574279
0.0518509035643626 0.004177324477356567 0.01124944266223343
0.0617382643209563 0.004177419552344028 0.01124940735699858
0.02980920257959247 -0.0006134015532323365 -0.01198431218445565
0.07159375000000001 0.004207585798527664 0.01123815917968901
0.0170907412788495 0.001737267309798166 -0.01187358001170273
0.03738346906916671 0.008657762641938524 0.008309220543219061
0.04713136042747368 0.008648199629439272 0.008319173226310801
0.05698733995828066 0.008657567725560766 0.008309423630874082
0.06677506706382355 0.008656573153692787 0.00831045974870015
0.02457351023415684 -0.00787802874946779 0.009051887263027471
0.02579129781963942 0.01178091771710631 0.002282537566562834
0.02938643616405066 -0.007896318431930581 0.009035936875695479
0.02589574572516234 -0.01045238390547021 -0.005894715488695556
0.03352021719044043 0.008642528701225007 -0.008325064423084186
0.07156403403772811 0.001517309479468101 -0.01190368732551037
0.05864703148439648 -0.01152052366195827 0.003358204066798161
0.05431265100323811 -0.007796224732141224 0.009122438266491558
0.0593983061245411 0.005427891729523078 -0.01070224235254346
0.05479426007387657 0.005429139423977809 -0.01070160946376805
0.0040483151301423 0.00666684279623517 -0.009977635347630581
0.03204419486227492 -0.004180349478997999 0.01124831890699411
0.004054535006769197 0.01176723574614284 -0.002352055036494308
0.0391010670213051 -0.007930946779102808 0.009005558460586373
0.04190860121711006 -0.004174525383872906 0.01125048167055086
0.04880512378489198 -0.007978546885289314 0.00896341394777906
0.07029118163822243 -0.006759807336743972 0.009914888036185905
0.02234193135954865 0.004139859775846421 0.01126328375902555
0.003293073379499617 -0.006663972110520725 0.009979552881276894
0.07520452185452345 0.006574573055349186 0.01003867467048696
0.07529155957988651 -0.01178674748275319 -0.0022522397247654
0.07073081383732144 -0.01194605657173931 0.001136544053173493
0.009216328133637507 0.01183449894185119 0.001986110469063366
0.07535693800816114 -0.009949609534433745 0.00670859673197794
0.03364837445776751 0.001404424298448072 -0.01191753298254
0.008133852890450799 -0.01066113069659507 0.005508202272077378
0.07084288643977577 -0.009484044248256988 -0.007352068055799235
0.06165993253112933 -0.003968036358354424 0.01132495860737589
0.04107610944624922 -0.002529068556665322 -0.01173046513296411
0.06253109064432739 -0.005946321067603888 -0.0104231120957692
0.05068866021310101 -0.01183181455181401 -0.002002040062406883
0.07504614299659168 -0.006791827581068584 -0.009892981254861251
0.05536909301257908 -0.01058107472142953 0.005660464445566716
0.04186601232637283 -0.01184836066291023 -0.001901670213681015
0.01746481908676705 0.01036482614583799 0.006047344786478877
0.07551101226051135 0.001691154990539592 -0.01188023546896159
0.003648568142391352 -0.00724747630810495 -0.009564208653279027
0.02609182976195804 -0.01184126579829629 -0.001945359682449104
0.003514654389809347 0.01023489317792971 0.006264739550561373
0.04687564071825794 -0.006078109357696742 -0.010346815289541
0.07159375000000001 -0.00325323996265226 0.01155060300354065
0.02355930214586999 0.009213034026927141 0.007688953376024767
0.01387418635734248 -0.004502540195323572 -0.01112326983352897
0.0334473285094773 -0.0118086931030623 -0.002134190056599641
0.05414740763942071 -0.006190271873598619 -0.01028010379961865
0.01818501569210392 -0.01050478286804552 -0.005800822087878347
0.002901854583248444 -0.01176942336483877 -0.002341083864193499
0.02925998867445076 0.008263923672825347 -0.008701009454638975
0.004099209020414731 0.003841214486088727 0.01136860023361989
0.007027485539828226 -0.001208747202979118 -0.01193896688157272
0.07554726924690248 -0.003329970391737573 0.01152871619869928
0.003449155398925787 -0.003331506223858429 0.01152827247597803
0.0755989711298094 0.009273775293874589 0.007615582170702466
0.07559449414313585 0.003267447530223269 0.01154659199232561
0.00344806792685104 -0.001129868960203888 -0.01194668975627842
0.05935686013301547 -0.006516178798965685 0.01007667672697254
0.02470792755823475 0.006635317992558186 0.009998627662716199
0.06920000000007806 0.00660511373050663 0.01001860632059533
0.06431841840950099 0.006623540435899013 0.01000643353518179
0.006499318210730002 -0.008406473004743037 0.008563364503542201
0.0593960870582916 0.006629865769495041 0.01000224374220494
0.05447620711092352 0.006648508800372087 0.009989861397005211
0.04960000000006877 0.006660084269546745 0.009982147941326857
0.07254676550093926 -0.008719757320335962 0.00824413926825884
0.0446468084578025 0.00667327042568389 0.009973337546964544
0.03979612287137342 0.006682684811506472 0.009967031840526082
0.006487818502109598 0.01108316933222705 -0.004600364936956836
0.026120879370939 0.01055880934343612 0.005701889620903413
0.00662455599952305 0.01199411871714598 -0.0003756543610933452
0.006608919645344697 0.008466916960519096 -0.008503606128206673
0.0349181165886237 0.006701313034605841 0.009954516744283565
0.006555720326176594 0.004803094520559861 -0.01099683059006402
0.03040245199686036 0.006698253491540655 0.009956575724769207
0.004518354510207368 0.001946380897532832 0.01184109798125661
0.002049604510207366 0.001946380897532832 0.01184109798125661
0.001724577699462894 -0.001682368908453741 0.01188148285593462
0.004193327699462896 -0.001682368908453741 0.01188148285593462
0.001724577699462894 -0.003968004978012868 0.01132496960236385
0.002049604510207366 0.004219065352546111 0.01123385452776317
0.07480488462345125 -0.001681577476004103 0.01188159489261419
0.07727363462345124 -0.001681577476004103 0.01188159489261419
0.07729724707156793 0.001649378078563667 0.01188610751903051
0.07482849707156793 0.001649378078563667 0.01188610751903051
0.07727363462345124 -0.003957757240273739 0.01132855496641389
0.07729724707156793 0.003901694927512313 0.01134798557862252
0.07698754440658018 0.008487215082999164 -0.008483347224705085
0.07698754440658018 0.009973565311756813 -0.006672930014028411
0.07453754440658017 0.009973565311756813 -0.006672930014028411
0.03421010859522022 0.009978532189646901 -0.006665500381830358
0.03176010859522022 0.009978532189646901 -0.006665500381830358
0.02788916043479816 0.01143349336501338 -0.003643518831047125
0.02788916043479816 0.01193649144783157 -0.001232952519703736
0.02768650677681873 0.01048263711538639 -0.005840746451193013
0.02557566721161689 0.01102591650598306 -0.004735943961143356
0.02962999433722538 0.009827883418465012 -0.006885688601226494
0.02731650111404411 0.009113232194050374 -0.007806983987259346
0.0313901029324456 0.008455315880302513 -0.00851514141775133
0.02789564890981971 0.0119451038632001 0.001146513714423903
0.02789564890981971 0.01145956869330827 0.00356065799584136
0.0312232471685354 0.009983293890309388 0.006658366398728087
0.0336732471685354 0.009983293890309388 0.006658366398728087
0.02877310249987892 0.009978101855039284 0.006666144565673747
0.02999634966841433 0.008647939865633874 0.008319443255433647
0.0280604396854695 0.01078892026088383 0.005253494037713418
0.02683354218534843 0.009689388566377808 0.007079247785587606
0.02595608859528921 0.01129994882301525 0.004038707292839653
0.0748494855649047 0.01023446332716052 0.006265441756572829
0.07729948556490471 0.01023446332716053 0.00626544175657282
0.07729948556490471 0.008840462764205224 0.008114568264220898
0.008640625000000009 0.002138000215592979 0.01180800385662726
0.006171875000000007 0.002138000215592979 0.01180800385662726
0.006171875000000007 -0.002138000215592764 0.0118080038566273
0.008640625000000009 -0.002138000215592764 0.0118080038566273
0.005752729510207369 0.004024928598443115 0.01130486398756901
0.005427702699462898 -0.003772335955570135 0.01139164085802887
0.01111691583435414 -0.00213364665785897 0.01180879129883356
0.01358566583435415 -0.00213364665785897 0.01180879129883356
0.01358211367983053 0.002135697390831815 0.01180842058256709
0.01111336367983053 0.002135697390831815 0.01180842058256709
0.009878988679830527 0.004205394064905977 0.01123897952479911
0.009882540834354143 -0.00420344219228957 0.01123970968201937
0.01604687500000002 -0.002138000215593571 0.01180800385662716
0.01851562500000002 -0.002138000215593571 0.01180800385662716
0.01851562500000002 0.002138000215601725 0.01180800385662568
0.01604687500000002 0.002138000215601725 0.01180800385662568
0.01482004083435415 -0.004203442192290337 0.01123970968201908
0.01481648867983053 0.004205394064914311 0.01123897952479599
0.02095553356636433 -0.002154559140300777 0.01180499364298628
0.02342428356636433 -0.002154559140300777 0.01180499364298628
0.02351471567977433 0.002102450343253486 0.01181438540738169
0.02104596567977433 0.002102450343253486 0.01181438540738169
0.01972115856636433 -0.004223343465982359 0.01123224687978074
0.01981159067977433 0.004173741692473754 0.01125077243057144
0.02592187500000002 -0.002138000215579422 0.01180800385662972
0.02839062500000002 -0.002138000215579422 0.01180800385662972
0.02853964224728045 0.002132304898263457 0.01180903365313359
0.02607089224728045 0.002132304898263457 0.01180903365313359
0.02465865856636433 -0.004223343465968899 0.0112322468797858
0.02489810792705477 0.004168314894304579 0.0112527841417988
0.03338747610561599 0.002124060855887261 0.01181051927226265
0.03091872610561599 0.002124060855887261 0.01181051927226265
0.03083459743113746 -0.00212369643735524 0.01181058480524841
0.03330334743113747 -0.00212369643735524 0.01181058480524841
0.02960022243113747 -0.004193970715195137 0.01124324729071124
0.02983336835289643 0.004188894518646415 0.01124513951499287
0.03579687500000002 -0.002138000215593631 0.01180800385662715
0.03826562500000001 -0.002138000215593631 0.01180800385662715
0.0382692698832006 0.002129524912413352 0.01180953528498945
0.0358005198832006 0.002129524912413352 0.01180953528498945
0.03453772243113747 -0.004193970715208667 0.01124324729070619
0.03462549598881658 0.004186247220323899 0.01124612529764498
0.04320834351206754 0.00212241782068077 0.01181081464567355
0.04073959351206755 0.00212241782068077 0.01181081464567355
0.04070430060855504 -0.002120639049129969 0.01181113415482633
0.04317305060855504 -0.002120639049129969 0.01181113415482633
0.03946992560855504 -0.004191060120005402 0.01124433257559115
0.03950886339526813 0.004184682680556519 0.01124670755657185
0.04567187500000001 -0.002138000215589369 0.01180800385662792
0.04814062500000001 -0.002138000215589369 0.01180800385662792
0.04814348432367577 0.002129389032711995 0.01180955978634961
0.04567473432367576 0.002129389032711995 0.01180955978634961
0.04440742560855504 -0.004191060120001343 0.01124433257559266
0.04444557783574329 0.004184553276569559 0.01124675570444877
0.05060677815362712 -0.002138891424825439 0.01180784245630031
0.05307552815362712 -0.002138891424825439 0.01180784245630031
0.0530817017821813 0.002122108391812118 0.01181087024623506
0.0506129517821813 0.002122108391812118 0.01181087024623506
0.04937240315362712 -0.004208433992538547 0.01123784157792083
0.04938143610585706 0.004184258624611387 0.01124686533049833
0.05554687500000001 -0.002138000215591262 0.01180800385662758
0.058015625 -0.002138000215591262 0.01180800385662758
0.05801764292721938 0.002129222219020316 0.01180958986341313
0.05554889292721937 0.002129222219020316 0.01180958986341313
0.05430990315362712 -0.00420843399254035 0.01123784157792015
0.05431809470940067 0.004184099758938152 0.01124692443325079
0.06296288216047816 0.002122158301825888 0.01181086127858555
0.06049413216047815 0.002122158301825888 0.01181086127858555
0.06045496626556467 -0.002012522883284716 0.01183003599505324
0.06292371626556467 -0.002012522883284716 0.01183003599505324
0.05922059126556467 -0.00408804145627112 0.01128219469127389
0.05926177508769752 0.004184147285827661 0.01124690675210304
0.065421875 -0.002138000215593356 0.0118080038566272
0.06789062500000001 -0.002138000215593356 0.0118080038566272
0.06789445783217599 0.002129784510115602 0.01180948847073706
0.06542570783217599 0.002129784510115602 0.01180948847073706
0.06415809126556467 -0.004088041456273121 0.01128219469127316
0.06420108999265414 0.004184682783395615 0.01124670751830741
0.07282812500000001 0.002138000215590724 0.01180800385662767
0.070359375 0.002138000215590724 0.01180800385662767
0.070359375 -0.001642066374649967 0.01188711983708602
0.07282812500000001 -0.001642066374649967 0.01188711983708602
0.06912500000000001 -0.003733682571598221 0.01140436821812343
0.069128832832176 0.004199766050473573 0.0112410838054562
0.07359412207156793 0.003740696929244876 0.01140206939478698
0.07357050962345124 -0.003291623368581667 0.01153972337620825
0.001646536689749808 -0.007611385032998887 0.00927722037462949
0.001646536689749808 -0.005655238493545715 0.01058386874357004
0.003371114389212702 -0.005057373812465673 0.01088223185385178
0.002024157565067883 -0.01058305517218025 0.005656760841911993
0.002024157565067883 -0.009276125440352832 0.00761271940996376
0.003670694254817691 -0.008484060744990165 0.008486501827921617
0.002524256616450436 -0.01195600198670697 0.001026653054278288
0.002524256616450436 -0.01152598068607599 0.003339426481329291
0.004548414181518318 -0.01114315890466085 0.004453089896406501
0.001450927291624222 -0.01148328402878652 -0.003483416127053511
0.001450927291624222 -0.01194221672006637 -0.001176205683954688
0.003975183908074657 -0.01199906016572419 -0.0001501836853024467
0.002024157565067485 -0.009276125440352872 -0.007612719409963711
0.002024157565067485 -0.01058305517218028 -0.005656760841911935
0.003475084856691707 -0.01108655439013546 -0.004592201188381037
0.001824284071195676 -0.005968573945326555 -0.01041038544239208
0.001824284071195676 -0.007884854918842801 -0.009045941792251402
0.003848441636263161 -0.008733544533322641 -0.008229532178955876
0.00172403396342552 -0.0005655629605353501 -0.01198666502984339
0.00172403396342552 -0.002893178167405953 -0.01164600876230331
0.005108483410245748 -0.005730729021596413 -0.01054318475988316
0.003284199339050071 -0.004339362428768851 -0.01118793697299861
0.005008233302475591 -0.00262807802924376 -0.01170868079128499
0.00202415756506749 0.003483416127053479 -0.01148328402878653
0.00202415756506749 0.001176205683954653 -0.01194221672006637
0.00374819152849301 0.000612059008017307 -0.01198438082550387
0.00202415756507115 0.007612719409963694 -0.009276125440352887
0.00202415756507115 0.00565676084191191 -0.01058305517218029
0.00404831513013864 0.004592201188381012 -0.01108655439013547
0.002024157565067494 0.01058305517218023 -0.005656760841912031
0.002024157565067494 0.009276125440352806 -0.007612719409963792
0.004048315130138643 0.008485281374238525 -0.008485281374238618
0.002027267503384598 0.01194166715650947 -0.001181772195959535
0.002027267503384598 0.01148165905231973 -0.003488768465559782
0.004051425068452092 0.01108441261746005 -0.004597368478368091
0.002024157565067491 0.01148328402878652 0.003483416127053514
0.002024157565067491 0.01194221672006637 0.001176205683954689
0.00405142506845209 0.01199999869633017 -5.593574376302029e-06
0.001757327194904674 0.009425706090982644 0.007426712912615693
0.001757327194904674 0.01069347360508638 0.005445146669954888
0.003781484759972165 0.01117569931211825 0.004370783097468877
0.002510099376075767 0.006302392425324898 0.0102117505706518
0.002510099376075767 0.008173507429260327 0.008785998879115922
0.00426742657098044 0.009151524675594358 0.00776206133137246
0.004559703886283132 0.005957541429514183 0.01041670293882004
0.07698434399646059 -0.005634573595946045 0.01059488463324956
0.07698434399646059 -0.00758547571555295 0.009298416971116989
0.07525797861991183 -0.005044529721910233 0.01088819176377622
0.07717846900408057 -0.009247347638571419 0.007647650727603059
0.07717846900408057 -0.0105568668804762 0.00570548522633306
0.07516281300054116 -0.008456786790233628 0.008513680589764337
0.07698434399646059 -0.01146413668882655 0.00354592300817446
0.07698434399646059 -0.01193458726458819 0.001251250104467321
0.07516281300054116 -0.01106332123701267 0.004647894491774144
0.07714577978994325 -0.01195029297890189 -0.001091099316473135
0.07714577978994325 -0.01151065539524689 -0.00339187446287058
0.07513012378640385 -0.01199973025796458 8.045953075500383e-05
0.07698434399646026 -0.01063242607173192 -0.005563408652000616
0.07698434399646026 -0.009349068274675897 -0.007522959683226319
0.07513012378640352 -0.01112465300119313 -0.00449912164794915
0.07702307149829585 -0.007717222339813186 -0.009189367734392193
0.07702307149829585 -0.005784995044684956 -0.01051350713762874
0.07500741549475609 -0.008577261203586558 -0.008392293503295083
0.07698434399646059 -0.0036227098893415 -0.01144010371708523
0.07698434399646059 -0.001331242919160105 -0.01192592940991125
0.07500741549475642 -0.004731256622216183 -0.01102792867109393
0.07725550613025567 0.000767417639656458 -0.01197543611591428
0.07725550613025567 0.003079243937680156 -0.01159820058337758
0.07523985012671627 -0.0004050498312340279 -0.01199316199482927
0.07698754440658018 0.006677475585603047 -0.009970522544163633
0.07614739472916529 0.004830794791878525 -0.01098469033149134
0.07413493913574545 0.007038871056867397 -0.009718759912910414
0.07440290085942096 0.003502794827371496 -0.01147738769918223
0.03857500000000001 0.009978720213359361 -0.006665218893891882
0.036125 0.009978720213359361 -0.006665218893891882
0.03543510859522022 0.008642763540256077 -0.008324820621924548
0.04337589728515535 0.009978635803010468 -0.006665345265691616
0.04092589728515535 0.009978635803010468 -0.006665345265691616
0.03970089728515534 0.008642892947756279 -0.008324686269981877
0.04837500000000003 0.009978720213363304 -0.006665218893885979
0.04592500000000002 0.009978720213363304 -0.006665218893885979
0.04460089728515536 0.008642892947761207 -0.008324686269976761
0.05331819627519094 0.009992766627788858 -0.006644141413497256
0.05086819627519093 0.009992766627788858 -0.006644141413497256
0.04964319627519093 0.008660550260230446 -0.008306315018708496
0.05817500000000003 0.009978720213360557 -0.006665218893890091
0.05572500000000003 0.009978720213360557 -0.006665218893890091
0.05454319627519093 0.008660550260227023 -0.008306315018712066
0.06318799362781835 0.009936344550647513 -0.006728228367915098
0.06073799362781835 0.009936344550647513 -0.006728228367915098
0.05951299362781835 0.00859014943808571 -0.008379100944096315
0.06797500000000001 0.009978720213359219 -0.006665218893892094
0.06552500000000003 0.009978720213359219 -0.006665218893892094
0.06441299362781834 0.008590149438084024 -0.008379100944098043
0.07234937921244883 0.009977635763059333 -0.006666842174502064
0.06989937921244882 0.009977635763059333 -0.006666842174502064
0.06867437921244883 0.008641643990348977 -0.008325982773466769
0.072786923619029 0.008635205790836748 -0.008332659896449603
0.02578480934461787 0.01199968558996847 -8.686622993439237e-05
0.03614173453458336 0.009984632372951852 0.006656359093153093
0.03859173453458337 0.009984632372951852 0.006656359093153093
0.03491498170311876 0.008656091873391105 0.008310961044272347
0.04102514201498809 0.009981165689713651 0.006661556235181314
0.0434751420149881 0.009981165689713651 0.006661556235181314
0.03981687654957144 0.008653435651481562 0.008313726686971846
0.04591568021373685 0.009980802641000161 0.006662100167470031
0.04836568021373686 0.009980802641000161 0.006662100167470031
0.04469082222872493 0.008648652985408721 0.008318701914240034
0.05082253887205033 0.009983448573405128 0.006658134467114277
0.05327253887205033 0.009983448573405128 0.006658134467114277
0.04958821908578715 0.008651503989214555 0.008315736811888928
0.05574366997914035 0.009984554301311175 0.0066564762002255
0.05819366997914034 0.009984554301311175 0.0066564762002255
0.05451620885119064 0.008656187473933106 0.008310861472562492
0.06062513929693961 0.009981090091947092 0.006661669503693169
0.0630751392969396 0.009981090091947092 0.006661669503693169
0.05941880927607992 0.008653243792931403 0.008313926380483179
0.06553753353191179 0.009984155944660096 0.006657073686891896
0.06798753353191178 0.009984155944660096 0.006657073686891896
0.06431267282885136 0.008652746253051227 0.00831444419551349
0.07042500000000002 0.009978720213398641 0.006665218893833073
0.072875 0.009978720213398641 0.006665218893833073
0.06921253353191179 0.008649788643106591 0.008317521050744882
0.0736244855649047 0.008965398095130129 0.007976317257722203
0.07710226092726172 0.007512507386877569 0.009357469356728343
0.07710226092726172 0.005575286931575373 0.01062620231459033
0.07540174649216642 0.008016257272893252 0.00892970432516027
0.07539950799882965 0.004978433083218384 0.01091857151993413
0.07194677394161411 0.007044800842192467 -0.009714462470659109
0.04099570787997264 0.00707300886613751 -0.009693943757807766
0.03864481059481731 0.007073131631443534 -0.009693854183155066
0.03748078793519121 0.005313459907686588 -0.01075951410656667
0.03618597734037392 0.007094133857583259 -0.009678494966196494
0.03427108593559412 0.007093860833250489 -0.009678695081387505
0.06073714669008889 0.007073986395784567 -0.009693230445638587
0.05817415306227057 0.007135181176278515 -0.009648273917218602
0.0558721300369383 0.007135743590860228 -0.009647857969803306
0.0534653263121292 0.007156091958495615 -0.009632774672001541
0.05709628309920883 0.005428515585973685 -0.01070192592633872
0.005852301150457357 -0.008892441410122024 -0.008057573193434052
0.008841033901361643 -0.009088646589499464 -0.007835592075343113
0.007037047881039257 -0.01013917718819952 -0.006418495613949929
0.008643957133804704 -0.01114956979870806 -0.0044370140076111
0.005655224382900417 -0.01103663636329432 -0.004710908382086159
0.005652427656585548 -0.007432695752841048 -0.009420989005709467
0.005081994109457153 -0.01174362312353177 -0.002467248656388306
0.02336728868344274 -0.006155338339929145 0.01030105867962115
0.02586488011707843 -0.006140884787549304 0.01030968156763561
0.02697997319910375 -0.007887177622796171 0.009043916692808671
0.02827134308202534 -0.006151306379457673 0.0103034668838233
0.03071531551316279 -0.006138821997811655 0.01031090997338177
0.05307560365524618 -0.006095198583466466 0.01033675743297231
0.05554695050161906 -0.00609441839388226 0.01033721744186072
0.05683475556812679 -0.007172089407500137 0.009620869686822721
0.05806905506650774 -0.005393240413481523 0.01071974616501667
0.0605083963320724 -0.005279132862457717 0.01077639810978227
0.008090914696379013 0.0003789497171161407 -0.01199401505384655
0.005537900334981603 0.0005724795451360186 -0.01198633668684477
0.00660132949153239 0.002150824575619757 -0.01180567463743221
0.005302017728155787 0.003592916099382604 -0.01144949579251407
0.007855032089553196 0.003407657274959522 -0.01150599286877997
0.005302017728159447 0.005757565045082126 -0.01052855378253103
0.005237776733339633 -0.001169314457438045 -0.01194289343918074
0.07320534772953294 -0.01163544837620078 -0.002935360469306396
0.07304391193604994 -0.01084352771871527 -0.005139835271042611
0.07098101115947755 -0.01063040626913276 -0.00556726706321718
0.07290578721634813 -0.009769097354106049 -0.006968840426211392
0.07294451471818372 -0.008236507811108441 -0.008726966201237958
0.008268307369673591 0.01132496236492174 0.003968025634129155
0.006632321631886245 0.01180329566658722 0.00216384181656688
0.005684300867922329 0.01126401455015715 0.004137870975978833
0.005417470497759511 0.01036272336302462 0.006050947405276611
0.005336435564829017 0.01195916592897468 0.0009891159099171612
0.005339545503146123 0.01192170421499985 -0.001368564434016469
0.007920442066580279 0.01197268717385154 0.0008091735518977178
0.02340404631398335 0.01049277695926752 -0.005822510771399631
0.02360669997196278 0.01143981130735203 -0.003623633156402649
0.02149673062528881 0.01174640533124636 -0.002453968580497121
0.02366835152292234 0.01193385070914885 -0.001258255638472344
0.02367483999794389 0.01194750767877458 0.001121186989588415
0.02338969336564397 0.009087383779619864 -0.007837056593001086
0.02142072612598986 0.00981708976087633 -0.006901068658323661
0.0253001914028267 0.008221737684936919 -0.008740882646511627
0.0233168712148332 0.007249734531661146 -0.009562497018061755
0.02724367896323334 0.007281294803082418 -0.009538487615476836
0.06966913464761243 0.007092133578660561 -0.00967996081099688
0.06774475543516362 0.007093708250525313 -0.009678806912860135
0.06663291439725821 0.005321046481422485 -0.01075576423795824
0.0656381589620946 0.007080392285225424 -0.009688552269937974
0.06330115258991292 0.007018943730011394 -0.009733161301187489
0.05116887029482514 0.007143584660986374 -0.009642053629353043
0.04867567401963424 0.007123216735612039 -0.009657110506642067
0.04731670355709694 0.005342150361176721 -0.01074529801906766
0.04579102953746272 0.007069835921346714 -0.009696258043453447
0.04324192682261806 0.007069713125592285 -0.009696347576372671
0.04293215505064124 -0.00616228486390856 0.0102969046444086
0.04543097944208621 -0.006177415605797784 0.01028783438986291
0.04638041633453219 -0.007960312866744316 0.008979611298020915
0.04785568689244599 -0.00619831218271618 0.0102752579571314
0.05032184004607311 -0.006199087695581303 0.01027479010697992
0.01358460936261647 -0.006117722798051072 0.0103234426315162
0.01604581852826234 -0.006121528461941118 0.01032118642839305
0.01725112158841716 -0.00784951982217282 0.009076620437217587
0.01848655306015484 -0.006127799349486622 0.01031746456899326
0.02092646162651915 -0.006142263830582695 0.01030886002599296
0.03314384580910229 -0.006141165684667268 0.01030951424818188
0.03563737337796484 -0.006153648374062094 0.01030206832089571
0.03667228188861739 -0.007915697551286004 0.009018965144436735
0.03806615851065256 -0.006171071201769984 0.0102916412793434
0.04050483411920758 -0.006155934870253607 0.0103007022029178
0.06471394785735947 -0.005925647600591376 0.01043487903684588
0.06519041654061528 -0.008354333495520949 0.008614238901122765
0.06713271868325582 -0.006892786912743883 0.009822906320204151
0.06895018450236703 -0.008019806172468587 0.008926517179507064
0.06847371581911121 -0.005523467178841038 0.01065323004183547
0.06221578912292414 -0.005814534269943561 0.01049719920853424
0.07094246581911122 -0.005072885758480436 0.01087500942902609
0.01937495863359413 0.009069784795886892 -0.007857417117367448
0.01938931158193351 0.0104796924537354 -0.005846028230783822
0.01938705744041037 0.01143807036586151 -0.003629124729959117
0.01944870899136994 0.01193324527424309 -0.001263984661598009
0.01734128994801465 0.0110129807450188 -0.004765947451435557
0.02331970645936597 0.005173575352625962 -0.01082747052966209
0.02140920842218324 0.006273115557482309 -0.01022976154181873
0.01940018179458066 0.00521876736476471 -0.010805760833577
0.01939734655004789 0.007289623364635238 -0.009532124170496524
0.01736593200599154 0.008238638633648248 -0.008724954639661948
0.02542706772754467 0.004078339772103454 -0.01128570532591026
0.02351940493489472 0.002947481429721688 -0.01163238381508476
0.02790060933716691 0.005421495893004828 -0.01070548374816065
0.02810030781269566 0.003214524427766235 -0.01156143731130754
0.02991691904838433 0.006540266050231674 -0.01006105958595748
0.02357565526988736 0.0005858090750115753 -0.01198569262611194
0.02146829400170866 0.001767306847626777 -0.01186914598892151
0.0193076428077754 0.0005624144762067827 -0.01198681316935211
0.01925139247278276 0.002924771915044981 -0.01163811450557882
0.0172395306006474 0.004103454180485015 -0.01127659805919587
0.0256493326039961 -0.0006185294631776988 -0.01198404861902609
0.02359822167081004 -0.001815994392221238 -0.0118617943148337
0.02771798439133295 0.0005880482327661141 -0.01198558297605672
0.02774055079225562 -0.001813778339244759 -0.01186213337204091
0.03019152600095518 0.002042323084522008 -0.0118249277553154
0.02360733037001284 -0.004159319848096773 -0.0112561120464052
0.02153365303590411 -0.00301011394412148 -0.01161633393301886
0.01948176970757316 -0.004143803243341946 -0.01126183353990232
0.01947266100837036 -0.00179964528942912 -0.01186428577000047
0.01725575947944445 -0.0006254037814354838 -0.01198369183975315
0.02566934834995816 -0.005253506938888821 -0.01078891397885102
0.02360477971505223 -0.006321034017335765 -0.0102002220050195
0.02775032101444307 -0.004151877453855834 -0.01125885933867919
0.02774777035948246 -0.006314289206131742 -0.01020439865064709
0.02981897280177991 -0.003000263068046905 -0.01161888211156795
0.02371643136452566 -0.008234522664791678 -0.00872883935486455
0.02165441338458034 -0.00732968161406893 -0.009501356084074521
0.01945630740624939 -0.008363200444484598 -0.008605630617530165
0.01934465575677596 -0.006471766292296488 -0.01010525808962319
0.0172836637292422 -0.005398331568502342 -0.01071718322492021
0.02578127171007994 -0.009059818764023876 -0.007868906147809928
0.02383090537960806 -0.009816061473470281 -0.006902531213189292
0.029817905537172 -0.0073164356866912 -0.009511559748143911
0.0277369328726871 -0.008228128725752862 -0.008734866780463259
0.02785140688776949 -0.00981100443266985 -0.006909717217233463
0.01997554036307884 -0.009846887730713901 -0.006858483944627709
0.01766578273527446 -0.009210195108317344 -0.007692353740353292
0.02396358566048484 -0.01124942427645816 -0.004177373989509899
0.02189874531493056 -0.01077953319486633 -0.005272728335574951
0.02010822064395563 -0.01126802687802684 -0.004126932308151495
0.03189507939518669 -0.006332724997661511 -0.01019296787515751
0.03188424190839133 -0.008243904972870572 -0.008719978830150899
0.03178302817195892 -0.004148144328140773 -0.01126023528319518
0.03384936454317825 -0.005269426848387949 -0.01078114746627131
0.03177325794977147 -0.001809845325317424 -0.01186273408192339
0.03393009465157775 -0.009059235970205188 -0.007869577093855837
0.03185292079356306 -0.009797984895882954 -0.006928166566996605
0.03183783887436096 -0.01098812929668898 -0.004822967401843536
0.02979198613117454 -0.010462245811044 -0.005877194278675178
0.02783632496856739 -0.0109971853267863 -0.004802282258293046
0.0360209207653161 -0.008258743610148021 -0.008705926371262237
0.03598959965048783 -0.009809769726861095 -0.006911470024962824
0.03603189908939801 -0.006312902217681574 -0.01020525676257051
0.03809140408830809 -0.007314147718858062 -0.00951331924970057
0.03591984786617023 -0.00412625135777668 -0.01126827625382188
0.005328617387739843 0.009267890933024374 -0.007622742134794054
0.005328617387743499 0.007602687789769984 -0.009284349108649588
0.005271176754439397 0.01148037357465024 -0.003492996219075043
0.005268066816122293 0.01058097141695881 -0.005660657547803137
0.006548369073727148 0.009967963255486174 -0.006681295423589462
0.07289680554154704 -0.004467636985942585 -0.01113733449986297
0.07007409980488483 -0.004505228145587748 -0.01112218141176469
0.07214598225625896 -0.002528493724487432 -0.01173058905107615
0.07044365527866242 -0.0005331924686364554 -0.01198814855561064
0.07326636101532465 -0.000492699137945588 -0.01198988104859542
0.07293553304338229 -0.006554617959450588 -0.01005171544591508
0.07353752314911974 0.001604275089010399 -0.0118922790683191
0.07095299459088725 -0.01148258936710598 0.003485705298275324
0.0728497509151213 -0.01186786678682016 0.001775876665281359
0.07307193166868713 -0.01127902214279831 0.004096786484827519
0.0732660566763071 -0.01026826378072909 0.00620989202235974
0.07301118670860397 -0.01198676190410235 -0.0005635060375547226
0.03771395440682745 -0.01060667864692906 -0.005612340695358679
0.03562312829308911 -0.01109813828307381 -0.004564134819412275
0.03539740577945302 -0.01170830585305025 -0.002629747906440696
0.03367305102311339 -0.01128055504980756 -0.004092563715846252
0.03161211636072487 -0.0116434618576865 -0.002903411091905454
0.04007871826646518 -0.009851639410898713 -0.006851656800922479
0.03971224690906645 -0.01112570229678593 -0.004496526259602228
0.04049504919978638 -0.008073320015059107 -0.008878147550837734
0.04249334170202538 -0.008940138717082866 -0.008004618649212212
0.04050602752386828 -0.006096294032835171 -0.01033611140928823
0.0419715115475385 -0.01134424813255893 -0.003912548313686782
0.03960674768790078 -0.01173358630506215 -0.00251454815457129
0.03822287747334749 -0.01197898397114138 -0.0007098894414891765
0.03664986256669688 -0.01187281506732032 0.001742487410919127
0.03577446814277813 -0.01197970833304168 -0.0006975587826496645
0.03382439087280241 -0.01199845936920424 -0.0001922830350158582
0.04048214211181954 -0.0119996867854215 -8.670093298615335e-05
0.04475679200452848 -0.008119126145931257 -0.008836276966373079
0.04434046107120728 -0.009886941591947942 -0.006800616586561096
0.04646438029318916 -0.01064453737535651 -0.005540200724219154
0.04420092999068606 -0.01113296141649142 -0.004478523205132849
0.04409543076952038 -0.01173763853972407 -0.002495564367189137
0.0160853750751994 0.006250785666760705 0.01024342123258723
0.01362061375502991 0.006248787886988762 0.01024464005924183
0.01867418700991256 0.00608320857201135 0.01034381812820622
0.01747831208511194 0.007924172902602436 0.009011519506146634
0.02120452768968687 0.006052047792556314 0.01036208075227241
0.006591183061675835 -0.01137524014268951 0.003821506469462672
0.006091084010293282 -0.01033563147190945 0.006097107681259608
0.005273816670432883 -0.009240836467794705 0.007655517054743951
0.004896195795114809 -0.007568419674763818 0.00931230495777753
0.0073165855505904 -0.009655406868328383 0.007125525819687771
0.04489265667680226 -0.00650854174170936 -0.01008161120041965
0.04673977604598416 -0.00773972009848375 -0.009170427078229602
0.0419928910407979 -0.004825910338592839 -0.01098683709735713
0.04316396461379573 -0.002619258391264214 -0.01171065691922498
0.0440807462083444 -0.004910310032063629 -0.01094937694067636
0.04606373024980008 -0.004444744224960287 -0.01114649042410579
0.0395892459293196 -0.003903994850570627 -0.01134719455225467
0.0485701034343714 -0.009884759916597371 -0.006803787282920442
0.04843057235385019 -0.01113152444379322 -0.004482093657793658
0.04857252194971187 -0.008332743539671329 -0.008635125077383983
0.0505387140103729 -0.009130679940085571 -0.007786570736320256
0.04870838662198564 -0.006753088678416186 -0.009919465373771268
0.02771144358055645 -0.01199956056640789 -0.0001026947569682498
0.02793436698696524 -0.01166627195045919 -0.002810355631931495
0.02955398080556364 -0.01195956264964144 -0.0009843074871713252
0.03138919295431607 -0.01199835816796145 -0.0001984975398153073
0.02599378774356019 -0.01132038237426834 -0.003981073084025812
0.05061247785406672 -0.0113262919417736 -0.003964228909853026
0.04850675471288447 -0.01172695560065623 -0.002545292191524887
0.04754370534878086 -0.01197880534122817 -0.0007128973256812946
0.04636912600840105 -0.01187934109509806 0.001697426035594609
0.04515026987228813 -0.01197949295126027 -0.0007012479095908603
0.04292085142914058 -0.01199960426063624 -9.745556998297742e-05
0.04972561084899739 -0.01199893349910628 -0.0001599840117797485
0.05257599629664574 -0.008340019546642563 -0.008628097934169498
0.05257357778130528 -0.009890491648357112 -0.006795452520162159
0.05463383053859598 -0.01051851571998708 -0.005775883226692227
0.05259654825232313 -0.0110249561968317 -0.004738179065626626
0.05267273061135742 -0.01166499355303561 -0.002815657189296585
0.05234427008256703 -0.00680692688949508 -0.00988259815640952
0.05437913385349941 -0.007797162597479211 -0.00912163666391461
0.04869681867325906 -0.004493274719036317 -0.01112701587575344
0.05052956457698678 -0.005223678538679857 -0.01080338754856714
0.05233270213384045 -0.004553712510904355 -0.0111024187620551
0.05668235056164961 -0.009890710467366995 -0.006795134027428523
0.05670532103266746 -0.01102510876784918 -0.004737824042437115
0.05632586326345925 -0.008167589712324305 -0.00879150034357812
0.05839735375753073 -0.008975009954553087 -0.007965500380746523
0.05609413704938054 -0.0066099642710529 -0.01001540674837543
0.05876569404425397 -0.01144351202487965 -0.003611929198701831
0.05671717402120034 -0.01174643906899925 -0.002453807082532768
0.05634002424880585 -0.0119999852725546 -1.880049128704389e-05
0.05427965123721934 -0.01193799337312381 -0.001218324350594713
0.05229558083896294 -0.01199367221645395 -0.0003896495403059635
0.0604119196298751 -0.008124537620717328 -0.00883130162827365
0.06076840692806545 -0.00985739190214735 -0.006843378178025812
0.06082268487756204 -0.01102596262979469 -0.004735836577244933
0.06083453786609492 -0.01174688120189091 -0.002451689627310519
0.0628372507499064 -0.01049121988601565 -0.005825315897294307
0.05663740753200867 -0.004981526025685826 -0.01091716073232481
0.05758606340513626 -0.002723671192116681 -0.01168681373331644
0.05898952233246797 -0.004954369758490332 -0.0109295114390423
0.06123463442496148 -0.004366911756897847 -0.01117721260903036
0.06028597855183389 -0.006491499765849726 -0.01009259286754266
0.05469067812204883 -0.004525946815744646 -0.01111376648220804
0.06265703172236861 -0.007644041277488695 -0.00925033150476506
0.05871228925859166 -0.01195259208608911 0.001065618329215473
0.05627476647461066 -0.01177684693069188 0.002303448799312314
0.06289589477246159 -0.0119331612432208 -0.001264777744622783
0.06083890393915351 -0.01199980921232672 -6.766733154740501e-05
0.06077364616495833 -0.01178612951118637 0.002255471379898607
0.01551036806789374 -0.006109214375606828 -0.0103284800291659
0.01564748201869094 -0.003741687705910974 -0.01140174430126525
0.01482951042184321 0.0006004427081010162 -0.01198496844193961
0.01499452862243816 -0.001761993916711083 -0.0118699358649267
0.0132212329610897 -0.002558951973541468 -0.01172398246318666
0.01531353611265008 0.009096154678624208 -0.007826874859261704
0.01533592402910384 0.007321634640422682 -0.009507558371746272
0.0153528246560628 0.005294384035757686 -0.0107689134866018
0.01330042876272134 0.006378882526980614 -0.0101641456948915
0.01520403533426489 0.003006279474953777 -0.01161732687490851
0.05250302911881157 -0.01147272740005416 0.003518028709951997
0.04993305912884603 -0.01140327969820587 0.003737005769929439
0.05133253147485931 -0.01191108163599006 0.001458126970047693
0.05463579723870197 -0.01147481578795883 0.003511210992294637
0.05323632489268869 -0.01057770940453139 0.005666750722705925
0.05700806224848778 -0.01111059240041027 0.004533733176086301
0.01737193215372036 0.01199964104086951 -9.281643324315264e-05
0.01948160533859879 0.01194752537756136 0.001120998373115359
0.01947372687121741 0.0114754053444906 0.003509283713186595
0.021550503708867 0.01176321341495674 0.002372089828438576
0.02366696153056252 0.01147534994169617 0.003509464875962385
0.0152750529269514 0.01193033022183688 -0.001291209045013876
0.01530794927418025 0.01195005202139751 0.001093735199165316
0.01527698927907572 0.01143398866911806 -0.003641964183580023
0.01321300639953561 0.01173798301955584 -0.002493943590504571
0.01527924342059885 0.01047312240094927 -0.005857790297948073
0.06487974652200443 -0.01174392516563493 -0.00246581055719342
0.06488411259506302 -0.01199971918688527 -8.209406737101911e-05
0.064955522118621 -0.0110289267722777 -0.004728929503781621
0.06694373994122244 -0.01144143002289686 -0.00361851890020688
0.06490124416912441 -0.009861676338805886 -0.006837202628899933
0.06687441462022306 -0.01194612455950162 0.001135829216419522
0.06489056287068024 -0.01176987033276712 0.00233883568252419
0.06486292659959859 -0.01106359591614622 0.004647240622588051
0.06287262457443854 -0.01147801496931122 0.003500738831199415
0.0607460098938767 -0.0110962113965757 0.004568817422758706
0.03802723810619905 -0.002207186723942219 -0.01179526713413703
0.03584470355997929 -0.001026236363140449 -0.01195603776035223
0.03369284388885899 -0.000805512060029815 -0.01197293407319804
0.03580023412888782 0.001184345931549949 -0.01194141217421211
0.03172878851867999 0.0003969182678011715 -0.01199343386560687
0.01743482379385813 0.01123180459012626 0.004224519576143394
0.01950372216412634 0.01072486306557848 0.00538305788791004
0.01308503721192825 0.0117599384727611 0.002388272831330926
0.01518191643869721 0.01146249309863189 0.003551232457023394
0.01521191173160613 0.01070510236043446 0.005422248929422239
0.01111732440435773 0.006115606379996907 0.01032469653815264
0.008644585724527211 0.006117619774821553 0.01032350368289334
0.007451560100602973 0.007844105383352572 0.009081300057528064
0.006213224376075771 0.006125552995204453 0.01031879840402659
0.0710171501643289 0.00528330453775688 -0.01077435349157051
0.07242941174802933 0.003418811017703557 -0.0115026836531841
0.07015177245402768 0.003474915322989758 -0.01148585928426999
0.01876597155329607 0.009201432006566106 0.007702833831035229
0.02080487463065537 0.009667961555642557 0.007108482212020901
0.02181321308284755 0.008525628639763997 0.008444741339841967
0.02255096369367781 0.01023756584690554 0.006260371037747942
0.02383175230621232 0.01081226532596112 0.005205277948488336
0.02484009075840449 0.009935721068813963 0.006729149042986515
0.03204703330637916 0.006762319910588969 -0.009913174538302653
0.03279790205153286 0.00497006313065732 -0.01092238401070393
0.03433516456925767 0.003420952949236263 -0.01150204681433317
0.03211111194004271 0.003029821812523798 -0.01161120923006536
0.0112136990905244 0.01196282359004173 0.0009438494337240071
0.01108766625504136 0.01150610892273911 0.003407265392960076
0.01127723491776269 0.01142738632785888 -0.003662627706150868
0.01127529856563837 0.01192797658145759 -0.001312773656118729
0.009277927608751478 0.01199707540362901 -0.0002649184018519858
0.01013964549107745 0.01075987951432341 0.005312719909541953
0.008601604027382043 0.009304846034705095 0.007577588024591523
0.01142096291274981 0.009665632434919982 0.00711164886879427
0.0123862107997266 0.007954137341694962 0.008985082033540585
0.013924252263422 0.009756910624926641 0.006985892574123484
0.01617715961858292 0.009325604321650856 0.007552026485388334
0.03130745210404616 0.005477842628867311 0.01067676168757944
0.02892836824571062 0.005485294412827513 0.01067293517288488
0.02608110602639782 0.005451606580800183 0.01069018174252319
0.0235249294588917 0.005424569360388281 0.01070392672127088
0.02755518977754755 0.006666818898227608 0.009977651315727325
0.01128568908600465 0.01047490647975888 -0.005854599409037766
0.00934798125210741 0.01100580473130617 -0.004782495396376119
0.01324923544371115 0.009832522566489378 -0.006879062434625604
0.01131998177805587 0.009098538699247359 -0.007824103369607163
0.07339913592726173 0.00542433665617398 0.01070404464865909
0.07342726092726173 0.007656902304839237 0.009239688690326509
0.071621875 0.006588369975538255 0.01002962517073425
0.07042500000003904 0.007670962434323015 0.009228019036131489
0.07039687500003904 0.005440629106116823 0.01069577275981845
0.06798753353195081 0.007678490269291577 0.009221756187646394
0.06879938909096364 -0.0119997326179287 -8.010679258404094e-05
0.06880583936658086 -0.01176948283675304 0.002340784858840216
0.06906932570850918 -0.01102957934389159 -0.004727407270037125
0.06899355011189259 -0.01174426537963924 -0.0024641896624666
0.07092497485825039 -0.01193354471491644 -0.001261154446168229
0.06724502613117594 -0.01052206900411848 0.005769407584195201
0.06522708783493428 -0.009894374019070127 0.006789798433734985
0.06902802012014667 -0.0110704390982202 0.004630915478887255
0.06939218135548235 -0.009904378994590389 0.006775195696916561
0.06280831700903793 -0.009202535336158665 0.007701515655164973
0.06077912661916962 -0.008411590311255436 0.00855833794819962
0.06081579791348861 -0.009939430628561664 0.006723668550725139
0.05871681950400839 -0.01060038048244813 0.005624227380479276
0.06490844015648212 -0.007829287651009698 -0.009094078011417487
0.06702671152519672 -0.008712982175683639 -0.008251299388958031
0.06893839697616511 -0.008047898966647721 -0.00890119779707375
0.0689312009888074 -0.01002486172885123 -0.006595615764840602
0.05819171350828613 0.007690436639019276 0.009211795932456922
0.06062318282608539 0.007685643401582739 0.00921579543521381
0.06308434850169009 0.007682729632673375 0.009218224633368535
0.06554674273666228 0.007686972720051453 0.009214686668638537
0.06185725273389629 0.006626703433826332 0.01000433913859953
0.04836568021377122 0.007699172696380066 0.009204495629382182
0.0508225388720847 0.007702828852051494 0.009201436174641602
0.05326064242751207 0.007697494548421792 0.009205899069456323
0.05573177353460209 0.00769902347222608 0.009204620447042447
0.05203810355549614 0.006654297652609366 0.009986006346406831
0.03858979597027007 0.007714882798354524 0.009191331971355049
0.0410232034506748 0.007710096704535113 0.009195347128125007
0.04344854624388934 0.007705754474500896 0.009198986247337771
0.04588908444263809 0.007705253147200285 0.009199406173094006
0.04222146566458796 0.006677978362868635 0.009970185804941568
0.07328121899646059 -0.005008302724546576 0.01090490274231271
0.07262993481557181 -0.006700888600741275 0.009954802457128702
0.07141897356958085 -0.007784733833250948 0.009132246117217715
0.07375772674693022 -0.007730438501389779 0.009178252588386884
0.0739518517545502 -0.009366204535972693 0.007501613999022115
0.009204183468547135 -0.006121376530997412 0.01032127653760687
0.01168047430290127 -0.006117570833896646 0.0103235326847091
0.006952784105365005 -0.00644726698012431 0.01012090650519996
0.008750717573912131 -0.008129235176389428 0.008826977707400917
0.005349661689749812 -0.005472085095835872 0.0106797136995301
0.0289743284983091 0.007713053981222566 0.009192866706460327
0.03142447316696557 0.007720215831520578 0.009186852971215935
0.03368230546284725 0.007721627394309407 0.009185666572625555
0.0361507928288952 0.00772347404389783 0.009184113930763082
0.03266028429274202 0.006699783342169102 0.009955546352058907
0.06549116703692648 0.005443029661175105 0.01069455132801597
0.06302834136522864 0.005436122712682017 0.01069806383663244
0.06793195783221502 0.005433186414398091 0.01069955538265025
0.06675920920478953 0.006614329883500409 0.01001252416687388
0.05563074648268113 0.005455870269149542 0.01068800634385151
0.05316355533764305 0.005449431418067652 0.01069129071813956
0.06056717568962395 0.005439504414689438 0.01069634478326938
0.05809068645636517 0.00544590112536204 0.01069308940076629
0.05693614708460756 0.006639190171627988 0.009996056915852288
0.007922126961229483 0.01052276398646496 -0.005768139915532215
0.007913672792987523 0.01145716062568471 -0.003568398856246301
0.007982041541694251 0.01191244888106088 -0.001446914529649689
0.006556187250816324 0.01173040284009407 -0.002529357469618124
0.04577938855257701 0.005469273951008026 0.01068115361039364
0.04331299774096879 0.005462968222616237 0.01068438010362254
0.05072545178221569 0.005455627009269749 0.01068813051640587
0.04825598432371014 0.005462214881670815 0.0106847652564974
0.04712340422893564 0.006666678803044992 0.009977744922427643
0.03597832817751244 0.005484421918681653 0.01067338354121524
0.03356528439992783 0.005479483157843593 0.01067591983497949
0.04088765494775425 0.005468011997009136 0.01068179969857908
0.0384173313188873 0.005474439067789228 0.01067850724085829
0.03735711972999856 0.006692001848706656 0.009960778647119245
0.07186097042269617 -0.009724666455781862 0.007030708522175489
0.07007797643372544 -0.008931395648336922 0.008014372824673701
0.0678108876766876 0.003443434959702572 -0.0114953362577307
0.06570429120361856 0.00342762454892357 -0.01150006043252019
0.06922314926038803 0.001484691757025081 -0.01190779956107012
0.06448840118098495 0.001423330558497203 -0.01191528976237037
0.06331042790155557 0.003399879530246514 -0.01150829349555401
0.06074642200173153 0.003465039529314466 -0.01148884245954692
0.06196231202436514 0.005367157678447395 -0.01073282900519165
0.06575777743153655 -0.0005985492386956631 -0.01198506315414553
0.06336391412947355 -0.0006274522443647626 -0.01198358475920464
0.06810277050132235 -0.0005660338906702125 -0.01198664280082679
0.06697828344981094 -0.002599889685749441 -0.01171497219893985
0.06228573429281035 -0.002663144158826436 -0.01170075481280198
0.06101635804225876 -0.0006596847248458789 -0.01198185361552231
0.0586883951087919 -0.0006840252385098351 -0.01198048869925938
0.05976657494545509 0.001370373519721137 -0.01192149640005176
0.05841845906826467 0.003441692086358581 -0.01149585819252729
0.0681785920160756 -0.00453177338586499 -0.01111139190107008
0.06583359894628979 -0.004561899755824505 -0.01109905719499671
0.06478249907844091 -0.006155597294875795 -0.01030090393816571
0.06358219051217627 -0.004336830275318952 -0.01118891876648843
0.06892941530136368 -0.00633804963015537 -0.01018965783948055
0.07083390476497434 -0.008026621310892707 -0.008920389584066553
0.0563362803083326 -0.0007138075098659598 -0.01197875113853105
0.0540305213830998 -0.0007419130486678804 -0.01197704325066151
0.05513285308675545 0.001318168096931581 -0.01192738164343842
0.05381067711769962 0.003415378781533427 -0.01150370322020919
0.0561164360429324 0.003442362208421544 -0.01149565754648385
0.05287597261646858 -0.00278190366353622 -0.01167308922294368
0.05167254539489143 -0.0007718484010515869 -0.01197515135794927
0.05022422184200565 0.001349914543524393 -0.01192383037136898
0.04891134878087855 0.003458041991431687 -0.01149095059538136
0.05151422110039555 0.003400446571020708 -0.01150812596027839
0.05249780405657251 0.005415246462935697 -0.01070864630780485
0.04906967307537442 -0.0007118615684967121 -0.01197886693754035
0.0610642529238672 -0.007014816052405272 0.00973613659265919
0.05907173382831789 -0.007970431510705341 0.008970631055458438
0.05707785026809969 -0.009960626233878195 0.006692228704174529
0.0548408720079086 -0.009350272695795843 0.007521462657904695
0.05654962926342921 -0.008549541583929716 0.008420530785209242
0.01132686013662568 0.007371339336959373 -0.009469073681168363
0.009363313778919181 0.008286875566050955 -0.008679152801557745
0.007989555891416845 0.007481997668579618 -0.009381882054650291
0.007982677532847033 0.009189766151954886 -0.007716747894831365
0.04602670429870703 0.003394600758913488 -0.01150985167965183
0.0451933391843735 0.001349293957757403 -0.01192390061244891
0.04359869396059188 0.003336311548745096 -0.01152688272039367
0.04135247501794648 0.003340229771950713 -0.01152574791805608
0.04218584013228001 0.005286456158161554 -0.01077280749330627
0.04643658465191544 -0.0006596548943024137 -0.01198185525786482
0.04400857431380029 -0.0007202807716968369 -0.01197836364491928
0.04788490820480121 -0.002760209215710237 -0.01167823809851076
0.04192071914625378 -0.0006280871830731549 -0.01198355149738421
0.04035871132313323 0.001126504334291624 -0.01194700749078288
0.03894585749482136 0.003183116194270982 -0.01157012408290291
0.03951410162312867 -0.0007910617840465975 -0.01197389749638024
0.03648702424037797 0.003208195816566609 -0.01156319504300453
0.02413361485205237 0.00800788450597485 0.008937213533253413
0.0261270662789963 0.00768402294430763 0.009217146597041512
0.02555275357281392 0.008932927724687827 0.008012665116270839
0.01134376076358464 0.005350724131842519 -0.01074103120118912
0.01123583662130505 0.003115266933001625 -0.01158857678648015
0.009262267995209395 0.004268002782900022 -0.01121535341597213
0.007962956231832793 0.00562094057039482 -0.01060212370726212
0.006582319985760646 0.006751099409080923 -0.009920819359745809
0.01290625199680946 -0.007843868976592283 0.009081504251942688
0.01602574782796858 -0.009316527703303974 0.007563220977438752
0.01846648235986106 -0.009321122029990777 0.007557558077978668
0.01361337036429306 -0.009316141771455353 0.007563696351265347
0.01482873113573696 -0.01049935104894216 0.005810647773792279
0.01170923530457785 -0.009316030431065533 0.007563833486233085
0.01966820058505996 -0.01050414460556058 0.005801977775334243
0.02089357434550854 -0.009326972946240155 0.007550336128948449
0.02333440140243213 -0.009336544991837944 0.007538496376293207
0.02213268317723324 -0.007866537750341667 0.009061875292810505
0.01845669218209801 -0.011355209406218 0.003880620999394071
0.02088378416774549 -0.01135821173795251 0.003871824649417618
0.01602746059646155 -0.01135204462033121 0.003889869270040982
0.01724304417914708 -0.01185798019823474 0.001840735075526305
0.01361508313278603 -0.01135184612169732 0.003890448512614639
0.0220211177502539 -0.01186092280894075 0.001821677831107636
0.02323262615321584 -0.01136127604720732 0.00386282365364422
0.02565541250142675 -0.01136506796414747 0.003851652914049889
0.02451807891891833 -0.01051432602451477 0.005783506570430383
0.02575718775064304 -0.009343951312417678 0.007529314302854409
0.01596499441037638 -0.01199756837212305 -0.0002415639795845589
0.01839422599601285 -0.01199736762222663 -0.0002513367007586651
0.01957380091152475 -0.01176942042061584 -0.002341098665753064
0.02085185068029545 -0.0119970386853048 -0.0002665760366200244
0.0232006926657658 -0.0119968236953384 -0.0002760819135094086
0.01398730174769436 -0.01199755466949858 -0.0002422435807052029
0.01513848356456013 -0.01177225289988035 -0.002326813628389408
0.01241978775515749 -0.0118571870106472 0.001845837531999849
0.01159327690934124 -0.0119974607008067 -0.0002468536663669174
0.0112210582944329 -0.01135334020248023 0.003886086237687771
0.01397846815029452 -0.01119560107540492 -0.004319550504438176
0.01595616081297654 -0.01119584573811104 -0.004318916323387264
0.01649058054540743 -0.01039650020776275 -0.005992727545115754
0.01765059595967303 -0.01127325998279909 -0.004112615878029548
0.01159328576691082 -0.01119903487570743 -0.004310640074593182
0.01241096301532724 -0.0102896287808743 -0.006174426252843525
0.008643948276235113 -0.01199390181968074 -0.0003825168491178118
0.01021146226877198 -0.01174504685386209 -0.002460462233114795
0.01114209097167957 -0.009083244815750105 -0.007841853327954357
0.01352727335506327 -0.009077001671108665 -0.007849078969069589
0.0147024755449303 -0.007590940330944115 -0.009293956363790722
0.01597134758857797 -0.009067399370722942 -0.007860169759732496
0.007537138074852619 -0.01184155444400085 0.00194360190104964
0.006155323434283367 -0.01199675760735928 -0.0002789389005988942
0.009079807903627581 -0.01140781362160014 0.003723142271634848
0.01027510328125612 -0.01058117711979756 0.005660273028703876
0.02685050856743955 -0.01186764592348708 0.001777352028929678
0.02813596133314204 -0.01137635684434473 0.003818180843036477
0.02523089474884115 -0.01199981087872909 -6.737117139462733e-05
0.0240616276788827 -0.01180563745869116 -0.002151028636245476
0.03056270366249412 -0.01137986965752706 0.003807698330710433
0.02936760759648131 -0.01052532078769253 0.005763473112296749
0.03059039304494202 -0.009358483856555305 0.007511243565921276
0.02816365071558995 -0.009351559872398125 0.007519862229652428
0.009957344241097671 -0.007608692932235078 -0.009279428423289656
0.008833228332536207 -0.00591869123758905 -0.01043882627665039
0.01113428540285414 -0.005911496291526154 -0.0104429024507209
0.01194217792581758 -0.004276280014063451 -0.01121220001789664
0.01306629383437904 -0.006121836401636825 -0.0103210037821713
0.007112342924439943 -0.005935337114070967 -0.0104293707069186
0.008289284086196407 -0.004066281286937245 -0.01129005564625365
0.006797942108964184 -0.002666729378203306 -0.0116999382230603
0.00851882751706045 -0.002648060682368605 -0.0117041776568238
0.0112892245295648 -0.002320921358188881 -0.01177341598896016
0.009797882552332573 -0.0008756247960466343 -0.01196801074600739
0.03176625531764118 -0.01187192243757108 0.001748558731154411
0.03299790158098045 -0.0113778959564315 0.003813591955705232
0.03542636521933506 -0.01138173692654974 0.003802113167018312
0.03422281356418799 -0.01053642459153349 0.005743148685775802
0.03544738697923613 -0.009367760708701985 0.0074996706130669
0.03301892334088152 -0.009360191048365283 0.007509116029074422
0.03181496645999016 -0.007898372250277046 0.009034141674561758
0.03787477454990442 -0.01138564451192834 0.003790395632120221
0.04030277413585022 -0.01138967963089323 0.003778253287647058
0.0390792767884884 -0.01054831875576464 0.005721273584332776
0.04030417169786964 -0.009388411573197714 0.007473802789226327
0.03787617211192384 -0.00938043713229089 0.007483809137540741
0.04153698121458728 -0.01187614834009017 0.001719622227168935
0.04274148345317125 -0.01139306130103724 0.003768043814873659
0.04516759448826747 -0.01139715675798286 0.003755638139379978
0.0439333874095304 -0.01056062334649157 0.005698529155276583
0.04515760366439951 -0.00940114269340836 0.007457782247972558
0.0427314926293033 -0.009393017954621561 0.007468012701124509
0.04152838795273876 -0.007936497881057838 0.009000666718858356
0.04756102996476019 -0.01140080362995073 0.003744552922753573
0.04873152760871245 -0.01057058298463244 0.005680033042597481
0.04995434027884513 -0.009421202398047121 0.007432425268714861
0.0475823111147593 -0.009416280720252331 0.007438659650595948
0.05155888739406504 -0.00788778657666449 0.009043385589534016
0.0527081038880182 -0.009345801790721711 0.007527017263733549
0.00956798491377253 -0.009423366934691833 0.007429680720876007
0.006170242678930605 0.009310667701033341 0.007570433736645117
0.02238752578902992 0.007218670664751197 0.009585968591324538
0.01294280447725861 0.001888070491634064 -0.01185053542328872
0.01086131170888336 0.0007129895078301089 -0.01197879985481535
2 2 0 43
1722
1723
1724
1725
1726
1727
1728
1729
1730
1731
1732
1733
1734
1735
1736
1737
1738
1739
1740
1741
1742
1743
1744
1745
1746
1747
1748
1749
1750
1751
1752
1753
1754
1755
1756
1757
1758
1759
1760
1761
1762
1763
1764
0 0.005344334903046276 -0.008121666356213076
0 -0.005344334903046301 -0.00812166635621306
0 0.009570545472004761 0.001694250646552481
0 -0.00957054547200476 0.001694250646552483
0 0 0.01
0 -0.002296100594190535 0.009543277195067722
0 0.002296100594190542 0.009543277195067718
0 -0.004458663864012926 0.008908291326392447
0 0.00445866386401292 0.008908291326392452
0 -0.006405203956941672 0.007607654818444015
0 -0.007881168668537355 0.005904300739126834
0 -0.009181805176485791 0.003957760646198094
0 -0.0103285499310701 0.003143225917466792
0 -0.01078527273600238 0.0008471253232762607
0 -0.008423800717420455 0.002508785375283785
0 -0.00995928576752373 -0.000569259353093127
0 -0.009502562962591459 -0.002865359947283666
0 -0.008744558503526109 0.0002778659701830957
0 -0.008566275492484756 -0.004915543529971669
0 -0.007265638984536329 -0.006862083622900417
0 -0.006914808138642453 -0.008303473865225799
0 -0.004968268045713719 -0.009604110373174237
0 -0.005695165748940178 -0.006680276113887679
0 -0.003423030821556272 -0.009381249089525702
0 -0.001126930227365741 -0.009837971894457995
0 -0.003799097678888854 -0.007898805072564524
0 0.001126930227365698 -0.009837971894457984
0 0.003423030821556242 -0.00938124908952572
0 0.004968268045713644 -0.009604110373174272
0 0.0069148081386424 -0.008303473865225848
0 0.003799097678888874 -0.007898805072564522
0 0.00726563898453631 -0.006862083622900432
0 0.00856627549248476 -0.004915543529971686
0 0.005695165748940186 -0.006680276113887662
0 0.009502562962591447 -0.002865359947283675
0 0.009959285767523734 -0.0005692593530931299
0 0.01078527273600238 0.0008471253232762236
0 0.01032854993107011 0.003143225917466766
0 0.008744558503526116 0.0002778659701831278
0 0.009181805176485789 0.003957760646198092
0 0.007881168668537358 0.005904300739126844
0 0.008423800717420445 0.002508785375283807
0 0.006405203956941672 0.007607654818444009
2 3 0 35
1765
1766
1767
1768
1769
1770
1771
1772
1773
1774
1775
1776
1777
1778
1779
1780
1781
1782
1783
1784
1785
1786
1787
1788
1789
1790
1791
1792
1793
1794
1795
1796
1797
1798
1799
0.079 0.005266537097809135 -0.008173929107583886
0.079 -0.005398004459903221 -0.008086562764665975
0.079 0 0.01
0.079 -0.002286805438893632 0.009547118250465416
0.079 0.002261987015452962 0.00955728483541398
0.079 0.008522998297417046 -0.005017358697437486
0.079 0.007193928892716256 -0.0069326016355274
0.079 0.009459285767523733 -0.0005692593530931133
0.079 0.009459285767523733 -0.002967175114749475
0.079 0.007828696694378093 0.005956131632648297
0.079 0.009138527981418065 0.004059575813663926
0.079 0.009138527981418064 0.001661660052007566
0.079 -0.004449368708716024 0.008912132381790141
0.079 0.004424550285275341 0.008922298966738714
0.079 -0.006390956664939206 0.007621854426206893
0.079 -0.009170188599924411 0.003985607297894614
0.079 -0.007866921376534889 0.005918500346889712
0.079 -0.009638393110400365 0.001701889817385045
0.079 -0.00995915089650602 -0.0005290295877156441
0.079 -0.009521612268120296 -0.002818820177067721
0.079 -0.008585324798013591 -0.004869003759755724
0.079 -0.007308094117270283 -0.006819199335225782
0.079 -0.005059986805122067 -0.009559235681981162
0.079 -0.006984098049804867 -0.00824303778177762
0.079 -0.005722000527368637 -0.006662724318114136
0.079 -0.003487914802536159 -0.009353926194106169
0.079 -0.001207387949510908 -0.009837432416450551
0.079 -0.003825932457317314 -0.007881253276790982
0.079 0.001046472505220532 -0.009837432416450541
0.079 0.003339145302902015 -0.009415256579640372
0.079 0.006804199144203776 -0.008400123253538221
0.079 0.004845483624440847 -0.009664249238974331
0.079 0.003760198776270304 -0.007924936448249927
0.079 0.005656266846321615 -0.006706407489573067
0.079 0.006352731982782407 0.007659485711965463
2 4 0 69
1800
1801
1802
1803
1804
1805
1806
1807
1808
1809
1810
1811
1812
1813
1814
1815
1816
1817
1818
1819
1820
1821
1822
1823
1824
1825
1826
1827
1828
1829
1830
1831
1832
1833
1834
1835
1836
1837
1838
1839
1840
1841
1842
1843
1844
1845
1846
1847
1848
1849
1850
1851
1852
1853
1854
1855
1856
1857
1858
1859
1860
1861
1862
1863
1864
1865
1866
1867
1868
0.06675000000000003 0.011 -0.0001862881778539657
0.05695442900847256 0.011 -0.0001939594455555435
0.04716736171321236 0.011 0
0.03716655315191009 0.011 -0.000445527336050586
0.06185052726291342 0.011 7.994172908107854e-05
0.07183615848593025 0.011 0.0004117715512498704
0.04222231914418709 0.011 -7.42545560084313e-05
0.05206747560200166 0.011 0.0001089361431286413
0.07554333405614397 0.011 -0.001158408489413199
0.03345686358509804 0.011 0.001155948155244056
0.07608278464886775 0.011 0.001948693947396407
0.03291763096242974 0.011 -0.001953867678677815
0.07482166702807198 0.011 -0.00297712000636296
0.07727166702807198 0.011 -0.00297712000636296
0.07727166702807198 0.011 -0.0005792042447065994
0.03145881548121487 0.011 -0.003374849600995268
0.03390881548121487 0.011 -0.003374849600995268
0.03145881548121487 0.011 -0.000976933839338911
0.03417843179254903 0.011 0.002975889839278389
0.03172843179254902 0.011 0.002975889839278389
0.03172843179254902 0.011 0.0005779740776220253
0.07754139232443388 0.011 0.003372262735354565
0.07509139232443388 0.011 0.003372262735354565
0.07754139232443388 0.011 0.0009743469736982029
0.03603327657595504 0.011 -0.002620679429681654
0.03848327657595505 0.011 -0.002620679429681654
0.03504209205716991 0.011 -0.001199697507364201
0.04101115957209355 0.011 -0.002435043039660576
0.04346115957209355 0.011 -0.002435043039660576
0.03969443614804859 0.011 -0.0002598909460295087
0.04593368085660619 0.011 -0.002397915761656361
0.04838368085660619 0.011 -0.002397915761656361
0.04469484042869972 0.011 -3.712727800421478e-05
0.05083373780100085 0.011 -0.00234344769009204
0.05328373780100085 0.011 -0.00234344769009204
0.04961741865760701 0.011 5.446807156432067e-05
0.0557272145042363 0.011 -0.002494895484434132
0.0581772145042363 0.011 -0.002494895484434132
0.05451095230523711 0.011 -4.25116512134515e-05
0.06062526363145673 0.011 -0.002357944897115822
0.06307526363145673 0.011 -0.002357944897115822
0.05940247813569299 0.011 -5.700885823723204e-05
0.06552500000000003 0.011 -0.002491059850583344
0.06797500000000002 0.011 -0.002491059850583344
0.06430026363145672 0.011 -5.317322438644356e-05
0.07051807924296513 0.011 -0.002192029986031426
0.07296807924296513 0.011 -0.002192029986031426
0.06929307924296514 0.011 0.0001127416866979515
0.07368974627103711 0.011 -0.0003733184690816642
0.03848327657595505 0.011 0.002175152093631068
0.03603327657595504 0.011 0.002175152093631068
0.03531170836850406 0.011 0.0003552104095967349
0.04346115957209355 0.011 0.002360788483652145
0.04101115957209355 0.011 0.002360788483652145
0.04838368085660619 0.011 0.00239791576165636
0.04593368085660619 0.011 0.00239791576165636
0.05328373780100085 0.011 0.002452383833220682
0.05083373780100085 0.011 0.002452383833220682
0.0581772145042363 0.011 0.00230093603887859
0.0557272145042363 0.011 0.00230093603887859
0.06307526363145673 0.011 0.0024378866261969
0.06062526363145673 0.011 0.0024378866261969
0.06797500000000002 0.011 0.002304771672729378
0.06552500000000003 0.011 0.002304771672729378
0.07296807924296513 0.011 0.002603801537281295
0.07051807924296513 0.011 0.002603801537281295
0.073959471567399 0.011 0.001180232749323138
0.07581305935250586 0.011 0.0003951427289916043
0.03318724727376389 0.011 -0.0003989597617168796
2 5 0 1
1869
0.03 0.0115 -1.040834085586084e-17
2 6 0 775
1870
1871
1872
1873
1874
1875
1876
1877
1878
1879
1880
1881
1882
1883
1884
1885
1886
1887
1888
1889
1890
1891
1892
1893
1894
1895
1896
1897
1898
1899
1900
1901
1902
1903
1904
1905
1906
1907
1908
1909
1910
1911
1912
1913
1914
1915
1916
1917
1918
1919
1920
1921
1922
1923
1924
1925
1926
1927
1928
1929
1930
1931
1932
1933
1934
1935
1936
1937
1938
1939
1940
1941
1942
1943
1944
1945
1946
1947
1948
1949
1950
1951
1952
1953
1954
1955
1956
1957
1958
1959
1960
1961
1962
1963
1964
1965
1966
1967
1968
1969
1970
1971
1972
1973
1974
1975
1976
1977
1978
1979
1980
1981
1982
1983
1984
1985
1986
1987
1988
1989
1990
1991
1992
1993
1994
1995
1996
1997
1998
1999
2000
2001
2002
2003
2004
2005
2006
2007
2008
2009
2010
2011
2012
2013
2014
2015
2016
2017
2018
2019
2020
2021
2022
2023
2024
2025
2026
2027
2028
2029
2030
2031
2032
2033
2034
2035
2036
2037
2038
2039
2040
2041
2042
2043
2044
2045
2046
2047
2048
2049
2050
2051
2052
2053
2054
2055
2056
2057
2058
2059
2060
2061
2062
2063
2064
2065
2066
2067
2068
2069
2070
2071
2072
2073
2074
2075
2076
2077
2078
2079
2080
2081
2082
2083
2084
2085
2086
2087
2088
2089
2090
2091
2092
2093
2094
2095
2096
2097
2098
2099
2100
2101
2102
2103
2104
2105
2106
2107
2108
2109
2110
2111
2112
2113
2114
2115
2116
2117
2118
2119
2120
2121
2122
2123
2124
2125
2126
2127
2128
2129
2130
2131
2132
2133
2134
2135
2136
2137
2138
2139
2140
2141
2142
2143
2144
2145
2146
2147
2148
2149
2150
2151
2152
2153
2154
2155
2156
2157
2158
2159
2160
2161
2162
2163
2164
2165
2166
2167
2168
2169
2170
2171
2172
2173
2174
2175
2176
2177
2178
2179
2180
2181
2182
2183
2184
2185
2186
2187
2188
2189
2190
2191
2192
2193
2194
2195
2196
2197
2198
2199
2200
2201
2202
2203
2204
2205
2206
2207
2208
2209
2210
2211
2212
2213
2214
2215
2216
2217
2218
2219
2220
2221
2222
2223
2224
2225
2226
2227
2228
2229
2230
2231
2232
2233
2234
2235
2236
2237
2238
2239
2240
2241
2242
2243
2244
2245
2246
2247
2248
2249
2250
2251
2252
2253
2254
2255
2256
2257
2258
2259
2260
2261
2262
2263
2264
2265
2266
2267
2268
2269
2270
2271
2272
2273
2274
2275
2276
2277
2278
2279
2280
2281
2282
2283
2284
2285
2286
2287
2288
2289
2290
2291
2292
2293
2294
2295
2296
2297
2298
2299
2300
2301
2302
2303
2304
2305
2306
2307
2308
2309
2310
2311
2312
2313
2314
2315
2316
2317
2318
2319
2320
2321
2322
2323
2324
2325
2326
2327
2328
2329
2330
2331
2332
2333
2334
2335
2336
2337
2338
2339
2340
2341
2342
2343
2344
2345
2346
2347
2348
2349
2350
2351
2352
2353
2354
2355
2356
2357
2358
2359
2360
2361
2362
2363
2364
2365
2366
2367
2368
2369
2370
2371
2372
2373
2374
2375
2376
2377
2378
2379
2380
2381
2382
2383
2384
2385
2386
2387
2388
2389
2390
2391
2392
2393
2394
2395
2396
2397
2398
2399
2400
2401
2402
2403
2404
2405
2406
2407
2408
2409
2410
2411
2412
2413
2414
2415
2416
2417
2418
2419
2420
2421
2422
2423
2424
2425
2426
2427
2428
2429
2430
2431
2432
2433
2434
2435
2436
2437
2438
2439
2440
2441
2442
2443
2444
2445
2446
2447
2448
2449
2450
2451
2452
2453
2454
2455
2456
2457
2458
2459
2460
2461
2462
2463
2464
2465
2466
2467
2468
2469
2470
2471
2472
2473
2474
2475
2476
2477
2478
2479
2480
2481
2482
2483
2484
2485
2486
2487
2488
2489
2490
2491
2492
2493
2494
2495
2496
2497
2498
2499
2500
2501
2502
2503
2504
2505
2506
2507
2508
2509
2510
2511
2512
2513
2514
2515
2516
2517
2518
2519
2520
2521
2522
2523
2524
2525
2526
2527
2528
2529
2530
2531
2532
2533
2534
2535
2536
2537
2538
2539
2540
2541
2542
2543
2544
2545
2546
2547
2548
2549
2550
2551
2552
2553
2554
2555
2556
2557
2558
2559
2560
2561
2562
2563
2564
2565
2566
2567
2568
2569
2570
2571
2572
2573
2574
2575
2576
2577
2578
2579
2580
2581
2582
2583
2584
2585
2586
2587
2588
2589
2590
2591
2592
2593
2594
2595
2596
2597
2598
2599
2600
2601
2602
2603
2604
2605
2606
2607
2608
2609
2610
2611
2612
2613
2614
2615
2616
2617
2618
2619
2620
2621
2622
2623
2624
2625
2626
2627
2628
2629
2630
2631
2632
2633
2634
2635
2636
2637
2638
2639
2640
2641
2642
2643
2644
0.03703125000000002 0.004120470417034409 0.006857238769529926
0.05184375000000001 0.004120470417032862 0.006857238769530855
0.02221875000000002 0.004120470417034409 0.006857238769529926
0.02221875000000002 -0.004120470417032184 0.006857238769531262
0.05678125000000001 -0.004120470417032184 0.006857238769531262
0.07524045792021247 0.00429045032618687 -0.006752187497287304
0.003890327546657385 3.454741934868713e-17 -0.008
0.07484538992979908 -0.007365190999830763 -0.00312313328822385
0.06171875 0.004120470417032862 0.006857238769530855
0.04690625000000001 -0.004120470417036691 0.006857238769528554
0.03209375000000002 -0.004120470417034623 0.006857238769529797
0.01234375000000001 0.004120470417034415 0.006857238769529922
0.01234375000000001 -0.004120470417032042 0.006857238769531348
0.07487046662014868 0.00794012704371418 0.0009769250379014296
0.003455331056050643 0.007351414327982114 -0.003155425070943577
0.003242044599177308 -0.007333702790450088 -0.003196373473382701
0.06665625 -0.004120470417028376 0.00685723876953355
0.003622651729340112 0.006045505608560103 0.00523945244628371
0.003374274215776348 -0.006028939847313341 0.005258505901629986
0.07482044469572485 -0.006153386444961682 0.005112321904864935
0.07159375000000001 0.00412047041703238 0.006857238769531144
0.01723035396875622 0.004094316245823158 0.006872886910111977
0.019700015910306 0.006998556592929262 0.003875591002101017
0.0245018320355914 0.00703885651280976 0.003801907283466502
0.02203102834850316 0.007997960764453386 -0.0001806200715984105
0.02680678269777507 0.007995410158275021 -0.0002709546105025917
0.01725942756985133 0.007999357475942508 -0.0001013901971726049
0.01957927749556573 0.006873656405499365 -0.004093024263199225
0.01483970923218338 0.006911117014846137 -0.004029449293278702
0.01714793163846821 0.003984364470275418 -0.006937206914025765
0.02188230949269397 0.003909630332923983 -0.006979598173238967
0.01943852404543592 -2.935844591540704e-05 -0.007999946129921965
0.02420279134646042 -0.0001202092775691794 -0.007999096807114307
0.01469697689572144 6.048479707794836e-05 -0.007999771346064988
0.01699502591036779 -0.003950088716201684 -0.006956780802507445
0.01226072568292546 -0.003874550267709709 -0.006999132819356311
0.01455548311166407 -0.006852124779931216 -0.004128969120767626
0.01930710868976124 -0.006905218582010957 -0.00403954902614767
0.0168438032185539 -0.007999369028360443 -0.0001004746142451272
0.01206565251762717 -0.007997158045019603 -0.0002132210190817102
0.02928302552841931 0.007083891460690129 0.003717321854932858
0.03159152069714426 0.007991175791300964 -0.0003756454079653197
0.02911143091372724 0.00675726085270205 -0.004282455576948858
0.03390370475780535 0.00670021300919228 -0.004371172111854043
0.03141918783667231 0.00364795788529953 -0.007119859778610881
0.03622752034581202 0.003552362605271251 -0.007168034592597224
0.03871950328025697 0.006649446381482471 -0.004448017852908154
0.04104733861055999 0.003459511527701843 -0.007213305760169748
0.03851519245570487 -0.0005991848212767017 -0.007977529539271642
0.04338213719988671 -0.0007032790314561584 -0.007969027456591808
0.04587977905218117 0.003372594209896546 -0.007254350990638122
0.04821716701433924 -0.0008019016116426085 -0.007959708148245448
0.05071556118145818 0.003285750306475009 -0.00729409658035177
0.05305455401694753 -0.0008986883935267225 -0.007949362186448693
0.05553792684938594 0.003190674998533402 -0.007336183820879482
0.0578345930637629 -0.0009675248572066414 -0.007941277960799966
0.06031099409968933 0.0030854070371432 -0.007381074678876188
0.06259907178104117 -0.001037587308664275 -0.007932427911862725
0.04087900623926725 -0.004592590124689612 -0.00655042868418575
0.03603441610821489 -0.004507461140847255 -0.006609296033901944
0.03837016397203551 -0.007255606221797608 -0.003369892929191052
0.06016768652736182 -0.004797824266664892 -0.006401631222290261
0.05055481007854495 -0.004739791118961948 -0.00644471722797901
0.06489608432410261 -0.004858686486573105 -0.00635556178674961
0.05801980462747947 0.006380865646132473 -0.004825407092257235
0.0627733754087564 0.006316118404058097 -0.004909852167419972
0.04837750158438812 0.006548463566207187 -0.004595391704964556
0.06246806387539845 -0.007349742463550823 -0.003159317286927333
0.04322719619096679 -0.007300720321186776 -0.00327100638822526
0.05771627352052485 -0.007327050786903403 -0.003211592559173442
0.06730295500211164 -0.001130954893082756 -0.00791965536054519
0.0408556740640706 -0.007956305774643107 0.0008349840839086453
0.03351868996321875 -0.007211990141760848 -0.003462253340693649
0.06719606273931826 -0.007381773056507623 -0.003083735809406848
0.03118767135465324 -0.00442044747447463 -0.006667806545289903
0.02867850094297381 -0.007161886879564225 -0.003564740709269863
0.02163876617045385 -0.007999997617462009 6.174188382378236e-06
0.06048554202798179 0.007927935260016311 -0.001071374123726209
0.06523312780966496 0.007913244555427506 -0.001174972597977049
0.05591938507733013 0.007943858755937182 -0.0009461015092051012
0.06676291857985639 0.006266868378095265 -0.004972560782095038
0.01254009187466401 0.007999814880096443 -5.442319530810125e-05
0.06004414777520721 -0.007947474848830396 0.0009152286748175456
0.05553517915460035 -0.007951867889865211 0.0008762402993075546
0.01013394420036553 0.00695065638801553 -0.003960855434844714
0.03186561194774618 -0.007977304571840736 0.000602172540131906
0.009989817326211625 0.0001260595869856247 -0.00799900674962392
0.04641388050886089 -0.007944501494260313 0.0009406891132014139
0.007584492866003096 -0.003772997179850972 -0.007054395245578222
0.06992484128539495 0.007892421012760593 -0.001307551359348867
0.06701494982146625 0.007470046101948219 0.002863286788774086
0.05820306844562454 0.007375666111354836 0.003098313963079246
0.007920429501144018 0.003940987730683115 -0.006961940513003911
0.007854682936604533 0.007999999167801284 -3.648996952960205e-06
0.03407315522620664 0.007128584497276406 0.003630879103631858
0.05673035396875586 0.004094316245822963 0.006872886910112093
0.0666463458910279 0.004127071007002066 0.006853268191393282
0.01239794852447356 0.003996672442628343 -0.006930123331249972
0.01723641299945967 -0.004097431514089525 0.006871030125632257
0.06395937580910355 0.003068584060674674 -0.00738808445150523
0.0617548160358499 -0.004101940323951115 0.006868339361064203
0.06418766218540281 -0.00702257677018745 0.003831894506223208
0.0690243045328198 -0.007035005692033673 0.003809028079845805
0.04196875000000001 0.004120470417032862 0.006857238769530855
0.03950000000000149 0.007005753833216996 0.003862565627709822
0.04431149869012427 0.007027846238035592 0.003822221507779081
0.04186731849288924 0.007997399841652535 -0.0002039504173469762
0.04700248377869871 0.004120112111574839 0.006857454060221937
0.04887789552451588 0.00704850495654787 0.003783989677248092
0.009830408706849076 -0.006807620929287539 -0.004201939704841833
0.02715628828218745 -0.004118070215120708 0.006858680463714262
0.01493905150326317 0.006996124056073168 0.003879980437068506
0.05184398877116898 -0.004114730934219916 0.006860684320020394
0.0336984426844001 -0.000500680632010444 -0.007984317059381449
0.03700542124929122 -0.004114405163427289 0.006860879692223357
0.0419450964935578 -0.004122604983205407 0.006855955670251227
0.05321324707653406 0.006470273921940926 -0.004704843820473873
0.05542025262090953 -0.00475678540232214 -0.006432184126426653
0.04374556569392279 0.006601039826867897 -0.004519543472974218
0.06294678016983458 0.007435031611210786 0.002953016244502618
0.02434358883637098 0.006824488125029333 -0.004174489409656422
0.03660930250919525 -0.007966755158797618 0.0007285686239274514
0.0457277747212288 -0.00467044332722492 -0.006495148891840758
0.04805585055799002 -0.007330096358071886 -0.003204635296157938
0.05092408812578098 0.007963071360681837 -0.0007677854548561829
0.03638107771856491 0.007985734174273326 -0.0004775454929565506
0.02174704205827868 -0.004036361145527741 -0.006907082502972872
0.05039930533521707 -0.007941614633018842 0.0009647574931665505
0.00745161234875211 -0.007988803756042202 -0.0004231011078288772
0.01029218098205667 -0.00711286203928412 0.003661583483973968
0.02660806132154523 0.003815506429300132 -0.007031494200237198
0.02696507677176336 0.004265503112468969 0.006767974822464808
0.03175266353537569 0.004310497396658427 0.006739407406693924
0.02470136206626701 -0.007042823544969107 0.003794553532950718
0.0289420143851775 -0.0003099472105438611 -0.007993993540570074
0.05297042203137864 -0.007304491649647808 -0.003262575936315574
0.02648348552494829 -0.004151354902998689 -0.006838585560578207
0.02400452875336747 -0.006935804483067356 -0.003986805258933871
0.007688390458272343 0.003975082408509328 0.006942529787156817
0.007688390458272229 -0.003975082408509305 0.006942529787156831
0.07131160954172795 -0.003975082408509239 0.006942529787156869
0.07309977648779016 -0.007925847696422149 0.00108670984771452
0.01023983188381177 0.006989790860301745 0.003891378127250319
0.075194452111961 2.129152474084552e-05 -0.007999971666885715
0.07179611431784459 0.002071396392421932 -0.007727180403320567
0.07510967245334478 -0.004325126539644758 -0.006730028262649464
0.07145530954437743 -0.006065834745059688 -0.005215903454400463
0.01512072655075022 -0.007026863119318346 0.003824028595913433
0.07510967245334478 0.007277055962836168 -0.003323320104015046
0.0752325245895774 0.006045996594834041 0.00523888587156231
0.05368902057861102 0.00701833500098359 0.003839658033467132
0.003664343912855457 0.007918571535047455 0.001138518706186328
0.04641280598522063 0.007999480510986383 -9.116772646636229e-05
0.01930476003317602 -0.007020110919861869 0.003836410128340837
0.07147035017808523 -0.002253860454731407 -0.007675943788915988
0.003525151914494781 -0.007918571535047464 0.001138518706186272
0.003460009586777639 -0.004325126539644758 -0.006730028262649464
0.0708867550300996 0.006048478032803116 -0.005236020768360087
0.02596007971027564 -0.007995393667705504 -0.0002714407825193713
0.07176597931206898 0.007238014919173585 0.003407512293421788
0.02962610588756862 -0.006677059229876461 0.004406458900378121
0.03456127308875457 -0.006633257009447487 0.004472124936382679
0.003782215788547282 0.004326015586259177 -0.006729456824101234
0.03947390520942674 -0.006591024526064004 0.004534136709101609
0.05384415939658022 -0.006533018688413272 0.004617322472693772
0.05928198990694001 -0.006521703636982376 0.004633290587840446
0.06658915719325542 -0.007962936076590118 0.0007691872594755963
0.04442730004405651 -0.006545688579665523 0.004599343542076016
0.04937378799339552 -0.006531190256021521 0.004619908423296888
0.07047419778658609 -0.007832862343526967 -0.001626735229641635
0.006684486542095614 0.007283906399991712 0.003308278639437702
0.06841023602910186 -0.004317746231217498 -0.00673476558484459
0.003666213372206936 0.003215805551817739 0.007325202703877771
0.00336829787242233 -0.003153506653830779 0.007352237467889962
0.07533378662779303 -0.003215805551817766 0.007325202703877759
0.07564087645140609 0.003144172597669781 0.007356234000904434
0.07649067090801245 -0.007919165061566136 0.001134382972223323
0.006199057522793847 -0.007358580764412883 0.003138676334637376
0.006878813063375756 0.006448601663673218 -0.004734504893151027
0.006623339654650688 -0.006243754396884865 -0.005001552862000053
0.06796148820507478 0.003683597492822925 -0.007101486429675738
0.001684148936211165 -0.001609673919910535 0.007836386276311285
0.001684148936211165 -0.003752235957986935 0.007065460021512391
0.001833106686103468 0.003782191475307022 0.007049470025761858
0.001833106686103468 0.001642920930686845 0.007829483432226616
0.004301856686103471 0.001642920930686845 0.007829483432226616
0.004152898936211168 -0.001609673919910535 0.007836386276311285
0.07716689331389651 -0.003782191475307046 0.007049470025761845
0.07716689331389651 -0.001642920930686855 0.007829483432226614
0.07732043822570304 0.001604700593999474 0.007837406203816269
0.07732043822570304 0.003747751433503533 0.007067839782611956
0.07469814331389651 -0.001642920930686855 0.007829483432226614
0.07485168822570304 0.001604700593999474 0.007837406203816269
0.001687137107888174 -0.00522905509639448 0.006054501036325861
0.001687137107888174 -0.006722991680996754 0.004336056140924429
0.003371286044099339 -0.004709061361299281 0.006467205045111695
0.001762575957247391 -0.007675943788915982 0.00225386045473143
0.001762575957247391 -0.008 -1.016828231674256e-17
0.003449713065135565 -0.007271646447877269 0.003335139867692795
0.001621022299588654 -0.007695236161793618 -0.002187084912440262
0.001621022299588654 -0.006767352003134058 -0.004266491165545459
0.003383598256836044 -0.007928164388884731 -0.001069677251707259
0.00173000479338882 -0.005238885871562263 -0.006045996594834083
0.00173000479338882 -0.003323320104015065 -0.007277055962836159
0.003351027092977474 -0.006091285117238968 -0.005186159043116886
0.001945163773328693 -0.00113851870618625 -0.007918571535047467
0.001945163773328693 0.001138518706186315 -0.007918571535047457
0.003675168566717512 -0.00225386045473141 -0.007675943788915987
0.001891107894273641 0.003323800772059261 -0.007276836429909515
0.001891107894273641 0.005239285219600576 -0.006045650534696407
0.003836271667602333 0.002254367473060934 -0.007675794896712969
0.001727665528025321 0.006779222454354734 -0.004247604373570187
0.001727665528025321 0.007701304752139764 -0.002165618875672606
0.003618773422298962 0.0061060640427078 -0.005168750516938391
0.001832171956427729 0.008 4.826841534423019e-17
0.001832171956427729 0.007675943788915966 0.002253860454731483
0.00355983748445305 0.00793111627418038 -0.001047566057788778
0.001811325864670056 0.006729825591661557 0.004325441885613213
0.001811325864670056 0.005238602566947473 0.006046242068059413
0.003643497821097785 0.00727690023315718 0.003323661083305121
0.003644432550773524 0.004746636665745362 0.006439677038749829
0.07691022234786243 -0.006774535237059042 0.004255076065341887
0.07691022234786243 -0.005301325500018432 0.005991322720639769
0.07507711566175894 -0.004813486265254003 0.006389863063807477
0.07774533545400622 -0.007999999727241103 -2.089052963715281e-06
0.07774533545400622 -0.007676532081438577 0.002251855946246186
0.07565555780186865 -0.007311988512978262 0.003245739358924857
0.07692269496489954 -0.006788526380835439 -0.0042327189342905
0.07692269496489954 -0.007706038091357052 -0.002148715182278509
0.07566803041890577 -0.007933126510391918 -0.00103223242058993
0.07705483622667239 -0.003323320104015065 -0.007277055962836159
0.07705483622667239 -0.005238885871562263 -0.006045996594834083
0.07497753119157194 -0.006117050259935458 -0.005155743992618675
0.0770972260559805 0.001149055111319554 -0.007917049472571863
0.0770972260559805 -0.001127980284940829 -0.007920079575154837
0.07515206228265289 -0.002243643915903109 -0.007678936253064676
0.07712022896010623 0.005223318312182062 -0.006059450949518738
0.07712022896010623 0.003304592610427479 -0.007285579433312639
0.07521745501608673 0.002244330809113371 -0.007678735522158874
0.07705483622667239 0.007675943788915993 -0.00225386045473139
0.07705483622667239 0.006730028262649473 -0.004325126539644744
0.07517506518677863 0.006032502245072793 -0.005254418775011344
0.07693523331007435 0.007698510058139923 0.002175532781807355
0.07693523331007435 0.007999584721196726 -8.151250453706422e-05
0.07499006953674672 0.00790656004428318 -0.001219142430622757
0.0771162622947887 0.005238885871562258 0.006045996594834086
0.0771162622947887 0.006730028262649428 0.004325126539644814
0.07505149560486304 0.007310539730081781 0.003249001208817227
0.07543670052049174 0.00471546320332571 0.006462538725460857
0.006312945229136174 0.002056667413893834 0.00773111370687479
0.008781695229136178 0.002056667413893834 0.00773111370687479
0.008781695229136121 -0.002056667413893815 0.007731113706874795
0.006312945229136117 -0.002056667413893815 0.007731113706874795
0.005677301915239639 0.003600531496153328 0.007143960592361067
0.005528344165347279 -0.003570176550374169 0.007159178681885123
0.01110937500000001 0.00213800021559408 0.007709017776482272
0.01357812500000001 0.00213800021559408 0.007709017776482272
0.01357812500000001 -0.00213800021559274 0.007709017776482643
0.01110937500000001 -0.00213800021559274 0.007709017776482643
0.01001607022913618 0.004048001053262496 0.00690026720299915
0.01001607022913612 -0.004048001053261291 0.006900267202999858
0.01602142698437812 0.002123311649182026 0.007713076405718272
0.01849017698437812 0.002123311649182026 0.007713076405718272
0.01849320649972985 -0.002125059880914175 0.007712594926646221
0.01602445649972984 -0.002125059880914175 0.007712594926646221
0.01478705198437812 0.004107400783359424 0.006865075294915446
0.01479008149972984 -0.004108956751750822 0.006864144113597947
0.02098437500000002 0.002138000215594073 0.007709017776482274
0.02345312500000002 0.002138000215594073 0.007709017776482274
0.02345312500000002 -0.002138000215592821 0.007709017776482621
0.02098437500000002 -0.002138000215592821 0.007709017776482621
0.01972455198437812 0.004107400783359418 0.00686507529491545
0.01972758149972985 -0.004108956751750894 0.006864144113597904
0.02839064414109373 -0.002136651151953203 0.007709391795391972
0.02592189414109373 -0.002136651151953203 0.007709391795391972
0.02582628838588169 0.002219932591350642 0.007685824567986133
0.02829503838588169 0.002219932591350642 0.007685824567986133
0.02459191338588169 0.004193224299085876 0.006812992732827165
0.02468751914109374 -0.00411927037914836 0.006857959721627922
0.03332812500000001 -0.002138000215594192 0.007709017776482241
0.03085937500000002 -0.002138000215594192 0.007709017776482241
0.03068883176768785 0.002245522294083118 0.0076783871761442
0.03315758176768785 0.002245522294083118 0.0076783871761442
0.02962501914109374 -0.004119270379149579 0.00685795972162719
0.02935887015356952 0.004288024044644491 0.006753728584459899
0.03579687500000002 0.002138000215594073 0.007709017776482274
0.03826562500000001 0.002138000215594073 0.007709017776482274
0.03825271062464562 -0.002134591584145916 0.007709962306580586
0.03578396062464562 -0.002134591584145916 0.007709962306580586
0.03439195676768785 0.004215895590073133 0.006798987010842271
0.03454958562464562 -0.004117438192675331 0.006859059901291029
0.04073437500000002 0.002138000215593203 0.007709017776482515
0.04320312500000001 0.002138000215593203 0.007709017776482515
0.04319129824677891 -0.002139200158703035 0.007708684886607112
0.04072254824677891 -0.002139200158703035 0.007708684886607112
0.03950000000000001 0.004120470417033635 0.006857238769530391
0.03947525887142452 -0.004118505809201996 0.006858418906684646
0.04814062500000001 -0.002138000215595354 0.007709017776481918
0.04567187500000001 -0.002138000215595354 0.007709017776481918
0.04571999188934936 0.002137798811654702 0.007709073630527066
0.04818874188934937 0.002137798811654702 0.007709073630527066
0.0444256732467789 -0.004121537750052163 0.006856597302955377
0.04448561688934936 0.004120291265710003 0.006857346417216638
0.05060937500000001 0.002138000215593203 0.007709017776482515
0.053078125 0.002138000215593203 0.007709017776482515
0.05307824438558449 -0.002134774629772056 0.007709911625957951
0.05060949438558449 -0.002134774629772056 0.007709911625957951
0.04942311688934936 0.004120291265710003 0.006857346417216638
0.04937511938558449 -0.004117601036026828 0.006858962145114287
0.058015625 -0.002138000215592821 0.007709017776482621
0.05554687500000001 -0.002138000215592821 0.007709017776482621
0.05552142698437793 0.002123311649181916 0.007713076405718303
0.05799017698437793 0.002123311649181916 0.007713076405718303
0.05428705198437793 0.004107400783358545 0.006865075294915971
0.05431261938558449 -0.004117601036024574 0.006858962145115641
0.06048437500000001 0.002138000215593203 0.007709017776482515
0.062953125 0.002138000215593203 0.007709017776482515
0.06297115801792495 -0.002127590786721729 0.007711897136519446
0.06050240801792495 -0.002127590786721729 0.007711897136519446
0.05926803301792495 -0.004111209117053337 0.006862795319391183
0.05922455198437793 0.004107400783358545 0.006865075294915971
0.06789062500000001 -0.00213800021559068 0.007709017776483215
0.065421875 -0.00213800021559068 0.007709017776483215
0.06541692294551396 0.00214171128643122 0.007707987595058332
0.06788567294551395 0.00214171128643122 0.007707987595058332
0.06418254794551395 0.004123771189901993 0.006855254274885382
0.06420553301792495 -0.004111209117051431 0.006862795319392325
0.070359375 0.002138000215592936 0.007709017776482589
0.07282812500000001 0.002138000215592936 0.007709017776482589
0.07268705477086398 -0.002056667413893779 0.007731113706874805
0.07021830477086398 -0.002056667413893779 0.007731113706874805
0.06898392977086398 -0.004048001053259413 0.006900267203000959
0.06912004794551396 0.004123771189901757 0.006855254274885525
0.07361731322570306 0.003640880194815337 0.007123481691350195
0.0733226980847605 -0.003600531496153295 0.007143960592361082
0.03555220261310332 0.00585129543688648 0.005455487302732127
0.03678657761310406 0.007068118538308029 0.003747225684213104
0.03826562500000075 0.005761096538273358 0.005550654616952375
0.03291290938079117 0.005926962602950302 0.005373184744937455
0.04073437500000075 0.005761096538272732 0.005550654616953025
0.05276638528930552 0.005770155536012343 0.005541236783447006
0.05520968727368344 0.005759589723914024 0.005552218134420151
0.0479401896516073 0.005791894994899569 0.005518509977163884
0.05036082276225794 0.005792039167660853 0.0055183586581775
0.05128345805156345 0.007033475054279496 0.003811853704016991
0.01846518493953111 0.005745337470003623 0.005566964824369951
0.02095938295515301 0.005755931398507881 0.005556010595352668
0.0221009239729487 0.007018803245418079 0.003838802026949116
0.02336029101779571 0.005785015730680339 0.005525721038541579
0.02573345440367738 0.005843502870358058 0.005463833288463069
0.02076175501658802 -0.005771437390360145 0.005539901664213263
0.01827058651631785 -0.005762132163936168 0.005549579526895014
0.02592882517422723 -0.005786934062434143 0.005523711990775719
0.02346005603313351 -0.005787900589601184 0.005522699228175863
0.02200306104972151 -0.007031498377598982 0.003815498730942375
0.06051840297139496 -0.005428104043479815 0.005876707113099826
0.05803161995347 -0.005436032885082341 0.005869373601356738
0.05531270469829011 -0.005443208041602929 0.005862720035600302
0.05284407408387459 -0.005440754644447909 0.005864996922328137
0.05656307465176011 -0.00652736604561681 0.004625309990317274
0.07351828611902853 0.003218062493096147 -0.007324211479096423
0.0734952832149028 0.001055196402585383 -0.007930104699937502
0.07306360647515603 0.00522475361051201 -0.006058213409037496
0.0713414346739721 0.00424671158098476 -0.006779781762559171
0.07299821374172219 0.00673105266842275 -0.004323532117946965
0.006940072436434505 6.303174997036131e-05 -0.007999751683552164
0.005737410206330241 -0.001944844214246236 -0.007759998774633469
0.008787155096107361 -0.001883643059328784 -0.007775081274497554
0.008955123413677822 0.002098593592343077 -0.007719838400781235
0.005905378523900702 0.002037704087443617 -0.007736133533750278
0.005522251226390368 -0.004052308654207921 -0.006897738366380069
0.00585132264484565 0.004135135805144151 -0.0068484050605243
0.07397258320879463 -0.007929984924946443 -0.001056096155717913
0.07265979385819259 -0.007635771614206316 -0.002386418206367248
0.07178698713718812 -0.007995306847004394 -0.0002739861716303239
0.07479522369790131 -0.007922542237621897 0.001110551436493157
0.07328249099886111 -0.00525034880639329 -0.006036044848342709
0.07315034973708825 -0.006796545805193051 -0.004219829986849322
0.07096475366548176 -0.007177323827616836 -0.003533556660579197
0.05996090922281228 0.006047534017677934 0.005237111064797862
0.0574667112071902 0.006037547022724589 0.005248621337874303
0.06057492430772957 0.007405705207072352 0.003025810698960108
0.06233276508491729 0.006098618299452775 0.005177533663587301
0.06479656303043124 0.00610111019002503 0.005174597032540094
0.05060888838228225 -0.005439593610927399 0.005866073759164456
0.04814001899669777 -0.005442047458726908 0.005863797358108822
0.04566677502202826 -0.005451262207073803 0.005855231878391228
0.04318619826880715 -0.00545217355374489 0.005854383275789587
0.04690054401872602 -0.006538447502992957 0.004609631682749193
0.03085992794378432 -0.005536085450093841 0.005775098084817199
0.02839119708487804 -0.005535074758527107 0.005776066777446058
0.0357833471690229 -0.005504961204808687 0.005804774081181049
0.0333275115443773 -0.005507527157448778 0.00580233958071778
0.0320936894881616 -0.006655239109511681 0.004439345942278678
0.01364140075163159 0.005754188471403614 0.005557815671247631
0.0160847027360097 0.005743591107624043 0.005568766576938023
0.01129179094190589 0.005749657272396734 0.005562503146064311
0.01258944169353747 0.006992959780297251 0.003885680572453819
0.008964111171042056 0.005690737479730503 0.005622766839981053
0.01617856977510495 -0.005767021532233429 0.005544498412548785
0.01373223827537512 -0.005776318224612915 0.005534812351652466
0.01131796549102834 -0.005839519902745363 0.005468089913803611
0.008990285720164451 -0.005781589762377696 0.005529305545868253
0.01270645376640345 -0.007070329129100154 0.00374305303277924
0.07239765395277181 0.007998256221986402 -0.0001670251701265516
0.07251725686936986 0.007651410904943173 -0.002335789195050935
0.07331822296610882 0.007685761963726702 0.002220149327620076
0.07084541029873195 0.007924044370459503 0.001099782167062667
0.07349925195082319 0.006704828317843015 0.004364089507360086
0.005655006996327588 0.007835808649065844 -0.001612483430992365
0.005759513424729995 0.007979746867596877 0.0005688936008409888
0.0051670720597132 0.006945033017467331 -0.003970707290431847
0.007366747999990144 0.007601694934320201 -0.002492836562137719
0.005330514425961519 0.005478873289494444 -0.005829403698292332
0.005346828473964709 -0.007785728072583251 -0.001839140663404817
0.005488382131623446 -0.007991921625852801 0.0003594283325314377
0.007037476001701399 -0.007475425272881199 -0.002849213398390694
0.004932692126913998 -0.006848467279234867 -0.0041350327598762
0.005041674620714164 -0.005354644513438531 -0.005943717871391831
0.06542195609270141 -0.005773218524533419 0.005538045491686049
0.06297123911062635 -0.005765736681775181 0.005545834519387693
0.0678402772664099 -0.005782219202619804 0.005528647311309956
0.0666059833591113 -0.007028800529884209 0.003820466347332412
0.07016795703727388 -0.005723654272653048 0.005589255922494559
0.005655521093806227 0.005082141690193983 0.006178336009055533
0.005153569135717863 0.0067342901772565 0.004318487676085996
0.007186438500183978 0.005915501043754649 0.005385800534863657
0.005174415227475536 0.007678267928597176 0.002245930011526639
0.005531332337024289 -0.00507238597067543 0.006186347918157778
0.006943723990533038 -0.005977483207954179 0.005316925286161713
0.004786665869285098 -0.006777156216336071 0.004250900330444994
0.004862104718644314 -0.007703765522774523 0.002156848805575064
0.07192237461427232 -0.006626316132541027 0.004482402760978371
0.0730660271187264 -0.005146249658929649 0.006125039954805721
0.0739601105917575 -0.007321720877679353 0.003223725079679451
0.07106204051030499 -0.007603258358556949 0.002488063972857992
0.06930434991073313 0.006129676288380884 0.00514072646613892
0.06683064785624707 0.006132150455426599 0.005137774887245582
0.06939046456676762 0.00735906312652894 0.003137545202823714
0.07167986465603449 0.005935398088855873 0.005363865166725022
0.07341313729478871 0.005147235122027464 0.006124211834886749
0.01731953370678458 0.006997340668688041 0.0038777859103262
0.02086552212940458 0.00776769562233036 0.00191387165683328
0.02326643019204728 0.007777634569128968 0.001873072478333407
0.01847972174007866 0.007758121645679411 0.001952318757488283
0.01964522795917725 0.007998757219992127 -0.0001410068637472022
0.01609923953655725 0.007757508918851152 0.001954751998066462
0.02441890552313912 0.007996813018335703 -0.0002257909426363789
0.02565430736668323 0.007788089918982641 0.001829113286223943
0.02804490411309719 0.007798905155220046 0.001782436080167303
0.02689242878200535 0.007061500637571937 0.003759682000591422
0.02812405115009133 0.00587612203552574 0.005428737406028112
0.02318730859243707 0.007675545312399755 -0.002255217097597959
0.02557518576707302 0.007662685055770141 -0.002298533823130943
0.01841935253270853 0.007699670194797742 -0.002171423240951267
0.02080515292203445 0.007688821493052252 -0.002209530277678433
0.02196143316596835 0.006849193385891152 -0.004133829938769238
0.02919915169745966 0.007993464369193334 -0.0003233069415224422
0.03043727311278178 0.007810410259186301 0.001731326538581724
0.02795910680575116 0.007644171668040993 -0.002359372694069206
0.03035147580543575 0.007628557352780473 -0.002409380151686112
0.02672750987504911 0.006791089050870031 -0.004228606094584027
0.01604956840101735 0.00770960274273196 -0.002135889872924123
0.01720949336387455 0.006892460011256213 -0.004061279969816659
0.01489975972225767 0.00799962064690422 -7.790703192733766e-05
0.0136899005534237 0.00771583959227969 -0.002113248538674329
0.01373957168896359 0.007751737168528518 0.001977516338757656
0.01599382043532579 0.005638407824325038 -0.005675240717942297
0.01836360456701697 0.005612174094992592 -0.005701184256581617
0.01951512056558109 0.003947054312135721 -0.006958502874688693
0.02073079349412985 0.005581477891678397 -0.005731239355035286
0.02311294916453247 0.005547295157211792 -0.005764331395641181
0.01361882887832847 0.005643442670993299 -0.005670234106208668
0.01477294008147089 0.003990520028213032 -0.006933667853627737
0.01133701803751477 0.007726202236233735 -0.002075041928447915
0.01248682671627446 0.006930971558693953 -0.003995201278105462
0.01126594636241955 0.005671431926041018 -0.005642238909181591
0.01829322784195207 0.002047650317664594 -0.007733506848549892
0.02066041676906495 0.002006091963857604 -0.007744391198315458
0.01592245426709482 0.002091043326179773 -0.007721886933129689
0.01706775047057868 1.556342094536317e-05 -0.007999984861231206
0.0135474627100975 0.002097896073647289 -0.007720027983380325
0.02182065769594817 -7.478506745600082e-05 -0.007999650441968424
0.0230425504195772 0.00196208367553731 -0.00775565778320511
0.02540542633400283 0.001909939517656663 -0.007768663401055129
0.0242451854071196 0.003862655537084706 -0.007005704261659128
0.0254758250789581 0.005508447160715126 -0.005801466183440999
0.0205927830518573 -0.002105019400347239 -0.007718088709270045
0.02297491670236955 -0.002148812051030384 -0.007706011080276656
0.01584600140304462 -0.002013507382753613 -0.007742466533321064
0.01821677497790185 -0.002056951240088205 -0.007731038196510194
0.01937103398432324 -0.003993302246102048 -0.006932065866051501
0.02411526379161349 -0.004094001279995363 -0.006873074531779525
0.02534313843570436 -0.0022132016911054 -0.0076877654929432
0.02657240286581896 -0.0002150933794861949 -0.007997107904617844
0.02777503785336136 0.001817646171312521 -0.007790774184631007
0.0277127499550629 -0.002304245220702874 -0.007660969518466182
0.01347885128932345 -0.001971571256346015 -0.007753251368371221
0.01462787579664663 -0.003912376800676192 -0.006978059025942009
0.01234339711096653 9.327297549849879e-05 -0.00799945624102299
0.01112527150456854 -0.001939776421388822 -0.007761267128183644
0.01119388292534259 0.002129520553439182 -0.007711364484478741
0.01340810439729477 -0.005552013086133235 -0.005759787382482562
0.01577525451101593 -0.005583107005141043 -0.00572965236023487
0.01693129590071266 -0.006878816982804825 -0.004084345347430347
0.01815106730006451 -0.005620229928028566 -0.005693242973568933
0.02052707537401996 -0.005655548496273351 -0.0056581597013782
0.01104556719488727 -0.005521165429550288 -0.005789363721475684
0.01219294590925657 -0.006829970306426308 -0.004165513847454468
0.009922609274464278 -0.003823873556305303 -0.007026947489869911
0.008707450786426086 -0.005479187489566942 -0.005829108375572813
0.01569964316510898 -0.007694082731664761 -0.002191139182776425
0.01807545595415757 -0.00770816189272355 -0.002141083892696523
0.01331056781464562 -0.007678448469763214 -0.002245312694746757
0.01445472786809053 -0.007998462198466408 -0.0001568517124672688
0.01094803061223812 -0.007666344585788894 -0.002286298469567196
0.01924128469450388 -0.007999861046208206 -4.715126043425142e-05
0.02047293743010754 -0.00772226239973783 -0.002089656294608117
0.02282164746191066 -0.007730169293955783 -0.002060214233225068
0.02165581872156436 -0.006920561779816176 -0.004013206280737082
0.02287578540582307 -0.005677068736667183 -0.005636567267331783
0.0135931895341887 -0.007778505582697955 0.001869452031996742
0.01598226488465206 -0.007765136476625512 0.001924228546555717
0.01807428162586496 -0.007763437373217134 0.001931072280401603
0.02047176310181493 -0.00775039301953035 0.001982777860178804
0.01721274329196312 -0.007023489747976929 0.003830220850037628
0.008641010527800592 -0.007635669659743508 -0.002386744403423306
0.00975863243318964 -0.007993669751069587 -0.0003181884831905177
0.008871896665404392 -0.00782216335178831 0.001677426748904363
0.01117891674984192 -0.00779946820118145 0.001779970724129863
0.03283233796167545 0.007820795833003031 0.001683791120799263
0.03167809037731297 0.00710636941773064 0.003674168436359809
0.0305178445318975 0.005894172938475591 0.005409133513913483
0.0315075678357663 0.006728883142229746 -0.004326907863384236
0.0327476127274748 0.007612508432322853 -0.002459616914849436
0.03514239123818513 0.007596666586782133 -0.002508118172907308
0.03398629920785459 0.007988617459789089 -0.0004266041269759823
0.03522711647238577 0.007831375702439027 0.00163387717018374
0.03026530937519978 0.00539257451476724 -0.005909326535459254
0.03266144629723883 0.005353501768725507 -0.005944747161339402
0.02785974611763624 0.005462156656296732 -0.005845070116095555
0.02901362457910877 0.003731993704802566 -0.007076172905413916
0.03382335409124217 0.003600240824571185 -0.007144107082420518
0.03506561255180869 0.005313608624712614 -0.005980431705435631
0.0374735118130345 0.00527909551122154 -0.006010919279394841
0.03631160401903116 0.006674940282784346 -0.004409668039803319
0.03755029049941094 0.00758210328109411 -0.0025518052109873
0.03255881526053621 0.00163191915389122 -0.007831783952278241
0.03496298151510606 0.001579484087566593 -0.007842527017302774
0.03018060111092491 0.001725284403988202 -0.007811747162149776
0.0313202285347888 -0.0004053427973371573 -0.007989724476891984
0.03863742947818601 0.003506010137437944 -0.007190820044764183
0.03988342094540848 0.005240177650130463 -0.006044877020674051
0.03737135640075845 0.001531056913750298 -0.007852124854258076
0.03978126553313244 0.001480329933835164 -0.007861846048288632
0.03610681757005249 -0.0005499431983768368 -0.007981075270824043
0.04239645215224139 0.005207471767034648 -0.006073074822158627
0.04123253448708988 0.006625339626615551 -0.004483845986650045
0.04029341088657311 0.007624667413759027 -0.002421661997381393
0.04280644209340601 0.007611484483614366 -0.002462783781759526
0.03912419810572708 0.007992737754306159 -0.0003407978739501741
0.04094866482779579 -0.0006512458009625914 -0.007973448369854074
0.04221473790522335 0.0014289797808055 -0.007871341485798279
0.04463095812603394 0.001381666201804932 -0.007879784166256709
0.04346355883137058 0.003416114515083951 -0.007233958917483064
0.04481267237305198 0.00517089325112154 -0.00610424958414265
0.03969709934748606 -0.002692171239917253 -0.007533406534560736
0.04213057171957697 -0.002741288592801209 -0.007515672747730436
0.03727480428195988 -0.002643383055276571 -0.007550663945844544
0.03845671117374107 -0.004550120833567546 -0.006580000030390165
0.03486642939630749 -0.002596736742411185 -0.007566832778026203
0.04579965210711297 -0.0007526047465082971 -0.007964520456093586
0.04704847303326021 0.001332853063404351 -0.007888187542862659
0.04455495596055775 -0.002786090899980722 -0.007499179788286491
0.04697247086778402 -0.002832467693790598 -0.007481786335069491
0.04330339048024803 -0.004631599199702232 -0.006522904939773202
0.04946636409789871 0.001285743277071137 -0.007896003053790341
0.04829767011681968 0.003329231570895783 -0.007274353383452772
0.04954653138292316 0.005098891313268348 -0.006164520044210788
0.04712864031828465 0.0051355976253903 -0.00613397399978884
0.04606153363915545 0.006574861071513017 -0.00455754340520227
0.05063586051564338 -0.0008503107379963129 -0.0079546823725934
0.05188505759920285 0.001237683076435754 -0.007903678928341189
0.04938598854644209 -0.002872523098641904 -0.007466499249833802
0.05180468204774624 -0.002917893403801909 -0.007448885694118907
0.04814129239988688 -0.004705184791400911 -0.006470025972032073
0.05429624043316673 0.001186295737319763 -0.007911554994033534
0.05312674401542206 0.003238281028075256 -0.007315294661406871
0.05437558696295999 0.005006442954876962 -0.006239834047437706
0.05196440412899612 0.005046886134042803 -0.00620716846476769
0.05079537433046109 0.006509598788537245 -0.004650282100289661
0.05544457354035522 -0.000933115380314399 -0.00794539462122686
0.05668625995657442 0.001152012963148343 -0.007916619615261187
0.05423740331892853 -0.002927721516868766 -0.007445028322287542
0.05662742284233621 -0.002959944769260486 -0.007432276028440244
0.05298753134972724 -0.004748292395778685 -0.006438456284249379
0.05907279358172612 0.001095359831878434 -0.007924656890913781
0.05792446047453764 0.003138121289389331 -0.007358817484696943
0.05916539936358441 0.004902595111964325 -0.006321753013851737
0.0567788657384327 0.004947686077690304 -0.006286525469337537
0.05561652585200676 0.006425852544616254 -0.004765335148218729
0.06021683242240203 -0.001002565848347349 -0.007936930245361084
0.06145503294036525 0.001060372107784832 -0.007929414290666868
0.05900113979556236 -0.002983695803845035 -0.007422773022942136
0.06138337915420149 -0.003016428631606077 -0.007409531585088703
0.05779396957413567 -0.004777329259289431 -0.00641694048190702
0.06327922379507236 0.00105133933740619 -0.007930616974587936
0.06213518495439644 0.003076997545048336 -0.007384584355789195
0.06154218475422286 0.004860442915071712 -0.006354218651362983
0.06039659001811794 0.006348632430325307 -0.004867737283853946
0.06336637560892996 0.004853201922582755 -0.006359750867655042
0.06253188542573221 -0.004828310323505838 -0.006378669094719285
0.06374757805257189 -0.003051743413400456 -0.007395056601457959
0.06609951966310712 -0.003095246055020281 -0.007376954104431001
0.06495101339157641 -0.001084289908053312 -0.007926179117033234
0.06563116540560759 0.001004611171354435 -0.007936671619412628
0.03720229004012519 -0.006100481256690559 -0.005175338485236225
0.03962458510565138 -0.00613383168080346 -0.005135767606850197
0.04079868008150114 -0.007278331212818909 -0.003320526277038932
0.04205310121511702 -0.00616857852258596 -0.005093980664538414
0.0444774854560978 -0.006198867920448732 -0.00505707786224729
0.03477655303571682 -0.006067318519706634 -0.005214177402086058
0.03594442696762713 -0.007233945586339152 -0.003416142744951431
0.03361104373143407 -0.00446405017118652 -0.006638693852643727
0.032353180658936 -0.006033016994902041 -0.00525382774167779
0.03244305701952667 -0.002547091565597465 -0.007583688057697406
0.03961291901805306 -0.007891185862764088 -0.001314985049083151
0.04204143512751869 -0.007899936756805215 -0.001261348182889202
0.03748973324061538 -0.007882221658641482 -0.001367692115954143
0.03873248828663293 -0.007961708261111261 0.0007817938123013637
0.035063996236207 -0.007873329944159213 -0.001417982930223737
0.06131787520138014 -0.006286413467162581 -0.004947828384238577
0.06368207409975053 -0.006309946836797998 -0.00491778109687519
0.05894198002394334 -0.006268750707613578 -0.004970187578532049
0.06009216869796165 -0.007338443173123765 -0.003185475128584936
0.05656826307071719 -0.006252825503144545 -0.00499020773387493
0.0517626160549618 -0.006228779387053679 -0.005020189971247621
0.05419533732614408 -0.006235399349744892 -0.005011965178370754
0.04689181263960941 -0.00622174478064146 -0.005028905634883274
0.04930533031826748 -0.006248606137235158 -0.004995490100251138
0.05051313629468433 -0.007317351352666396 -0.003233630959406355
0.06483206330735836 -0.00736585470392722 -0.003121567631917213
0.06604607353171044 -0.006335094613575455 -0.004885343000961884
0.06665316017660224 -0.004592132210221835 -0.006550749710059386
0.06785659551560674 -0.002788023839680658 -0.007498461380134749
0.06780314938421006 -0.006127984374673802 -0.005142743188586586
0.0616294587183691 0.007376092774581789 -0.003097298077480166
0.05925267332773063 0.007396528694269732 -0.003048173760605601
0.05820246355265596 0.007936144191495105 -0.001008769236147936
0.0569695948524048 0.007420356140407772 -0.002989701448224
0.05456631607693209 0.00744807633919651 -0.002919958706129441
0.06400325160921068 0.007355679703994442 -0.003145469137067513
0.06285933491882338 0.007920759284770176 -0.001123197379237983
0.06476814699430639 0.006291571519306617 -0.004941267835024714
0.06599802319476067 0.00733991278598752 -0.00318208741144817
0.06536114719447997 0.004821447573966155 -0.006383858025637465
0.05206866760115751 0.007480338973296747 -0.002836287863489489
0.04965079485508455 0.007503919234976291 -0.002773300581428713
0.04739515378480438 0.007614635751656633 -0.002453023108246763
0.04507918583957171 0.007628658235370678 -0.002409060714866095
0.0486684470555008 0.007988442805172826 -0.0004298622436112621
0.05888021064786603 -0.007911096429920569 -0.001189349938621103
0.06125610582530283 -0.007915282406468311 -0.001161165115671845
0.06452861053432693 -0.007904291113768542 -0.001233767396554007
0.06689260996628685 -0.007910516964050134 -0.001193197955695141
0.06331665248423132 -0.007955540583623711 0.0008422434459917863
0.04363477728646575 -0.007950579308390516 0.000887856216395765
0.04482053834991384 -0.007908147178684169 -0.001208804450798236
0.04723486553342546 -0.007913549361842982 -0.001172917941577556
0.0456415233744784 -0.007315483610533476 -0.003237854157310994
0.0566257263375626 -0.007908156128488259 -0.001208745898629472
0.05778966346490378 -0.007949695271139919 0.0008957371802128093
0.05534334777595175 -0.007315815630832692 -0.00323710389942369
0.05425280059298949 -0.007903896289665426 -0.00123629423771735
0.06763222160359321 0.001340278389127452 -0.007886929303578037
0.06596043200708916 0.00337913058927551 -0.007251308603322751
0.06954953465997812 0.0004799679215421409 -0.007985588944736045
0.06938665259009844 -0.001696788898842775 -0.007817986149435411
0.07163323224796492 -9.476065202672379e-05 -0.007999438756489575
0.06987880126145968 0.002894453643084525 -0.007458025080947015
0.06994029310359354 -0.003319330913249966 -0.007278876444091021
0.04264148705406356 -0.007491298992542841 0.002807212034087668
0.0454205902764587 -0.007472472158001369 0.002856949395403139
0.038041603859311 -0.007523484860818586 0.002719774907788058
0.04016478963674867 -0.007505140721904275 0.002769993275156854
0.04195060262674163 -0.006568437469317046 0.004566796383863844
0.02993308614881353 -0.005995404212215875 -0.005296709198374417
0.03109859545309628 -0.00718712119497255 -0.003513586334327982
0.03027205644535999 -0.007851087246845705 -0.00153636878464018
0.03269215095548246 -0.007861841890380548 -0.00148035201579138
0.03423745722847071 -0.007972280361730926 0.000665391489244792
0.06932568614184784 -0.006807795062484101 -0.00420165757614981
0.06883513026295218 -0.007642119814642759 -0.002366010299775663
0.06993277278673965 -0.005247039547740296 -0.006038921756774906
0.06853167748992076 -0.007988236543550008 -0.0004336783650266856
0.02883557843980077 -0.004286751726847502 -0.006754536226297848
0.02758099323396105 -0.005888707407852031 -0.00541508310783026
0.03006484286991537 -0.002456389923368307 -0.007613550324544696
0.02731929032662472 -0.007755465459857586 -0.001962843728103683
0.02891284582901091 -0.007998285586441592 0.0001656130360831254
0.02524400713915788 -0.005724022932799954 -0.005588878372695206
0.02634151484817064 -0.007052003974759589 -0.003777464750328578
0.02498230423182155 -0.007693253723396975 -0.002194048118760977
0.02317006411836043 -0.007756260158466152 0.001959701087969956
0.02533072088827132 -0.007789099542132871 0.001824809119537025
0.02379942294036474 -0.0079989001187301 -0.0001326532720274934
0.06408995398974977 0.007946852728769951 0.0009206148528247767
0.06171616109890819 0.007940662266497586 0.0009725650463703847
0.05934430523680317 0.007930739462292911 0.00105041495668614
0.05706122676147733 0.007922202008785682 0.001112975890121661
0.06834387993262567 0.00731296400447215 -0.003243540884480209
0.06757898454752995 0.00790311079862502 -0.001241305645140064
0.0684698955534306 0.007959291531102931 0.0008060262544813024
0.06612403881556561 0.007952250787104034 0.0008727585112751781
0.06498086499565042 0.007452673899523154 0.002908204213490921
0.05594604451211778 0.007206539721889749 0.003473583918206845
0.05480420282797058 0.007854469053028303 0.001518985152995472
0.05342173660155555 0.007953964771581523 -0.0008569973234731074
0.052306554352196 0.007836948897234214 0.001606932475911615
0.068824836804978 0.006159082082274731 -0.005105458637948443
0.07040579815774728 0.007241918566514956 -0.00339920806600096
0.06736220339246558 0.005087830958798519 -0.006173651766555298
0.06942412161758718 0.004954625519906555 -0.006281057710090769
0.01019738740563427 0.007999947305865895 -2.903624233593539e-05
0.008994313568485034 0.007732748287975758 -0.002050513085744148
0.01138996187923789 0.007750123036598872 0.001983832885497033
0.009047257410208152 0.007743788500871139 0.002008417201125285
0.05740858453077018 -0.007476625234912778 0.002846063087260267
0.05966306884107361 -0.007469623659251158 0.002864388658886105
0.06211590498030501 -0.007625768568612414 0.002418192245865282
0.06173482604617141 -0.006783984217030504 0.004239995064039701
0.06538840968932912 -0.007647642953227744 0.002348096518447663
0.05296724224490871 -0.007946864507446152 0.0009205131722537287
0.05168486368329785 -0.007910659022900441 -0.001192255770966889
0.05212173236589864 -0.00746418516516675 0.002878530844042602
0.05468966927559028 -0.007480100851820454 0.002836915798291329
0.009027186850754775 0.0056487702921683 -0.005664926670868465
0.01015918901280879 0.003968861970389927 -0.006946087723315377
0.008506378631870645 0.006710787022028105 -0.00435492107218709
0.007399621282259888 0.00531283910032835 -0.005981115338632274
0.03321344251825037 -0.007557199237645229 0.002624640867344403
0.03558528779897491 -0.007536155670788465 0.002684466000090683
0.02779309279892213 -0.00770005875748708 0.00217004496065094
0.0307458589176574 -0.007570055698999755 0.002587326170787389
0.04840659292203898 -0.00794306717987946 0.0009527243966235749
0.04922757794660354 -0.00791531731560827 -0.001160927126581124
0.0478938342511282 -0.007467970045148764 0.002868697161563201
0.04988654666430629 -0.007463615237910233 0.002880008260480198
0.007103916260326892 -0.005112471858158605 -0.006153261858521568
0.008226874180749882 -0.006537923582945169 -0.00461037473786778
0.008462159212953691 0.007142801244805787 0.003602830883791371
0.007269584739350073 0.007819313174344375 0.00169066303015252
0.0379405388592832 0.007803545303553669 0.001762010412961707
0.06780673086303761 -0.007651452305089197 0.002335653575114515
0.06974925115970294 -0.007915191448720866 0.001161784975843673
0.04190574934506287 0.007016829031119999 0.003842409445651462
0.04314012434506214 0.005777029816887049 0.005534069614198759
0.04565699123441149 0.005776885233671728 0.005534220541050524
0.04068365924644536 0.007772245057518058 0.001895311785930253
0.04308940859150676 0.007777661604329682 0.001872960215417254
0.04414006223905494 0.007998638961598518 -0.0001475627391931201
0.04536215233767245 0.007764263721058481 0.001927747096964517
0.04659469710732007 0.007038201556969598 0.003803119619926611
0.04764535075486825 0.007769470888269758 0.001906652070076959
0.04990099182514843 0.007843246782762461 0.001575906058331624
0.02716373397691781 -0.006866760727122188 0.004104582453362625
0.05160897369498787 -0.006532104600184205 0.004618615538476044
0.04070950085149228 -0.005481165490802165 0.005827248481267935
0.03823966322935898 -0.005477681027272123 0.005830524038494569
0.03701758914909066 -0.006612213464310304 0.004503180331986887
0.006825334935772979 -0.007877634006609563 0.001393873185734112
0.00824561925242526 -0.007240443506918293 0.003402348868520794
0.07333240114502312 -0.001127980284940829 -0.007920079575154837
0.073290011315715 -0.003323320104015065 -0.007277055962836159
0.07146282986123133 -0.004337889079519849 -0.006721809156304754
2 7 0 69
2645
2646
2647
2648
2649
2650
2651
2652
2653
2654
2655
2656
2657
2658
2659
2660
2661
2662
2663
2664
2665
2666
2667
2668
2669
2670
2671
2672
2673
2674
2675
2676
2677
2678
2679
2680
2681
2682
2683
2684
2685
2686
2687
2688
2689
2690
2691
2692
2693
2694
2695
2696
2697
2698
2699
2700
2701
2702
2703
2704
2705
2706
2707
2708
2709
2710
2711
2712
2713
0.06665957990967461 0.01199893098487096 -0.0001601724704922187
0.05695000000000003 0.01199865113839375 -0.0001799190349085226
0.04714303311829768 0.01199864883743385 -0.0001800724186194036
0.03726678847932766 0.0119951754615575 -0.0003402435105168507
0.06183576394639577 0.01199979127538112 7.077674255889542e-05
0.07152076645691162 0.01198685591879463 0.0005615026109094794
0.05204953150382698 0.011999821197892 6.550739364317846e-05
0.04240455465905889 0.0119988307997433 0.0001675095195254866
0.03354721660559903 0.01195264795386205 0.001064991498105625
0.07545976342295987 0.01195341684355543 -0.001056326542412615
0.07597246527681367 0.01182232117260246 0.00205735803686078
0.03319658602245403 0.01184623509851806 -0.001914866572542017
0.07477988171147994 0.01162801834252284 -0.00296465671300276
0.07722988171147993 0.01162801834252284 -0.00296465671300276
0.07722988171147993 0.01198834855438115 -0.0005286765917528778
0.03159829301122702 0.01151358346936704 -0.003381921893527122
0.03404829301122702 0.01151358346936704 -0.003381921893527122
0.03159829301122702 0.01196149700460224 -0.0009605151788970611
0.03177360830279952 0.0116269430138323 0.002968871191732003
0.03177360830279952 0.01198815614359324 0.00053302183522598
0.03422360830279952 0.0116269430138323 0.002968871191732003
0.07748623263840684 0.01149301506069468 0.00345117441092816
0.07503623263840684 0.01149301506069468 0.00345117441092816
0.07748623263840684 0.01195549777448078 0.001032508094101561
0.03608339423966384 0.01171142987691497 -0.002615800114325145
0.03853339423966384 0.01171142987691497 -0.002615800114325145
0.03523168725089085 0.01194667626666036 -0.001130011583840642
0.04110227732952945 0.01176415076049631 -0.002367436775146109
0.04355227732952946 0.01176415076049631 -0.002367436775146109
0.03983567156919328 0.01199968905437615 -8.638633158818758e-05
0.04592151655914885 0.01172863035972398 -0.002537563769634349
0.04837151655914886 0.01172863035972398 -0.002537563769634349
0.04477379388867828 0.01199999835562964 -6.282108402558794e-06
0.0508247657519135 0.01175398221030336 -0.002417416430793841
0.05327476575191351 0.01175398221030336 -0.002417416430793841
0.04959628231106233 0.01199986326464413 -5.728551164310518e-05
0.05572500000000003 0.01172864657884858 -0.00253748880361343
0.05817500000000003 0.01172864657884858 -0.00253748880361343
0.0544997657519135 0.01199986363055122 -5.720881203158669e-05
0.0606178819731979 0.01175451269432879 -0.002414835671192396
0.0630678819731979 0.01175451269432879 -0.002414835671192396
0.0593928819731979 0.01199987590206778 -5.457412365691603e-05
0.06547978995483732 0.01173073059639567 -0.002527836955736357
0.06792978995483731 0.01173073059639567 -0.002527836955736357
0.06424767192803518 0.01199991674620836 -4.469993364786047e-05
0.07036038322845581 0.01180144667039942 -0.002173903513433498
0.07281038322845582 0.01180144667039942 -0.002173903513433498
0.06909017318329311 0.01199832059405786 0.0002007558771419196
0.07349026493993574 0.01199743755042154 -0.000247976256394172
0.03337190131402654 0.01199235578047605 -0.000428255571455505
0.03853339423966384 0.01178088877441918 0.002282686944099898
0.03608339423966384 0.01178088877441918 0.002282686944099898
0.03540700254246334 0.01199450844934438 0.0003629973258939897
0.04355227732952946 0.01172995719009624 0.002531423377965348
0.04110227732952945 0.01172995719009624 0.002531423377965348
0.04837151655914886 0.01176538852298271 0.002361277811539078
0.04592151655914885 0.01176538852298271 0.002361277811539078
0.05327476575191351 0.01174061051975935 0.002481544805824797
0.0508247657519135 0.01174061051975935 0.002481544805824797
0.05817500000000003 0.0117653734301464 0.002361353012407339
0.05572500000000003 0.0117653734301464 0.002361353012407339
0.0630678819731979 0.01174006538942844 0.002484122511460436
0.0606178819731979 0.01174006538942844 0.002484122511460436
0.06792978995483731 0.01176342639320564 0.00237103342271529
0.06547978995483732 0.01176342639320564 0.00237103342271529
0.07281038322845582 0.01168679903106319 0.002723734276235583
0.07036038322845581 0.01168679903106319 0.002723734276235583
0.07374661586686265 0.01192806037485617 0.001312012078368963
0.07571611434988677 0.01198937811014588 0.0005047895917656523
2 8 0 1
2714
0.079 0.0115 -1.53586298822682e-18
2 9 0 1085
2715
2716
2717
2718
2719
2720
2721
2722
2723
2724
2725
2726
2727
2728
2729
2730
2731
2732
2733
2734
2735
2736
2737
2738
2739
2740
2741
2742
2743
2744
2745
2746
2747
2748
2749
2750
2751
2752
2753
2754
2755
2756
2757
2758
2759
2760
2761
2762
2763
2764
2765
2766
2767
2768
2769
2770
2771
2772
2773
2774
2775
2776
2777
2778
2779
2780
2781
2782
2783
2784
2785
2786
2787
2788
2789
2790
2791
2792
2793
2794
2795
2796
2797
2798
2799
2800
2801
2802
2803
2804
2805
2806
2807
2808
2809
2810
2811
2812
2813
2814
2815
2816
2817
2818
2819
2820
2821
2822
2823
2824
2825
2826
2827
2828
2829
2830
2831
2832
2833
2834
2835
2836
2837
2838
2839
2840
2841
2842
2843
2844
2845
2846
2847
2848
2849
2850
2851
2852
2853
2854
2855
2856
2857
2858
2859
2860
2861
2862
2863
2864
2865
2866
2867
2868
2869
2870
2871
2872
2873
2874
2875
2876
2877
2878
2879
2880
2881
2882
2883
2884
2885
2886
2887
2888
2889
2890
2891
2892
2893
2894
2895
2896
2897
2898
2899
2900
2901
2902
2903
2904
2905
2906
2907
2908
2909
2910
2911
2912
2913
2914
2915
2916
2917
2918
2919
2920
2921
2922
2923
2924
2925
2926
2927
2928
2929
2930
2931
2932
2933
2934
2935
2936
2937
2938
2939
2940
2941
2942
2943
2944
2945
2946
2947
2948
2949
2950
2951
2952
2953
2954
2955
2956
2957
2958
2959
2960
2961
2962
2963
2964
2965
2966
2967
2968
2969
2970
2971
2972
2973
2974
2975
2976
2977
2978
2979
2980
2981
2982
2983
2984
2985
2986
2987
2988
2989
2990
2991
2992
2993
2994
2995
2996
2997
2998
2999
3000
3001
3002
3003
3004
3005
3006
3007
3008
3009
3010
3011
3012
3013
3014
3015
3016
3017
3018
3019
3020
3021
3022
3023
3024
3025
3026
3027
3028
3029
3030
3031
3032
3033
3034
3035
3036
3037
3038
3039
3040
3041
3042
3043
3044
3045
3046
3047
3048
3049
3050
3051
3052
3053
3054
3055
3056
3057
3058
3059
3060
3061
3062
3063
3064
3065
3066
3067
3068
3069
3070
3071
3072
3073
3074
3075
3076
3077
3078
3079
3080
3081
3082
3083
3084
3085
3086
3087
3088
3089
3090
3091
3092
3093
3094
3095
3096
3097
3098
3099
3100
3101
3102
3103
3104
3105
3106
3107
3108
3109
3110
3111
3112
3113
3114
3115
3116
3117
3118
3119
3120
3121
3122
3123
3124
3125
3126
3127
3128
3129
3130
3131
3132
3133
3134
3135
3136
3137
3138
3139
3140
3141
3142
3143
3144
3145
3146
3147
3148
3149
3150
3151
3152
3153
3154
3155
3156
3157
3158
3159
3160
3161
3162
3163
3164
3165
3166
3167
3168
3169
3170
3171
3172
3173
3174
3175
3176
3177
3178
3179
3180
3181
3182
3183
3184
3185
3186
3187
3188
3189
3190
3191
3192
3193
3194
3195
3196
3197
3198
3199
3200
3201
3202
3203
3204
3205
3206
3207
3208
3209
3210
3211
3212
3213
3214
3215
3216
3217
3218
3219
3220
3221
3222
3223
3224
3225
3226
3227
3228
3229
3230
3231
3232
3233
3234
3235
3236
3237
3238
3239
3240
3241
3242
3243
3244
3245
3246
3247
3248
3249
3250
3251
3252
3253
3254
3255
3256
3257
3258
3259
3260
3261
3262
3263
3264
3265
3266
3267
3268
3269
3270
3271
3272
3273
3274
3275
3276
3277
3278
3279
3280
3281
3282
3283
3284
3285
3286
3287
3288
3289
3290
3291
3292
3293
3294
3295
3296
3297
3298
3299
3300
3301
3302
3303
3304
3305
3306
3307
3308
3309
3310
3311
3312
3313
3314
3315
3316
3317
3318
3319
3320
3321
3322
3323
3324
3325
3326
3327
3328
3329
3330
3331
3332
3333
3334
3335
3336
3337
3338
3339
3340
3341
3342
3343
3344
3345
3346
3347
3348
3349
3350
3351
3352
3353
3354
3355
3356
3357
3358
3359
3360
3361
3362
3363
3364
3365
3366
3367
3368
3369
3370
3371
3372
3373
3374
3375
3376
3377
3378
3379
3380
3381
3382
3383
3384
3385
3386
3387
3388
3389
3390
3391
3392
3393
3394
3395
3396
3397
3398
3399
3400
3401
3402
3403
3404
3405
3406
3407
3408
3409
3410
3411
3412
3413
3414
3415
3416
3417
3418
3419
3420
3421
3422
3423
3424
3425
3426
3427
3428
3429
3430
3431
3432
3433
3434
3435
3436
3437
3438
3439
3440
3441
3442
3443
3444
3445
3446
3447
3448
3449
3450
3451
3452
3453
3454
3455
3456
3457
3458
3459
3460
3461
3462
3463
3464
3465
3466
3467
3468
3469
3470
3471
3472
3473
3474
3475
3476
3477
3478
3479
3480
3481
3482
3483
3484
3485
3486
3487
3488
3489
3490
3491
3492
3493
3494
3495
3496
3497
3498
3499
3500
3501
3502
3503
3504
3505
3506
3507
3508
3509
3510
3511
3512
3513
3514
3515
3516
3517
3518
3519
3520
3521
3522
3523
3524
3525
3526
3527
3528
3529
3530
3531
3532
3533
3534
3535
3536
3537
3538
3539
3540
3541
3542
3543
3544
3545
3546
3547
3548
3549
3550
3551
3552
3553
3554
3555
3556
3557
3558
3559
3560
3561
3562
3563
3564
3565
3566
3567
3568
3569
3570
3571
3572
3573
3574
3575
3576
3577
3578
3579
3580
3581
3582
3583
3584
3585
3586
3587
3588
3589
3590
3591
3592
3593
3594
3595
3596
3597
3598
3599
3600
3601
3602
3603
3604
3605
3606
3607
3608
3609
3610
3611
3612
3613
3614
3615
3616
3617
3618
3619
3620
3621
3622
3623
3624
3625
3626
3627
3628
3629
3630
3631
3632
3633
3634
3635
3636
3637
3638
3639
3640
3641
3642
3643
3644
3645
3646
3647
3648
3649
3650
3651
3652
3653
3654
3655
3656
3657
3658
3659
3660
3661
3662
3663
3664
3665
3666
3667
3668
3669
3670
3671
3672
3673
3674
3675
3676
3677
3678
3679
3680
3681
3682
3683
3684
3685
3686
3687
3688
3689
3690
3691
3692
3693
3694
3695
3696
3697
3698
3699
3700
3701
3702
3703
3704
3705
3706
3707
3708
3709
3710
3711
3712
3713
3714
3715
3716
3717
3718
3719
3720
3721
3722
3723
3724
3725
3726
3727
3728
3729
3730
3731
3732
3733
3734
3735
3736
3737
3738
3739
3740
3741
3742
3743
3744
3745
3746
3747
3748
3749
3750
3751
3752
3753
3754
3755
3756
3757
3758
3759
3760
3761
3762
3763
3764
3765
3766
3767
3768
3769
3770
3771
3772
3773
3774
3775
3776
3777
3778
3779
3780
3781
3782
3783
3784
3785
3786
3787
3788
3789
3790
3791
3792
3793
3794
3795
3796
3797
3798
3799
0.08502491118683966 0.008630118986056375 -0.008337928177101868
0.1226500000000001 0.00864299837240968 -0.00832457681414038
0.1029293405920353 0.00867508511936756 -0.008291133708470002
0.155951684869865 -0.009977635347630569 -0.006666842796235189
0.13284375 -0.004207585798506156 0.01123815917969706
0.10321875 -0.004207585798528705 0.01123815917968862
0.155951684869865 0.002341083864193467 -0.01176942336483878
0.08542167807032841 -0.009925562901297818 -0.006744123448779718
0.155951684869865 0.01176942336483877 0.002341083864193508
0.1342216791304037 0.01174663801402604 -0.002452854534504336
0.1346269862350658 0.009866307065780655 -0.00683051863943923
0.1128500000000001 0.008642998372405907 -0.008324576814144299
0.09325000000000003 0.008642998372405907 -0.008324576814144299
0.11309375 -0.0042075857985251 0.01123815917968997
0.14271875 -0.004207585798533098 0.01123815917968697
0.12296875 -0.004207585798533202 0.01123815917968693
0.09334375000000002 -0.004207585798532691 0.01123815917968713
0.138564920869901 0.01101661110879755 -0.004757549755653478
0.1385936267362392 0.008206237474874563 -0.008755436397231401
0.1347726304735835 0.006214378456088738 -0.01026554920130921
0.1385913089981645 0.00408172780598882 -0.01128448040974053
0.1343662239445165 0.001781504624592283 -0.01186702326923464
0.1384761189481484 -0.0006166094705795904 -0.01198414756087355
0.1343178488006006 -0.002996160820314228 -0.01161994063404861
0.1384535623043061 -0.005278965913332555 -0.01077647989307608
0.1343332023050024 -0.007300037372179496 -0.009524151109930096
0.1382308747943934 -0.009082291515537227 -0.007842957403097412
0.130175285593549 -0.005268145924114758 -0.01078177344049823
0.1301930374268144 -0.009071454223384994 -0.007855489690212224
0.1260406910315627 -0.00733426831341269 -0.009497815975626742
0.155951684869865 0.009977635347630508 -0.006666842796235279
0.08503131200707881 -0.002488858926931716 -0.01173906219601175
0.08503131200707884 -0.01175548602124889 0.002410093028126074
0.1261014924536863 -0.01043011377488069 -0.005934031230373171
0.1219201285310841 -0.009098031682757612 -0.007824692933242729
0.1226526220135411 -0.01158712363919621 -0.003120667519935514
0.1179231925076063 -0.01050153729226326 -0.005806695660976558
0.14271875 0.004207585798548606 0.01123815917968117
0.1559516848698642 -0.009977635347630532 0.006666842796235244
0.1170908343519361 -0.006927387947062985 -0.009798535412544392
0.1133962593228577 -0.009178526674164061 -0.007730113071078511
0.1302230957880275 -0.01142817970652072 -0.003660151444335053
0.1136752115774963 -0.0115971620298469 -0.003083153070069242
0.1094637045049684 -0.01049783329500204 -0.005813389382309309
0.1085297913711335 -0.006988602757520093 -0.009754969579531377
0.1050375449621535 -0.009201169048662583 -0.007703147936910839
0.1053431989903871 -0.01144229382678881 -0.003615786495553998
0.1011508762743755 -0.01051430970445683 -0.005783536239945671
0.100895881658685 -0.007458097040821688 -0.009400892964484106
0.1012137702262132 -0.01193344025847099 -0.001262142463236191
0.1425792223199605 -0.002963778199385363 -0.01162824229128582
0.1426168694887743 0.006299352804464977 -0.01021362591075663
0.1060966799126631 -0.0119368216461741 0.001229751595823114
0.1384416178237516 0.01199989212990117 -5.088094668815461e-05
0.142660964179652 0.01174427748002979 -0.002464131991607841
0.09707942338678817 -0.01144644256684747 -0.003602631338877519
0.09709640090646476 -0.01194634193803238 0.001133540603423083
0.1261850025938436 -0.003000934824359942 -0.01161870862789595
0.1425951714976584 0.01178098978058091 0.002282165592118185
0.15259375 0.004207585798531937 0.01123815917968741
0.08672404610277035 0.00522973171961048 -0.01080045860789717
0.1384573747585143 0.01104238009883141 0.004697429270668381
0.1294171029011211 0.004597164127639033 -0.01108449737171464
0.1467889299486977 0.01199953500108473 -0.0001056397545555104
0.1470409956234196 0.01100772243093621 0.004778079832261481
0.1325458457960197 0.004196826657155825 0.01124218155029469
0.1467850572449552 0.01100590056689646 -0.004782274846930923
0.08835000000000001 0.008642998372507761 0.008324576814038549
0.0931228676857988 -0.01193011836779782 -0.00129316500506822
0.09311727675004286 -0.01147163949546144 0.003521574546444977
0.09715387180633528 -0.01054510820242405 0.005727188926442805
0.09298048446216221 -0.01050548105538297 -0.005799557551657667
0.09814475925386956 0.008654723719397295 0.008312385779119124
0.1079501986836342 0.008654910672934996 0.008312191121690833
0.1177498482072348 0.00865413800336382 0.00831299557432422
0.08503131200707881 -0.006641734189905161 0.009994366760863084
0.15259375 -0.004207585798531547 0.01123815917968755
0.1275493071962275 0.008653574765826798 0.008313581885820676
0.09334547210401395 0.004195566022094879 0.011242652078324
0.1032194197400422 0.004191044887281121 0.01124433825321858
0.1506621551061849 0.01173536232392978 -0.002506246421661152
0.1130928291246553 0.004191326940337544 0.01124423312099143
0.1229662040217907 0.004191616277685033 0.01124412526525056
0.0923922249777914 -0.009137524247052661 0.007778537821115528
0.08939834201314775 0.00864095116241329 -0.008326701808566728
0.0905741019382731 0.005238650707089569 -0.01079613536267075
0.09528443571713913 0.005178559050663657 -0.01082508781298284
0.09241404967936848 0.001291305095023919 -0.01193031982603841
0.09708170507006561 0.00118968857926816 -0.01194088108492664
0.09497493025142859 -0.002770897231577521 -0.0116757067679878
0.09996510222810991 0.005013069097316457 -0.01090271242515048
0.1021492368214334 0.001001437090445088 -0.01195814048060487
0.09028825061621777 -0.002596582818624641 -0.01171570559829938
0.09247880426166041 -0.006432412189808868 -0.01013035406194662
0.09711751206611723 -0.00746942696300357 0.009391893357803592
0.1012901307541283 -0.009205782582856198 0.007697633859646838
0.08778615318655161 -0.006280478859779079 -0.01022524255418267
0.1506450559970649 0.009839839172527516 -0.006868592654888846
0.088824824655548 -0.01056194283450626 0.005696083177115828
0.08888086412082186 -0.01144459315926504 -0.003608502101828948
0.1075479902691291 0.008668489363850817 -0.008298029413590027
0.1103162765611384 0.005406719678217737 -0.01071295394936304
0.1150134328549405 0.005270492864241964 -0.0107806263717826
0.1125352056082082 0.001447285813144271 -0.0119124037782083
0.1172343529964515 0.001288970779565652 -0.01193057225490152
0.1146608154055243 -0.002664017021441251 -0.01170055611112016
0.1078378676822341 0.001592367796883215 -0.01189387929985206
0.1176365604463598 0.008527276277934637 -0.008443077595271358
0.1199985176860974 0.005288479415336319 -0.01077181440025607
0.1220473952337253 0.0009638873859565863 -0.01196122573598516
0.1249779755210397 0.005336829781013604 -0.01074794156517825
0.1324537950002422 0.008641453724074349 0.008326180248750417
0.1467209826168385 0.008265843727847695 -0.008699185448465901
0.1506333662189427 0.006408158128306656 -0.01014571384391544
0.1476411683312917 -0.004199298014685058 0.01124125865656787
0.1451954703355873 -0.007845546092816687 0.009080055424141904
0.1403081438796903 -0.007855034088067309 0.009071848735252401
0.1427588914005875 -0.01049964752847034 0.005810112027997964
0.1379047074292926 -0.01050863538091035 0.005793840041896147
0.140340291444061 -0.01185957928857699 0.001830404080512206
0.1451861874064894 -0.01185647686557297 0.00185039356249772
0.142784341167193 -0.01177173902761394 -0.002329412000001457
0.1475890279213793 -0.01177564916781108 -0.002309564174607463
0.1452038546012891 -0.01028471213358336 -0.006182612419465027
0.1499742370831957 -0.01185789540499787 0.001841281228962679
0.1356449711412877 -0.01186239668358876 0.001812055440979194
0.1330591347328708 -0.01052000650689507 0.005773167509685249
0.1499742193680565 -0.01029453891234761 -0.00616623617632028
0.1477415986885843 -0.007602296542125969 -0.00928466947637769
0.1523437128292203 -0.007615085709142834 -0.009274182963604318
0.1499898305057074 -0.004048264709477166 -0.01129652835352533
0.1527569853580455 -0.01172391608941492 -0.002559256049784387
0.1537968445204719 -0.004078471875274438 -0.01128565758662717
0.130680997518279 -0.01187281139693987 0.001742512419667325
0.1282056500741668 -0.01053062613491041 0.005753773823043607
0.1257985467638726 -0.01187101518957036 0.001754707488155708
0.1233487227974577 -0.01054221232766341 0.005732517705028187
0.1209017288753704 -0.01187460242444211 0.001730265084151414
0.1184927236255662 -0.01055441319110751 0.005710022958918443
0.1160243162684264 -0.01187768479109997 0.001708977473014914
0.1136405015553739 -0.01056682098507617 0.005687028597550212
0.1112374385151068 -0.01188098618091961 0.001685872880378996
0.1088965301943179 -0.01057436570957901 0.005672987734878308
0.1549514867670991 -0.01182433058435684 0.002045777659435036
0.1160442911158281 -0.007942045965828034 0.008995771555385043
0.1257565032440706 -0.007900425660490646 0.009032346006606531
0.1489623780771844 -0.00784812131481322 0.009077829687098917
0.1378389328672714 -0.004239092825781405 0.01122631248515774
0.147648272640339 0.00420320217133886 0.0112397994424657
0.1501170785509456 0.007837122842399567 0.009087326645011664
0.1549798012478484 0.007851083289984382 0.009075268104785006
0.1526797133942894 0.01048608839184387 0.005834547989213674
0.145110499849597 0.00806981806728871 0.008881330776458037
0.1399328759801749 0.007776427742986336 0.009139320081828431
0.0980623715840938 0.008678563868651902 -0.008287492333494477
0.1468100488054671 -0.0105259573275361 0.005762310503512385
0.1047177034581722 0.005014853516725152 -0.01090189177188021
0.10468948001427 -0.002752443664591399 -0.01168007079915403
0.142853450221555 -0.007579572775006661 -0.009303229361269013
0.09703727500133918 -0.009126537590846947 -0.007791425518020282
0.121890385849559 -0.005300441130841584 -0.01076593348569843
0.1081662133726366 -0.004202110788881041 0.01124020751222901
0.1426564559104623 0.009835570387094542 -0.006874704005301532
0.1379424182573957 -0.01176440502389703 -0.002366172950928629
0.1466684889924544 0.004241425377007711 -0.01122543142918236
0.1508716687861791 0.001969852752930307 -0.01183721589444802
0.1474253133542658 -0.0005286242796282033 -0.01198835086118969
0.1277890130574559 0.004181037161065807 0.01124806331142329
0.1180253067494681 0.004177937017237938 0.01124921518506927
0.09823996727352786 0.004179231282488225 0.01124873441270047
0.1081535506567064 0.004177378097998146 0.01124942275080661
0.1429022205817433 0.001737080065650628 -0.01187360740657696
0.1301810609186568 -0.0006127399434932861 -0.01198434602978602
0.08841118280539166 0.004204875218885642 0.0112391736526135
0.1226575336568345 0.008665004351946531 0.008301668481741948
0.1030450090552552 0.008665544537495858 0.008301104617379287
0.112861623402809 0.008665514213076613 0.008301136273003065
0.09322466666372412 0.008647255147878978 0.008320154950929732
0.1353993746262903 -0.007879687172431243 0.009050443639105354
0.1305766527040804 -0.007893416881553331 0.009038471659191553
0.1342052177733959 0.01178084314134383 0.002282922442627443
0.1341000166996259 -0.01045221043442282 -0.005895023073283321
0.1264797479282243 0.008642537966178209 -0.008325054804814694
0.09986724926124282 -0.002878440983917469 -0.01164965997366894
0.1013575521104562 -0.0115188897454747 0.003363804249892926
0.1056973358506903 -0.007798602522753545 0.009120405621029256
0.1102520442851881 -0.002612214576084599 -0.01171223014666682
0.1559518216615824 0.006666638253532314 -0.009977772015662597
0.1279558051377252 -0.004180349478997956 0.01124831890699413
0.1559516848698577 0.01176942336483876 -0.002341083864193576
0.1208989329786953 -0.007930946779102803 0.009005558460586377
0.1180913987828901 -0.004174525383872822 0.01125048167055089
0.1111948762151087 -0.007978546885289331 0.008963413947779044
0.0877378854732036 0.001223215709502765 -0.01193749317604101
0.08970881836177787 -0.006759807336744733 0.009914888036185385
0.1376580686404513 0.004139859775846372 0.01126328375902557
0.1567015631696925 -0.00666489663692559 0.009978935455202521
0.08479547814547655 0.006574573055349194 0.01003867467048695
0.08470844042011422 -0.01178674748275319 -0.0022522397247654
0.08926918616267895 -0.01194605657173938 0.001136544053172796
0.1507836718663625 0.01183449894185118 0.001986110469063398
0.0846430619918395 -0.009949609534433745 0.00670859673197794
0.1263375072107897 0.001413174767109586 -0.01191649852421443
0.1518713140502589 -0.01066371013811902 0.005503206891456798
0.08917368356367951 -0.009483835271210897 -0.007352337624765075
0.09833388675420802 -0.003966557184515169 0.01132547677150817
0.1189240817693082 -0.002528844080238053 -0.01173051352745672
0.1093112939720822 -0.01183181690130743 -0.002002026177135522
0.09719355881778159 -0.005993665297974174 -0.01039595961399717
0.1046309069874217 -0.0105810747214298 0.00566046444556621
0.1181339876736274 -0.01184836066291022 -0.001901670213681029
0.1425351809131314 0.01036482614584741 0.006047344786462721
0.1563514318576087 -0.00724747630810499 -0.009564208653279
0.1338924382026277 -0.01184372990766642 -0.001930300980222484
0.1564853456101907 0.01023489317792967 0.006264739550561428
0.113124528171473 -0.006077849850979305 -0.01034696772919249
0.08840625000000002 -0.003253239962652814 0.0115506030035405
0.13644069785413 0.00921303402692712 0.007688953376024792
0.1461258136426575 -0.004502540195323636 -0.01112326983352894
0.08400445224415801 -0.006775157675627834 -0.009904405003349834
0.1265526714905226 -0.01180869310306229 -0.002134190056599717
0.1418111568388961 -0.01050443921965007 -0.005801444361594577
0.08432914832748642 0.001968870536146391 -0.01183737930506135
0.1045837266227164 -0.006350949182329626 -0.01018162288063483
0.1570981454167516 -0.01176942336483877 -0.002341083864193502
0.130739819744197 0.00826386044000703 -0.008701069510588157
0.1559007909795853 0.003841214486088707 0.01136860023361989
0.1528378734673274 -0.001258393096294911 -0.01193383621536668
0.08445273075309753 -0.003329970391737554 0.01152871619869928
0.1565508446010742 -0.003331506223858458 0.01152827247597802
0.0844010288701906 0.009273775293874595 0.007615582170702458
0.08440550585686418 0.003267447530223259 0.01154659199232561
0.1566293956236107 -0.001151901779795776 -0.01194458548002832
0.1005951230642533 -0.006499475577261648 0.01008745841233457
0.1353382808549578 0.006634408408001198 0.009999231224241343
0.1534843429063753 -0.008403700920019984 0.008566084919428204
0.09078166191349159 0.006610269469496221 0.01001520531694913
0.09570000000007758 0.006619088133149883 0.01000937921579527
0.1006237478246235 0.006636152539912015 0.009998073787836301
0.1054961001381059 0.006649221971860762 0.009989386726367344
0.1104303193129276 0.006661966566559535 0.009980891817169595
0.0874883450946846 -0.008726355602878861 0.008237154720660812
0.1153000000000757 0.006672649209119926 0.009973753181828355
0.1534564077838495 0.01108309434559463 -0.004600545590106498
0.120249195170283 0.006686772761523564 0.009964289740656206
0.1338448881816149 0.01055865728387754 0.005702171197151106
0.1533905462666108 0.008468502742075735 -0.008502026894068012
0.1251002313570745 0.006698047010629783 0.009956714631011247
0.1533141270753698 0.01198876790673994 -0.0005190800307490971
0.1534420514831991 0.004802069152052745 -0.01099727838416867
0.1295991378521882 0.006699856378449623 0.009955497200449002
0.08272636537654876 -0.001681577476004094 0.01188159489261419
0.08519511537654878 -0.001681577476004094 0.01188159489261419
0.08517150292843209 0.001649378078563656 0.01188610751903051
0.0827027529284321 0.001649378078563656 0.01188610751903051
0.0827027529284321 0.003901694927512303 0.01134798557862252
0.08272636537654876 -0.003957757240273729 0.01132855496641389
0.1579503954897926 0.001946380897532822 0.01184109798125661
0.1554816454897926 0.001946380897532822 0.01184109798125661
0.1558066723005371 -0.001682368908453756 0.01188148285593461
0.1582754223005371 -0.001682368908453756 0.01188148285593461
0.1582754223005371 -0.003968004978012882 0.01132496960236384
0.1579503954897926 0.0042190653525461 0.01123385452776317
0.0827005144350953 0.008840462764205224 0.008114568264220898
0.0827005144350953 0.01023446332716053 0.00626544175657282
0.0851505144350953 0.01023446332716053 0.00626544175657282
0.1263246535981138 0.009982955082149634 0.006658874366421311
0.1287746535981137 0.009982955082149634 0.006658874366421311
0.132102608886698 0.01145951052923185 0.00356084518484367
0.132102608886698 0.0119450851335628 0.001146708834856083
0.1300015510982348 0.008647516539233116 0.008319883274643324
0.1312268975001211 0.009978101855039289 0.006666144565673738
0.1331493415909286 0.009689294172184972 0.007079376981406086
0.1319224440908074 0.01078885021084337 0.005253637894638819
0.1340250529775054 0.01129982899531866 0.00403904254453399
0.1321108395652019 0.01193649144783157 -0.001232952519703747
0.1321108395652019 0.01143349336501338 -0.003643518831047125
0.1282398739641121 0.009978535898660781 -0.006665494829278475
0.1257898739641121 0.009978535898660781 -0.006665494829278475
0.1344243326827348 0.01102591649295395 -0.0047359439914769
0.1323134931175329 0.01048263709931784 -0.005840746480031924
0.1326834029896314 0.009113203804775181 -0.007807017126446641
0.1303699098720985 0.009827858398315049 -0.00688572431213074
0.1286097838362106 0.008455289677586759 -0.008515167436292421
0.08546245559341983 0.009973565311756813 -0.006672930014028411
0.08301245559341983 0.009973565311756813 -0.006672930014028411
0.08301245559341983 0.008487215082999164 -0.008483347224705085
0.08964309140269583 0.002136576252867902 0.01180826159583539
0.08717434140269584 0.002136576252867902 0.01180826159583539
0.08717187500000001 -0.001642066374650252 0.01188711983708598
0.08964062500000002 -0.001642066374650252 0.01188711983708598
0.08640834433112793 0.003739321907192597 0.01140252040885652
0.08642949037654878 -0.003291623368581934 0.01153972337620817
0.09210937500000002 -0.002138000215593357 0.0118080038566272
0.09457812500000001 -0.002138000215593357 0.0118080038566272
0.09457898605200699 0.002131686545919922 0.01180914528956029
0.09211023605200698 0.002131686545919922 0.01180914528956029
0.09087500000000001 -0.003733682571598495 0.01140436821812334
0.09087832745470281 0.004200220980573878 0.01124091382914872
0.09949498363676394 0.002123109399865489 0.01181069034714749
0.09702623363676394 0.002123109399865489 0.01181069034714749
0.09707319337710402 -0.002011750325202156 0.01183016739649313
0.09954194337710402 -0.002011750325202156 0.01183016739649313
0.09583881837710402 -0.004087304670230493 0.0112824616344445
0.0957927196887709 0.004187399756640273 0.01124569621135521
0.101984375 -0.002138000215591262 0.01180800385662758
0.104453125 -0.002138000215591262 0.01180800385662758
0.1044534598700211 0.002129312208364123 0.01180957363833731
0.1019847098700211 0.002129312208364123 0.01180957363833731
0.100776318377104 -0.004087304670228492 0.01128246163444522
0.100729693506785 0.004185138662112253 0.01124653788411764
0.1069268566863183 -0.002135124100989428 0.01180852425468035
0.1093956066863183 -0.002135124100989428 0.01180852425468035
0.1093892753283532 0.002122136540178397 0.01181086518866589
0.1069205253283532 0.002122136540178397 0.01181086518866589
0.1056924816863183 -0.004204848418431909 0.01123918367934303
0.1056864851983743 0.004184212264951017 0.01124688257793392
0.111859375 -0.002138000215589369 0.01180800385662792
0.114328125 -0.002138000215589369 0.01180800385662792
0.1143276645623277 0.002129460324601385 0.01180954693144274
0.1118589145623277 0.002129460324601385 0.01180954693144274
0.1106299816863183 -0.004204848418430106 0.0112391836793437
0.1106231898906809 0.004184353323720492 0.01124683009839969
0.119262653374734 0.002122429949276162 0.01181081246614371
0.116793903374734 0.002122429949276162 0.01181081246614371
0.1168269493914451 -0.002120639049129925 0.01181113415482634
0.1192956993914451 -0.002120639049129925 0.01181113415482634
0.1155925743914451 -0.004191060120001301 0.01124433257559268
0.1155590679370617 0.004184632720219741 0.01124672614572198
0.121734375 -0.002138000215593625 0.01180800385662715
0.124203125 -0.002138000215593625 0.01180800385662715
0.1242018520108954 0.002129612267173693 0.0118095195326272
0.1217331020108954 0.002129612267173693 0.0118095195326272
0.1205300743914451 -0.004191060120005355 0.01124433257559117
0.1204957553856294 0.004184777421316448 0.01124667230491046
0.129082006528728 0.002124057468963648 0.01181051988138286
0.126613256528728 0.002124057468963648 0.01181051988138286
0.1266966525688626 -0.002123696437355217 0.01181058480524842
0.1291654025688626 -0.002123696437355217 0.01181058480524842
0.1254622775688626 -0.004193970715208639 0.0112432472907062
0.1253776085396233 0.004186327182436715 0.01124609553229882
0.131609375 -0.002138000215579416 0.01180800385662972
0.134078125 -0.002138000215579416 0.01180800385662972
0.1339291728980098 0.002132348634307224 0.01180902575582627
0.1314604228980099 0.002132348634307224 0.01180902575582627
0.1303997775688626 -0.004193970715195111 0.01124324729071125
0.1301674294267378 0.004188932941447657 0.01124512520215114
0.1365757164336357 -0.002154559140300757 0.01180499364298628
0.1390444664336357 -0.002154559140300757 0.01180499364298628
0.1389540343202257 0.002102450343253455 0.01181438540738169
0.1364852843202257 0.002102450343253455 0.01181438540738169
0.1353413414336357 -0.004223343465968874 0.01123224687978581
0.1351019572182355 0.004168356570202944 0.01125276870390776
0.141484375 -0.00213800021559357 0.01180800385662716
0.143953125 -0.00213800021559357 0.01180800385662716
0.143953125 0.002138000215601725 0.01180800385662568
0.141484375 0.002138000215601725 0.01180800385662568
0.1402788414336357 -0.004223343465982337 0.01123224687978075
0.1401884093202257 0.004173741692473723 0.01125077243057145
0.1464143341656459 -0.002133646657858971 0.01180879129883356
0.1488830841656459 -0.002133646657858971 0.01180879129883356
0.1488866363201695 0.002135697390831815 0.01180842058256709
0.1464178863201695 0.002135697390831815 0.01180842058256709
0.1451799591656459 -0.004203442192290337 0.01123970968201908
0.1451835113201695 0.004205394064914301 0.01123897952479599
0.153828125 0.002138000215592968 0.01180800385662727
0.151359375 0.002138000215592968 0.01180800385662727
0.151359375 -0.002138000215592755 0.01180800385662731
0.153828125 -0.002138000215592755 0.01180800385662731
0.1501210113201695 0.004205394064905966 0.01123897952479911
0.1501174591656458 -0.004203442192289562 0.01123970968201937
0.1542472704897926 0.004024928598443094 0.01130486398756902
0.1545722973005371 -0.00377233595557014 0.01139164085802887
0.08289773907273829 0.005575286931575383 0.01062620231459032
0.08289773907273829 0.007512507386877569 0.009357469356728343
0.08459825350783358 0.008016257272893259 0.008929704325160263
0.08460049200117037 0.004978433083218384 0.01091857151993413
0.08712500000000001 0.009978720213398641 0.006665218893833073
0.08957500000000002 0.009978720213398641 0.006665218893833073
0.08637551443509531 0.008965398095130129 0.007976317257722203
0.09201233333186207 0.009980424470786642 0.00666266668706481
0.09446233333186208 0.009980424470786642 0.00666266668706481
0.09078733333186206 0.008645127042908613 0.008322366154644373
0.09692237962693478 0.009983415226262364 0.006658184468759694
0.09937237962693479 0.009983415226262364 0.006658184468759694
0.09568471295879684 0.008650990305793112 0.008316271203434481
0.1018225045276276 0.009987749764339065 0.006651680588012699
0.1042725045276276 0.009987749764339065 0.006651680588012699
0.1005948841545624 0.008660135965378239 0.008306746960222293
0.1067250993418171 0.009983490100988731 0.006658072198726898
0.1091750993418172 0.009983490100988731 0.006658072198726898
0.1054976038694447 0.00866022937928204 0.00830664957117009
0.1116308117014045 0.00998773761485703 0.006651698830882981
0.1140808117014045 0.00998773761485703 0.006651698830882981
0.1104059110432216 0.008660214206958882 0.008306665389287543
0.1165249241036174 0.009983180650686908 0.006658536182656856
0.1189749241036174 0.009983180650686908 0.006658536182656856
0.1153057358050219 0.008659828138327545 0.008307067871074034
0.1214287668284173 0.00998753334088508 0.006652005544548869
0.1238787668284173 0.00998753334088508 0.006652005544548869
0.1202036909320346 0.008659573029695687 0.008307333804739466
0.125103420426531 0.008659291607686094 0.008307627149376481
0.1342134484518998 0.01199968700730789 -8.667021775743331e-05
0.09009917100657389 0.009977900675187059 -0.006666445688378601
0.08764917100657388 0.009977900675187059 -0.006666445688378601
0.08721162659999371 0.008635536898547628 -0.008332316753089888
0.09447500000000003 0.009978720213357857 -0.006665218893894132
0.09202500000000002 0.009978720213357857 -0.006665218893894132
0.09132417100657389 0.008641974832724549 -0.008325639374279641
0.09933118579204692 0.00999296716628714 -0.006643839794389021
0.09688118579204691 0.00999296716628714 -0.006643839794389021
0.0956561857920469 0.008660800969447699 -0.008306053609724284
0.1042146702960177 0.009991572846903588 -0.006645936506243417
0.1017646702960177 0.009991572846903588 -0.006645936506243417
0.1004958560880646 0.008676824685030242 -0.008289313203471677
0.1089739951345646 0.009988929671373393 -0.006649908572330618
0.1065239951345646 0.009988929671373393 -0.006649908572330618
0.1052386654305822 0.008671787927032297 -0.008294582216638575
0.1140750000000001 0.009978720213357857 -0.006665218893894132
0.1116250000000001 0.009978720213357857 -0.006665218893894132
0.1101989951345646 0.008655754045821817 -0.008311312886556446
0.1189182802231799 0.009932483611164512 -0.006733926738088883
0.1164682802231799 0.009932483611164512 -0.006733926738088883
0.1152432802231799 0.008585341781246316 -0.00838402686655919
0.1238750000000001 0.009978720213359372 -0.006665218893891863
0.1214250000000001 0.009978720213359372 -0.006665218893891863
0.1201432802231799 0.008585341781248215 -0.008384026866557247
0.1245648739641122 0.00864276817259837 -0.008324815812660398
0.08301565600353941 -0.00758547571555295 0.009298416971116989
0.08301565600353941 -0.005634573595946047 0.01059488463324956
0.08474202138008817 -0.005044529721910224 0.01088819176377622
0.08282153099591975 -0.0105568668804762 0.00570548522633306
0.08282153099591975 -0.009247347638571419 0.007647650727603059
0.08483718699945916 -0.008456786790233628 0.008513680589764337
0.08301565600353941 -0.01193458726458819 0.001251250104467321
0.08301565600353941 -0.01146413668882655 0.00354592300817446
0.08483718699945916 -0.01106332123701267 0.004647894491774144
0.08285422021005712 -0.01151065539524689 -0.00339187446287058
0.08285422021005712 -0.01195029297890189 -0.001091099316473135
0.08486987621359653 -0.01199973025796458 8.045953075500383e-05
0.08321083903516421 -0.00928484315890067 -0.007602084419066617
0.08321083903516421 -0.01058479596670639 -0.005653502838346872
0.08506505924522131 -0.01108604349625503 -0.004593434401310362
0.082502226122079 -0.005776140355187072 -0.01051837452257617
0.082502226122079 -0.007709481924174259 -0.009195862572963473
0.08471306515724321 -0.008498550571902009 -0.008471991393811967
0.08301565600353941 -0.001331242919160105 -0.01192592940991125
0.08301565600353941 -0.0036227098893415 -0.01144010371708523
0.08451788212561841 -0.004721969150340917 -0.01103190859929635
0.0826645741637432 0.003214829819917169 -0.01156135239619359
0.0826645741637432 0.0009075788323311769 -0.011965629973516
0.08468023016728261 -0.0002646007277405839 -0.01199708241427386
0.08301245559341983 0.006677475585603047 -0.009970522544163633
0.08587447864480501 0.007038457176575825 -0.009719059654797283
0.08386202305138518 0.004830327003874728 -0.01098489604118485
0.08552659721512838 0.003636450156704866 -0.01143574353760179
0.1583507815848462 -0.005655728758381758 0.01058360676762008
0.1583507815848462 -0.007611814768561141 0.009276867786549214
0.1566262038853833 -0.005057877898858299 0.01088199757214827
0.1579758424349321 -0.009276125440352832 0.00761271940996376
0.1579758424349321 -0.01058305517218025 0.005656760841911993
0.1563266240197784 -0.008484453851582882 0.008486108816198412
0.1574757433835496 -0.01152598068607598 0.003339426481329327
0.1574757433835496 -0.01195600198670697 0.001026653054278326
0.1554515858184817 -0.01114315890466083 0.004453089896406535
0.1585490727083758 -0.01194221672006637 -0.001176205683954688
0.1585490727083758 -0.01148328402878652 -0.003483416127053511
0.1560248160919254 -0.01199906016572419 -0.0001501836853024094
0.1579758424349325 -0.01058305517218028 -0.005656760841911935
0.1579758424349325 -0.009276125440352872 -0.007612719409963711
0.1565249151433083 -0.01108655439013546 -0.00459220118838104
0.1581757159288043 -0.007884854918842816 -0.009045941792251388
0.1581757159288043 -0.005968573945326574 -0.01041038544239207
0.1561515583637368 -0.008733544533322654 -0.00822953217895586
0.1583146978118053 -0.002903917021035626 -0.01164333568763435
0.1583146978118053 -0.0005766169611016793 -0.01198613836396735
0.1550741381890403 -0.005728012060975462 -0.01054466110547511
0.156898422260236 -0.004336479374436586 -0.01118905476950962
0.1552131200720413 -0.002635858235013533 -0.01170693176562123
0.1579758424349325 0.001176205683954653 -0.01194221672006637
0.1579758424349325 0.003483416127053479 -0.01148328402878653
0.1562905402467379 0.0006010066132019913 -0.01198494017719269
0.1579759108307912 0.005656652365417307 -0.01058311315335988
0.1579759108307912 0.007612624329381514 -0.009276203470154622
0.1559517532657237 0.004592087551080964 -0.01108660145956403
0.1579758424349325 0.009276125440352806 -0.007612719409963792
0.1579758424349325 0.01058305517218023 -0.005656760841912031
0.1559517532657237 0.00848519439975336 -0.008485368347832296
0.1579758424349288 0.01148328402878649 -0.00348341612705359
0.1579758424349288 0.01194221672006636 -0.001176205683954768
0.1559516848698614 0.01108655439013542 -0.004592201188381124
0.1579758424349325 0.01194221672006637 0.001176205683954689
0.1579758424349325 0.01148328402878652 0.003483416127053514
0.1559516848698614 0.012 -3.417878734766975e-17
0.1582426728050954 0.01069347360508637 0.005445146669954916
0.1582426728050954 0.009425706090982625 0.007426712912615718
0.1562185152400278 0.01117569931211824 0.004370783097468907
0.1574899006239242 0.008173507429260311 0.008785998879115936
0.1574899006239242 0.00630239242532488 0.01021175057065181
0.1557325734290196 0.009151524675594323 0.007762061331372501
0.1554402961137168 0.005957541429514155 0.01041670293882006
0.08806119405795905 0.007044773174416276 -0.009714482534907603
0.1213242588430487 0.00707239431086385 -0.009694392126980457
0.1188175390662286 0.007005321557270572 -0.00974297028011685
0.1238139877605199 0.007094157665216834 -0.009678477515655303
0.1224882466035686 0.005312668007467922 -0.01075990514095858
0.125728861724632 0.007093890027072093 -0.009678673684126721
0.09901373690610185 0.006969580141633225 -0.009768569631698993
0.1014472214100726 0.006967530216173141 -0.009770031867231257
0.1038235220251037 0.006968329741151125 -0.009769461634019998
0.102341402843141 0.005013961323810715 -0.01090230213502315
0.1061328468636506 0.006964444909113889 -0.009772231429306085
0.1511589660986384 -0.009088646589499528 -0.007835592075343036
0.1541476988495426 -0.008892441410122064 -0.008057573193434009
0.1529629521189607 -0.01013917718819955 -0.006418495613949887
0.1543543351139552 -0.01104343247878971 -0.004694954641571381
0.151365602363051 -0.01115596999702251 -0.004420897355236092
0.1543475723434145 -0.00743269575284111 -0.009420989005709418
0.1549275653873985 -0.01174717623319918 -0.002450275606163585
0.1341215623131451 -0.006141829270675396 0.01030911893470412
0.1366191537467808 -0.006156282033019205 0.01030049472258129
0.1317102013520402 -0.006149652247295667 0.01030445424257546
0.1329880136651853 -0.007886554298711948 0.009044460254402586
0.1292662289209028 -0.006137166670944347 0.01031189532787498
0.1044580429253452 -0.00609576570541611 0.01033642300143879
0.1069317746116634 -0.006093247903334838 0.01033790742793268
0.1019069365321267 -0.005384358725998175 0.01072421004595524
0.1031462294574718 -0.007165372084813625 0.009625873616777525
0.09946450490923067 -0.005269500242628245 0.01078111159356682
0.1543947791685962 0.000547551569331936 -0.01198750129421983
0.1518547711267532 0.0003589952400221277 -0.01199462889870468
0.153411676828022 0.002155734813464387 -0.01180477900741974
0.1521568601346891 0.003411906406554974 -0.01150473357678956
0.1546968681765321 0.003592382318346748 -0.0114496632823341
0.1546969365723908 0.005756966275529712 -0.0105288811989885
0.1547336345454691 -0.001205159422690605 -0.01193932957774012
0.08847991837511557 -0.008011978263107091 -0.008933543771174991
0.08729768081700395 -0.009709462676982366 -0.007051690189187726
0.08660391562844001 -0.008287852251756331 -0.008678220154677889
0.08589530271535481 -0.00652978908692073 -0.01006786245835386
0.08679465227046804 -0.0116354483762007 -0.002935360469306712
0.08715127109557513 -0.01079948715546558 -0.005231737491401291
0.08902727384225068 -0.01063032714680446 -0.005567418140566781
0.1533676783681137 0.01180329566658721 0.002163841816566901
0.1517316926303259 0.0113249623649221 0.003968025634128129
0.1543156991320772 0.01126401455015753 0.004137870975977804
0.15458252950224 0.01036272336302516 0.006050947405275691
0.1546329059726138 0.01191397656605473 -0.001434281138235761
0.1546329059726174 0.01196486721617557 0.0009175796964225999
0.1520488994708662 0.01197731212313025 0.0007375596959684853
0.1363933000001524 0.01143981130406132 -0.00362363316679144
0.1365959535524834 0.01049277693796156 -0.005822510809795202
0.1363316484770777 0.01193385070914885 -0.001258255638472355
0.1385032693468263 0.01174640532901785 -0.002453968591164337
0.1363234177985738 0.01194748936284332 0.00112138214928976
0.1385792738030701 0.009817089758040468 -0.006901068662357806
0.1366103064856525 0.009087383761955782 -0.007837056613483303
0.1366831286049113 0.007249734555647406 -0.009562496999876754
0.1346998083543247 0.008221737678469202 -0.008740882652595211
0.1327562251088902 0.007281260162827224 -0.009538514058343956
0.1115831382805692 0.007125638965069299 -0.009655323367939892
0.1089321334151337 0.007140437138078571 -0.009644384764055627
0.1139317164274703 0.007064301413123811 -0.009700291003085264
0.1126648547080395 0.005338713497501407 -0.01074700601058715
0.1163249966506501 0.006997188142092687 -0.009748813163875769
0.09191205096913657 0.007049978418850863 -0.009710705653748191
0.08998622197571043 0.007048784472056906 -0.009711572347796698
0.09426721785856958 0.007022962424335647 -0.009730262010160343
0.09292926882770611 0.005208624995654038 -0.01081065334078602
0.09667340365061647 0.00704377821943842 -0.009715203981150625
0.1170678449493591 -0.006162284863908492 0.01029690464440864
0.1145690205579141 -0.006177415605797754 0.01028783438986293
0.1121443131075543 -0.006198312182716191 0.01027525795713139
0.1136195836654684 -0.007960312866744298 0.008979611298020931
0.1096805447938727 -0.006195809275438649 0.01027676736247291
0.1439571101677936 -0.006122405577262319 0.01032066615812697
0.1464183193334395 -0.006118600105127559 0.01032292268466315
0.1415134469398452 -0.006127799349486607 0.01031746456899327
0.1427518071076388 -0.007850291162850423 0.009075953319540187
0.1390735383734809 -0.006142263830582663 0.01030886002599298
0.1268561541908979 -0.006141165684667244 0.0103095142481819
0.1243626266220353 -0.006153648374062087 0.01030206832089571
0.1219338414893476 -0.006171071201769976 0.01029164127934341
0.1233277181113829 -0.007915697551286001 0.009018965144436739
0.1194951658807927 -0.006155934870253565 0.01030070220291783
0.09475486852195431 -0.008342567718948259 0.00862563411319785
0.09523063103305862 -0.005911034691958254 0.01044316373856438
0.09286798748889571 -0.00689312958810198 0.009822665854116846
0.09152628418088894 -0.005523467178841448 0.01065323004183526
0.09105052166978464 -0.008020117575924794 0.0089262373970415
0.09772569941016263 -0.005799148175380014 0.01050570704141262
0.08905753418088894 -0.005072885758481116 0.01087500942902577
0.1406106883901816 0.01047969244842647 -0.005846028240300695
0.1406250413233507 0.009069784799793548 -0.007857417112858011
0.1405512910017018 0.01193324527392879 -0.001263984664565316
0.1406129425247765 0.0114380703616634 -0.003629124743190484
0.1426587100450571 0.01101298074383371 -0.004765947454174032
0.1385924678672019 0.006272761639838391 -0.01022997856350501
0.136681969735874 0.00517320077339716 -0.01082764950292182
0.1406052481125067 0.007289349525325024 -0.009532333580904722
0.1406040892434694 0.005218083077115911 -0.01080609129150391
0.1426366626996183 0.008238387977757741 -0.008725191317554976
0.1364787664713406 0.002946050352512902 -0.01163274633611765
0.13456942720905 0.004077341824956504 -0.01128606590634931
0.1318916634228188 0.003213244537495617 -0.01156179309373138
0.1320948666873523 0.005421257445131371 -0.01070560450014887
0.130078461322659 0.006540005376503703 -0.01006122903403469
0.1385337139731565 0.001767525049381468 -0.01186911349679533
0.1364211714463325 0.0005853842369619661 -0.01198571338282025
0.140746764789954 0.00292427750330978 -0.01163823874491481
0.1406891697649459 0.0005629550337573067 -0.01198678779448303
0.1427595450352588 0.00410304130622458 -0.01127674829192418
0.1363969838743745 -0.001815540956596152 -0.01186186372518762
0.1343420363725586 -0.0006197659845490432 -0.01198398473481988
0.1322494548596287 -0.001813625927214112 -0.01186215667558546
0.1322736424315867 0.0005873192296204501 -0.01198561872088872
0.129799081909889 0.002042386085356926 -0.01182491687405626
0.1384648406262273 -0.003008997769325956 -0.01161662310760711
0.1363857055524534 -0.004159000735738024 -0.01125622995856653
0.1405276706340545 -0.00179901670560319 -0.01186438110029177
0.1405163923121333 -0.004143317803727765 -0.01126201214602935
0.1427407214508519 -0.0006254982716023536 -0.01198368690813568
0.1363933823046543 -0.00632059433593904 -0.01020049446058843
0.1343255255528015 -0.005253666123492145 -0.0107888364647385
0.1322542439492757 -0.006315473958769714 -0.01020366545296844
0.1322465671970748 -0.004153350762046188 -0.01125831592412517
0.1301781732561029 -0.003001291364577022 -0.01161861653317276
0.1383422185493497 -0.007328902870441766 -0.009501956783506777
0.1362820385496979 -0.008234183506353437 -0.00872915929421024
0.1406535062629306 -0.006471330704132387 -0.01010553704252047
0.1405421625079742 -0.008362866073128339 -0.008605955556643263
0.1427163362707578 -0.005398331568502408 -0.01071718322492017
0.1361654457470096 -0.009815691704946996 -0.006903057029565579
0.1342166095023141 -0.009059702982071104 -0.007869039450698665
0.1322631198659084 -0.008228155443313125 -0.008734841612798517
0.1301841615101817 -0.007317569080257511 -0.009510687817169652
0.1321465270632202 -0.009810923899238879 -0.006909831564035651
0.1423323035302256 -0.009209967263878214 -0.007692626534434885
0.1400210158166448 -0.00984641808465592 -0.006859158177368476
0.1360212174785108 -0.01124756402081023 -0.004182380135494045
0.1380866465258946 -0.01077705809280504 -0.005277785412870203
0.1398767875481459 -0.01126612748028686 -0.004132114664179241
0.1281168642291886 -0.008243860861000672 -0.008720020533488511
0.1281079883125558 -0.006333825688038661 -0.01019228395177163
0.1261128468127032 -0.005275286948154449 -0.0107782812922391
0.1281801440936963 -0.004155663512987406 -0.01125746244794204
0.1281830317562502 -0.001816062776825187 -0.01186178384521611
0.1281472649402504 -0.009797999247344676 -0.006928146270759097
0.1260710917426245 -0.009059164319756275 -0.007869659575080413
0.130208066607421 -0.01046226378774524 -0.005877162277463049
0.1281622941208569 -0.01098812453515644 -0.004822978249991698
0.1321615562438267 -0.01099711466610421 -0.004802444067405232
0.1240108104923852 -0.009809728165058615 -0.006911529015178607
0.1239804097813234 -0.00825862918224167 -0.008706034920112961
0.1219052571903216 -0.007347906425495718 -0.009487268899011914
0.1239655384405609 -0.006349094517332345 -0.01018277952280124
0.1240376942217013 -0.004172531251912564 -0.01125122139822219
0.1546711839640966 0.007603458368085629 -0.009283718050694377
0.1546711155682379 0.009268601716244058 -0.007621877867404966
0.1547040463268573 0.01058092528273343 -0.00566074378162556
0.1547040463268536 0.01148197209755947 -0.003487738056515387
0.1534234770252301 0.009968531800668564 -0.00668044712119328
0.0890372019013847 -0.004500658399836114 -0.01112403137212336
0.08640873259681521 -0.004449520623770085 -0.01114458461400176
0.08765978131164828 -0.002542747690889915 -0.01172750758603353
0.08638459874014121 -0.0006405520290459023 -0.01198289168348296
0.08901306804471068 -0.0006955801438472589 -0.01197982338198212
0.08603351690034501 0.001596827901405241 -0.01189328132406249
0.08715024908487889 -0.01186786678682022 0.001775876665281011
0.08904700540911348 -0.01148258936710619 0.003485705298274622
0.08692806833131342 -0.01127902214279844 0.004096786484827156
0.08673394332369375 -0.01026826378072929 0.006209892022359412
0.08698881329139659 -0.01198676190410233 -0.000563506037555074
0.1243770572336137 -0.01109812775556124 -0.004564160418000365
0.1222863752723126 -0.01060664303375949 -0.005612407999638068
0.1263270819721044 -0.01128055100937392 -0.004092574852695184
0.1246026467520319 -0.01170830238359742 -0.00262976335327856
0.128387883639275 -0.01164346185768646 -0.002903411091905631
0.1202879072605737 -0.01112568749470621 -0.004496562884041312
0.1199216605193452 -0.009851591457697007 -0.006851725749811603
0.1175070134297712 -0.008940109333786425 -0.008004651466487772
0.1195054814415101 -0.008073260314843922 -0.008878201838703952
0.1194906101007476 -0.006133018485835312 -0.01031436300759297
0.1203933048435843 -0.01173358298759305 -0.00251456363476188
0.1180285900906168 -0.01134424041475115 -0.00391257069103251
0.1233501378196215 -0.01187281509691376 0.0017424872092778
0.1217771754444558 -0.0119789830225128 -0.0007099054488804849
0.1242255843887069 -0.01197970741273766 -0.0006975745875520627
0.1261756091271976 -0.01199845936920424 -0.0001922830350158209
0.1195178582744989 -0.01199968678394902 -8.670113678228158e-05
0.115659725915232 -0.009886916256550303 -0.006800653419779703
0.1152435468373969 -0.008119095651132127 -0.008836304986122163
0.1157992020425513 -0.01113294880044724 -0.004478554566667737
0.113535735450177 -0.01064452298575362 -0.005540228371264388
0.1159045996255618 -0.01173763643239694 -0.002495574278771907
0.146379386244968 0.006248787886988607 0.01024464005924193
0.1439146249247985 0.00625078566676055 0.01024342123258733
0.142521687914886 0.007924172902602283 0.009011519506146768
0.1413258129900875 0.006083208572011323 0.01034381812820624
0.1387954723103131 0.006052047792556276 0.01036208075227243
0.1539114994600616 -0.01033705944624683 0.006094686374601998
0.153411400408679 -0.01137613502502246 0.003818841695129196
0.1550929530380339 -0.007567343968817988 0.00931317911658495
0.1547180138881198 -0.009239597442894288 0.007657012413027769
0.1526778284783171 -0.009655922875032086 0.007124826554480615
0.1132603937471653 -0.00773958902298175 -0.009170537702629024
0.1151076812617046 -0.006508398193672003 -0.01008170387149945
0.1167924485874162 -0.002596473756276364 -0.01171572976954352
0.1180074580606222 -0.00482578655740839 -0.01098689146675876
0.1158758248787302 -0.004889088156488345 -0.01095886933027698
0.1138926717884986 -0.004423020402474241 -0.01115512844028685
0.1204072338094336 -0.003944240154116783 -0.01133326826677339
0.1115694580412323 -0.01113152065898647 -0.0044821030575565
0.1114299819139131 -0.009884747990405361 -0.00680380460964137
0.1089967479380509 -0.008962581942025398 -0.007979481495215103
0.1109630253469956 -0.008146718939865485 -0.008810843916154514
0.1108271597713033 -0.006539928240802093 -0.01006127917340331
0.1320577669953276 -0.01166805639040932 -0.002802937757109201
0.1322867178604533 -0.01199962384539101 -9.501352074012782e-05
0.1304520466531532 -0.01195956691555913 -0.0009842556539148737
0.1286168345044008 -0.01199835902814545 -0.0001984455384247225
0.1339962274511268 -0.01132285274360229 -0.003974041487792769
0.1114932527747892 -0.01172695494485992 -0.002545295212981303
0.1093874992385253 -0.01132629426788939 -0.003964222263846463
0.1136308773917666 -0.01187934110313874 0.001697425979322332
0.1124563250463015 -0.01197880473923387 -0.0007129074409123782
0.1148497639229613 -0.01197949235578119 -0.0007012580821496225
0.1170791519710269 -0.01199960426017459 -9.745562682511763e-05
0.1102743662435945 -0.01199893359297913 -0.0001599769710830286
0.107250624733561 -0.009894719307923721 -0.006789295237165748
0.1067836681666435 -0.008159636682925801 -0.008798882270075652
0.1074034517476778 -0.01102495619683155 -0.004738179065626959
0.1051903719762703 -0.01052210866512068 -0.005769335251083297
0.1073272464812347 -0.01166499520519604 -0.002815650344548013
0.104810635792435 -0.007874185982014713 -0.009055230263259073
0.1065567589969249 -0.006673186626254559 -0.00997339361757959
0.107470762149729 -0.002682377316061507 -0.01169636062774565
0.1093909178281608 -0.004899146925764415 -0.0109543762670347
0.1066096356927017 -0.004964725574075664 -0.01092481120999897
0.1046366033184932 -0.004612946658316336 -0.01107793857753003
0.1116882862283305 -0.004398328125978366 -0.01116488735707744
0.1032470376323813 -0.0110316768623657 -0.004722510519241359
0.1030942106182645 -0.009904355248220711 -0.006775230410623896
0.1010233789665302 -0.009166415246571261 -0.007744471029542684
0.1029667133104193 -0.008372775597418254 -0.008596314838073195
0.1027398041407007 -0.006915549450244398 -0.009806894299482604
0.1032784846083001 -0.01174696326988003 -0.002451296378671807
0.1011823232502943 -0.01144928469471121 -0.003593588732653159
0.1057199394515251 -0.01193798852082209 -0.001218371895900399
0.1036552250694381 -0.01199998895205664 -1.628344308316194e-05
0.1077039869423727 -0.01199367089316918 -0.0003896902697610519
0.09909407563785734 -0.009871607035210232 -0.006822856772817956
0.09896657833001209 -0.008331273782069125 -0.008636543126054986
0.09914659680650066 -0.01174837019657005 -0.002444544481972997
0.09911514983058184 -0.01103438927296273 -0.00471616935369427
0.09705834919406367 -0.01049754148889286 -0.005813916295318755
0.09711541690956038 -0.007671442713991625 -0.009227619773589765
0.0990447202382333 -0.006744258069951428 -0.009925471428899236
0.09853040403951221 -0.004480123727895868 -0.01113231743091907
0.1003815654599639 -0.005289162773976534 -0.01077147887480549
0.1022254879419796 -0.004672707345515625 -0.01105286415655075
0.1037271160115597 -0.01177629586944326 0.002306264424417451
0.1012856611683347 -0.01195210405751516 0.00107107824099347
0.09915508556633895 -0.01199982598944998 -6.462370246839496e-05
0.09708791214662646 -0.01193370951924403 -0.001259594025987936
0.09922697650846048 -0.01178549080324436 0.002258806438507425
0.144352517981309 -0.003741687705911029 -0.01140174430126524
0.1444896319321063 -0.006109214375606897 -0.01032848002916586
0.1451637669680046 0.0006069455179724826 -0.01198464088482476
0.1450022678371132 -0.001755459573554625 -0.0118709039961418
0.1467755634984617 -0.002552497853007718 -0.01172538932020558
0.1446887192636504 0.009096564262086552 -0.007826398828690611
0.1446689260528063 0.007321859052500199 -0.009507385550997755
0.1466947358046464 0.006379923573530418 -0.01016349227361889
0.1446426792406143 0.005294614128483005 -0.01076880036171477
0.1447853547870989 0.003006769837615062 -0.01161719997002756
0.1100669843547123 -0.01140328804982458 0.003736980285300936
0.1074966050534905 -0.01147274927331309 0.003517957377754014
0.1086670592138849 -0.01191108744316184 0.001458079531902241
0.1067637185908698 -0.01057772206884282 0.005666727083097937
0.1053637934500424 -0.01147482977192938 0.003511165291643659
0.1029942295489389 -0.01110949005909848 0.004536433690333412
0.140518394660705 0.01194752537758897 0.001120998372821048
0.1426280678386552 0.01199964104084415 -9.281643652256453e-05
0.138449496291133 0.01176321341495674 0.002372089828438565
0.1405262731280864 0.01147540534457704 0.003509283712903915
0.1363312962659551 0.01147529261384575 0.003509652322754657
0.144692050723178 0.01195005202148737 0.001093735198183605
0.1447249470641749 0.01193033022144154 -0.001291209048666651
0.1467869935968264 0.01173798301945197 -0.00249394359099344
0.1447230107123036 0.01143398866827025 -0.003641964186241738
0.1447207565777087 0.01047312240104223 -0.005857790297781875
0.09510963429613178 -0.01199973183915133 -8.022336603465927e-05
0.09510114553629348 -0.01174518237276653 -0.002459815243154322
0.09305167607398052 -0.01144184966757328 -0.003617191753923643
0.09502995392447519 -0.01103079139840654 -0.004724578407100489
0.09500887973175071 -0.009866403779003533 -0.006830378940415003
0.09510683882825381 -0.01176971283137875 0.002339628147137593
0.09312007221792083 -0.01194596153559355 0.001137542522334638
0.09712513635640002 -0.01147788018686616 0.00350118071740737
0.09513557427818907 -0.01106347497382264 0.00464752853714748
0.09925571195839573 -0.01109510694601714 0.00457149886322224
0.1219688905416422 -0.002249134386040086 -0.0117873404342766
0.1241161989137844 -0.001032821407073782 -0.011955470711816
0.1241924512222575 0.00118874145664778 -0.01194097541029404
0.1262612549023166 -0.000807722232848187 -0.01197278517282268
0.1282592840647233 0.0004016525833571668 -0.0119932762497277
0.1404962778358229 0.01072486306558268 0.005383057887901676
0.1425651762053949 0.01123180459023361 0.004224519575857964
0.144818083560539 0.01146249309872747 0.003551232456714866
0.1469149627860586 0.01175993847290391 0.00238827283062769
0.1447880882682755 0.01070510236045106 0.005422248929389465
0.1513554142754728 0.006117619774821534 0.01032350368289335
0.1488826755956423 0.006115606379996899 0.01032469653815265
0.1537867756239242 0.006125552995204426 0.01031879840402661
0.152548439899397 0.007844105383352548 0.009081300057528083
0.08864907402052172 0.005234191659704766 -0.01079829790612748
0.08915599370573835 0.003280945566602149 -0.01154276380201006
0.08723096578798697 0.003276178342675094 -0.01154411778643074
0.1412340284466532 0.009201432006572099 0.007702833831028068
0.1391951253693446 0.00966796155564255 0.007108482212020909
0.1374490363063222 0.01023756584690554 0.00626037103774795
0.1381867869171524 0.008525628639763975 0.00844474133984199
0.1361511314700646 0.01081219591882266 0.005205422116696641
0.1351427930178725 0.009935631342748668 0.006729281523386453
0.1279484254146727 0.00676210460605735 -0.00991332140590317
0.1271975392110804 0.004969846697536579 -0.01092248249268383
0.1278773050559554 0.003033825948678048 -0.01161016365574266
0.1256577413659147 0.003425203890507673 -0.01150078163902137
0.148912333744891 0.01150610892274689 0.003407265392933832
0.1487863009075301 0.01196282359009602 0.0009438494330359454
0.1487255425274413 0.01192799504735743 -0.001312605862479953
0.14872360617557 0.01142743784999843 -0.003662466953355797
0.1507229134862737 0.0119970791291235 -0.0002647496355982699
0.1513983959726175 0.009304846034705784 0.007577588024590679
0.1498603545088545 0.01075987951433602 0.005312719909516407
0.1485790370871826 0.009665632434936209 0.007111648868772216
0.1460757477365083 0.009756910624942482 0.00698589257410136
0.1476137892002713 0.007954137341694818 0.008985082033540712
0.1438228403813642 0.009325604321656624 0.007552026485381211
0.131072491824104 0.005486193074313676 0.01067247326308914
0.1286940754548221 0.005478699010018438 0.01067632226741133
0.1364981747477045 0.00542408249633439 0.01070417344183842
0.1339420633254887 0.005451159935044173 0.01069040950396987
0.132468709353573 0.006667168253089526 0.009977417876634974
0.1506536055516249 0.01100590051144486 -0.004782274974546916
0.14871505662101 0.01047494137548752 -0.005854536974014215
0.1486830193069517 0.009098994769545087 -0.007823572980664982
0.1467530199308968 0.009832882548144527 -0.006878547869601169
0.08657273907273828 0.007656902304839237 0.009239688690326509
0.08660333047543411 0.005423045797865607 0.01070469870076931
0.08838059140269583 0.006587160438152682 0.01003041960049709
0.08959642235944162 0.005442091810998405 0.01069502859840328
0.08956583095674581 0.007673337028222572 0.009226044594045076
0.09200316428860786 0.007675696274494463 0.009224081889365025
0.09119323145636091 -0.01176941862996672 0.002341107667876958
0.09119602692423888 -0.01199974182900493 -7.871491109934425e-05
0.09100186590331033 -0.01174455112855576 -0.002462827397269166
0.09093067429149204 -0.01102957934389136 -0.004727407270037682
0.08907502514175041 -0.01193354471491637 -0.0012611544461689
0.09477304839206334 -0.009894620412487641 0.006789439365130445
0.09275475086391713 -0.01052211203237795 0.00576932910987812
0.0906085248166697 -0.009904615346414762 0.006774850171004904
0.09097105070279543 -0.01107031207866706 0.004631219113896286
0.09713569193622626 -0.009191756303825505 0.007714377230281398
0.09922200128023179 -0.009924469004018017 0.00674573309494866
0.09920382141012275 -0.008380529945138123 0.008588755313701932
0.1013238414322922 -0.01058647866624054 0.005650351267773883
0.0947580396314998 -0.007866884787045043 -0.009061574021512999
0.09272964436191131 -0.008741396141335869 -0.00822119173236085
0.09107708401292086 -0.01002476799182993 -0.00659575823616831
0.09082624391266997 -0.00807843283944462 -0.008873495526486884
0.09938425353924656 0.00769175599002338 0.009210694316387852
0.1018343784399394 0.007697753532918458 0.009205682513884638
0.09446233333190085 0.00767975774017686 0.009220700681195199
0.09692237962697357 0.007683897370981943 0.009217251281820237
0.09816187391235057 0.006627622747137464 0.01000373014038394
0.1042705545966805 0.007703771312085404 0.009200647127843232
0.1067231494108701 0.007697880570420819 0.009205576284162641
0.1091902589982809 0.007703753798974191 0.009200661791675136
0.1116459713578683 0.007709624597512417 0.009195742958860447
0.1079632097255168 0.006655595624526298 0.009985141305098611
0.1189995216887589 0.00771476369566819 0.009191431940671707
0.1214533644135588 0.007720773439109875 0.009186384354137132
0.1140808117014424 0.007714546397710243 0.009191614323804928
0.1165249241036553 0.007708250808186611 0.009196894556212466
0.1177745975851794 0.006679712661230849 0.00996902396242442
0.08671878100353941 -0.005008302724546838 0.01090490274231259
0.08737006518442833 -0.006700888600741657 0.009954802457128445
0.08625982855088171 -0.007734112393049772 0.009175156973680283
0.08859858172823123 -0.007788389301880596 0.00912912876907495
0.08606570354326205 -0.009369207054693612 0.007497863640149737
0.148301773204238 -0.006120064080683842 0.01032205481715358
0.1507780640385922 -0.006123869232750236 0.01031979775093364
0.1512233604917798 -0.008129938632300021 0.008826329805476095
0.1530390464531876 -0.006445629014104341 0.01012194974362827
0.1546476565848462 -0.005472579800643155 0.01067946020759441
0.1285742225242079 0.007720487902368095 0.009186624328304051
0.1310264664262152 0.007713793965859099 0.009192245789374637
0.1238788825069545 0.007725971216057069 0.009182013328712699
0.126324769276651 0.00771965310725964 0.009187325829836264
0.1273496846046314 0.006698951722195844 0.009956105956833192
0.09696998363680273 0.00543460448207234 0.01069883517601048
0.09452273605204577 0.005442373251877406 0.01069488538448399
0.09206356700875276 0.005437662784306773 0.01069728112391953
0.09324083095678459 0.006614679442764875 0.01001229323728904
0.1019215837823329 0.005449343521129225 0.01069133551941603
0.09943185754907571 0.005443727565382536 0.01069419609853374
0.1068248253974062 0.005449838526405021 0.01069108320218824
0.1043577599390741 0.005456333221866043 0.01068777000931256
0.1030599239813647 0.006642688675963576 0.009993732393566743
0.1520592814450172 0.01145718174100763 -0.003568331059966476
0.1520507318904572 0.01052275135708132 -0.005768162955139465
0.1519881410907774 0.01190360434350608 -0.001517960352994483
0.1533852674296097 0.01171504576285259 -0.002599558188283091
0.1166626533747719 0.005462646446030952 0.01068454462322403
0.1141964145623655 0.00546900578377361 0.01068129092090702
0.1117615742187915 0.005463286812826065 0.01068421720112432
0.109291934984817 0.005456660230550118 0.01068760305813856
0.1128651596565017 0.006667308843249915 0.009977323929226787
0.1264446222072652 0.00547772885941883 0.010676820057615
0.1240332176894326 0.005482750055264783 0.01067424244766316
0.1216076995960369 0.00547670811387615 0.01067734368817466
0.1191372509598756 0.005470213706392463 0.01068067235741253
0.1226747132636788 0.006692410957855795 0.009960503780992792
0.08994028503623799 -0.008934882942061104 0.008010484805033059
0.0881565848751163 -0.009727480418883496 0.007026814690899297
0.0938492426982538 0.003281793711765581 -0.01154252268931779
0.0914940758088208 0.003313860934563343 -0.01153335708743881
0.09007596757628604 0.0012572655182327 -0.01193395506178329
0.09618307039360237 0.003232629444502079 -0.01155638814139341
0.09474787737471704 0.001240508076562441 -0.01193570859697837
0.09762476897262451 0.005095961878956582 -0.01086421522836423
0.09852340364908777 0.003144518920302867 -0.01158067358834784
0.0960283176607471 -0.0008016449058813366 -0.01197319361928448
0.09369448996539853 -0.0007506698175431628 -0.01197649760259775
0.09263159043382319 -0.002683814542574826 -0.01169603092938215
0.09135115014779313 -0.0006614017694405396 -0.01198175895682186
0.09847447716565422 -0.000856839311051234 -0.01196937034246318
0.0974210897563357 -0.002824699130374171 -0.01166280733026416
0.1010571695247716 0.003053203770748936 -0.01160508279739031
0.0996154709457495 0.00109559682219504 -0.01194988148908583
0.1010082430413381 -0.0009510919828373494 -0.01196224995726901
0.0937268672565445 -0.004666074883985692 -0.01105566575005947
0.0913835274389391 -0.004583560034409209 -0.01109012972922169
0.0960842445346051 -0.004428750080795052 -0.01115285491351241
0.09483618153972101 -0.006214457901572524 -0.01026550110757302
0.1034334701398028 0.003054153483561663 -0.011604832894051
0.1062777855702031 0.00334063664376464 -0.01152562999641828
0.1049935522518338 0.001297300398219309 -0.01192966938673407
0.106263673848252 -0.0005898071917605012 -0.0119854965469332
0.1034193584178517 -0.0008864743045409991 -0.0119672120106309
0.1022783646377564 -0.002815483384035483 -0.01166503550419887
0.09013247872410601 -0.006356622583271959 -0.01017808181013677
0.1009426269091908 -0.007943022020436827 0.008994909737337872
0.09885631756518529 -0.006993104620347688 0.009751742806743409
0.102960518870775 -0.009945724976112123 0.006714354376970247
0.105164121419056 -0.009351252971367205 0.007520243870081344
0.1034937333024093 -0.008531901785429638 0.008438403398972023
0.1506392111080038 0.008287595241918513 -0.008678465596298094
0.1486771744178906 0.007372563578451918 -0.009468120525304071
0.1520178011318378 0.009190531691307924 -0.007715836132984208
0.1520119562427767 0.007483594481288141 -0.009380608383235796
0.1075169900096553 0.005211642863779369 -0.01080919879826519
0.1137743192315743 0.003406224833156231 -0.01150641700904281
0.1114257410846733 0.003479082895230347 -0.01148459760758363
0.1101865366452211 0.001519855028057896 -0.01190336257927512
0.1090770721216863 0.003549007261458568 -0.0114631822570399
0.116123892925696 0.003329749946637736 -0.01152877987008452
0.1148847793023298 0.001368158455250509 -0.01192175081275089
0.117505975270519 0.005279487978292609 -0.01077622413867974
0.1186164353412744 0.00333937010647661 -0.01152599701943265
0.1159475842009879 -0.0006970759631661848 -0.01197973643706638
0.1135980105068662 -0.0006175180700381427 -0.01198410077699518
0.1124564298453562 -0.002638122256162332 -0.01170642178300188
0.1113936249466981 -0.0005910009529370909 -0.01198543774226154
0.1090449559837111 -0.0005179488072918861 -0.01198881683207417
0.1180792173828798 -0.0006279548742041718 -0.01198355843128255
0.1210229564599114 0.003182247238331371 -0.0115703631107296
0.1196408741150884 0.00112653334946893 -0.01194700475485527
0.1204857385015168 -0.0007909357714347711 -0.01197390582080321
0.1235126853773825 0.003208235313115431 -0.01156318408465761
0.1338960379276 0.007683603702768168 0.009217496088353242
0.1358894893545439 0.008007477996603032 0.008937577755405449
0.1344472464271861 0.008932927724687827 0.008012665116270839
0.1486509276056986 0.005352088818877129 -0.01074035126403464
0.1507525175025609 0.00427353031793039 -0.01121324835280704
0.1487700788893167 0.003120667245934218 -0.01158712371299078
0.1520377088510709 0.005621262265797841 -0.01060195314737418
0.1534162988749049 0.006751562011788128 -0.009920504543670118
0.1470789242063858 -0.007846833782730626 0.009078942646927414
0.1415335176401389 -0.009321122029990761 0.007557558077978688
0.1439771808680874 -0.009317170423692159 0.007562429192784293
0.1447844701030273 -0.01051282959705265 0.005786226219509035
0.1460027595705272 -0.009334339415330859 0.007541227199826348
0.1478862134413257 -0.009335408847661247 0.007539903291621724
0.1391064256544915 -0.009326972946240132 0.007550336128948476
0.1403317994149401 -0.01050414460556057 0.005801977775334273
0.1378537592529903 -0.007867367909976724 0.009061154571525003
0.1366520410277914 -0.009337235582803497 0.007537640988480961
0.1391224994366768 -0.01135832131215106 0.003871503192551309
0.1415495914223243 -0.01135531922936834 0.003880299627494963
0.1427632394252752 -0.01185803228919309 0.00184039947523737
0.1439725394035385 -0.0113520446203312 0.003889869270041027
0.1459981181059782 -0.01136085884255957 0.003864050512019242
0.1367748392852901 -0.01136131247082557 0.003862716523415003
0.1379926312926743 -0.01186099153419079 0.001821230305550208
0.1354819210810817 -0.01051432602451475 0.005783506570430416
0.1343520529370792 -0.01136510428243214 0.003851545748065649
0.1342292546795806 -0.009344641062147699 0.007528458236559669
0.141562316305627 -0.01199732548513252 -0.0002533400951088501
0.1439852642868412 -0.01199753475547528 -0.0002432278585249294
0.1391413548507284 -0.01199691516158253 -0.0002720783081966743
0.1403633797122943 -0.01176808637991951 -0.002347795339196521
0.1367936946993417 -0.01199670112384857 -0.0002813576816979142
0.1451866845442862 -0.01177369828008828 -0.002319488911257476
0.1463876076639344 -0.01199773550750567 -0.0002331151902765688
0.1487816325022875 -0.01199764504641731 -0.000237725346099832
0.1475802122448425 -0.01185718701064719 0.001845837531999926
0.1483921429443314 -0.01136234277915039 0.003859684775870815
0.1439940978842411 -0.01119524666207534 -0.004320468976313913
0.1463964412613342 -0.01119888435799584 -0.004311031098964155
0.1422977490030445 -0.01127256765364294 -0.004114513153951874
0.1435075057200926 -0.01039632270415828 -0.005993035477202103
0.1475890369846728 -0.01028962878087434 -0.006174426252843452
0.1487816236447179 -0.01120231137781813 -0.004302118059096761
0.1501730066397124 -0.01175044587782898 -0.002434547529257103
0.1513656112206206 -0.01199444206392759 -0.0003651843028999316
0.1464727266449367 -0.009077001671108727 -0.007849078969069518
0.1488579090283204 -0.009083244815750168 -0.007841853327954286
0.1440286524114221 -0.009067399370722998 -0.007860169759732432
0.1452975244550697 -0.00759094033094419 -0.00929395636379066
0.1538542360625723 -0.01199714817020955 -0.0002616023356882547
0.1524628619251474 -0.01184155444400083 0.001943601901049721
0.1509227755667273 -0.01140868546105758 0.003720469869606976
0.149340681427863 -0.01059562577183178 0.005633179786168216
0.1318700661255749 -0.01137634029608158 0.003818230148609505
0.1331629843297833 -0.01186765497958426 0.001777291558959543
0.1347687046719577 -0.01199985072348742 -5.985494147159235e-05
0.1359174282300117 -0.01180607914722066 -0.002148603073990523
0.1306323924035188 -0.01052532078769251 0.005763473112296788
0.1294433237962229 -0.01137985315469551 0.003807747651508246
0.1318178937184756 -0.00935035256114765 0.007521363372570134
0.1293911513891236 -0.009357277928800947 0.007512745820482327
0.1500426557589023 -0.007608692932235156 -0.009279428423289592
0.1488657145971458 -0.005911496291526247 -0.01044290245072084
0.1511667716674638 -0.005918691237589147 -0.01043882627665033
0.1469337061656209 -0.006121836401636899 -0.01032100378217126
0.1480578220741824 -0.004276280014063532 -0.01121220001789661
0.1518933375130896 -0.004063371927707123 -0.0112911030717606
0.1530702786748461 -0.005932649474289452 -0.01043089977975118
0.1514138519865174 -0.002672394917406787 -0.01169864545173579
0.1533173589938997 -0.002688041259891605 -0.01169506024717788
0.1487075719299866 -0.002314440061910495 -0.01177469180912281
0.1501315934107966 -0.0008939243464158976 -0.0119666578150662
0.1270020984190197 -0.01137789595643147 0.003813591955705331
0.1282397721410758 -0.01187191485913251 0.001748610184549052
0.1257771864358122 -0.01053642459153345 0.00574314868577587
0.1245736347806652 -0.0113817369265497 0.003802113167018433
0.1269810766591187 -0.009360191048365265 0.007509116029074445
0.1245526130207641 -0.009367760708701954 0.007499670613066942
0.1281665779740755 -0.007896921864981596 0.00903540951248894
0.1221252258364141 -0.01138564457630233 0.003790395438752703
0.1209207232115119 -0.01054831875576458 0.005721273584332884
0.1196972262504683 -0.011389679695061 0.003778253094211031
0.1221238278880765 -0.009380437132290856 0.007483809137540784
0.1196958283021307 -0.009388411573197667 0.007473802789226385
0.1172585199469963 -0.01139306131888644 0.003768043760904787
0.1184630225718984 -0.01187614837744115 0.001719621969213597
0.1160666125904701 -0.01056062334649149 0.005698529155276731
0.1148324089119001 -0.01139715677577329 0.003755638085391729
0.1172685073706971 -0.009393017954621496 0.007468012701124592
0.114842396335601 -0.009401142693408278 0.007457782247972661
0.1184716120472617 -0.007936497881057809 0.009000666718858383
0.1124389700352403 -0.01140080362995064 0.003744552922753829
0.1112685158748459 -0.01057059567862769 0.005680009418916277
0.1124176888852413 -0.009416280720252279 0.007438659650596015
0.1100457032047133 -0.009421219008379016 0.00743240421372236
0.1084461060328995 -0.007888965233621857 0.009042357410692503
0.1072969330225041 -0.009346799609332258 0.007525778169929428
0.1504168460637217 -0.009426900761555938 0.007425196430517921
0.1538297573210689 0.009310667701034019 0.007570433736644281
0.1376355784175664 0.007218234648157666 0.009586296916126487
0.1491484910702224 0.0007245656095945871 -0.01197810522066795
0.1470469011733601 0.00189518719711516 -0.01184939937245305
2 10 0 35
3800
3801
3802
3803
3804
3805
3806
3807
3808
3809
3810
3811
3812
3813
3814
3815
3816
3817
3818
3819
3820
3821
3822
3823
3824
3825
3826
3827
3828
3829
3830
3831
3832
3833
3834
0.081 0.005266537097809135 -0.008173929107583886
0.081 -0.00539800445990322 -0.008086562764665975
0.081 0.002261987015452962 0.00955728483541398
0.081 1.469576158976824e-18 0.01
0.081 -0.002286805438893632 0.009547118250465416
0.081 0.007828696694378093 0.005956131632648298
0.081 0.009138527981418065 0.004059575813663926
0.081 0.009138527981418064 0.001661660052007566
0.081 0.007193928892716256 -0.0069326016355274
0.081 0.008522998297417046 -0.005017358697437486
0.081 0.009459285767523733 -0.0005692593530931133
0.081 0.009459285767523733 -0.002967175114749475
0.081 0.004424550285275341 0.008922298966738714
0.081 -0.004449368708716024 0.008912132381790141
0.081 0.006352731982782407 0.007659485711965463
0.081 -0.006390956664939206 0.007621854426206893
0.081 -0.009170188599924411 0.003985607297894614
0.081 -0.007866921376534889 0.005918500346889712
0.081 -0.009638393110400365 0.001701889817385045
0.081 -0.00995915089650602 -0.0005290295877156443
0.081 -0.009521612268120296 -0.002818820177067721
0.081 -0.008585324798013591 -0.004869003759755724
0.081 -0.007308094117270283 -0.006819199335225782
0.081 -0.006984098049804866 -0.00824303778177762
0.081 -0.005059986805122066 -0.009559235681981162
0.081 -0.005722000527368636 -0.006662724318114136
0.081 -0.001207387949510908 -0.009837432416450551
0.081 -0.003487914802536159 -0.009353926194106169
0.081 -0.003825932457317314 -0.007881253276790982
0.081 0.003339145302902015 -0.009415256579640372
0.081 0.001046472505220532 -0.009837432416450541
0.081 0.004845483624440847 -0.009664249238974331
0.081 0.006804199144203776 -0.008400123253538221
0.081 0.003760198776270304 -0.007924936448249927
0.081 0.005656266846321615 -0.006706407489573067
2 11 0 69
3835
3836
3837
3838
3839
3840
3841
3842
3843
3844
3845
3846
3847
3848
3849
3850
3851
3852
3853
3854
3855
3856
3857
3858
3859
3860
3861
3862
3863
3864
3865
3866
3867
3868
3869
3870
3871
3872
3873
3874
3875
3876
3877
3878
3879
3880
3881
3882
3883
3884
3885
3886
3887
3888
3889
3890
3891
3892
3893
3894
3895
3896
3897
3898
3899
3900
3901
3902
3903
0.1229106218803024 0.011 0.0003288795938630081
0.1079500000000001 0.011 -5.346092671072895e-05
0.08816112987622943 0.011 0.0003974127029187317
0.09814131914339386 0.011 -3.976729176777272e-06
0.1177810264143218 0.011 -6.647913714819334e-05
0.1030485531905657 0.011 -9.572942647917415e-06
0.1128551710690537 0.011 -1.999001064315574e-05
0.09321707483660388 0.011 6.557266229032487e-05
0.08454726815965337 0.011 -0.001126720474768927
0.1265487614172499 0.011 -0.001164450177269383
0.1270941976139361 0.011 0.001935989140933113
0.08392977114798325 0.011 0.001951169542583998
0.08491488557399163 0.011 0.003373500532948361
0.08246488557399163 0.011 0.003373500532948361
0.08246488557399163 0.011 0.0009755847712919988
0.128547098806968 0.011 0.003365910332122917
0.1260970988069681 0.011 0.003365910332122917
0.128547098806968 0.011 0.0009679945704665523
0.1258243807086249 0.011 -0.002980140850291052
0.1282743807086249 0.011 -0.002980140850291052
0.1282743807086249 0.011 -0.0005822250886346955
0.08277363407982669 0.011 -0.002961275999040824
0.08522363407982669 0.011 -0.002961275999040824
0.08277363407982669 0.011 -0.0005633602373844634
0.08948056493811472 0.011 0.002596622113115727
0.08703056493811472 0.011 0.002596622113115727
0.08604545051210634 0.011 0.001174291122751366
0.09445853741830196 0.011 0.002430702092801523
0.09200853741830195 0.011 0.002430702092801523
0.09068910235641665 0.011 0.0002314926826045283
0.09937065957169694 0.011 0.002395927397067971
0.09692065957169693 0.011 0.002395927397067971
0.09567919698999887 0.011 3.079796655677466e-05
0.1042742765952828 0.011 0.002393129290332401
0.1018242765952828 0.011 0.002393129290332401
0.1005949361669798 0.011 -6.774835912347343e-06
0.1091750000000001 0.011 0.002371185298300996
0.106725 0.011 0.002371185298300996
0.1054992765952829 0.011 -3.151693467932232e-05
0.1140775855345269 0.011 0.002387920756334783
0.1116275855345269 0.011 0.002387920756334783
0.1104025855345269 0.011 -3.672546867694235e-05
0.1189905132071609 0.011 0.002364676193082265
0.1165405132071609 0.011 0.002364676193082265
0.1153180987416877 0.011 -4.323457389567367e-05
0.1240053109401512 0.011 0.002562355558587866
0.1215553109401512 0.011 0.002562355558587866
0.1203458241473121 0.011 0.0001312002283574074
0.1250024097471192 0.011 0.001132434367398061
0.08703056493811472 0.011 -0.002199209410196995
0.08948056493811472 0.011 -0.002199209410196995
0.08635419901794139 0.011 -0.0003646538859250975
0.09200853741830195 0.011 -0.002365129430511198
0.09445853741830196 0.011 -0.002365129430511198
0.09692065957169693 0.011 -0.002399904126244749
0.09937065957169694 0.011 -0.002399904126244749
0.1018242765952828 0.011 -0.00240270223298032
0.1042742765952828 0.011 -0.00240270223298032
0.106725 0.011 -0.002424646225011725
0.1091750000000001 0.011 -0.002424646225011725
0.1116275855345269 0.011 -0.002407910766977939
0.1140775855345269 0.011 -0.002407910766977939
0.1165405132071609 0.011 -0.002431155330230458
0.1189905132071609 0.011 -0.002431155330230458
0.1215553109401512 0.011 -0.002233475964724857
0.1240053109401512 0.011 -0.002233475964724857
0.1247296916487761 0.011 -0.000417785291703188
0.08423851965381832 0.011 0.0004122245339075355
0.126821479515593 0.011 0.0003857694818318654
2 12 0 1
3904
0.13 0.0115 -1.040834085586084e-17
2 13 0 43
3905
3906
3907
3908
3909
3910
3911
3912
3913
3914
3915
3916
3917
3918
3919
3920
3921
3922
3923
3924
3925
3926
3927
3928
3929
3930
3931
3932
3933
3934
3935
3936
3937
3938
3939
3940
3941
3942
3943
3944
3945
3946
3947
0.16 0.005344334903046277 -0.008121666356213076
0.16 -0.005344334903046301 -0.00812166635621306
0.16 0.009570545472004761 0.001694250646552481
0.16 -0.00957054547200476 0.001694250646552483
0.16 -0.002296100594190535 0.009543277195067722
0.16 0 0.01
0.16 0.002296100594190542 0.009543277195067718
0.16 -0.004458663864012926 0.008908291326392447
0.16 0.00445866386401292 0.008908291326392452
0.16 -0.006405203956941672 0.007607654818444015
0.16 -0.007881168668537355 0.005904300739126834
0.16 -0.009181805176485791 0.003957760646198094
0.16 -0.01078527273600238 0.0008471253232762608
0.16 -0.0103285499310701 0.003143225917466792
0.16 -0.008423800717420455 0.002508785375283785
0.16 -0.00995928576752373 -0.0005692593530931271
0.16 -0.009502562962591459 -0.002865359947283666
0.16 -0.008744558503526109 0.0002778659701830955
0.16 -0.007265638984536329 -0.006862083622900417
0.16 -0.008566275492484756 -0.004915543529971669
0.16 -0.004968268045713719 -0.009604110373174237
0.16 -0.006914808138642453 -0.008303473865225799
0.16 -0.005695165748940178 -0.006680276113887679
0.16 -0.003423030821556272 -0.009381249089525702
0.16 -0.001126930227365742 -0.009837971894457995
0.16 -0.003799097678888854 -0.007898805072564524
0.16 0.001126930227365698 -0.009837971894457984
0.16 0.003423030821556242 -0.00938124908952572
0.16 0.006914808138642401 -0.008303473865225848
0.16 0.004968268045713644 -0.009604110373174272
0.16 0.003799097678888875 -0.007898805072564522
0.16 0.00726563898453631 -0.006862083622900432
0.16 0.00856627549248476 -0.004915543529971686
0.16 0.005695165748940186 -0.006680276113887662
0.16 0.009959285767523734 -0.0005692593530931298
0.16 0.009502562962591447 -0.002865359947283675
0.16 0.01032854993107011 0.003143225917466766
0.16 0.01078527273600238 0.0008471253232762233
0.16 0.008744558503526116 0.0002778659701831276
0.16 0.009181805176485789 0.003957760646198092
0.16 0.007881168668537358 0.005904300739126843
0.16 0.008423800717420445 0.002508785375283807
0.16 0.006405203956941672 0.007607654818444009
2 14 0 775
3948
3949
3950
3951
3952
3953
3954
3955
3956
3957
3958
3959
3960
3961
3962
3963
3964
3965
3966
3967
3968
3969
3970
3971
3972
3973
3974
3975
3976
3977
3978
3979
3980
3981
3982
3983
3984
3985
3986
3987
3988
3989
3990
3991
3992
3993
3994
3995
3996
3997
3998
3999
4000
4001
4002
4003
4004
4005
4006
4007
4008
4009
4010
4011
4012
4013
4014
4015
4016
4017
4018
4019
4020
4021
4022
4023
4024
4025
4026
4027
4028
4029
4030
4031
4032
4033
4034
4035
4036
4037
4038
4039
4040
4041
4042
4043
4044
4045
4046
4047
4048
4049
4050
4051
4052
4053
4054
4055
4056
4057
4058
4059
4060
4061
4062
4063
4064
4065
4066
4067
4068
4069
4070
4071
4072
4073
4074
4075
4076
4077
4078
4079
4080
4081
4082
4083
4084
4085
4086
4087
4088
4089
4090
4091
4092
4093
4094
4095
4096
4097
4098
4099
4100
4101
4102
4103
4104
4105
4106
4107
4108
4109
4110
4111
4112
4113
4114
4115
4116
4117
4118
4119
4120
4121
4122
4123
4124
4125
4126
4127
4128
4129
4130
4131
4132
4133
4134
4135
4136
4137
4138
4139
4140
4141
4142
4143
4144
4145
4146
4147
4148
4149
4150
4151
4152
4153
4154
4155
4156
4157
4158
4159
4160
4161
4162
4163
4164
4165
4166
4167
4168
4169
4170
4171
4172
4173
4174
4175
4176
4177
4178
4179
4180
4181
4182
4183
4184
4185
4186
4187
4188
4189
4190
4191
4192
4193
4194
4195
4196
4197
4198
4199
4200
4201
4202
4203
4204
4205
4206
4207
4208
4209
4210
4211
4212
4213
4214
4215
4216
4217
4218
4219
4220
4221
4222
4223
4224
4225
4226
4227
4228
4229
4230
4231
4232
4233
4234
4235
4236
4237
4238
4239
4240
4241
4242
4243
4244
4245
4246
4247
4248
4249
4250
4251
4252
4253
4254
4255
4256
4257
4258
4259
4260
4261
4262
4263
4264
4265
4266
4267
4268
4269
4270
4271
4272
4273
4274
4275
4276
4277
4278
4279
4280
4281
4282
4283
4284
4285
4286
4287
4288
4289
4290
4291
4292
4293
4294
4295
4296
4297
4298
4299
4300
4301
4302
4303
4304
4305
4306
4307
4308
4309
4310
4311
4312
4313
4314
4315
4316
4317
4318
4319
4320
4321
4322
4323
4324
4325
4326
4327
4328
4329
4330
4331
4332
4333
4334
4335
4336
4337
4338
4339
4340
4341
4342
4343
4344
4345
4346
4347
4348
4349
4350
4351
4352
4353
4354
4355
4356
4357
4358
4359
4360
4361
4362
4363
4364
4365
4366
4367
4368
4369
4370
4371
4372
4373
4374
4375
4376
4377
4378
4379
4380
4381
4382
4383
4384
4385
4386
4387
4388
4389
4390
4391
4392
4393
4394
4395
4396
4397
4398
4399
4400
4401
4402
4403
4404
4405
4406
4407
4408
4409
4410
4411
4412
4413
4414
4415
4416
4417
4418
4419
4420
4421
4422
4423
4424
4425
4426
4427
4428
4429
4430
4431
4432
4433
4434
4435
4436
4437
4438
4439
4440
4441
4442
4443
4444
4445
4446
4447
4448
4449
4450
4451
4452
4453
4454
4455
4456
4457
4458
4459
4460
4461
4462
4463
4464
4465
4466
4467
4468
4469
4470
4471
4472
4473
4474
4475
4476
4477
4478
4479
4480
4481
4482
4483
4484
4485
4486
4487
4488
4489
4490
4491
4492
4493
4494
4495
4496
4497
4498
4499
4500
4501
4502
4503
4504
4505
4506
4507
4508
4509
4510
4511
4512
4513
4514
4515
4516
4517
4518
4519
4520
4521
4522
4523
4524
4525
4526
4527
4528
4529
4530
4531
4532
4533
4534
4535
4536
4537
4538
4539
4540
4541
4542
4543
4544
4545
4546
4547
4548
4549
4550
4551
4552
4553
4554
4555
4556
4557
4558
4559
4560
4561
4562
4563
4564
4565
4566
4567
4568
4569
4570
4571
4572
4573
4574
4575
4576
4577
4578
4579
4580
4581
4582
4583
4584
4585
4586
4587
4588
4589
4590
4591
4592
4593
4594
4595
4596
4597
4598
4599
4600
4601
4602
4603
4604
4605
4606
4607
4608
4609
4610
4611
4612
4613
4614
4615
4616
4617
4618
4619
4620
4621
4622
4623
4624
4625
4626
4627
4628
4629
4630
4631
4632
4633
4634
4635
4636
4637
4638
4639
4640
4641
4642
4643
4644
4645
4646
4647
4648
4649
4650
4651
4652
4653
4654
4655
4656
4657
4658
4659
4660
4661
4662
4663
4664
4665
4666
4667
4668
4669
4670
4671
4672
4673
4674
4675
4676
4677
4678
4679
4680
4681
4682
4683
4684
4685
4686
4687
4688
4689
4690
4691
4692
4693
4694
4695
4696
4697
4698
4699
4700
4701
4702
4703
4704
4705
4706
4707
4708
4709
4710
4711
4712
4713
4714
4715
4716
4717
4718
4719
4720
4721
4722
0.11803125 0.004120470417034409 0.006857238769529926
0.1328405898393664 0.004092372477021409 0.006874044479730813
0.10321875 0.004120470417034409 0.006857238769529926
0.10321875 -0.004120470417032184 0.006857238769531262
0.13778125 -0.004120470417032184 0.006857238769531262
0.1562404579202125 0.004290450326186876 -0.006752187497287301
0.08489032754665739 3.454741934868713e-17 -0.008
0.155843963994696 -0.007364644267517791 -0.00312442231667189
0.14271875 0.004120470417025425 0.006857238769535323
0.12790625 -0.004120470417036681 0.00685723876952856
0.11309375 -0.004120470417036691 0.006857238769528554
0.09334375000000002 0.004120470417034409 0.006857238769529926
0.09334375000000002 -0.004120470417032039 0.00685723876953135
0.1558704666201487 0.007940127043714183 0.0009769250379014084
0.08445533105605064 0.007351414327982112 -0.003155425070943584
0.08424204459917729 -0.007333702790450094 -0.003196373473382687
0.14765625 -0.004120470417028366 0.006857238769533557
0.08462265172934011 0.006045505608560103 0.00523945244628371
0.08437427421577635 -0.006028939847313342 0.005258505901629984
0.1558204446957249 -0.006153386444961681 0.005112321904864937
0.15259375 0.004120470417032369 0.006857238769531151
0.09823035396875623 0.004094316245823158 0.006872886910111977
0.100700015910306 0.006998556592929262 0.003875591002101017
0.1055018320355914 0.00703885651280976 0.003801907283466502
0.1030310283485032 0.007997960764453386 -0.0001806200715984105
0.1078067826977751 0.007995410158275021 -0.0002709546105025846
0.09825942756985132 0.007999357475942508 -0.000101390197172612
0.1005792774955657 0.006873656405499365 -0.004093024263199225
0.09583970923218338 0.006911117014846129 -0.004029449293278714
0.09814793163846822 0.003984364470275412 -0.006937206914025769
0.102882309492694 0.003909630332923991 -0.006979598173238961
0.1004385240454359 -2.935844591539993e-05 -0.007999946129921965
0.1052027913464604 -0.000120209277569151 -0.007999096807114307
0.09569697689572147 6.048479707793415e-05 -0.007999771346064988
0.09799502591036782 -0.003950088716201687 -0.006956780802507443
0.09326072568292548 -0.003874550267709721 -0.006999132819356305
0.09555548311166411 -0.00685212477993122 -0.00412896912076762
0.1003071086897613 -0.006905218582010959 -0.004039549026147666
0.09784380321855395 -0.007999369028360443 -0.0001004746142451218
0.09306565251762722 -0.007997158045019603 -0.0002132210190816996
0.1102830255284193 0.007083891460690133 0.003717321854932852
0.1125915206971443 0.007991175791300964 -0.0003756454079653267
0.1101114309137272 0.006757260852702053 -0.004282455576948851
0.1149037047578053 0.006700213009192276 -0.004371172111854049
0.1124191878366723 0.003647957885299539 -0.007119859778610876
0.117227520345812 0.003552362605271247 -0.007168034592597226
0.1197195032802569 0.006649446381482456 -0.004448017852908178
0.1220473386105599 0.003459511527701824 -0.007213305760169757
0.1195151924557049 -0.0005991848212766981 -0.007977529539271642
0.1243821371998866 -0.0007032790314561725 -0.007969027456591806
0.1268797790521811 0.003372594209896497 -0.007254350990638144
0.1292171670143391 -0.000801901611642658 -0.007959708148245443
0.1317155611814581 0.003285750306474945 -0.0072940965803518
0.1340545540169474 -0.0008986883935267896 -0.007949362186448686
0.1365379268493858 0.003190674998533346 -0.007336183820879506
0.1388345930637626 -0.0009675248572067013 -0.007941277960799959
0.1413109940996893 0.003085407037143151 -0.007381074678876208
0.1435990717810411 -0.001037587308664335 -0.007932427911862716
0.1218790062392671 -0.0045925901246896 -0.006550428684185758
0.1170344161082148 -0.004507461140847219 -0.006609296033901968
0.1193701639720354 -0.007255606221797589 -0.003369892929191091
0.1411676865273617 -0.004797824266664943 -0.006401631222290223
0.1315548100785449 -0.004739791118961991 -0.006444717227978978
0.1458960843241025 -0.004858686486573175 -0.006355561786749556
0.1390198046274794 0.006380865646132443 -0.004825407092257274
0.1437733754087563 0.006316118404058066 -0.004909852167420011
0.129377501584388 0.006548463566207154 -0.004595391704964602
0.1434680638753983 -0.007349742463550854 -0.003159317286927261
0.1242271961909666 -0.007300720321186767 -0.003271006388225279
0.1387162735205247 -0.007327050786903419 -0.003211592559173408
0.1483029550021116 -0.001130954893082858 -0.007919655360545176
0.1218556740640703 -0.00795630577464311 0.0008349840839085976
0.1145186899632187 -0.007211990141760822 -0.003462253340693707
0.1481960627393181 -0.00738177305650767 -0.003083735809406733
0.1121876713546532 -0.004420447474474576 -0.006667806545289938
0.1096785009429737 -0.007161886879564179 -0.003564740709269955
0.1026387661704539 -0.007999997617462009 6.174188382369355e-06
0.1414855420279817 0.007927935260016308 -0.001071374123726237
0.1462331278096649 0.007913244555427501 -0.001174972597977084
0.1369201834230925 0.007943916669077886 -0.0009456151197746939
0.1477629185798565 0.006266868378095225 -0.004972560782095089
0.093540091874664 0.007999814880096443 -5.442319530812257e-05
0.141044147775207 -0.007947474848830389 0.0009152286748175985
0.1365351791546005 -0.007951867889865211 0.0008762402993075635
0.09113394420036552 0.006950656388015515 -0.003960855434844739
0.1128656119477459 -0.007977304571840741 0.0006021725401318174
0.09098981732621167 0.000126059586985614 -0.00799900674962392
0.1274138805088595 -0.007944501494260311 0.0009406891132014174
0.08858449286600312 -0.003772997179850969 -0.007054395245578223
0.1509248412853949 0.007892421012760577 -0.001307551359348958
0.1480155463151868 0.007470065143642991 0.00286323711028794
0.1392030684456245 0.007375666111354834 0.003098313963079253
0.08892042950114407 0.003940987730683106 -0.006961940513003916
0.08885468293660451 0.007999999167801284 -3.648996952995732e-06
0.1150731552262066 0.007128584497276413 0.003630879103631846
0.1373665106173359 0.004102681610122397 0.006867896592550262
0.1476171604479226 0.004127853619607911 0.006852796837429946
0.0933979485244736 0.00399667244262833 -0.006930123331249978
0.09829899560612777 -0.004111355058258104 0.006862707890106901
0.1449593758091035 0.003068584060674609 -0.007388084451505256
0.14275481603585 -0.004101940323951125 0.006868339361064197
0.1451876621854029 -0.007022576770187444 0.003831894506223219
0.1500243045328199 -0.007035005692033647 0.003809028079845852
0.1279571460312437 0.004094316245823206 0.006872886910111948
0.1295916593152688 0.006995304300044196 0.0038814581988968
0.1255646047892408 0.00699862334906891 0.003875470451166861
0.12296875 0.004120470417034915 0.006857238769529622
0.1204999999999995 0.007015813636883713 0.003844263129979077
0.1230470531847158 0.007996903006088791 -0.0002225810216709331
0.09083040870684908 -0.00680762092928756 -0.004201939704841798
0.1081562882821574 -0.004118070215121714 0.006858680463713658
0.09593905150326314 0.006996124056073176 0.003879980437068494
0.1328439887711689 -0.004114730934219912 0.006860684320020397
0.1146984426844 -0.0005006806320104015 -0.007984317059381452
0.1180054212493045 -0.004114405163427775 0.006860879692223066
0.1229450964935583 -0.004122604983205162 0.006855955670251374
0.134213247076534 0.006470273921940897 -0.004704843820473913
0.1364202526209094 -0.004756785402322169 -0.006432184126426632
0.124748916195129 0.006601307265860829 -0.004519152838939288
0.1439467801698346 0.007435031611210752 0.002953016244502704
0.105343588836371 0.006824488125029326 -0.004174489409656433
0.1176093025091954 -0.007966755158797623 0.0007285686239274002
0.1267277747212287 -0.004670443327224973 -0.00649514889184072
0.1290558505579899 -0.007330096358071941 -0.003204635296157813
0.1319240881257809 0.007963071360681834 -0.0007677854548562112
0.1173810777185649 0.007985734174273324 -0.000477545492956579
0.1027470420582787 -0.004036361145527741 -0.006907082502972872
0.1313993053352169 -0.007941614633018823 0.0009647574931667145
0.08845161234875211 -0.007988803756042207 -0.0004231011078287797
0.09129218098205685 -0.007112862039284096 0.003661583483974015
0.1076080613215453 0.003815506429300107 -0.007031494200237212
0.1079650767717634 0.004265503112468969 0.006767974822464808
0.1127526635353757 0.004310497396658433 0.00673940740669392
0.1057013620662665 -0.007042823544969177 0.003794553532950589
0.1099420143851771 -0.0003099472105437973 -0.007993993540570078
0.1339704220313785 -0.007304491649647829 -0.003262575936315527
0.1074834855249483 -0.004151354902998597 -0.006838585560578262
0.1050045287533676 -0.006935804483067379 -0.003986805258933831
0.08868839045827236 0.003975082408509335 0.006942529787156813
0.08868839045827225 -0.003975082408509305 0.00694252978715683
0.152311609541728 -0.003975082408509222 0.006942529787156878
0.1540997764877902 -0.007925847696422149 0.001086709847714515
0.09123983188381174 0.006989790860301759 0.003891378127250294
0.156186332852898 2.485448575546256e-05 -0.007999961390815448
0.1527937475574885 0.002074719741628271 -0.007726288759404345
0.09536122977921258 -0.00702654008075038 0.003824622137363174
0.1560959159208228 -0.004303351567105758 -0.006743972515505117
0.1524462127159025 -0.006063255865006853 -0.005218901063965479
0.1561096724533448 0.007277055962836168 -0.003323320104015046
0.1562325245895774 0.006045996594834041 0.00523888587156231
0.08466434391285545 0.007918571535047455 0.001138518706186328
0.1524665556586527 -0.002230738990545138 -0.007682695071136278
0.1001549847789836 -0.007018858219282957 0.003838701511918331
0.1348401480777388 0.006923325427254751 0.004008436731236732
0.1275156705169685 0.007999997367504756 -6.489985900334237e-06
0.08452515191449476 -0.007918571535047464 0.001138518706186274
0.08446000958677766 -0.004325126539644758 -0.006730028262649464
0.1518867255943301 0.006048506074898622 -0.005235988374883434
0.1069600797102757 -0.007995393667705507 -0.0002714407825192648
0.152765979312069 0.007238014919173603 0.003407512293421749
0.1106261058875669 -0.006677059229876951 0.00440645890037738
0.1155612730887563 -0.006633257009447617 0.004472124936382486
0.0847822157885473 0.004326015586259175 -0.006729456824101236
0.1204739052094276 -0.006591024526063927 0.004534136709101722
0.1348441593965818 -0.006533018688413223 0.004617322472693842
0.1402819899069401 -0.006521703636982338 0.004633290587840498
0.1475891571932555 -0.00796293607659011 0.0007691872594756847
0.1254273000440566 -0.006545688579665524 0.004599343542076015
0.1303737879933955 -0.006531190256021454 0.004619908423296983
0.151471325740879 -0.007832834325700406 -0.001626870131918796
0.0876844865420956 0.007283906399991721 0.003308278639437683
0.1494074110516266 -0.004316308813431955 -0.006735686915756227
0.08466621337220692 0.003215805551817739 0.007325202703877771
0.08436829787242232 -0.003153506653830781 0.007352237467889961
0.1563337866277931 -0.003215805551817756 0.007325202703877764
0.1566408764514061 0.003144172597669806 0.007356234000904424
0.1574906709080125 -0.007919165061566135 0.001134382972223328
0.0871990575227939 -0.007358580764412891 0.003138676334637357
0.08787881306337575 0.006448601663673214 -0.004734504893151032
0.08762333965465069 -0.006243754396884869 -0.005001552862000048
0.1489615842441992 0.003683698111420244 -0.007101434237104427
0.08268414893621116 -0.001609673919910536 0.007836386276311285
0.08268414893621116 -0.003752235957986935 0.00706546002151239
0.08283310668610347 0.003782191475307022 0.007049470025761858
0.08283310668610347 0.001642920930686845 0.007829483432226616
0.08530185668610346 0.001642920930686845 0.007829483432226616
0.08515289893621117 -0.001609673919910536 0.007836386276311285
0.1581668933138966 -0.003782191475307042 0.007049470025761847
0.1581668933138966 -0.001642920930686849 0.007829483432226616
0.1583204382257031 0.001604700593999488 0.007837406203816266
0.1583204382257031 0.003747751433503545 0.007067839782611949
0.1556981433138966 -0.001642920930686849 0.007829483432226616
0.1558516882257031 0.001604700593999488 0.007837406203816266
0.08268713710788818 -0.005229055096394481 0.00605450103632586
0.08268713710788818 -0.006722991680996754 0.004336056140924429
0.08437128604409934 -0.004709061361299283 0.006467205045111694
0.08276257595724738 -0.00767594378891598 0.002253860454731432
0.08276257595724738 -0.008 -8.391925477342312e-18
0.08444971306513556 -0.007271646447877269 0.003335139867692795
0.08262102229958865 -0.00769523616179362 -0.002187084912440254
0.08262102229958865 -0.006767352003134062 -0.004266491165545453
0.08438359825683603 -0.007928164388884733 -0.00106967725170725
0.08273000479338882 -0.005238885871562263 -0.006045996594834083
0.08273000479338882 -0.003323320104015065 -0.007277055962836159
0.08435102709297748 -0.006091285117238972 -0.005186159043116881
0.0829451637733287 -0.00113851870618625 -0.007918571535047467
0.0829451637733287 0.001138518706186315 -0.007918571535047457
0.08467516856671753 -0.00225386045473141 -0.007675943788915987
0.08289110789427365 0.003323800772059261 -0.007276836429909515
0.08289110789427365 0.005239285219600573 -0.006045650534696409
0.08483627166760235 0.00225436747306093 -0.007675794896712971
0.08272766552802532 0.006779222454354734 -0.004247604373570187
0.08272766552802532 0.007701304752139763 -0.002165618875672613
0.08461877342229898 0.0061060640427078 -0.005168750516938391
0.08283217195642772 0.008 4.826841534423019e-17
0.08283217195642772 0.007675943788915966 0.002253860454731483
0.08455983748445305 0.00793111627418038 -0.001047566057788778
0.08281132586467005 0.006729825591661557 0.004325441885613213
0.08281132586467005 0.005238602566947473 0.006046242068059413
0.08464349782109779 0.00727690023315718 0.003323661083305121
0.08464443255077352 0.004746636665745362 0.006439677038749829
0.1579102223478625 -0.006774535237059042 0.004255076065341887
0.1579102223478625 -0.005301325500018431 0.00599132272063977
0.156077115661759 -0.004813486265253997 0.006389863063807481
0.1587453354540063 -0.007999999727241103 -2.089052963711729e-06
0.1587453354540063 -0.007676532081438577 0.002251855946246188
0.1566555578018687 -0.007311988512978261 0.00324573935892486
0.157921981997348 -0.006788155943699672 -0.004233312991501433
0.157921981997348 -0.007705850024785066 -0.002149389540199732
0.1566673174513542 -0.007933036147915165 -0.001032926655610802
0.1580479579604114 -0.003311555523986761 -0.007282417181922001
0.1580479579604114 -0.005229108269648421 -0.006054455112088494
0.1559699399577594 -0.006108258148577754 -0.005166157410526073
0.158093166426449 0.001150818098825684 -0.007916793397797826
0.158093166426449 -0.001126216566215295 -0.00792033056418621
0.1561411243868604 -0.002229520426573075 -0.00768304878726495
0.1581202289601062 0.005223318312182064 -0.006059450949518735
0.1581202289601062 0.003304592610427482 -0.007285579433312637
0.1562133953865552 0.002246040700284785 -0.007678235550741084
0.1580548362266724 0.007675943788915993 -0.00225386045473139
0.1580548362266724 0.006730028262649473 -0.004325126539644744
0.1561750651867786 0.006032502245072795 -0.005254418775011341
0.1579352333100744 0.007698510058139926 0.002175532781807341
0.1579352333100744 0.007999584721196726 -8.151250453707132e-05
0.1559900695367467 0.007906560044283178 -0.001219142430622771
0.1581162622947887 0.005238885871562258 0.006045996594834086
0.1581162622947887 0.006730028262649428 0.004325126539644814
0.156051495604863 0.007310539730081784 0.003249001208817221
0.1564367005204917 0.004715463203325721 0.006462538725460848
0.08731294522913619 0.002056667413893834 0.00773111370687479
0.08978169522913618 0.002056667413893834 0.00773111370687479
0.08978169522913612 -0.002056667413893816 0.007731113706874794
0.08731294522913613 -0.002056667413893816 0.007731113706874794
0.08667730191523965 0.003600531496153334 0.007143960592361063
0.08652834416534728 -0.00357017655037417 0.007159178681885123
0.09210937500000002 0.002138000215594073 0.007709017776482274
0.09457812500000001 0.002138000215594073 0.007709017776482274
0.09457812500000001 -0.002138000215592739 0.007709017776482644
0.09210937500000002 -0.002138000215592739 0.007709017776482644
0.09101607022913619 0.004048001053262496 0.00690026720299915
0.09101607022913613 -0.004048001053261289 0.006900267202999859
0.09702142698437813 0.002123311649182026 0.007713076405718272
0.09949017698437812 0.002123311649182026 0.007713076405718272
0.0995244978030639 -0.002132877971092673 0.007710436535010687
0.09705574780306389 -0.002132877971092673 0.007710436535010687
0.09578705198437812 0.004107400783359418 0.00686507529491545
0.0958213728030639 -0.00411591364604858 0.006859974843851185
0.101984375 0.002138000215594073 0.007709017776482274
0.104453125 0.002138000215594073 0.007709017776482274
0.104453125 -0.002138000215592821 0.007709017776482621
0.101984375 -0.002138000215592821 0.007709017776482621
0.1007245519843781 0.004107400783359418 0.00686507529491545
0.1007588728030639 -0.004115913646048653 0.006859974843851141
0.1093906441410787 -0.002136651151953768 0.007709391795391816
0.1069218941410787 -0.002136651151953768 0.007709391795391816
0.1068262883858817 0.002219932591350642 0.007685824567986133
0.1092950383858817 0.002219932591350642 0.007685824567986133
0.1055919133858817 0.004193224299085876 0.006812992732827165
0.1056875191410787 -0.004119270379148863 0.00685795972162762
0.114328125 -0.002138000215595354 0.007709017776481918
0.111859375 -0.002138000215595354 0.007709017776481918
0.1116888317676878 0.002245522294083125 0.007678387176144197
0.1141575817676879 0.002245522294083125 0.007678387176144197
0.1106250191410787 -0.004119270379151116 0.006857959721626267
0.1103588701535695 0.004288024044644497 0.006753728584459894
0.116796875 0.002138000215594073 0.007709017776482274
0.119265625 0.002138000215594073 0.007709017776482274
0.1192527106246523 -0.002134591584146188 0.007709962306580511
0.1167839606246523 -0.002134591584146188 0.007709962306580511
0.1153919567676878 0.004215895590073139 0.006798987010842267
0.1155495856246523 -0.004117438192676607 0.006859059901290264
0.121734375 0.002138000215594361 0.007709017776482194
0.124203125 0.002138000215594361 0.007709017776482194
0.1241912982467791 -0.002139200158702898 0.00770868488660715
0.1217225482467791 -0.002139200158702898 0.00770868488660715
0.1205 0.004120470417034665 0.006857238769529772
0.1204752588714314 -0.004118505809202117 0.006858418906684573
0.129140625 -0.002138000215595349 0.00770901777648192
0.126671875 -0.002138000215595349 0.00770901777648192
0.1266973230156219 0.002123311649182053 0.007713076405718266
0.1291660730156219 0.002123311649182053 0.007713076405718266
0.1254256732467791 -0.004121537750052037 0.006856597302955454
0.1254629480156219 0.004107400783359698 0.006865075294915281
0.1316077949196832 0.002122221025500588 0.007713376557573423
0.1340765449196832 0.002122221025500588 0.007713376557573423
0.1340782443855844 -0.002134774629772054 0.007709911625957952
0.1316094943855844 -0.002134774629772054 0.007709911625957952
0.1303988679353051 0.004093344402341401 0.006873465763631933
0.1303751193855844 -0.004117601036026822 0.006858962145114292
0.139015625 -0.002138000215592821 0.007709017776482621
0.136546875 -0.002138000215592821 0.007709017776482621
0.136339505308668 0.002128006961877464 0.007711782308273558
0.1388082553086679 0.002128006961877464 0.007711782308273558
0.1351035502283511 0.004097528196600033 0.006870972469604843
0.1353126193855844 -0.004117601036024572 0.006858962145115643
0.141484375 0.002138000215589026 0.007709017776483674
0.143953125 0.002138000215589026 0.007709017776483674
0.143971158017925 -0.002127590786721735 0.007711897136519444
0.141502408017925 -0.002127590786721735 0.007711897136519444
0.140268033017925 -0.004111209117053342 0.00686279531939118
0.1400426303086679 0.004111579466907361 0.006862573444948024
0.148890625 -0.002138000215590675 0.007709017776483216
0.146421875 -0.002138000215590675 0.007709017776483216
0.1464023302239613 0.002142151406945885 0.007707865291357898
0.1488710802239613 0.002142151406945885 0.007707865291357898
0.1451679552239613 0.004124162616339955 0.006855018797493118
0.145205533017925 -0.00411120911705143 0.006862795319392325
0.151359375 0.00213800021559293 0.00770901777648259
0.153828125 0.00213800021559293 0.00770901777648259
0.153687054770864 -0.002056667413893769 0.007731113706874807
0.151218304770864 -0.002056667413893769 0.007731113706874807
0.149983929770864 -0.004048001053259401 0.006900267203000967
0.1501054552239613 0.004124162616343426 0.006855018797491029
0.1546173132257031 0.003640880194815344 0.007123481691350192
0.1543226980847606 -0.003600531496153281 0.00714396059236109
0.1165522026131033 0.005851295436886485 0.005455487302732122
0.1177865776131031 0.007073003805320845 0.003737996411169605
0.1192656249999998 0.005768336951281493 0.005543129875483754
0.1139129093807912 0.00592696260295031 0.005373184744937445
0.1217343749999998 0.005768336951281701 0.005543129875483539
0.1338403689585526 0.005691162185496551 0.00562233696770072
0.1361033293475373 0.005695378430946307 0.00561806590636952
0.1287744026732563 0.005743002907573852 0.005569373178697786
0.1312161245773176 0.005742215359965957 0.005570185163867629
0.1322159036965038 0.006959604461341987 0.003945111626008663
0.09946518493953112 0.005745337470003623 0.005566964824369951
0.101959382955153 0.005755931398507881 0.005556010595352668
0.1031009239729487 0.007018803245418079 0.003838802026949116
0.1043602910177957 0.005785015730680339 0.005525721038541579
0.1067334544036774 0.005843502870358058 0.005463833288463069
0.1016868673894918 -0.005770533113227666 0.005540843581003078
0.09922699019255568 -0.005766850574162567 0.005544676226370741
0.106928825174212 -0.005786934062434601 0.00552371199077524
0.1044600560331333 -0.005787900589601234 0.005522699228175811
0.102928173422625 -0.007030875533728853 0.003816646332739388
0.141518402971395 -0.005428104043479795 0.005876707113099843
0.13903161995347 -0.005436032885082318 0.005869373601356759
0.1363127046982909 -0.0054432080416029 0.005862720035600329
0.1338440740838753 -0.005440754644447875 0.005864996922328169
0.1375630746517609 -0.006527366045616765 0.004625309990317335
0.1545171027388505 0.003219637528553015 -0.007323519248608078
0.1544900402051932 0.00105866763498719 -0.007929642037231607
0.1540635917572713 0.005224769833263592 -0.006058199418096002
0.1523402365759093 0.004248187662740253 -0.006778856952476687
0.1539981990238375 0.006731064246014615 -0.004323514093422583
0.08794007243643454 6.303174997035421e-05 -0.007999751683552164
0.08673741020633025 -0.001944844214246232 -0.00775999877463347
0.08978715509610739 -0.001883643059328787 -0.007775081274497553
0.08995512341367787 0.002098593592343066 -0.007719838400781238
0.08690537852390073 0.002037704087443611 -0.00773613353375028
0.08652225122639039 -0.004052308654207921 -0.006897738366380069
0.08685132264484569 0.004135135805144146 -0.006848405060524304
0.1549718702412431 -0.007929892474132951 -0.001056790115722886
0.1536576448677875 -0.007635542189939495 -0.002387152166422153
0.1527855511143346 -0.007995304487326223 -0.0002740550217404655
0.1557952236979014 -0.007922542237621897 0.001110551436493157
0.1542710643183627 -0.005239093256085295 -0.006045816888894468
0.1541450883552992 -0.006795133243578081 -0.004222104238649259
0.1519587692283907 -0.00717641987353462 -0.003535392170429944
0.1409609092228122 0.006047534017675092 0.005237111064801144
0.1382847895314802 0.006040741254505758 0.005244944718117837
0.1415749243077295 0.007405705207072333 0.003025810698960154
0.1433327650849173 0.006098618299449938 0.005177533663590643
0.1457819703088786 0.006101405648169453 0.005174248652363538
0.1316088883822822 -0.005439593610927353 0.005866073759164499
0.1291400189966977 -0.005442047458726862 0.005863797358108864
0.1266667750220283 -0.005451262207073798 0.005855231878391231
0.1241861982688074 -0.005452173553744787 0.005854383275789683
0.127900544018726 -0.006538447502992925 0.004609631682749239
0.1118599279437835 -0.005536085450095032 0.005775098084816056
0.1093911970848622 -0.00553507475852785 0.005776066777445346
0.1167833471690304 -0.005504961204808976 0.005804774081180775
0.1143275115443781 -0.005507527157449737 0.00580233958071687
0.1130936894881616 -0.006655239109511994 0.004439345942278211
0.09464140075163158 0.005754188471403618 0.005557815671247625
0.09708470273600969 0.005743591107624048 0.005568766576938017
0.09229179094190587 0.005749657272396739 0.005562503146064306
0.09358944169353745 0.006992959780297261 0.0038856805724538
0.08996411117104205 0.005690737479730514 0.005622766839981043
0.09683011269267017 -0.005772405762950427 0.005538892642745181
0.09435248988960629 -0.005776084458250556 0.005535056307857797
0.09231796549102844 -0.005839519902745345 0.005468089913803631
0.08999028572016454 -0.005781589762377678 0.005529305545868272
0.09332670538063471 -0.007070171036024065 0.003743351642761658
0.1533976539527718 0.007998256221986402 -0.0001670251701266084
0.1535172568693698 0.007651410904943161 -0.002335789195050976
0.1543182229661089 0.00768576196372671 0.002220149327620049
0.151845410298732 0.007924044370459514 0.001099782167062596
0.1544992519508232 0.006704828317843027 0.004364089507360069
0.08665500699632758 0.007835808649065841 -0.001612483430992386
0.08675951342472998 0.007979746867596879 0.0005688936008409747
0.08616707205971319 0.006945033017467328 -0.003970707290431853
0.08836674799999013 0.007601694934320194 -0.002492836562137739
0.08633051442596153 0.005478873289494439 -0.005829403698292337
0.0863468284739647 -0.007785728072583264 -0.001839140663404761
0.08648838213162344 -0.007991921625852799 0.0003594283325314874
0.08803747600170139 -0.007475425272881218 -0.002849213398390645
0.08593269212691398 -0.006848467279234873 -0.004135032759876189
0.08604167462071417 -0.005354644513438533 -0.00594371787139183
0.1464219560927015 -0.005773218524533412 0.005538045491686057
0.1439712391106265 -0.005765736681775181 0.005545834519387694
0.14884027726641 -0.00578221920261978 0.00552864731130998
0.1476059833591114 -0.007028800529884193 0.003820466347332442
0.1511679570372739 -0.005723654272653022 0.005589255922494586
0.08665552109380623 0.005082141690193983 0.006178336009055533
0.08615356913571785 0.006734290177256508 0.004318487676085983
0.08818643850018398 0.005915501043754659 0.005385800534863647
0.08617441522747551 0.007678267928597177 0.002245930011526632
0.0865313323370243 -0.005072385970675431 0.006186347918157777
0.08794372399053307 -0.005977483207954186 0.005316925286161705
0.08578666586928513 -0.006777156216336076 0.004250900330444985
0.08586210471864433 -0.007703765522774525 0.002156848805575056
0.1529223746142724 -0.006626316132541011 0.004482402760978395
0.1540660271187264 -0.00514624965892964 0.006125039954805729
0.1549601105917575 -0.007321720877679354 0.003223725079679449
0.1520620405103051 -0.007603258358556941 0.002488063972858015
0.1503046481575934 0.006129693382162718 0.00514070608386344
0.1478163533815547 0.006132460893788904 0.0051374043432603
0.1503907628136279 0.007359073559375501 0.003137520732632759
0.1526798646560345 0.005935398088855883 0.005363865166725011
0.1544131372947887 0.005147235122027458 0.006124211834886754
0.09831953370678456 0.006997340668688045 0.003877785910326194
0.1018655221294046 0.00776769562233036 0.00191387165683328
0.1042664301920473 0.007777634569128968 0.001873072478333407
0.09947972174007866 0.007758121645679412 0.001952318757488276
0.1006452279591772 0.007998757219992127 -0.0001410068637472022
0.09709923953655722 0.007757508918851156 0.001954751998066448
0.1054189055231391 0.007996813018335703 -0.0002257909426363789
0.1066543073666832 0.00778808991898264 0.00182911328622395
0.1090449041130972 0.007798905155220046 0.001782436080167303
0.1078924287820054 0.007061500637571941 0.003759682000591416
0.1091240511500913 0.005876122035525746 0.005428737406028107
0.1041873085924371 0.007675545312399752 -0.002255217097597965
0.106575185767073 0.007662685055770141 -0.002298533823130943
0.09941935253270852 0.007699670194797742 -0.002171423240951267
0.1018051529220345 0.007688821493052252 -0.002209530277678433
0.1029614331659684 0.006849193385891152 -0.004133829938769238
0.1101991516974597 0.007993464369193334 -0.0003233069415224422
0.1114372731127818 0.007810410259186303 0.001731326538581717
0.1089591068057512 0.007644171668040997 -0.002359372694069193
0.1113514758054358 0.007628557352780473 -0.002409380151686112
0.1077275098750491 0.006791089050870028 -0.004228606094584034
0.09704956840101735 0.007709602742731959 -0.00213588987292413
0.09820949336387455 0.006892460011256213 -0.004061279969816659
0.09589975972225766 0.007999620646904218 -7.790703192735186e-05
0.09468990055342369 0.007715839592279685 -0.002113248538674349
0.09473957168896358 0.007751737168528522 0.001977516338757643
0.0969938204353258 0.005638407824325031 -0.005675240717942304
0.09936360456701697 0.005612174094992589 -0.005701184256581619
0.1005151205655811 0.003947054312135725 -0.006958502874688691
0.1017307934941298 0.005581477891678399 -0.005731239355035283
0.1041129491645325 0.005547295157211792 -0.005764331395641181
0.09461882887832848 0.00564344267099329 -0.005670234106208678
0.09577294008147091 0.003990520028213022 -0.006933667853627742
0.09233701803751476 0.007726202236233728 -0.002075041928447942
0.09348682671627445 0.006930971558693942 -0.00399520127810548
0.09226594636241955 0.005671431926041004 -0.005642238909181607
0.09929322784195208 0.002047650317664594 -0.007733506848549892
0.101660416769065 0.002006091963857614 -0.007744391198315456
0.09692245426709484 0.002091043326179763 -0.007721886933129691
0.09806775047057871 1.556342094535962e-05 -0.007999984861231206
0.09454746271009754 0.002097896073647275 -0.007720027983380329
0.1028206576959482 -7.478506745598306e-05 -0.007999650441968424
0.1040425504195772 0.001962083675537327 -0.007755657783205106
0.1064054263340029 0.001909939517656663 -0.007768663401055129
0.1052451854071196 0.0038626555370847 -0.007005704261659131
0.1064758250789581 0.00550844716071511 -0.005801466183441013
0.1015927830518573 -0.002105019400347236 -0.007718088709270046
0.1039749167023696 -0.00214881205103037 -0.00770601108027666
0.09684600140304464 -0.002013507382753619 -0.007742466533321063
0.09921677497790188 -0.002056951240088205 -0.007731038196510194
0.1003710339843233 -0.003993302246102048 -0.006932065866051501
0.1051152637916135 -0.004094001279995318 -0.006873074531779552
0.1063431384357044 -0.002213201691105335 -0.007687765492943218
0.1075724028658188 -0.0002150933794861487 -0.007997107904617846
0.1087750378533612 0.001817646171312539 -0.007790774184631003
0.1087127499550627 -0.002304245220702792 -0.007660969518466207
0.09447885128932348 -0.001971571256346028 -0.007753251368371217
0.09562787579664665 -0.0039123768006762 -0.006978059025942004
0.09334339711096656 9.327297549848814e-05 -0.00799945624102299
0.09212527150456858 -0.001939776421388836 -0.00776126712818364
0.09219388292534264 0.002129520553439168 -0.007711364484478745
0.0944081043972948 -0.005552013086133243 -0.005759787382482554
0.09677525451101596 -0.005583107005141047 -0.005729652360234867
0.09793129590071269 -0.006878816982804827 -0.004084345347430345
0.09915106730006454 -0.005620229928028568 -0.005693242973568931
0.10152707537402 -0.005655548496273354 -0.005658159701378197
0.09204556719488728 -0.005521165429550307 -0.005789363721475666
0.09319294590925659 -0.006829970306426321 -0.004165513847454447
0.0909226092744643 -0.003823873556305306 -0.007026947489869909
0.0897074507864261 -0.005479187489566955 -0.005829108375572801
0.09669964316510903 -0.007694082731664761 -0.002191139182776419
0.09907545595415761 -0.007708161892723551 -0.00214108389269652
0.09431056781464567 -0.007678448469763218 -0.002245312694746747
0.09545472786809059 -0.00799846219846641 -0.0001568517124672599
0.09194803061223815 -0.007666344585788903 -0.002286298469567171
0.1002412846945039 -0.007999861046208206 -4.71512604342532e-05
0.1014729374301076 -0.007722262399737829 -0.002089656294608121
0.1038216474619107 -0.007730169293955787 -0.002060214233225052
0.1026558187215644 -0.006920561779816189 -0.00401320628073706
0.1038757854058232 -0.005677068736667197 -0.005636567267331769
0.0942134411484199 -0.007778426619990593 0.00186978055327937
0.09660251649888327 -0.00776505520045971 0.001924556503149131
0.09899939399876875 -0.007763122088032539 0.001932339371410032
0.1013968754747187 -0.007750069295344688 0.001984042821452071
0.09775810727909807 -0.007022702678374032 0.003831663749751301
0.0896410105278006 -0.007635669659743528 -0.002386744403423238
0.09075863243318966 -0.00799366975106959 -0.0003181884831904644
0.08987189666540449 -0.007822163351788295 0.001677426748904438
0.09217891674984204 -0.007799468201181443 0.001779970724129894
0.1138323379616754 0.007820795833003033 0.001683791120799256
0.112678090377313 0.007106369417730646 0.003674168436359796
0.1115178445318975 0.005894172938475596 0.005409133513913477
0.1125075678357663 0.006728883142229746 -0.004326907863384236
0.1137476127274748 0.007612508432322851 -0.002459616914849444
0.1161423912381851 0.007596666586782129 -0.002508118172907322
0.1149862992078546 0.007988617459789087 -0.0004266041269759965
0.1162271164723858 0.007831375702439032 0.001633877170183719
0.1112653093751998 0.005392574514767246 -0.005909326535459248
0.1136614462972388 0.00535350176872551 -0.0059447471613394
0.1088597461176362 0.005462156656296727 -0.005845070116095559
0.1100136245791088 0.003731993704802556 -0.007076172905413921
0.1148233540912421 0.003600240824571188 -0.007144107082420516
0.1160656125518087 0.005313608624712609 -0.005980431705435635
0.1184735118130345 0.00527909551122153 -0.00601091927939485
0.1173116040190312 0.006674940282784337 -0.00440966803980333
0.1185502904994109 0.0075821032810941 -0.002551805210987327
0.1135588152605362 0.001631919153891244 -0.007831783952278236
0.115962981515106 0.001579484087566613 -0.007842527017302769
0.1111806011109247 0.00172528440398824 -0.007811747162149768
0.1123202285347886 -0.0004053427973371041 -0.007989724476891988
0.119637429478186 0.003506010137437934 -0.007190820044764189
0.1208834209454084 0.005240177650130444 -0.006044877020674066
0.1183713564007585 0.001531056913750298 -0.007852124854258076
0.1207812655331324 0.001480329933835153 -0.007861846048288634
0.1171068175700525 -0.0005499431983768155 -0.007981075270824044
0.1233981274028445 0.005207651456267933 -0.006072920739646656
0.122234209737693 0.006625472292765605 -0.004483649952638506
0.1213832782324864 0.007621841424445683 -0.002430541771005758
0.1238979846899224 0.007608683731845477 -0.002471423045281804
0.1202140654516404 0.007992335361468378 -0.0003501077974312341
0.1219486648277958 -0.000651245800962595 -0.007973448369854074
0.1232147379052233 0.001428979780805482 -0.007871341485798282
0.1256309581260339 0.0013816662018049 -0.007879784166256714
0.1244635588313705 0.003416114515083916 -0.007233958917483081
0.125814347623655 0.00517107386277674 -0.006104096583910452
0.120697099347486 -0.002692171239917247 -0.007533406534560738
0.1231305717195769 -0.002741288592801209 -0.007515672747730436
0.1182748042819599 -0.002643383055276547 -0.007550663945844552
0.119456711173741 -0.004550120833567526 -0.00658000003039018
0.1158664293963074 -0.002596736742411144 -0.007566832778026218
0.1267996521071129 -0.0007526047465083289 -0.007964520456093582
0.1280484730332601 0.001332853063404302 -0.007888187542862668
0.1255549559605577 -0.002786090899980758 -0.007499179788286477
0.1279724708677839 -0.002832467693790652 -0.007481786335069471
0.1243033904802479 -0.004631599199702249 -0.00652290493977319
0.1304663640978986 0.001285743277071077 -0.007896003053790349
0.1292976701168196 0.003329231570895728 -0.007274353383452798
0.130546531382923 0.0050988913132683 -0.006164520044210829
0.1281286403182846 0.005135597625390259 -0.006133973999788875
0.1270632088897585 0.006574995918261065 -0.004557348864729399
0.1316358605156433 -0.0008503107379963695 -0.007954682372593395
0.1328850575992028 0.001237683076435687 -0.0079036789283412
0.130385988546442 -0.002872523098641954 -0.007466499249833782
0.1328046820477461 -0.002917893403801964 -0.007448885694118885
0.1291412923998868 -0.00470518479140096 -0.006470025972032037
0.1352962404331666 0.001186295737319699 -0.007911554994033544
0.134126744015422 0.003238281028075194 -0.007315294661406898
0.1353755869629599 0.005006442954876918 -0.006239834047437742
0.132964404128996 0.005046886134042756 -0.006207168464767729
0.131795374330461 0.006509598788537221 -0.004650282100289696
0.1364445735403551 -0.0009331153803144625 -0.007945394621226853
0.1376862599565742 0.001152012963148284 -0.007916619615261194
0.1352374033189284 -0.002927721516868815 -0.007445028322287522
0.137627422842336 -0.002959944769260529 -0.007432276028440227
0.1339875313497271 -0.00474829239577872 -0.006438456284249353
0.1400727935817259 0.001095359831878377 -0.007924656890913788
0.1389244604745375 0.003138121289389279 -0.007358817484696966
0.1401653993635843 0.004902595111964285 -0.006321753013851767
0.1377788657384326 0.004947686077690259 -0.006286525469337572
0.1366165258520067 0.006425852544616224 -0.00476533514821877
0.1412168324224019 -0.001002565848347409 -0.007936930245361077
0.1424550329403652 0.001060372107784776 -0.007929414290666875
0.1400011397955622 -0.002983695803845091 -0.007422773022942113
0.1423833791542014 -0.003016428631606136 -0.007409531585088678
0.1387939695741356 -0.004777329259289472 -0.00641694048190699
0.1442792237950723 0.001051339337406127 -0.007930616974587945
0.1431351849543964 0.003076997545048277 -0.007384584355789219
0.1425421847542228 0.004860442915071672 -0.006354218651363013
0.1413965900181179 0.006348632430325277 -0.004867737283853985
0.1443663756089299 0.004853201922582707 -0.006359750867655079
0.1435318854257321 -0.004828310323505895 -0.006378669094719243
0.1447475780525718 -0.003051743413400525 -0.00739505660145793
0.147099519663107 -0.003095246055020369 -0.007376954104430964
0.1459510133915763 -0.001084289908053392 -0.007926179117033224
0.1466311654056076 0.001004611171354347 -0.007936671619412639
0.1182022900401251 -0.006100481256690531 -0.005175338485236257
0.1206245851056513 -0.006133831680803442 -0.00513576760685022
0.121798680081501 -0.007278331212818896 -0.003320526277038961
0.1230531012151169 -0.006168578522585949 -0.005093980664538427
0.1254774854560977 -0.006198867920448748 -0.00505707786224727
0.1157765530357167 -0.006067318519706602 -0.005214177402086096
0.116944426967627 -0.007233945586339129 -0.00341614274495148
0.114611043731434 -0.004464050171186476 -0.006638693852643755
0.1133531806589359 -0.006033016994902001 -0.005253827741677837
0.1134430570195266 -0.002547091565597415 -0.007583688057697423
0.1206129190180529 -0.007891185862764079 -0.001314985049083196
0.1230414351275185 -0.00789993675680521 -0.001261348182889235
0.1184897332406154 -0.007882221658641475 -0.001367692115954189
0.1197324882866329 -0.007961708261111266 0.0007817938123013142
0.116063996236207 -0.007873329944159202 -0.001417982930223795
0.14231787520138 -0.006286413467162626 -0.004947828384238522
0.1446820740997504 -0.006309946836798049 -0.004917781096875125
0.1399419800239432 -0.006268750707613609 -0.004970187578532009
0.1410921686979615 -0.007338443173123788 -0.003185475128584882
0.1375682630707171 -0.00625282550314457 -0.004990207733874899
0.1327626160549617 -0.006228779387053713 -0.005020189971247579
0.135195337326144 -0.006235399349744921 -0.005011965178370718
0.1278918126396093 -0.006221744780641525 -0.005028905634883194
0.1303053303182674 -0.006248606137235217 -0.004995490100251063
0.1315131362946843 -0.007317351352666434 -0.003233630959406268
0.1458320633073582 -0.00736585470392726 -0.00312156763191712
0.1470460735317103 -0.00633509461357552 -0.0048853430009618
0.1476517476878646 -0.004591433160485369 -0.006551239694347577
0.1488551830268691 -0.002787223670903067 -0.007498758844526048
0.1488017368954724 -0.006127435563083823 -0.005143397070055512
0.142629458718369 0.007376092774581772 -0.003097298077480205
0.1402526733277306 0.007396528694269719 -0.003048173760605634
0.1392028627255371 0.007936175070305687 -0.001008526278020816
0.137969994025286 0.007420447663852613 -0.002989474279538847
0.1355667152498132 0.007448165727519346 -0.002919730688848925
0.1450032516092106 0.007355679703994425 -0.003145469137067552
0.1438593349188234 0.00792075928477017 -0.001123197379238018
0.1457681469943064 0.006291571519306582 -0.004941267835024759
0.1469980231947607 0.007339912785987501 -0.003182087411448216
0.14636114719448 0.004821447573966102 -0.006383858025637506
0.1330686676011574 0.007480338973296734 -0.002836287863489522
0.1306507948550845 0.007503919234976276 -0.002773300581428753
0.1284465860506783 0.007627511627768465 -0.002412688618172031
0.1261322933560488 0.007641371326887946 -0.002368426533505898
0.1297198793213747 0.007990605953428397 -0.0003875777303131041
0.1398802106478658 -0.007911096429920576 -0.001189349938621058
0.1422561058253026 -0.007915282406468322 -0.00116116511567178
0.1455286105343269 -0.007904291113768556 -0.001233767396553926
0.1478926099662868 -0.00791051696405015 -0.001193197955695036
0.1443166524842313 -0.007955540583623702 0.000842243445991857
0.1246347772864649 -0.007950579308390517 0.0008878562163957439
0.1258205383499131 -0.007908147178684167 -0.001208804450798245
0.1282348655334247 -0.007913549361842992 -0.001172917941577488
0.1266415233744783 -0.007315483610533501 -0.00323785415731094
0.1376257263375626 -0.007908156128488263 -0.00120874589862945
0.1387896634649038 -0.007949695271139917 0.0008957371802128392
0.1363433477759516 -0.007315815630832711 -0.00323710389942365
0.1352528005929896 -0.007903896289665429 -0.00123629423771732
0.1486322696231554 0.001340334262937062 -0.007886919808366063
0.1469604800266514 0.003379181960068367 -0.007251284664164586
0.1505483512798 0.0004816852529885819 -0.007985485540469867
0.1503847553303821 -0.001685017503319968 -0.007820531696342989
0.1526301516080706 -8.099755503933113e-05 -0.007999589951746131
0.1508776659008438 0.002896110294185396 -0.007457381924235434
0.1509369833551397 -0.003307592001514002 -0.007284218225144041
0.1236414870540634 -0.007491298992542849 0.002807212034087647
0.126420590276458 -0.007472472158001368 0.002856949395403143
0.1190416038593115 -0.007523484860818572 0.002719774907788098
0.121164789636749 -0.007505140721904258 0.002769993275156896
0.1229506026267421 -0.006568437469317007 0.0045667963838639
0.1109330861488134 -0.005995404212215818 -0.00529670919837448
0.1120985954530962 -0.007187121194972514 -0.003513586334328056
0.1112720564453598 -0.007851087246845686 -0.001536368784640274
0.1136921509554823 -0.007861841890380535 -0.001480352015791455
0.1152374572284706 -0.007972280361730933 0.000665391489244723
0.1503211377276103 -0.006806756447909621 -0.004203339940908991
0.1498336942400985 -0.007642099439895148 -0.002366076108402746
0.1509268118837646 -0.005244902340227297 -0.006040778049347471
0.1495302414670673 -0.007988232808712031 -0.0004337471542462354
0.1098355784398007 -0.00428675172684743 -0.006754536226297893
0.108580993233961 -0.005888707407851959 -0.005415083107830339
0.1110648428699151 -0.002456389923368247 -0.007613550324544716
0.1083192903266247 -0.007755465459857586 -0.001962843728103681
0.1099128458290108 -0.007998285586441592 0.0001656130360831343
0.1062440071391579 -0.00572402293279993 -0.005588878372695232
0.1073415148481706 -0.007052003974759576 -0.003777464750328603
0.1059823042318216 -0.007693253723396997 -0.002194048118760904
0.1041700641183602 -0.007756260158466171 0.00195970108796988
0.1063307208882711 -0.007789099542132876 0.001824809119537006
0.1047994229403648 -0.0079989001187301 -0.0001326532720274436
0.1450899539897497 0.007946852728769948 0.000920614852824805
0.1427161610989082 0.00794066226649758 0.00097256504637042
0.1403443052368031 0.007930739462292913 0.001050414956686127
0.1380616259343585 0.007922167932354165 0.001113218420427607
0.1493438799326257 0.007312964004472118 -0.00324354088448028
0.1485789845475299 0.007903110798625011 -0.001241305645140127
0.1494701938002909 0.007959294211237377 0.000805999788438659
0.1471243370624259 0.007952253689134957 0.0008727320686439009
0.1459811632425107 0.007452683569770219 0.002908179432029087
0.1370216082616816 0.007163963331744991 0.003560565879381143
0.1358801657504157 0.007835456548495993 0.00161419350656334
0.1344221357744367 0.007953991004028167 -0.0008567538198566665
0.1333821181017598 0.007816922471452803 0.001701682424924291
0.1498248220870933 0.006159095753722611 -0.005105442145052287
0.1514057834398625 0.007241927668936831 -0.003399188673475945
0.1483622514120279 0.005087874695039952 -0.006173615722376321
0.1504241549192647 0.004954686836447887 -0.006281009341875718
0.09119738740563425 0.007999947305865895 -2.903624233596382e-05
0.08999431356848502 0.007732748287975751 -0.002050513085744176
0.09238996187923787 0.007750123036598879 0.001983832885497006
0.09004725741020812 0.007743788500871146 0.002008417201125257
0.1384085845307703 -0.007476625234912766 0.0028460630872603
0.1406630688410735 -0.007469623659251138 0.00286438865888616
0.143115904980305 -0.007625768568612404 0.002418192245865313
0.1427348260461715 -0.006783984217030483 0.004239995064039734
0.1463884096893292 -0.007647642953227729 0.002348096518447711
0.1339672422449087 -0.007946864507446142 0.0009205131722538152
0.1326848636832977 -0.007910659022900456 -0.001192255770966781
0.1331217323658993 -0.007464185165166706 0.002878530844042718
0.1356896692755912 -0.007480100851820437 0.002836915798291372
0.0900271868507548 0.005648770292168285 -0.00566492667086848
0.09115918901280884 0.003968861970389917 -0.006946087723315383
0.08950637863187064 0.006710787022028094 -0.004354921072187108
0.08839962128225991 0.005312839100328342 -0.005981115338632281
0.1142134425182511 -0.007557199237645281 0.002624640867344252
0.1165852877989758 -0.007536155670788512 0.002684466000090549
0.1087930927989213 -0.007700058757487185 0.002170044960650562
0.1117458589176564 -0.007570055698999913 0.002587326170786927
0.1294065929220382 -0.00794306717987945 0.0009527243966236597
0.1302275779466034 -0.007915317315608291 -0.001160927126580974
0.1288938342511275 -0.007467970045148743 0.002868697161563257
0.1308865466643062 -0.007463615237910182 0.002880008260480329
0.0881039162603269 -0.005112471858158608 -0.006153261858521566
0.08922687418074988 -0.006537923582945181 -0.004610374737867763
0.08946215921295367 0.007142801244805796 0.003602830883791352
0.08826958473935005 0.007819313174344381 0.001690663030152493
0.1189405388592822 0.00780583862412796 0.001751822871774463
0.1488067308630377 -0.007651452305089177 0.002335653575114582
0.1507478151368494 -0.007915201452925886 0.001161716815579403
0.1267608754102423 0.005745385415363366 0.005566915342353423
0.1275781320522548 0.006996964465068677 0.003878464680072028
0.1242666773946204 0.005755979249523942 0.005555961022095979
0.1265401376531047 0.007746422403835652 0.001998234205831009
0.1285536649161187 0.007745566686635389 0.00200154857619896
0.1307578737205249 0.007832120864736504 0.001630301432299903
0.1230323023946202 0.0070072358660554 0.00385987636038602
0.1217735265923577 0.007776903020418757 0.001876107515842741
0.1243058289869783 0.007772706036868003 0.001893420414074936
0.1252813618508422 0.007999179909503501 -0.0001145459532046945
0.1081637339769167 -0.006866760727122454 0.004104582453362181
0.1326089736949886 -0.006532104600184146 0.004618615538476127
0.1217095008514929 -0.005481165490802013 0.005827248481268078
0.119239663229366 -0.005477681027272279 0.005830524038494422
0.1180175891490919 -0.006612213464310331 0.004503180331986847
0.08782533493577301 -0.007877634006609556 0.001393873185734149
0.08924561925242538 -0.007240443506918287 0.003402348868520807
0.1543264442557753 -0.001114291744346378 -0.007922017035356685
0.1542812357897377 -0.003300588563121482 -0.007287394262491338
0.1524563841872776 -0.004326101928228623 -0.006729401318585227
2 15 0 69
4723
4724
4725
4726
4727
4728
4729
4730
4731
4732
4733
4734
4735
4736
4737
4738
4739
4740
4741
4742
4743
4744
4745
4746
4747
4748
4749
4750
4751
4752
4753
4754
4755
4756
4757
4758
4759
4760
4761
4762
4763
4764
4765
4766
4767
4768
4769
4770
4771
4772
4773
4774
4775
4776
4777
4778
4779
4780
4781
4782
4783
4784
4785
4786
4787
4788
4789
4790
4791
0.1227246454863241 0.01199524864512182 -0.000337653582393647
0.1079531137212584 0.01199876136614344 -0.0001724113637314307
0.08827535451369031 0.01199524864512195 0.0003376535823889975
0.09815000000000002 0.01198142871092355 0.0006673575091784977
0.1177607216842953 0.01198913599158278 0.000510507762266554
0.09303284394769495 0.01199806709884628 -0.0002153738414536187
0.1127681430908452 0.01198774638779737 0.0005421591480838728
0.1031371069763047 0.01198764053837542 0.0005444945570877198
0.1264497059485425 0.01195259576062183 0.00106557711272582
0.08455029405146576 0.01195259576062158 -0.001065577112728574
0.08421164668999799 0.01184773020002414 0.00190559416126204
0.1267883533100224 0.01184773020002211 -0.00190559416127463
0.085055823344999 0.01151490607106815 0.003377415901910479
0.082605823344999 0.01151490607106815 0.003377415901910479
0.082605823344999 0.01196187197725109 0.0009558340859454452
0.1282248529742713 0.0116268702809292 0.0029691560198894
0.1257748529742713 0.0116268702809292 0.0029691560198894
0.1282248529742713 0.01198814308238482 0.0005333155128711548
0.1283941766550112 0.01151490607106636 -0.003377415901916599
0.1283941766550112 0.01196187197725058 -0.0009558340859518134
0.1259441766550112 0.01151490607106636 -0.003377415901916599
0.08277514702573288 0.01162687028092885 -0.002969156019890747
0.08522514702573289 0.01162687028092885 -0.002969156019890736
0.08277514702573288 0.01198814308238476 -0.0005333155128725434
0.08953767725684517 0.01171171220193616 0.002614535771225866
0.08708767725684516 0.01171171220193616 0.002614535771225866
0.08624350060184416 0.01194723898929121 0.001124046499376199
0.09436642197384748 0.01176884944982833 0.002343967283746803
0.09191642197384749 0.01176884944982833 0.002343967283746803
0.09065409923069263 0.0119998441627514 6.115610910738382e-05
0.09937500000000002 0.0116746559187053 0.002775321455226285
0.09692500000000001 0.0116746559187053 0.002775321455226285
0.09559142197384748 0.01199786891418802 0.0002261449047860139
0.1043185534881524 0.01168872836883842 0.002715442711513521
0.1018685534881524 0.01168872836883842 0.002715442711513521
0.1006435534881524 0.0119846920692887 0.0006059339933759272
0.1091765568606292 0.01176463409717315 0.002365033733296597
0.1067265568606292 0.01176463409717315 0.002365033733296597
0.1055451103487816 0.01199855648009805 0.0001861246729939769
0.1140340715454227 0.0116889928208708 0.002714304115907229
0.1115840715454227 0.0116889928208708 0.002714304115907229
0.1103606284060518 0.01199857455331902 0.0001849559094632396
0.1189803608421477 0.01169256572973265 0.002698871367049864
0.1165303608421477 0.01169256572973265 0.002698871367049864
0.1152644323875703 0.01198845163527024 0.0005263339137718022
0.1239123227431621 0.01178064227431473 0.002283958757208322
0.1214623227431621 0.01178064227431473 0.002283958757208322
0.1202426835853097 0.01199968837166165 8.648111359253517e-05
0.1245871757174333 0.01199446026365331 0.0003645860442225566
0.1266190296292825 0.01199253282851821 -0.0004232686580803508
0.08708767725684516 0.01178064227431429 -0.002283958757210607
0.08953767725684517 0.01178064227431429 -0.002283958757210607
0.08641282428257804 0.01199446026365319 -0.0003645860442262683
0.09191642197384749 0.01172488467809319 -0.002554814921949455
0.09436642197384748 0.01172488467809319 -0.002554814921949455
0.09692500000000001 0.01181093243567155 -0.002121762239272265
0.09937500000000002 0.01181093243567155 -0.002121762239272265
0.1018685534881524 0.01179990148440408 -0.002182275179338855
0.1043185534881524 0.01179990148440408 -0.002182275179338855
0.1067265568606292 0.01172943986672887 -0.002533819333100011
0.1091765568606292 0.01172943986672887 -0.002533819333100011
0.1115840715454227 0.01179968885604201 -0.002183424580927396
0.1140340715454227 0.01179968885604201 -0.002183424580927396
0.1165303608421477 0.01179679628387692 -0.002198999189792446
0.1189803608421477 0.01179679628387692 -0.002198999189792446
0.1214623227431621 0.01171171220193565 -0.002614535771228138
0.1239123227431621 0.01171171220193565 -0.002614535771228138
0.1247564993981733 0.0119472389892904 -0.001124046499384862
0.08438097037073188 0.01199253282851848 0.0004232686580725921
2 16 0 1
4792
0.081 0.0115 -1.53586298822682e-18
2 17 0 17
4793
4794
4795
4796
4797
4798
4799
4800
4801
4802
4803
4804
4805
4806
4807
4808
4809
0.08 0.009903378627896881 0.006776657860074928
0.08000396213109746 0.002304903897135883 0.01177656223288307
0.08000396213109746 0.006574573055349194 0.01003867467048695
0.08050198106554873 0.001157854309791008 0.01194400993792698
0.07950198106554873 0.001157854309791008 0.01194400993792698
0.07950198106554873 0.003430444865768615 0.01149921945276816
0.0795 0.01049851074007198 0.00581216588206094
0.0805 0.01049851074007198 0.00581216588206094
0.0795 0.009186656774223863 0.007720449294737115
0.08050198106554873 0.003430444865768615 0.01149921945276816
0.0805 0.009186656774223863 0.007720449294737115
0.07950198106554873 0.005575286931575383 0.01062620231459032
0.07950198106554873 0.007512507386877569 0.009357469356728343
0.08 0.008380337425920058 0.008588943161281462
0.08050198106554873 0.007512507386877569 0.009357469356728343
0.08 0.004523974030905925 0.01111456967082796
0.08050198106554873 0.005575286931575383 0.01062620231459032
2 18 0 65
4810
4811
4812
4813
4814
4815
4816
4817
4818
4819
4820
4821
4822
4823
4824
4825
4826
4827
4828
4829
4830
4831
4832
4833
4834
4835
4836
4837
4838
4839
4840
4841
4842
4843
4844
4845
4846
4847
4848
4849
4850
4851
4852
4853
4854
4855
4856
4857
4858
4859
4860
4861
4862
4863
4864
4865
4866
4867
4868
4869
4870
4871
4872
4873
4874
0.08000407065788295 0.002173159416822255 -0.01180158371359864
0.08000407065788295 -0.01175548602124889 0.002410093028126076
0.08000407065788295 -0.002331218778753938 0.01177138135503157
0.08000407065788295 -0.006775157675627834 -0.009904405003349834
0.08000407065788295 0.009858755199871715 -0.006841414028474115
0.08000407065788295 -0.00664173418990516 0.009994366760863084
0.08 -0.009920748515438038 0.006751203514443476
0.08000407065788295 -0.01003867467048695 -0.006574573055349201
0.08000407065788295 -0.01178674748275319 -0.002252239724765395
0.08 -0.002539178502412715 -0.01172828088565776
0.08000407065788297 0.006507116347673577 -0.0100825312713544
0.07950203532894148 -0.001171201037316201 0.01194270857595501
0.08050203532894148 -0.001171201037316201 0.01194270857595501
0.07950203532894148 -0.003468976712925801 0.01148765426730708
0.08050203532894148 0.01047940929005063 -0.005846535806065046
0.07950203532894148 0.01047940929005063 -0.005846535806065046
0.07950203532894148 0.009143964088907545 -0.007770966525521081
0.08050203532894148 -0.003468976712925801 0.01148765426730708
0.08050203532894148 0.009143964088907545 -0.007770966525521081
0.07950203532894148 -0.00758547571555295 0.009298416971116989
0.07950203532894148 -0.005634573595946045 0.01059488463324956
0.08 -0.004573610877787264 0.01109423650093083
0.08050203532894148 -0.005634573595946045 0.01059488463324956
0.0795 -0.01054460871986912 0.005728108496254259
0.0795 -0.00923092803233023 0.007667461617898061
0.08050203532894148 -0.00758547571555295 0.009298416971116989
0.08 -0.008456786790233626 0.008513680589764339
0.0805 -0.00923092803233023 0.007667461617898061
0.07950203532894148 -0.01193458726458819 0.001251250104467321
0.07950203532894148 -0.01146413668882655 0.00354592300817446
0.08050203532894148 -0.01146413668882655 0.00354592300817446
0.08 -0.01106332123701267 0.004647894491774141
0.0805 -0.01054460871986912 0.005728108496254259
0.07950203532894148 -0.01151065539524689 -0.003391874462870578
0.07950203532894148 -0.01195029297890189 -0.001091099316473132
0.08050203532894148 -0.01193458726458819 0.001251250104467321
0.08 -0.01199973025796458 8.045953075500383e-05
0.08050203532894148 -0.01195029297890189 -0.001091099316473132
0.07950203532894148 -0.009349068274675895 -0.007522959683226324
0.07950203532894148 -0.01063242607173192 -0.005563408652000616
0.08050203532894148 -0.01063242607173192 -0.005563408652000616
0.08 -0.01112465300119313 -0.00449912164794915
0.08050203532894148 -0.01151065539524689 -0.003391874462870578
0.07950203532894148 -0.005776140355187072 -0.01051837452257617
0.07950203532894148 -0.007709481924174259 -0.009195862572963473
0.08050203532894148 -0.007709481924174259 -0.009195862572963473
0.08 -0.008570191639706513 -0.008399512798889267
0.08050203532894148 -0.009349068274675895 -0.007522959683226324
0.0795 -0.001356811834441525 -0.01192304749826652
0.0795 -0.003647231813180435 -0.01143230948238039
0.08050203532894148 -0.005776140355187072 -0.01051837452257617
0.08 -0.004721969150340912 -0.01103190859929635
0.0805 -0.003647231813180435 -0.01143230948238039
0.07950203532894148 0.003314619724295112 -0.01153313903858415
0.07950203532894148 0.001010948543071654 -0.01195734013245677
0.08050203532894148 0.001010948543071654 -0.01195734013245677
0.08 -0.0001609154442904085 -0.01199892104398511
0.0805 -0.001356811834441525 -0.01192304749826652
0.07950203532894148 0.007460105441156797 -0.009399299272117191
0.07950203532894148 0.00549199359385958 -0.01066948950817261
0.08050203532894148 0.003314619724295112 -0.01153313903858415
0.08 0.004424430151072558 -0.01115456937036478
0.08050203532894148 0.00549199359385958 -0.01066948950817261
0.08 0.008341861190598416 -0.008626317399492553
0.08050203532894148 0.007460105441156797 -0.009399299272117191
2 19 0 11
4875
4876
4877
4878
4879
4880
4881
4882
4883
4884
4885
0.08 0.011 0.00239791576165636
0.08 0.011 -0.002397915761656362
0.0795 0.011 -0.003596873642484543
0.0805 0.011 -0.003596873642484543
0.0795 0.011 -0.001198957880828181
0.0805 0.011 0.00359687364248454
0.0795 0.011 0.00359687364248454
0.0795 0.011 0.00119895788082818
0.0805 0.011 0.00119895788082818
0.0805 0.011 -0.001198957880828181
0.08 0.011 0
2 20 0 65
4886
4887
4888
4889
4890
4891
4892
4893
4894
4895
4896
4897
4898
4899
4900
4901
4902
4903
4904
4905
4906
4907
4908
4909
4910
4911
4912
4913
4914
4915
4916
4917
4918
4919
4920
4921
4922
4923
4924
4925
4926
4927
4928
4929
4930
4931
4932
4933
4934
4935
4936
4937
4938
4939
4940
4941
4942
4943
4944
4945
4946
4947
4948
4949
4950
0.08000867112190721 -0.002253860454731438 0.007675943788915979
0.07999132887809279 0.002253860454731431 0.00767594378891598
0.08000867112190721 0.006045996594834041 0.00523888587156231
0.07999132887809279 0.007277055962836171 -0.003323320104015039
0.07999132887809279 -0.004325126539644758 -0.006730028262649464
0.08000867112190721 0.004325126539644814 -0.006730028262649428
0.08000867112190721 -0.007918571535047464 0.001138518706186272
0.08000867112190721 -0.007277055962836141 -0.003323320104015105
0.08 -0.006010203964814499 0.005279909876250549
0.07999132887809279 3.454741934868713e-17 -0.008
0.08000867112190721 0.007918571535047455 0.001138518706186335
0.0805043355609536 -0.00113851870618628 0.007918571535047462
0.0795043355609536 -0.00113851870618628 0.007918571535047462
0.0794956644390464 0.001138518706186282 0.007918571535047462
0.0804956644390464 0.001138518706186282 0.007918571535047462
0.0795043355609536 -0.003323320104015093 0.007277055962836147
0.0794956644390464 0.003323320104015078 0.007277055962836153
0.0805043355609536 -0.003323320104015093 0.007277055962836147
0.0804956644390464 0.003323320104015078 0.007277055962836153
0.0795 -0.005218282762820033 0.006063788008106427
0.0795 -0.006715272144927693 0.004348001842175118
0.08 -0.004325126539644783 0.006730028262649448
0.0805 -0.005218282762820033 0.006063788008106427
0.0795043355609536 -0.007675943788915982 0.00225386045473143
0.0795043355609536 -0.008 -1.016828231674256e-17
0.08 -0.00727705596283615 0.003323320104015087
0.0805043355609536 -0.007675943788915982 0.00225386045473143
0.0805 -0.006715272144927693 0.004348001842175118
0.0795043355609536 -0.007675943788915975 -0.002253860454731449
0.0795043355609536 -0.00673002826264944 -0.004325126539644795
0.08 -0.00791857153504746 -0.001138518706186292
0.0805043355609536 -0.008 -1.016828231674256e-17
0.0805043355609536 -0.007675943788915975 -0.002253860454731449
0.0794956644390464 -0.005238885871562263 -0.006045996594834083
0.0794956644390464 -0.003323320104015065 -0.007277055962836159
0.08 -0.006045996594834053 -0.005238885871562297
0.0804956644390464 -0.005238885871562263 -0.006045996594834083
0.0805043355609536 -0.00673002826264944 -0.004325126539644795
0.0794956644390464 -0.00113851870618625 -0.007918571535047467
0.0794956644390464 0.001138518706186315 -0.007918571535047457
0.08 -0.002253860454731407 -0.007675943788915988
0.0804956644390464 -0.003323320104015065 -0.007277055962836159
0.0804956644390464 -0.00113851870618625 -0.007918571535047467
0.0795043355609536 0.003323320104015124 -0.007277055962836131
0.0795043355609536 0.005238885871562312 -0.006045996594834038
0.08 0.002253860454731473 -0.007675943788915969
0.0805043355609536 0.003323320104015124 -0.007277055962836131
0.0804956644390464 0.001138518706186315 -0.007918571535047457
0.0794956644390464 0.006730028262649473 -0.004325126539644744
0.0794956644390464 0.007675943788915995 -0.002253860454731383
0.08 0.006045996594834094 -0.00523888587156225
0.0804956644390464 0.006730028262649473 -0.004325126539644744
0.0805043355609536 0.005238885871562312 -0.006045996594834038
0.0795043355609536 0.008 5.53738427018312e-17
0.0795043355609536 0.007675943788915966 0.002253860454731483
0.08 0.007918571535047469 -0.001138518706186226
0.0804956644390464 0.007675943788915995 -0.002253860454731383
0.0805043355609536 0.008 5.53738427018312e-17
0.0795043355609536 0.006730028262649428 0.004325126539644814
0.0795043355609536 0.005238885871562258 0.006045996594834086
0.08 0.007277055962836128 0.003323320104015133
0.0805043355609536 0.006730028262649428 0.004325126539644814
0.0805043355609536 0.007675943788915966 0.002253860454731483
0.08 0.004325126539644756 0.006730028262649465
0.0805043355609536 0.005238885871562258 0.006045996594834086
2 21 0 11
4951
4952
4953
4954
4955
4956
4957
4958
4959
4960
4961
0.08000457786580213 0.01174734012447073 0.002449489742783182
0.08000457786580213 0.01174734012447073 -0.002449489742783176
0.07950228893290107 0.01143401507005976 -0.003641881296479383
0.08050228893290107 0.01143401507005976 -0.003641881296479383
0.07950228893290107 0.01193666790803968 -0.001231242970812678
0.08050228893290107 0.01143401507005976 0.003641881296479379
0.07950228893290107 0.01143401507005976 0.003641881296479379
0.07950228893290107 0.01193666790803968 0.001231242970812674
0.08050228893290107 0.01193666790803968 0.001231242970812674
0.08050228893290107 0.01193666790803968 -0.001231242970812678
0.08 0.012 -2.204364238465236e-18
2 22 0 33
4962
4963
4964
4965
4966
4967
4968
4969
4970
4971
4972
4973
4974
4975
4976
4977
4978
4979
4980
4981
4982
4983
4984
4985
4986
4987
4988
4989
4990
4991
4992
4993
4994
0.03 0.01450767226933199 -0.003134528635809386
0.03 0.014507672269332 0.003134528635809358
0.03 0.01352521813028015 0.005643393202465912
0.03 0.01352521813028013 -0.005643393202465929
0.03 0.01586184148565888 0.005825417405467891
0.03 0.01586184148565888 -0.005825417405467905
0.03 0.01226260906514006 -0.005219612362889331
0.03 0.01226260906514007 -0.006821696601232965
0.03 0.013253836134666 -0.0015672643179047
0.03 0.01275383613466599 -0.00396518007956106
0.03 0.01401644519980606 -0.004388960919137657
0.03 0.01226260906514007 0.006821696601232956
0.03 0.01226260906514008 0.005219612362889311
0.03 0.012753836134666 0.003965180079561034
0.03 0.013253836134666 0.001567264317904674
0.03 0.01401644519980607 0.004388960919137635
0.03 0.01401260906514007 -0.006821696601232965
0.03 0.01401260906514008 0.006821696601232956
0.03 0.01693092074282944 0.006912708702733946
0.03 0.01518092074282944 0.006912708702733946
0.03 0.01693092074282944 0.004912708702733942
0.03 0.01693092074282944 -0.006912708702733953
0.03 0.01693092074282944 -0.004912708702733958
0.03 0.01518092074282944 -0.006912708702733953
0.03 0.015 -1.214306433183765e-17
0.03 0.01625383613466599 -0.0015672643179047
0.03 0.016253836134666 0.001567264317904674
0.03 0.01469352980796951 0.005734405303966902
0.03 0.01625383613466599 -0.003567264317904699
0.03 0.01518475687749543 -0.004479973020638645
0.03 0.016253836134666 0.003567264317904675
0.03 0.01518475687749544 0.004479973020638624
0.03 0.0146935298079695 -0.005734405303966917
2 23 0 80
4995
4996
4997
4998
4999
5000
5001
5002
5003
5004
5005
5006
5007
5008
5009
5010
5011
5012
5013
5014
5015
5016
5017
5018
5019
5020
5021
5022
5023
5024
5025
5026
5027
5028
5029
5030
5031
5032
5033
5034
5035
5036
5037
5038
5039
5040
5041
5042
5043
5044
5045
5046
5047
5048
5049
5050
5051
5052
5053
5054
5055
5056
5057
5058
5059
5060
5061
5062
5063
5064
5065
5066
5067
5068
5069
5070
5071
5072
5073
5074
0.032475 0.011 -0.006397915761656361
0.127525 0.011 -0.006397915761656361
0.03742500000000001 0.011 -0.006397915761656361
0.122575 0.011 -0.006397915761656361
0.04237500000000002 0.011 -0.006397915761656361
0.1176250000000001 0.011 -0.006397915761656361
0.04732500000000003 0.011 -0.006397915761656361
0.1126750000000001 0.011 -0.006397915761656361
0.1077250000000001 0.011 -0.006397915761656361
0.05227500000000003 0.011 -0.006397915761656361
0.07950000000000004 0.011 -0.006397915761656361
0.08050000000000004 0.011 -0.006397915761656361
0.07455000000000003 0.011 -0.006397915761656361
0.07700000000000004 0.011 -0.006397915761656361
0.0312375 0.011 -0.00719895788082818
0.0312375 0.011 -0.005596873642484542
0.0336875 0.011 -0.005596873642484542
0.1287625 0.011 -0.005596873642484542
0.1287625 0.011 -0.00719895788082818
0.1263125 0.011 -0.005596873642484542
0.08300000000000005 0.011 -0.006397915761656361
0.08545000000000004 0.011 -0.006397915761656361
0.0337375 0.011 -0.00719895788082818
0.1262625 0.011 -0.00719895788082818
0.03616250000000001 0.011 -0.005596873642484542
0.03861250000000001 0.011 -0.005596873642484542
0.03495000000000001 0.011 -0.006397915761656361
0.03621250000000001 0.011 -0.00719895788082818
0.04108750000000001 0.011 -0.005596873642484542
0.04353750000000002 0.011 -0.005596873642484542
0.03990000000000001 0.011 -0.006397915761656361
0.03871250000000001 0.011 -0.00719895788082818
0.04118750000000002 0.011 -0.00719895788082818
0.04601250000000003 0.011 -0.005596873642484542
0.04846250000000003 0.011 -0.005596873642484542
0.04485000000000002 0.011 -0.006397915761656361
0.04368750000000002 0.011 -0.00719895788082818
0.04616250000000002 0.011 -0.00719895788082818
0.05093750000000003 0.011 -0.005596873642484542
0.05338750000000003 0.011 -0.005596873642484542
0.04980000000000002 0.011 -0.006397915761656361
0.04866250000000003 0.011 -0.00719895788082818
0.05113750000000003 0.011 -0.007198957880828181
0.05475000000000003 0.011 -0.006397915761656361
0.05720000000000003 0.011 -0.006397915761656361
0.05363750000000003 0.011 -0.007198957880828181
0.05970000000000004 0.011 -0.006397915761656361
0.06215000000000004 0.011 -0.006397915761656361
0.06465000000000004 0.011 -0.006397915761656361
0.06710000000000003 0.011 -0.006397915761656361
0.06960000000000004 0.011 -0.006397915761656361
0.07205000000000003 0.011 -0.006397915761656361
0.08795000000000004 0.011 -0.006397915761656361
0.09040000000000005 0.011 -0.006397915761656361
0.09290000000000005 0.011 -0.006397915761656361
0.09535000000000005 0.011 -0.006397915761656361
0.09785000000000005 0.011 -0.006397915761656361
0.1003000000000001 0.011 -0.006397915761656361
0.1052500000000001 0.011 -0.006397915761656361
0.1028 0.011 -0.006397915761656361
0.1066125000000001 0.011 -0.005596873642484542
0.1090625000000001 0.011 -0.005596873642484542
0.1063625000000001 0.011 -0.00719895788082818
0.1115375000000001 0.011 -0.005596873642484542
0.1139875000000001 0.011 -0.005596873642484542
0.1102000000000001 0.011 -0.006397915761656361
0.1113375000000001 0.011 -0.00719895788082818
0.1088625000000001 0.011 -0.00719895788082818
0.1164625000000001 0.011 -0.005596873642484542
0.1189125000000001 0.011 -0.005596873642484542
0.1151500000000001 0.011 -0.006397915761656361
0.1163125000000001 0.011 -0.007198957880828181
0.1138375000000001 0.011 -0.00719895788082818
0.1213875000000001 0.011 -0.005596873642484542
0.1238375 0.011 -0.005596873642484542
0.1201000000000001 0.011 -0.006397915761656361
0.1212875 0.011 -0.00719895788082818
0.1188125000000001 0.011 -0.007198957880828181
0.1250500000000001 0.011 -0.006397915761656361
0.1237875 0.011 -0.00719895788082818
2 24 0 80
5075
5076
5077
5078
5079
5080
5081
5082
5083
5084
5085
5086
5087
5088
5089
5090
5091
5092
5093
5094
5095
5096
5097
5098
5099
5100
5101
5102
5103
5104
5105
5106
5107
5108
5109
5110
5111
5112
5113
5114
5115
5116
5117
5118
5119
5120
5121
5122
5123
5124
5125
5126
5127
5128
5129
5130
5131
5132
5133
5134
5135
5136
5137
5138
5139
5140
5141
5142
5143
5144
5145
5146
5147
5148
5149
5150
5151
5152
5153
5154
0.032475 0.011 0.00639791576165636
0.127525 0.011 0.00639791576165636
0.03742500000000001 0.011 0.00639791576165636
0.122575 0.011 0.00639791576165636
0.04237500000000002 0.011 0.00639791576165636
0.117625 0.011 0.00639791576165636
0.04732500000000003 0.011 0.00639791576165636
0.1126750000000001 0.011 0.00639791576165636
0.1077250000000001 0.011 0.00639791576165636
0.05227500000000003 0.011 0.00639791576165636
0.0312375 0.011 0.00559687364248454
0.0312375 0.011 0.00719895788082818
0.0336875 0.011 0.00559687364248454
0.07950000000000004 0.011 0.00639791576165636
0.08050000000000004 0.011 0.00639791576165636
0.07455000000000003 0.011 0.00639791576165636
0.07700000000000004 0.011 0.00639791576165636
0.08545000000000004 0.011 0.00639791576165636
0.08300000000000005 0.011 0.00639791576165636
0.1287625 0.011 0.00719895788082818
0.1287625 0.011 0.00559687364248454
0.1263125 0.011 0.00559687364248454
0.0337375 0.011 0.00719895788082818
0.1262625 0.011 0.00719895788082818
0.03861250000000001 0.011 0.00559687364248454
0.03616250000000001 0.011 0.00559687364248454
0.03495000000000001 0.011 0.00639791576165636
0.03621250000000001 0.011 0.00719895788082818
0.04353750000000002 0.011 0.00559687364248454
0.04108750000000001 0.011 0.00559687364248454
0.03990000000000001 0.011 0.00639791576165636
0.03871250000000001 0.011 0.00719895788082818
0.04118750000000002 0.011 0.00719895788082818
0.04846250000000003 0.011 0.00559687364248454
0.04601250000000003 0.011 0.00559687364248454
0.04485000000000002 0.011 0.00639791576165636
0.04368750000000002 0.011 0.00719895788082818
0.04616250000000002 0.011 0.00719895788082818
0.05338750000000003 0.011 0.00559687364248454
0.05093750000000003 0.011 0.00559687364248454
0.04980000000000002 0.011 0.00639791576165636
0.04866250000000003 0.011 0.00719895788082818
0.05113750000000003 0.011 0.00719895788082818
0.05475000000000003 0.011 0.00639791576165636
0.05720000000000003 0.011 0.00639791576165636
0.05363750000000003 0.011 0.00719895788082818
0.05970000000000004 0.011 0.00639791576165636
0.06215000000000004 0.011 0.00639791576165636
0.06710000000000003 0.011 0.00639791576165636
0.06465000000000004 0.011 0.00639791576165636
0.07205000000000003 0.011 0.00639791576165636
0.06960000000000004 0.011 0.00639791576165636
0.08795000000000004 0.011 0.00639791576165636
0.09040000000000005 0.011 0.00639791576165636
0.09535000000000005 0.011 0.00639791576165636
0.09290000000000005 0.011 0.00639791576165636
0.09785000000000005 0.011 0.00639791576165636
0.1003000000000001 0.011 0.00639791576165636
0.1052500000000001 0.011 0.00639791576165636
0.1028 0.011 0.00639791576165636
0.1090625000000001 0.011 0.00559687364248454
0.1066125000000001 0.011 0.00559687364248454
0.1063625000000001 0.011 0.00719895788082818
0.1139875000000001 0.011 0.00559687364248454
0.1115375000000001 0.011 0.00559687364248454
0.1102000000000001 0.011 0.00639791576165636
0.1113375000000001 0.011 0.00719895788082818
0.1088625000000001 0.011 0.00719895788082818
0.1189125000000001 0.011 0.00559687364248454
0.1164625000000001 0.011 0.00559687364248454
0.1151500000000001 0.011 0.00639791576165636
0.1163125000000001 0.011 0.00719895788082818
0.1138375000000001 0.011 0.00719895788082818
0.1238375 0.011 0.00559687364248454
0.1213875000000001 0.011 0.00559687364248454
0.1201000000000001 0.011 0.00639791576165636
0.1212875 0.011 0.00719895788082818
0.1188125 0.011 0.00719895788082818
0.1250500000000001 0.011 0.00639791576165636
0.1237875 0.011 0.00719895788082818
2 25 0 129
5155
5156
5157
5158
5159
5160
5161
5162
5163
5164
5165
5166
5167
5168
5169
5170
5171
5172
5173
5174
5175
5176
5177
5178
5179
5180
5181
5182
5183
5184
5185
5186
5187
5188
5189
5190
5191
5192
5193
5194
5195
5196
5197
5198
5199
5200
5201
5202
5203
5204
5205
5206
5207
5208
5209
5210
5211
5212
5213
5214
5215
5216
5217
5218
5219
5220
5221
5222
5223
5224
5225
5226
5227
5228
5229
5230
5231
5232
5233
5234
5235
5236
5237
5238
5239
5240
5241
5242
5243
5244
5245
5246
5247
5248
5249
5250
5251
5252
5253
5254
5255
5256
5257
5258
5259
5260
5261
5262
5263
5264
5265
5266
5267
5268
5269
5270
5271
5272
5273
5274
5275
5276
5277
5278
5279
5280
5281
5282
5283
0.1232142857142858 0.0145 0.008
0.1175607385811469 0.0145 0.008
0.09750000000000007 0.0145 0.008
0.1125026351251713 0.0145 0.008
0.1075001143241172 0.0145 0.008
0.09250000000000007 0.0145 0.008
0.1025000049599177 0.0145 0.008
0.05750000000000004 0.0145 0.008
0.04250000000000001 0.0145 0.008
0.03678571428571429 0.0145 0.008
0.05250000000000003 0.0145 0.008
0.06250000000000006 0.0145 0.008
0.06750000000000006 0.0145 0.008
0.07250000000000006 0.0145 0.008
0.07750000000000007 0.0145 0.008
0.08250000000000007 0.0145 0.008
0.08750000000000008 0.0145 0.008
0.04750000000000002 0.0145 0.008
0.1272448979591838 0.01325 0.008
0.03275510204081633 0.01325 0.008
0.0327082465639317 0.01594387755102041 0.008
0.1272917534360684 0.01594387755102041 0.008
0.03137755102040816 0.012125 0.008
0.03137755102040816 0.013875 0.008
0.03387755102040817 0.012125 0.008
0.03135412328196585 0.01522193877551021 0.008
0.03135412328196585 0.0169719387755102 0.008
0.03385412328196585 0.0169719387755102 0.008
0.1286224489795919 0.012125 0.008
0.1261224489795919 0.012125 0.008
0.1286224489795919 0.01387500000000001 0.008
0.1261458767180342 0.0169719387755102 0.008
0.1286458767180342 0.0169719387755102 0.008
0.1286458767180342 0.01522193877551021 0.008
0.03273167430237401 0.0145969387755102 0.008
0.03839285714285715 0.01275 0.008
0.03589285714285715 0.01275 0.008
0.03477040816326531 0.013875 0.008
0.04375000000000001 0.01275 0.008
0.04125000000000001 0.01275 0.008
0.03964285714285715 0.0145 0.008
0.04875000000000002 0.01275 0.008
0.04625000000000002 0.01275 0.008
0.04500000000000002 0.0145 0.008
0.05375000000000003 0.01275 0.008
0.05125000000000002 0.01275 0.008
0.05000000000000002 0.0145 0.008
0.05875000000000005 0.01275 0.008
0.05625000000000004 0.01275 0.008
0.05500000000000003 0.0145 0.008
0.06375000000000006 0.01275 0.008
0.06125000000000005 0.01275 0.008
0.06000000000000005 0.0145 0.008
0.06875000000000006 0.01275 0.008
0.06625000000000006 0.01275 0.008
0.06500000000000006 0.0145 0.008
0.07375000000000007 0.01275 0.008
0.07125000000000006 0.01275 0.008
0.07000000000000006 0.0145 0.008
0.07875000000000007 0.01275 0.008
0.07625000000000007 0.01275 0.008
0.07500000000000007 0.0145 0.008
0.08375000000000007 0.01275 0.008
0.08125000000000007 0.01275 0.008
0.08000000000000007 0.0145 0.008
0.08875000000000008 0.01275 0.008
0.08625000000000008 0.01275 0.008
0.08500000000000008 0.0145 0.008
0.09375000000000008 0.01275 0.008
0.09125000000000008 0.01275 0.008
0.09000000000000008 0.0145 0.008
0.09875000000000007 0.01275 0.008
0.09625000000000009 0.01275 0.008
0.09500000000000007 0.0145 0.008
0.1037500024799589 0.01275 0.008
0.1012500024799589 0.01275 0.008
0.1000000024799589 0.0145 0.008
0.1087500571620587 0.01275 0.008
0.1062500571620587 0.01275 0.008
0.1050000596420175 0.0145 0.008
0.1137513175625857 0.01275 0.008
0.1112513175625857 0.01275 0.008
0.1100013747246442 0.0145 0.008
0.1187803692905735 0.01275 0.008
0.1162803692905734 0.01275 0.008
0.1150316868531591 0.0145 0.008
0.1241071428571429 0.01275 0.008
0.1216071428571429 0.01275 0.008
0.1203875121477163 0.0145 0.008
0.1252295918367348 0.013875 0.008
0.03589285714285715 0.01625 0.008
0.03839285714285715 0.01625 0.008
0.03474698042482299 0.0152219387755102 0.008
0.04125000000000001 0.01625 0.008
0.04375000000000001 0.01625 0.008
0.04625000000000002 0.01625 0.008
0.04875000000000002 0.01625 0.008
0.05125000000000002 0.01625 0.008
0.05375000000000003 0.01625 0.008
0.05625000000000004 0.01625 0.008
0.05875000000000005 0.01625 0.008
0.06125000000000005 0.01625 0.008
0.06375000000000006 0.01625 0.008
0.06625000000000006 0.01625 0.008
0.06875000000000006 0.01625 0.008
0.07125000000000006 0.01625 0.008
0.07375000000000007 0.01625 0.008
0.07625000000000007 0.01625 0.008
0.07875000000000007 0.01625 0.008
0.08125000000000007 0.01625 0.008
0.08375000000000007 0.01625 0.008
0.08625000000000008 0.01625 0.008
0.08875000000000008 0.01625 0.008
0.09125000000000008 0.01625 0.008
0.09375000000000008 0.01625 0.008
0.09625000000000009 0.01625 0.008
0.09875000000000007 0.01625 0.008
0.1012500024799589 0.01625 0.008
0.1037500024799589 0.01625 0.008
0.1062500571620587 0.01625 0.008
0.1087500571620587 0.01625 0.008
0.1112513175625857 0.01625 0.008
0.1137513175625857 0.01625 0.008
0.1162803692905734 0.01625 0.008
0.1187803692905735 0.01625 0.008
0.1216071428571429 0.01625 0.008
0.1241071428571429 0.01625 0.008
0.1252530195751771 0.01522193877551021 0.008
0.1272683256976261 0.01459693877551021 0.008
2 26 0 297
5284
5285
5286
5287
5288
5289
5290
5291
5292
5293
5294
5295
5296
5297
5298
5299
5300
5301
5302
5303
5304
5305
5306
5307
5308
5309
5310
5311
5312
5313
5314
5315
5316
5317
5318
5319
5320
5321
5322
5323
5324
5325
5326
5327
5328
5329
5330
5331
5332
5333
5334
5335
5336
5337
5338
5339
5340
5341
5342
5343
5344
5345
5346
5347
5348
5349
5350
5351
5352
5353
5354
5355
5356
5357
5358
5359
5360
5361
5362
5363
5364
5365
5366
5367
5368
5369
5370
5371
5372
5373
5374
5375
5376
5377
5378
5379
5380
5381
5382
5383
5384
5385
5386
5387
5388
5389
5390
5391
5392
5393
5394
5395
5396
5397
5398
5399
5400
5401
5402
5403
5404
5405
5406
5407
5408
5409
5410
5411
5412
5413
5414
5415
5416
5417
5418
5419
5420
5421
5422
5423
5424
5425
5426
5427
5428
5429
5430
5431
5432
5433
5434
5435
5436
5437
5438
5439
5440
5441
5442
5443
5444
5445
5446
5447
5448
5449
5450
5451
5452
5453
5454
5455
5456
5457
5458
5459
5460
5461
5462
5463
5464
5465
5466
5467
5468
5469
5470
5471
5472
5473
5474
5475
5476
5477
5478
5479
5480
5481
5482
5483
5484
5485
5486
5487
5488
5489
5490
5491
5492
5493
5494
5495
5496
5497
5498
5499
5500
5501
5502
5503
5504
5505
5506
5507
5508
5509
5510
5511
5512
5513
5514
5515
5516
5517
5518
5519
5520
5521
5522
5523
5524
5525
5526
5527
5528
5529
5530
5531
5532
5533
5534
5535
5536
5537
5538
5539
5540
5541
5542
5543
5544
5545
5546
5547
5548
5549
5550
5551
5552
5553
5554
5555
5556
5557
5558
5559
5560
5561
5562
5563
5564
5565
5566
5567
5568
5569
5570
5571
5572
5573
5574
5575
5576
5577
5578
5579
5580
0.1175000000000001 0.018 0.003669872981077821
0.1075000000000001 0.018 -0.003669872981077816
0.09750000000000007 0.018 0.003669872981077816
0.04250000000000001 0.018 -0.003669872981077803
0.06250000000000006 0.018 -0.003669872981077803
0.07250000000000006 0.018 -0.003669872981077803
0.08250000000000007 0.018 -0.003669872981077803
0.05250000000000003 0.018 -0.003669872981077797
0.09250000000000005 0.018 -0.00366987298107781
0.1227928387398163 0.018 -0.003853878642034605
0.03720716126018371 0.018 0.003853878642034542
0.04750000000000002 0.018 0.0036698729810778
0.06750000000000007 0.018 0.003669872981077803
0.07750000000000007 0.018 0.003669872981077803
0.05750000000000004 0.018 0.0036698729810778
0.08750000000000008 0.018 0.003669872981077803
0.03346410161513775 0.018 -0.002000000000000012
0.1265358983848622 0.018 0.001999999999999993
0.1075000000000001 0.018 0.003669872981077816
0.04245119354336396 0.018 0.003921832916780263
0.1175492552202666 0.018 -0.003922073722830348
0.1125047341293964 0.018 -0.003766410995136012
0.09750000000000003 0.018 -0.003669872981077762
0.1025 0.018 -0.00366987298107771
0.06250000000000006 0.018 0.003669872981077803
0.1125000000000001 0.018 0.003669872981077779
0.1025000000000001 0.018 0.003669872981077859
0.05750000000000005 0.018 -0.003669872981077808
0.04750000000000002 0.018 -0.003669872981077803
0.05250000000000003 0.018 0.0036698729810778
0.09250000000000004 0.018 0.003669872981077861
0.08250000000000007 0.018 0.003669872981077828
0.06750000000000006 0.018 -0.003669872981077807
0.07750000000000005 0.018 -0.003669872981077821
0.07250000000000009 0.018 0.003669872981077812
0.08750000000000005 0.018 -0.003669872981077831
0.03712716487568025 0.018 -0.003951803871929799
0.1228728351243198 0.018 0.003951803871929756
0.1266404516530884 0.018 -0.001858985046271618
0.03335954834691161 0.018 0.001858985046271544
0.04011859536564199 0.018 2.567245096786117e-05
0.1198815111036135 0.018 -2.571258530964862e-05
0.04500000000000002 0.018 -3.469446951953614e-18
0.1150001900519021 0.018 -1.578598363138894e-16
0.1100023109615364 0.018 -1.574278965696743e-06
0.09500000000000006 0.018 3.295974604355933e-17
0.06500000000000007 0.018 5.204170427930421e-18
0.08500000000000006 0.018 -1.734723475976807e-18
0.06000000000000005 0.018 -3.469446951953614e-18
0.07500000000000008 0.018 0
0.05000000000000002 0.018 -3.469446951953614e-18
0.08000000000000007 0.018 6.938893903907228e-18
0.05500000000000004 0.018 -8.673617379884035e-18
0.07000000000000008 0.018 0
0.09000000000000005 0.018 -1.734723475976807e-18
0.1050003851602561 0.018 -2.623798275695755e-07
0.1000000641933761 0.018 -4.372997122054079e-08
0.03625531429271106 0.018 -4.265354653117462e-05
0.12374470700114 0.018 4.264551966277549e-05
0.03311334192141906 0.018 0.005142572737661215
0.1268866580785809 0.018 -0.005142572737661248
0.0331182532981636 0.018 -0.005190360774385965
0.1268817467018364 0.018 0.005190360774385951
0.03155667096070953 0.018 0.006571286368830608
0.03155667096070953 0.018 0.004571286368830604
0.03405667096070954 0.018 0.006571286368830608
0.0315591266490818 0.018 -0.004595180387192988
0.0315591266490818 0.018 -0.006595180387192983
0.0340591266490818 0.018 -0.006595180387192983
0.1284408733509182 0.018 0.006595180387192975
0.1259408733509182 0.018 0.006595180387192975
0.1284408733509182 0.018 0.004595180387192973
0.1259433290392905 0.018 -0.006571286368830624
0.1284433290392905 0.018 -0.006571286368830624
0.1284433290392905 0.018 -0.004571286368830629
0.03173205080756887 0.018 -0.001000000000000012
0.03173205080756887 0.018 -0.003000000000000011
0.03329117745665067 0.018 -0.003595180387192989
0.0316797741734558 0.018 0.00292949252313577
0.0316797741734558 0.018 0.0009294925231357661
0.03341182498102468 0.018 -7.050747686423303e-05
0.03323644513416533 0.018 0.003500778891966379
0.03860358063009186 0.018 0.005926939321017271
0.03610358063009186 0.018 0.005926939321017271
0.03516025159080138 0.018 0.004498225689847878
0.04372559677168199 0.018 0.005960916458390132
0.04122559677168199 0.018 0.005960916458390132
0.03982917740177384 0.018 0.003887855779407402
0.04875000000000002 0.018 0.0058349364905389
0.04625000000000002 0.018 0.0058349364905389
0.04497559677168199 0.018 0.003795852948929031
0.05375000000000003 0.018 0.0058349364905389
0.05125000000000002 0.018 0.0058349364905389
0.05000000000000002 0.018 0.0036698729810778
0.05875000000000004 0.018 0.0058349364905389
0.05625000000000004 0.018 0.0058349364905389
0.05500000000000003 0.018 0.0036698729810778
0.06375000000000006 0.018 0.005834936490538902
0.06125000000000005 0.018 0.005834936490538902
0.06000000000000005 0.018 0.003669872981077802
0.06875000000000007 0.018 0.005834936490538902
0.06625000000000006 0.018 0.005834936490538902
0.06500000000000006 0.018 0.003669872981077803
0.07375000000000008 0.018 0.005834936490538907
0.07125000000000008 0.018 0.005834936490538907
0.07000000000000008 0.018 0.003669872981077807
0.07875000000000007 0.018 0.005834936490538902
0.07625000000000007 0.018 0.005834936490538902
0.07500000000000008 0.018 0.003669872981077807
0.08375000000000007 0.018 0.005834936490538914
0.08125000000000007 0.018 0.005834936490538914
0.08000000000000007 0.018 0.003669872981077816
0.08875000000000008 0.018 0.005834936490538902
0.08625000000000008 0.018 0.005834936490538902
0.08500000000000008 0.018 0.003669872981077816
0.09375000000000006 0.018 0.005834936490538931
0.09125000000000005 0.018 0.005834936490538931
0.09000000000000007 0.018 0.003669872981077831
0.09875000000000007 0.018 0.005834936490538907
0.09625000000000009 0.018 0.005834936490538907
0.09500000000000006 0.018 0.003669872981077838
0.1037500000000001 0.018 0.00583493649053893
0.1012500000000001 0.018 0.00583493649053893
0.1000000000000001 0.018 0.003669872981077838
0.1087500000000001 0.018 0.005834936490538907
0.1062500000000001 0.018 0.005834936490538907
0.1050000000000001 0.018 0.003669872981077838
0.1137500000000001 0.018 0.00583493649053889
0.1112500000000001 0.018 0.00583493649053889
0.1100000000000001 0.018 0.003669872981077796
0.1187500000000001 0.018 0.00583493649053891
0.1162500000000001 0.018 0.00583493649053891
0.1150000000000001 0.018 0.0036698729810778
0.1239364175621599 0.018 0.005975901935964877
0.1214364175621599 0.018 0.005975901935964877
0.1201864175621599 0.018 0.003810838426503788
0.1248772909130781 0.018 0.004571082323157854
0.03606358243784013 0.018 -0.0059759019359649
0.03856358243784013 0.018 -0.0059759019359649
0.03512270908692193 0.018 -0.004571082323157881
0.04125000000000001 0.018 -0.005834936490538902
0.04375000000000001 0.018 -0.005834936490538902
0.03981358243784013 0.018 -0.003810838426503801
0.04625000000000002 0.018 -0.005834936490538902
0.04875000000000002 0.018 -0.005834936490538902
0.04500000000000002 0.018 -0.003669872981077803
0.05125000000000003 0.018 -0.005834936490538898
0.05375000000000003 0.018 -0.005834936490538898
0.05000000000000003 0.018 -0.0036698729810778
0.05625000000000004 0.018 -0.005834936490538904
0.05875000000000005 0.018 -0.005834936490538904
0.05500000000000004 0.018 -0.003669872981077803
0.06125000000000005 0.018 -0.005834936490538902
0.06375000000000006 0.018 -0.005834936490538902
0.06000000000000005 0.018 -0.003669872981077805
0.06625000000000006 0.018 -0.005834936490538904
0.06875000000000006 0.018 -0.005834936490538904
0.06500000000000006 0.018 -0.003669872981077805
0.07125000000000006 0.018 -0.005834936490538902
0.07375000000000007 0.018 -0.005834936490538902
0.07000000000000006 0.018 -0.003669872981077805
0.07625000000000007 0.018 -0.00583493649053891
0.07875000000000007 0.018 -0.00583493649053891
0.07500000000000007 0.018 -0.003669872981077812
0.08125000000000007 0.018 -0.005834936490538902
0.08375000000000007 0.018 -0.005834936490538902
0.08000000000000006 0.018 -0.003669872981077812
0.08625000000000006 0.018 -0.005834936490538916
0.08875000000000006 0.018 -0.005834936490538916
0.08500000000000006 0.018 -0.003669872981077817
0.09125000000000007 0.018 -0.005834936490538905
0.09375000000000007 0.018 -0.005834936490538905
0.09000000000000005 0.018 -0.003669872981077821
0.09625000000000006 0.018 -0.005834936490538881
0.09875000000000006 0.018 -0.005834936490538881
0.09500000000000004 0.018 -0.003669872981077786
0.10125 0.018 -0.005834936490538855
0.10375 0.018 -0.005834936490538855
0.1 0.018 -0.003669872981077736
0.1062500000000001 0.018 -0.005834936490538908
0.1087500000000001 0.018 -0.005834936490538908
0.105 0.018 -0.003669872981077763
0.1112523670646982 0.018 -0.005883205497568007
0.1137523670646982 0.018 -0.005883205497568007
0.1100023670646982 0.018 -0.003718141988106913
0.1162746276101333 0.018 -0.005961036861415175
0.1187746276101333 0.018 -0.005961036861415175
0.1150269946748315 0.018 -0.00384424235898318
0.1213964193699082 0.018 -0.005926939321017302
0.1238964193699082 0.018 -0.005926939321017302
0.1201710469800415 0.018 -0.003887976182432477
0.1248397484091986 0.018 -0.004498225689847926
0.1283202258265442 0.018 -0.002929492523135815
0.1283202258265442 0.018 -0.0009294925231358147
0.1267635548658347 0.018 -0.003500778891966433
0.1282679491924311 0.018 0.0009999999999999905
0.1282679491924311 0.018 0.002999999999999992
0.1265881750189753 0.018 7.050747686418793e-05
0.1267088225433493 0.018 0.003595180387192972
0.1162500950259511 0.018 0.001834936490538831
0.1137500950259511 0.018 0.00183493649053881
0.1213771731139666 0.018 0.001963045643310055
0.1186907555518068 0.018 0.001822080197884086
0.1174408505777578 0.018 -1.285629265490237e-05
0.1087511554807682 0.018 -0.001835723630021756
0.1112535225454664 0.018 -0.001883992637050854
0.1037501925801281 0.018 -0.00183506768045264
0.1062501925801281 0.018 -0.001835067680452693
0.1075013480608963 0.018 -9.183293966340267e-07
0.1012500320966881 0.018 0.001834914625553319
0.09875003209668806 0.018 0.001834914625553297
0.09625000000000006 0.018 0.001834936490538924
0.09375000000000006 0.018 0.001834936490538947
0.09750003209668806 0.018 -2.186498559292316e-08
0.04375000000000001 0.018 -0.001834936490538903
0.04625000000000002 0.018 -0.001834936490538903
0.03862288012066112 0.018 -0.001963065710480969
0.041309297682821 0.018 -0.001822100265054971
0.042559297682821 0.018 1.283622548392885e-05
0.05875000000000005 0.018 -0.001834936490538905
0.06125000000000005 0.018 -0.001834936490538903
0.06375000000000006 0.018 -0.001834936490538899
0.06625000000000006 0.018 -0.001834936490538901
0.06250000000000006 0.018 0
0.06875000000000006 0.018 -0.001834936490538903
0.07125000000000008 0.018 -0.001834936490538902
0.07375000000000008 0.018 -0.001834936490538902
0.07625000000000007 0.018 -0.00183493649053891
0.07250000000000008 0.018 0
0.07875000000000007 0.018 -0.001834936490538907
0.08125000000000007 0.018 -0.001834936490538898
0.08375000000000006 0.018 -0.001834936490538903
0.08625000000000006 0.018 -0.001834936490538916
0.08250000000000007 0.018 3.469446951953614e-18
0.05375000000000003 0.018 -0.001834936490538903
0.05625000000000005 0.018 -0.001834936490538909
0.04875000000000002 0.018 -0.001834936490538903
0.05125000000000003 0.018 -0.0018349364905389
0.05250000000000003 0.018 -6.938893903907228e-18
0.09375000000000006 0.018 -0.001834936490538888
0.09625000000000004 0.018 -0.001834936490538864
0.08875000000000005 0.018 -0.001834936490538916
0.09125000000000005 0.018 -0.001834936490538905
0.09250000000000005 0.018 1.561251128379126e-17
0.11871538316194 0.018 -0.001973893154069999
0.1213371749217149 0.018 -0.001939795613672126
0.1232687728704782 0.018 -0.001905616561185914
0.1251925793271142 0.018 -0.0009081697633044217
0.1247166451964524 0.018 -0.002856431844153112
0.1218131090523768 0.018 8.466467176563436e-06
0.04128489445450298 0.018 0.001973752683874062
0.03866287831291285 0.018 0.001939775546501201
0.03673123777644739 0.018 0.001905612547751684
0.03480743131981133 0.018 0.0009081657498701858
0.03528335480354765 0.018 0.002856431844153042
0.03818695482917653 0.018 -8.490547781656727e-06
0.04625000000000002 0.018 0.001834936490538898
0.04372559677168199 0.018 0.00196091645839013
0.05125000000000002 0.018 0.001834936490538898
0.04875000000000002 0.018 0.001834936490538898
0.04750000000000002 0.018 -3.469446951953614e-18
0.06625000000000007 0.018 0.001834936490538903
0.06375000000000006 0.018 0.001834936490538903
0.07125000000000008 0.018 0.001834936490538907
0.06875000000000007 0.018 0.001834936490538902
0.06750000000000007 0.018 3.469446951953614e-18
0.08125000000000007 0.018 0.001834936490538917
0.07875000000000007 0.018 0.001834936490538905
0.07625000000000008 0.018 0.001834936490538902
0.07375000000000008 0.018 0.001834936490538907
0.07750000000000008 0.018 3.469446951953614e-18
0.06125000000000005 0.018 0.0018349364905389
0.05875000000000004 0.018 0.001834936490538898
0.05625000000000004 0.018 0.001834936490538897
0.05375000000000003 0.018 0.001834936490538897
0.05750000000000004 0.018 -6.938893903907228e-18
0.09125000000000005 0.018 0.001834936490538929
0.08875000000000006 0.018 0.0018349364905389
0.08625000000000008 0.018 0.0018349364905389
0.08375000000000007 0.018 0.001834936490538914
0.08750000000000005 0.018 -1.734723475976807e-18
0.0348597079539244 0.018 -0.001021326773265593
0.03669123958419566 0.018 -0.001997228709230487
0.035295633245409 0.018 -0.002975901935964906
0.1251403026930011 0.018 0.001021322759831383
0.1233087710627299 0.018 0.001997224695796267
0.124704366754591 0.018 0.002975901935964875
0.1112511554807683 0.018 0.001834149351056042
0.1087511554807682 0.018 0.001834149351056059
0.1062501925801281 0.018 0.001834805300625124
0.1037501925801281 0.018 0.001834805300625145
0.1137524620906492 0.018 -0.001883205497568085
0.1162747226360843 0.018 -0.001961036861415253
0.1125012505067192 0.018 -7.871394829273015e-07
0.09875003209668805 0.018 -0.001834958355524491
0.101250032096688 0.018 -0.001834958355524465
0.1025002246768161 0.018 -1.530548993950581e-07
2 27 0 129
5581
5582
5583
5584
5585
5586
5587
5588
5589
5590
5591
5592
5593
5594
5595
5596
5597
5598
5599
5600
5601
5602
5603
5604
5605
5606
5607
5608
5609
5610
5611
5612
5613
5614
5615
5616
5617
5618
5619
5620
5621
5622
5623
5624
5625
5626
5627
5628
5629
5630
5631
5632
5633
5634
5635
5636
5637
5638
5639
5640
5641
5642
5643
5644
5645
5646
5647
5648
5649
5650
5651
5652
5653
5654
5655
5656
5657
5658
5659
5660
5661
5662
5663
5664
5665
5666
5667
5668
5669
5670
5671
5672
5673
5674
5675
5676
5677
5678
5679
5680
5681
5682
5683
5684
5685
5686
5687
5688
5689
5690
5691
5692
5693
5694
5695
5696
5697
5698
5699
5700
5701
5702
5703
5704
5705
5706
5707
5708
5709
0.1175000000000001 0.0145 -0.008
0.1232142857142858 0.0145 -0.008
0.09750000000000007 0.0145 -0.008
0.1025000000000001 0.0145 -0.008
0.1125 0.0145 -0.008
0.1075000000000001 0.0145 -0.008
0.09250000000000007 0.0145 -0.008
0.05750000000000004 0.0145 -0.008
0.03678571428571429 0.0145 -0.008
0.04246901092798637 0.0145 -0.008
0.05250000000000003 0.0145 -0.008
0.06250000000000006 0.0145 -0.008
0.06750000000000006 0.0145 -0.008
0.07250000000000006 0.0145 -0.008
0.07750000000000007 0.0145 -0.008
0.08250000000000007 0.0145 -0.008
0.08750000000000008 0.0145 -0.008
0.04749736487482879 0.0145 -0.008
0.1272448979591838 0.01325000000000001 -0.008
0.03275510204081633 0.01325 -0.008
0.0327082465639317 0.01594387755102041 -0.008
0.1272917534360684 0.01594387755102041 -0.008
0.03137755102040816 0.013875 -0.008
0.03137755102040816 0.012125 -0.008
0.03387755102040817 0.012125 -0.008
0.03135412328196585 0.0169719387755102 -0.008
0.03135412328196585 0.01522193877551021 -0.008
0.03385412328196585 0.0169719387755102 -0.008
0.1261224489795919 0.012125 -0.008
0.1286224489795919 0.012125 -0.008
0.1286224489795919 0.01387500000000001 -0.008
0.1286458767180342 0.0169719387755102 -0.008
0.1261458767180342 0.0169719387755102 -0.008
0.1286458767180342 0.01522193877551021 -0.008
0.03273167430237401 0.0145969387755102 -0.008
0.03589285714285715 0.01275 -0.008
0.03839285714285715 0.01275 -0.008
0.03477040816326531 0.013875 -0.008
0.04123450546399319 0.01275 -0.008
0.04373450546399319 0.01275 -0.008
0.03962736260685033 0.0145 -0.008
0.0462486824374144 0.01275 -0.008
0.04874868243741441 0.01275 -0.008
0.04498318790140758 0.0145 -0.008
0.05125000000000002 0.01275 -0.008
0.05375000000000003 0.01275 -0.008
0.04999868243741441 0.0145 -0.008
0.05625000000000004 0.01275 -0.008
0.05875000000000005 0.01275 -0.008
0.05500000000000003 0.0145 -0.008
0.06125000000000005 0.01275 -0.008
0.06375000000000006 0.01275 -0.008
0.06000000000000005 0.0145 -0.008
0.06625000000000006 0.01275 -0.008
0.06875000000000006 0.01275 -0.008
0.06500000000000006 0.0145 -0.008
0.07125000000000006 0.01275 -0.008
0.07375000000000007 0.01275 -0.008
0.07000000000000006 0.0145 -0.008
0.07625000000000007 0.01275 -0.008
0.07875000000000007 0.01275 -0.008
0.07500000000000007 0.0145 -0.008
0.08125000000000007 0.01275 -0.008
0.08375000000000007 0.01275 -0.008
0.08000000000000007 0.0145 -0.008
0.08625000000000008 0.01275 -0.008
0.08875000000000008 0.01275 -0.008
0.08500000000000008 0.0145 -0.008
0.09125000000000008 0.01275 -0.008
0.09375000000000008 0.01275 -0.008
0.09000000000000008 0.0145 -0.008
0.09625000000000009 0.01275 -0.008
0.09875000000000007 0.01275 -0.008
0.09500000000000007 0.0145 -0.008
0.1012500000000001 0.01275 -0.008
0.1037500000000001 0.01275 -0.008
0.1000000000000001 0.0145 -0.008
0.1062500000000001 0.01275 -0.008
0.1087500000000001 0.01275 -0.008
0.1050000000000001 0.0145 -0.008
0.11125 0.01275 -0.008
0.11375 0.01275 -0.008
0.11 0.0145 -0.008
0.1162500000000001 0.01275 -0.008
0.1187500000000001 0.01275 -0.008
0.1150000000000001 0.0145 -0.008
0.1216071428571429 0.01275 -0.008
0.1241071428571429 0.01275 -0.008
0.1203571428571429 0.0145 -0.008
0.1252295918367348 0.013875 -0.008
0.03839285714285715 0.01625 -0.008
0.03589285714285715 0.01625 -0.008
0.03474698042482299 0.0152219387755102 -0.008
0.04373450546399319 0.01625 -0.008
0.04123450546399319 0.01625 -0.008
0.04874868243741441 0.01625 -0.008
0.0462486824374144 0.01625 -0.008
0.05375000000000003 0.01625 -0.008
0.05125000000000002 0.01625 -0.008
0.05875000000000005 0.01625 -0.008
0.05625000000000004 0.01625 -0.008
0.06375000000000006 0.01625 -0.008
0.06125000000000005 0.01625 -0.008
0.06875000000000006 0.01625 -0.008
0.06625000000000006 0.01625 -0.008
0.07375000000000007 0.01625 -0.008
0.07125000000000006 0.01625 -0.008
0.07875000000000007 0.01625 -0.008
0.07625000000000007 0.01625 -0.008
0.08375000000000007 0.01625 -0.008
0.08125000000000007 0.01625 -0.008
0.08875000000000008 0.01625 -0.008
0.08625000000000008 0.01625 -0.008
0.09375000000000008 0.01625 -0.008
0.09125000000000008 0.01625 -0.008
0.09875000000000007 0.01625 -0.008
0.09625000000000009 0.01625 -0.008
0.1037500000000001 0.01625 -0.008
0.1012500000000001 0.01625 -0.008
0.1087500000000001 0.01625 -0.008
0.1062500000000001 0.01625 -0.008
0.11375 0.01625 -0.008
0.11125 0.01625 -0.008
0.1187500000000001 0.01625 -0.008
0.1162500000000001 0.01625 -0.008
0.1241071428571429 0.01625 -0.008
0.1216071428571429 0.01625 -0.008
0.1252530195751771 0.01522193877551021 -0.008
0.1272683256976261 0.01459693877551021 -0.008
2 28 0 33
5710
5711
5712
5713
5714
5715
5716
5717
5718
5719
5720
5721
5722
5723
5724
5725
5726
5727
5728
5729
5730
5731
5732
5733
5734
5735
5736
5737
5738
5739
5740
5741
5742
0.13 0.01450767226933199 -0.003134528635809386
0.13 0.014507672269332 0.003134528635809358
0.13 0.01352521813028015 0.005643393202465909
0.13 0.01352521813028013 -0.005643393202465929
0.13 0.01586184148565888 0.005825417405467891
0.13 0.01586184148565888 -0.005825417405467905
0.13 0.01226260906514008 0.005219612362889309
0.13 0.01226260906514007 0.006821696601232954
0.13 0.013253836134666 0.001567264317904674
0.13 0.012753836134666 0.003965180079561034
0.13 0.01401644519980607 0.004388960919137633
0.13 0.01226260906514007 -0.006821696601232965
0.13 0.01226260906514006 -0.005219612362889331
0.13 0.01275383613466599 -0.00396518007956106
0.13 0.013253836134666 -0.0015672643179047
0.13 0.01401644519980606 -0.004388960919137657
0.13 0.01401260906514007 -0.006821696601232965
0.13 0.01401260906514007 0.006821696601232954
0.13 0.01518092074282944 0.006912708702733946
0.13 0.01693092074282944 0.006912708702733946
0.13 0.01693092074282944 0.004912708702733942
0.13 0.01693092074282944 -0.004912708702733958
0.13 0.01693092074282944 -0.006912708702733953
0.13 0.01518092074282944 -0.006912708702733953
0.13 0.01625383613466599 -0.0015672643179047
0.13 0.015 -1.214306433183765e-17
0.13 0.016253836134666 0.001567264317904674
0.13 0.01469352980796951 0.0057344053039669
0.13 0.01625383613466599 -0.003567264317904699
0.13 0.01518475687749543 -0.004479973020638645
0.13 0.016253836134666 0.003567264317904675
0.13 0.01518475687749544 0.004479973020638624
0.13 0.0146935298079695 -0.005734405303966917
2 29 0 40
5743
5744
5745
5746
5747
5748
5749
5750
5751
5752
5753
5754
5755
5756
5757
5758
5759
5760
5761
5762
5763
5764
5765
5766
5767
5768
5769
5770
5771
5772
5773
5774
5775
5776
5777
5778
5779
5780
5781
5782
0.079 0.001199556680617497 0.003754915072173029
0.079 7.211340483506343e-05 -0.004248142298874787
0.079 -0.004136511560996493 0.0005947405753305585
0.079 0.004080325883432209 0.001621328549385629
0.079 -2.367954627177937e-05 -4.79554384079156e-05
0.079 0.003391198054434754 -0.002788019592426919
0.079 -0.002427136154855284 0.003725841429293367
0.079 -0.003401077558272158 -0.002947050480204357
0.079 -0.003376131347250034 0.005227934845971408
0.079 -0.001213568077427642 0.005862920714646684
0.079 0.0005997783403087486 0.005877457536086515
0.079 0.002762341610131127 0.005242471667411246
0.079 -0.0006137897371188937 0.003740378250733198
0.079 -0.004852096058845717 0.003524580766654227
0.079 -0.006027541548021977 -0.0002718890654278669
0.079 -0.005706783761916322 0.001959030339672822
0.079 -0.003281823857925889 0.002160291002311963
0.079 -0.004723537076553106 -0.004092968175883327
0.079 -0.005659824546659809 -0.002042784593195325
0.079 -0.003768794559634326 -0.001176154952436899
0.079 -0.002827469006501783 -0.005311497134560172
0.079 0.001162986929783268 -0.005962043043895378
0.079 -0.001090873524948172 -0.005962043043895388
0.079 -0.001664482076718547 -0.003597596389539572
0.079 0.004718597324634425 -0.004013452731994584
0.079 0.002822529254583114 -0.005231981690671444
0.079 0.001731655729634909 -0.003518080945650853
0.079 0.005654884794741112 -0.001963269149306572
0.079 0.005678690923134168 0.002472324326700381
0.079 0.00599944870923984 0.0002414049215997019
0.079 0.003735761968933482 -0.0005833455215206449
0.079 0.004202726211538483 0.004175678406017546
0.079 0.002639941282024853 0.002688121810779329
0.079 0.0005879385671728589 0.001853479816882557
0.079 0.002028323168580215 0.0007866865554888568
0.079 -0.001225407850563532 0.001838942995442726
0.079 0.001683759254081487 -0.001417987515417417
0.079 2.421692928164203e-05 -0.002148048868641351
0.079 -0.001712378552271969 -0.001497502959306136
0.079 -0.002080095553634136 0.0002733925684613215
2 30 0 40
5783
5784
5785
5786
5787
5788
5789
5790
5791
5792
5793
5794
5795
5796
5797
5798
5799
5800
5801
5802
5803
5804
5805
5806
5807
5808
5809
5810
5811
5812
5813
5814
5815
5816
5817
5818
5819
5820
5821
5822
0 0.001199556680617497 0.003754915072173029
0 7.211340483506343e-05 -0.004248142298874787
0 -0.004136511560996493 0.0005947405753305585
0 0.004080325883432209 0.001621328549385629
0 -2.367954627177937e-05 -4.79554384079156e-05
0 0.003391198054434754 -0.002788019592426919
0 -0.002427136154855284 0.003725841429293367
0 -0.003401077558272158 -0.002947050480204357
0 -0.001213568077427642 0.005862920714646684
0 -0.003376131347250034 0.005227934845971408
0 0.002762341610131127 0.005242471667411246
0 0.0005997783403087486 0.005877457536086515
0 -0.0006137897371188935 0.003740378250733198
0 -0.004852096058845717 0.003524580766654227
0 -0.005706783761916322 0.001959030339672822
0 -0.006027541548021977 -0.0002718890654278668
0 -0.003281823857925889 0.002160291002311963
0 -0.005659824546659809 -0.002042784593195325
0 -0.004723537076553106 -0.004092968175883327
0 -0.003768794559634326 -0.001176154952436899
0 -0.002827469006501783 -0.005311497134560172
0 -0.001090873524948172 -0.005962043043895388
0 0.001162986929783268 -0.005962043043895378
0 -0.001664482076718547 -0.003597596389539572
0 0.002822529254583114 -0.005231981690671444
0 0.004718597324634425 -0.004013452731994584
0 0.001731655729634909 -0.003518080945650853
0 0.005654884794741112 -0.001963269149306572
0 0.00599944870923984 0.0002414049215997017
0 0.005678690923134168 0.002472324326700381
0 0.003735761968933482 -0.0005833455215206451
0 0.004202726211538483 0.004175678406017547
0 0.002639941282024853 0.002688121810779329
0 0.002028323168580215 0.0007866865554888568
0 0.0005879385671728588 0.001853479816882557
0 -0.001225407850563532 0.001838942995442726
0 2.421692928164203e-05 -0.002148048868641351
0 0.001683759254081488 -0.001417987515417417
0 -0.001712378552271969 -0.001497502959306136
0 -0.002080095553634136 0.0002733925684613214
2 31 0 40
5823
5824
5825
5826
5827
5828
5829
5830
5831
5832
5833
5834
5835
5836
5837
5838
5839
5840
5841
5842
5843
5844
5845
5846
5847
5848
5849
5850
5851
5852
5853
5854
5855
5856
5857
5858
5859
5860
5861
5862
0.16 0.001199556680617497 0.003754915072173029
0.16 7.211340483506343e-05 -0.004248142298874787
0.16 -0.004136511560996493 0.0005947405753305585
0.16 0.004080325883432209 0.001621328549385629
0.16 -2.367954627177937e-05 -4.79554384079156e-05
0.16 0.003391198054434754 -0.002788019592426919
0.16 -0.002427136154855284 0.003725841429293367
0.16 -0.003401077558272158 -0.002947050480204357
0.16 -0.003376131347250034 0.005227934845971408
0.16 -0.001213568077427642 0.005862920714646684
0.16 0.0005997783403087486 0.005877457536086515
0.16 0.002762341610131127 0.005242471667411246
0.16 -0.0006137897371188937 0.003740378250733198
0.16 -0.004852096058845717 0.003524580766654227
0.16 -0.006027541548021977 -0.0002718890654278669
0.16 -0.005706783761916322 0.001959030339672822
0.16 -0.003281823857925889 0.002160291002311963
0.16 -0.004723537076553106 -0.004092968175883327
0.16 -0.005659824546659809 -0.002042784593195325
0.16 -0.003768794559634326 -0.001176154952436899
0.16 -0.002827469006501783 -0.005311497134560172
0.16 0.001162986929783268 -0.005962043043895378
0.16 -0.001090873524948172 -0.005962043043895388
0.16 -0.001664482076718547 -0.003597596389539572
0.16 0.004718597324634425 -0.004013452731994584
0.16 0.002822529254583114 -0.005231981690671444
0.16 0.001731655729634909 -0.003518080945650853
0.16 0.005654884794741112 -0.001963269149306572
0.16 0.005678690923134168 0.002472324326700381
0.16 0.00599944870923984 0.0002414049215997019
0.16 0.003735761968933482 -0.0005833455215206449
0.16 0.004202726211538483 0.004175678406017546
0.16 0.002639941282024853 0.002688121810779329
0.16 0.0005879385671728589 0.001853479816882557
0.16 0.002028323168580215 0.0007866865554888568
0.16 -0.001225407850563532 0.001838942995442726
0.16 0.001683759254081487 -0.001417987515417417
0.16 2.421692928164203e-05 -0.002148048868641351
0.16 -0.001712378552271969 -0.001497502959306136
0.16 -0.002080095553634136 0.0002733925684613215
2 32 0 40
5863
5864
5865
5866
5867
5868
5869
5870
5871
5872
5873
5874
5875
5876
5877
5878
5879
5880
5881
5882
5883
5884
5885
5886
5887
5888
5889
5890
5891
5892
5893
5894
5895
5896
5897
5898
5899
5900
5901
5902
0.081 0.001199556680617497 0.003754915072173029
0.081 7.211340483506343e-05 -0.004248142298874787
0.081 -0.004136511560996493 0.0005947405753305585
0.081 0.004080325883432209 0.001621328549385629
0.081 -2.367954627177937e-05 -4.79554384079156e-05
0.081 0.003391198054434754 -0.002788019592426919
0.081 -0.002427136154855284 0.003725841429293367
0.081 -0.003401077558272158 -0.002947050480204357
0.081 -0.001213568077427642 0.005862920714646684
0.081 -0.003376131347250034 0.005227934845971408
0.081 0.002762341610131127 0.005242471667411246
0.081 0.0005997783403087486 0.005877457536086515
0.081 -0.0006137897371188935 0.003740378250733198
0.081 -0.004852096058845717 0.003524580766654227
0.081 -0.005706783761916322 0.001959030339672822
0.081 -0.006027541548021977 -0.0002718890654278668
0.081 -0.003281823857925889 0.002160291002311963
0.081 -0.005659824546659809 -0.002042784593195325
0.081 -0.004723537076553106 -0.004092968175883327
0.081 -0.003768794559634326 -0.001176154952436899
0.081 -0.002827469006501783 -0.005311497134560172
0.081 -0.001090873524948172 -0.005962043043895388
0.081 0.001162986929783268 -0.005962043043895378
0.081 -0.001664482076718547 -0.003597596389539572
0.081 0.002822529254583114 -0.005231981690671444
0.081 0.004718597324634425 -0.004013452731994584
0.081 0.001731655729634909 -0.003518080945650853
0.081 0.005654884794741112 -0.001963269149306572
0.081 0.00599944870923984 0.0002414049215997017
0.081 0.005678690923134168 0.002472324326700381
0.081 0.003735761968933482 -0.0005833455215206451
0.081 0.004202726211538483 0.004175678406017547
0.081 0.002639941282024853 0.002688121810779329
0.081 0.002028323168580215 0.0007866865554888568
0.081 0.0005879385671728588 0.001853479816882557
0.081 -0.001225407850563532 0.001838942995442726
0.081 2.421692928164203e-05 -0.002148048868641351
0.081 0.001683759254081488 -0.001417987515417417
0.081 -0.001712378552271969 -0.001497502959306136
0.081 -0.002080095553634136 0.0002733925684613214
3 2 0 575
5903
5904
5905
5906
5907
5908
5909
5910
5911
5912
5913
5914
5915
5916
5917
5918
5919
5920
5921
5922
5923
5924
5925
5926
5927
5928
5929
5930
5931
5932
5933
5934
5935
5936
5937
5938
5939
5940
5941
5942
5943
5944
5945
5946
5947
5948
5949
5950
5951
5952
5953
5954
5955
5956
5957
5958
5959
5960
5961
5962
5963
5964
5965
5966
5967
5968
5969
5970
5971
5972
5973
5974
5975
5976
5977
5978
5979
5980
5981
5982
5983
5984
5985
5986
5987
5988
5989
5990
5991
5992
5993
5994
5995
5996
5997
5998
5999
6000
6001
6002
6003
6004
6005
6006
6007
6008
6009
6010
6011
6012
6013
6014
6015
6016
6017
6018
6019
6020
6021
6022
6023
6024
6025
6026
6027
6028
6029
6030
6031
6032
6033
6034
6035
6036
6037
6038
6039
6040
6041
6042
6043
6044
6045
6046
6047
6048
6049
6050
6051
6052
6053
6054
6055
6056
6057
6058
6059
6060
6061
6062
6063
6064
6065
6066
6067
6068
6069
6070
6071
6072
6073
6074
6075
6076
6077
6078
6079
6080
6081
6082
6083
6084
6085
6086
6087
6088
6089
6090
6091
6092
6093
6094
6095
6096
6097
6098
6099
6100
6101
6102
6103
6104
6105
6106
6107
6108
6109
6110
6111
6112
6113
6114
6115
6116
6117
6118
6119
6120
6121
6122
6123
6124
6125
6126
6127
6128
6129
6130
6131
6132
6133
6134
6135
6136
6137
6138
6139
6140
6141
6142
6143
6144
6145
6146
6147
6148
6149
6150
6151
6152
6153
6154
6155
6156
6157
6158
6159
6160
6161
6162
6163
6164
6165
6166
6167
6168
6169
6170
6171
6172
6173
6174
6175
6176
6177
6178
6179
6180
6181
6182
6183
6184
6185
6186
6187
6188
6189
6190
6191
6192
6193
6194
6195
6196
6197
6198
6199
6200
6201
6202
6203
6204
6205
6206
6207
6208
6209
6210
6211
6212
6213
6214
6215
6216
6217
6218
6219
6220
6221
6222
6223
6224
6225
6226
6227
6228
6229
6230
6231
6232
6233
6234
6235
6236
6237
6238
6239
6240
6241
6242
6243
6244
6245
6246
6247
6248
6249
6250
6251
6252
6253
6254
6255
6256
6257
6258
6259
6260
6261
6262
6263
6264
6265
6266
6267
6268
6269
6270
6271
6272
6273
6274
6275
6276
6277
6278
6279
6280
6281
6282
6283
6284
6285
6286
6287
6288
6289
6290
6291
6292
6293
6294
6295
6296
6297
6298
6299
6300
6301
6302
6303
6304
6305
6306
6307
6308
6309
6310
6311
6312
6313
6314
6315
6316
6317
6318
6319
6320
6321
6322
6323
6324
6325
6326
6327
6328
6329
6330
6331
6332
6333
6334
6335
6336
6337
6338
6339
6340
6341
6342
6343
6344
6345
6346
6347
6348
6349
6350
6351
6352
6353
6354
6355
6356
6357
6358
6359
6360
6361
6362
6363
6364
6365
6366
6367
6368
6369
6370
6371
6372
6373
6374
6375
6376
6377
6378
6379
6380
6381
6382
6383
6384
6385
6386
6387
6388
6389
6390
6391
6392
6393
6394
6395
6396
6397
6398
6399
6400
6401
6402
6403
6404
6405
6406
6407
6408
6409
6410
6411
6412
6413
6414
6415
6416
6417
6418
6419
6420
6421
6422
6423
6424
6425
6426
6427
6428
6429
6430
6431
6432
6433
6434
6435
6436
6437
6438
6439
6440
6441
6442
6443
6444
6445
6446
6447
6448
6449
6450
6451
6452
6453
6454
6455
6456
6457
6458
6459
6460
6461
6462
6463
6464
6465
6466
6467
6468
6469
6470
6471
6472
6473
6474
6475
6476
6477
0.01339456517956816 -1.84973020803756e-05 -8.364636056742286e-06
0.07100310023083575 -7.906477563516153e-06 -1.506231977366117e-05
0.02305006160128393 1.223731565564833e-05 -3.127503798924965e-05
0.06154218634808781 5.861357819396049e-05 -7.662906806335155e-05
0.03275382891205995 3.347358960023496e-05 -7.21812105861086e-06
0.05181332238530627 -3.025227663780807e-05 -6.287428158392554e-05
0.04213233409514335 -3.123578668665593e-05 -8.25280813004526e-05
0.006693059717040887 0.00010513221168988 0.001384022457851786
0.01821158273500271 0.001980155983782005 -0.001881605972603526
0.02789446060058789 0.002633477119305464 0.0006952873822086564
0.05668300147274274 -0.0001088301688722272 0.002846827171033669
0.04696685660434746 -9.32336628118074e-05 0.00287190988698603
0.05667066690785527 0.0003836577446351883 -0.002695675761762192
0.04697813622392444 0.0004184813148599378 -0.002709766096649015
0.06625155717692195 -0.000293342793412791 0.002850103844748482
0.03746428544014419 -0.0003160827757693568 0.002868249555531078
0.01848472023068737 -0.0007622272269607734 0.002785286753515384
0.03741516952069399 -0.001015789308930734 -0.002647041256694673
0.06629801122496851 0.001470169640814218 -0.002383058723844733
0.02765979210127035 -0.002082510481132646 -0.001967848024647515
0.004554911500350795 -0.001387946475871074 -0.002859400256062725
0.009426651139007678 -0.002283582240519467 -0.002075940176322275
0.01719706126705937 -0.002987069074092493 -0.001593909624995325
0.0743697786449907 -0.0009617663936868869 -0.003343897494027014
0.009597010868012812 0.002618475040114011 -0.001691257138977866
0.07432133816968466 0.001944968860440251 0.002880687177041396
0.02903377625541425 -0.001754877715724825 0.002848432207267718
0.0648888009116252 -0.003228038818899055 -0.001675797974111202
0.0743126693527049 -0.003333899151033641 0.0007816211823626608
0.03925670590685414 0.003977249193793335 -0.0002800367871285016
0.03979830976764377 -0.0001736592812280064 0.001392860737115313
0.03692268157935455 0.003834825699251984 0.001195352031287264
0.03689812361962945 0.003484972432671296 -0.001562293374825612
0.03743972748041909 -0.0006659360423500456 0.0001106041494182029
0.03977375180791867 -0.0005235125478086952 -0.001364784668997563
0.0571996374966338 -0.003717940477887815 -0.0001823826940698864
0.05911259391041528 -2.510829533913336e-05 0.001385099051485158
0.05962922993430633 -0.003634218604354721 -0.001644110813618396
0.05719347021419006 -0.003471696521134107 -0.002953634160467817
0.05910642662797154 0.0002211356614145744 -0.001386152414912772
0.05667683419029901 0.0001374137878814805 7.557570463573825e-05
0.01286915758978409 0.00205098655747702 0.00342443706673659
0.01004381244830452 4.33174548047522e-05 0.000687828910897522
0.00951840485852045 0.002112801314362148 0.004120630613690854
0.01097038043400641 0.003369472728574213 0.002582990815276028
0.00814503529252685 0.001361803625901945 -0.00015361734056304
0.01149578802379049 0.001299988869016817 -0.0008498108875173043
0.003346529858520444 -0.002015689674653307 0.0009893815165911725
0.005109105815767834 -0.003906719661678792 0.001261270582019029
0.001762575957247391 -0.006027541548021978 0.0008666296407584153
0.002277455750175397 -0.002762229018433784 -0.001132329840366083
0.004040031707422788 -0.004653259005459269 -0.0008604407749382265
0.005623985608695841 -0.000641407132090597 -0.0007376888991054693
0.008466445800426327 0.003547461535995812 0.002637700292551053
0.009918421375912291 0.004804132950207878 0.001100060494136226
0.01163478258978409 -9.248651040186822e-06 0.003995817681971629
0.008284029858520449 5.256610584494098e-05 0.004692011228925893
0.01286915758978409 -0.002069483859556209 0.003424437066737303
0.00951840485852045 -0.002007669102671081 0.004120630613691567
0.01184337308081242 -0.003565679670682248 0.001826609423958613
0.00849262034954878 -0.00350386491379712 0.002522802970912877
0.009859416060532176 -0.004698222139901793 0.000792821653825847
0.01141060815928792 -0.001151039771299921 -0.001042152406189508
0.008059855428024282 -0.001089225014414794 -0.0003459588592352441
0.04042591868770017 0.003309105297397908 -0.002265272967104303
0.03806733640047548 0.002816828536275869 -0.003547529554801413
0.001687137107888174 -0.005082725704154916 0.002926623238480272
0.005033666966408617 -0.00296190381781173 0.003321264179740886
0.04081616704757242 0.00348725902326517 0.001890018773204685
0.03848214272007284 0.00334483552872382 0.00336540759162045
0.04939008949482686 -6.174296972480774e-05 0.001404517802701052
0.04792237606443167 0.003477635646868032 0.003327949782117061
0.05034560895491107 0.003509126339955031 0.001860557697832083
0.04939572930461535 0.0001941145191110648 -0.00138632018911647
0.04792801587422016 0.003733493135703904 0.0005371117902995383
0.04697249641413595 0.0001626238260240652 8.107189516850773e-05
0.004005121278200719 0.00298173392605552 -0.003007412663503151
0.005074195386545765 0.003728273269835997 -0.0008857013065458952
0.006526170962031727 0.004984944684048063 -0.002423341104960721
0.007075961184181804 0.0006152642821214682 -0.002275328697520296
0.03510905717610207 -0.0001413045930845609 0.001430515717236234
0.03456745331531243 0.004009603881936781 -0.0002423818070075808
0.03508449921637697 -0.0004911578596652497 -0.001327129688876642
0.03332876683493265 0.003366843299396257 -0.002189195116456327
0.03565943713924967 0.002842211850130773 -0.003509106684274358
0.001727665528025321 0.005715870105707161 -0.0007670482607789738
0.001832171956427729 0.005999448709239833 0.001379923627785979
0.003346529858520444 0.002092729047561045 0.001502675503618708
0.005178701814948172 0.004011851873368668 0.001261270582019057
0.006630677390434134 0.005268523287580732 -0.0002763692163957691
0.003346529858520444 0.001748165133062317 -0.0007019985672875664
0.001727665528025321 0.005371306191208434 -0.002971722331685248
0.002277455750175397 0.00100162578928184 -0.002823709924244822
0.01532699637470974 0.003990430086931066 -5.487741661467361e-05
0.01296732852711609 0.003990658789008034 -3.139391568242177e-05
0.01537583730483336 0.004989985431939224 -0.0009680145839558135
0.01580307395728544 0.0009808293408508145 -0.000944985304330134
0.01773550515242702 0.004989756729862256 -0.0009914980848880653
0.05136870525554362 0.003966409542022015 -0.0004153298682200542
0.04895111217485271 0.004190776337770888 -0.001738775775752599
0.05610909031367155 -0.004030349029368719 0.001861533735170612
0.05610292303122781 -0.003784105072615011 -0.0009097177312273188
0.01657531711913294 0.004488140019927586 0.0009991872322324903
0.01416680834141567 0.003488813376996396 0.001935807900505882
0.01593964270512777 -0.0003903622645205745 0.001388461058729321
0.01671188586697527 0.003116948414556197 0.003332633595291945
0.01834815148284504 0.0006089643784106156 0.0004518403904559293
0.03208650837436613 0.001840715737449882 -0.003563538949834746
0.03032414475632392 0.00133347535445285 0.0003440346305750228
0.0296568242186301 0.003140717502302497 -0.003212286198201112
0.02953948996897133 0.0007827237020834419 -0.004543853901629198
0.02777712635092912 0.0002754833190864092 -0.0006362803212194292
0.03020681050666515 -0.001024518445766206 -0.0009875330728530628
0.05630119327503644 0.003917514293532477 0.0009503628309142837
0.05424816192902451 -6.954122275501764e-05 0.001391976444724872
0.0538663537313182 0.003956803239649687 -0.0005044878953945134
0.0562950259925927 0.004163758250286185 -0.001820888635483647
0.05424199464658077 0.0001767027339986901 -0.001379275021673059
0.02725126096106656 0.003224491774302798 -0.003168103409014271
0.02713392671140779 0.0008664979740837428 -0.004499671112442357
0.05239187220834245 -0.003667371963142808 -0.00166272510894975
0.05367425076995331 -0.003991060083251509 0.0004066830088618145
0.05482054446961696 -0.00346041695250631 -0.002979125849038883
0.02117858514552259 -0.003446490633177654 -0.00203541203206846
0.02239855182978131 -0.002012061914936047 -0.003469178770481061
0.0235272951773257 -0.003461783583705854 -0.00200904014846156
0.02124429282335993 -8.560565129879353e-06 -0.004015610583955607
0.01882505339021932 0.0009753987689332988 -0.004940776051262745
0.02063082216814332 0.0009961966497188265 -0.0009564405052963877
0.0199793123966407 -0.001028102580872868 -0.004394344237788199
0.02369682521882745 0.003418362720342491 -0.002102882223822836
0.02482906146141458 0.00191387187247789 -0.003531384619113224
0.02611902471847943 0.004728982622167399 -0.001739601013723883
0.02547226110093591 0.001322857217480556 0.0003320061721097034
0.04427310730200212 -0.003987868640473484 0.0004290805159504807
0.0445495953497454 -6.223472474923167e-05 0.001394690902842789
0.04669036855660418 -0.00401886757853606 0.001906299500093722
0.04669600836639266 -0.003763010089700188 -0.0008845384917238005
0.0445552351595339 0.0001936227640866409 -0.001396147088974734
0.02362642647387218 -5.398598095676552e-05 -0.004015185922551778
0.04668983129478405 0.003953123424087288 0.001390371080259834
0.04669547110457253 0.004208980912923161 -0.001400466911557689
0.01825208497841031 -0.004946143828051724 -0.002816729325571497
0.01947205166266902 -0.003511715109810117 -0.004250496063984099
0.02012356143417165 -0.001487415879218422 -0.0008125923314922874
0.02246618554698895 0.001960933824289815 -0.003505436605614108
0.01895579932265435 0.004489356288355633 0.0009969925147487455
0.01909236807049668 0.003118164682984244 0.0033304388778082
0.01770432200103104 -0.0005034565451552441 -0.001737757798799425
0.0309326299128936 0.003395367221151142 -0.002144836849003734
0.02850294575715757 0.004695368986003757 -0.001793584097370101
0.02254054497489355 0.004005099040054517 -0.0001059475547938301
0.02137503875579496 0.003505396954292455 0.001922157982055884
0.02012130554175294 0.004989058374117695 -0.001031113022100968
0.04199982629401629 0.003983082027482939 -0.0001432392493237144
0.06085493643772481 -0.002369605344235466 -0.003239130145176807
0.05841917671760855 -0.002207083261014852 -0.004548653492026227
0.02234441388586889 -0.003993880150903181 -1.25504248034357e-05
0.02004694611384834 0.002944893158352994 -0.004430602072921246
0.04322191639263381 0.003498305225674468 0.001869846713239314
0.04427257004018199 0.003984122362149864 -8.684790388340744e-05
0.04563917764723587 0.003467306287611892 0.003347065697382556
0.03322613579823003 -0.0002336035212051045 -0.00399576759022003
0.03084792164861873 -0.0001382368104718131 -0.004000605830814343
0.0319707501333566 -0.002193486942437197 -0.003337512333174257
0.03217267480460211 0.004012324690450599 -0.0001914317645119653
0.007190725087656615 0.002040107310099604 0.004163276122504301
0.01531245957416219 0.002037909471871391 0.003432261137027617
0.0178575370997218 0.001666044509431193 0.00482908683181368
0.04267976514305507 -0.003665978053936716 -0.001676767234762856
0.04510266620744562 -0.003441119503163419 -0.002990386242437137
0.01411713720587577 0.003446309856382881 -0.002018906964667722
0.01652564598359305 0.00444563649931407 -0.002955527632941114
0.0194179137187566 -0.005493533345777251 -0.0007938677183064734
0.02076739091598565 -0.0003749949556525625 0.001377005857763067
0.02377594681843766 0.003525546914232704 0.001885316122738626
0.06338765707887639 0.003985929066810733 -0.0006258008330202003
0.06215778087842211 0.003187365991126029 -0.002493240617741662
0.0610138641880348 0.003993274419105136 -0.0005740015958947803
0.02974299064886608 0.005312326455303214 0.0001598209871216683
0.0140457710376448 2.099374749878638e-05 -0.004004067991060865
0.01289625685202086 0.001989087570273983 -0.003469243983653357
0.01214699388186713 0.001339479918595979 -0.004845514242521427
0.01099747969624319 0.003307573741371177 -0.004310690235113919
0.001687137107888174 -0.004228038001084312 0.004492173665461677
0.003346529858520444 -0.001161001971582702 0.002554931943572577
0.02535492685127714 -0.001035136582738499 -0.0009995615313183822
0.03449067462893599 0.001792918097435743 -0.003587626356827917
0.01410353258978409 -9.248651040186822e-06 0.003995817681971629
0.01664861011534369 -0.0003811136134803857 0.005392643376757692
0.02830090324322392 -0.001196228845838254 -0.004980920782608794
0.02593129172386539 -0.001101359879350913 -0.004983472415880911
0.05275117148195865 0.003494041362172891 0.001888391875941603
0.05518601102567688 0.003454752416055681 0.0033432426022504
0.02942373172796179 -0.003251478977803638 -0.004317827284968709
0.07268643943791323 -0.0004848364356252015 -0.001679479906900338
0.07473972554916775 0.00315764478457464 -0.00333360879902103
0.07305638634209027 0.003634574742636326 -0.001669191211894354
0.0726622192002602 0.0009685311914383672 0.001432812428633867
0.07471550531151472 0.004611012411638209 -0.0002213164634868249
0.07434555840733767 0.0004916012333766818 -0.0002316051584928089
0.02263440580064197 0.002066353866345029 0.003412981865770338
0.0203517351153437 0.001679121595036818 0.004821262761522655
0.06079316706164752 -0.003944430635318218 0.000419299803377097
0.05836357462397498 -0.004028152508851312 0.001881027922925607
0.02263440580064197 -0.002054116550688268 0.003412981865771006
0.02386878080064198 6.118657827825146e-06 0.003984362481005375
0.02686063812770714 -0.0008774388578624118 0.005424216103633859
0.02604191892834909 -0.0008713202000345886 0.001408578584639234
0.02562626312770714 -0.002937674066378505 0.004852835488399491
0.02127758578568684 0.004402322054405669 -0.003028047691129973
0.03682134493325301 0.001268286648170258 -0.004907537924645948
0.04993458647164814 -0.003680174317354847 -0.001633754788870932
0.0511840662319256 -0.002385021697799878 -0.003253795754781468
0.04751699339095723 -0.003455807521605974 -0.002957200696403477
0.0487664731512347 -0.002160654902051005 -0.004577241662314012
0.06092659022388858 0.00157201030766858 -0.00372885187346977
0.05978099548778364 0.003219739612163217 -0.002451018080160293
0.01831779265624765 -0.00150821376000395 -0.004796927877458645
0.007190725087656558 -0.001934975098409712 0.004163276122504309
0.003346529858520444 4.072633270905032e-05 0.0006680335097219354
0.002277455750175397 -0.0007058130110714267 -0.00145367784723532
0.01645427981536208 0.001020320390429976 -0.004940688659334257
0.01530476562973814 0.002988414213205174 -0.004405864651926748
0.05987262739685618 0.003717139844774398 0.001510842447507947
0.05857810446791853 0.004155796502325749 -0.001883524942744201
0.0574368676767399 0.003879661927995012 0.000201319100658527
0.0536167875031079 -0.002393518839479974 -0.003247529204005289
0.0524339382011269 -0.0004644703350822653 -0.004006118234016309
0.05251328473092017 0.003220010822651559 -0.002383859051028899
0.05494195699219466 0.003426965833288057 -0.003700259791118033
0.02496274447454553 0.005315718941879426 0.0002573336553051229
0.02505660530029396 0.003376973768169937 0.003776263075869291
0.02619814631808964 0.004836166816057611 0.002248597332837579
0.06576556951731674 0.004691707098120862 -0.001779015660910891
0.06453569331686246 0.003893144022436157 -0.003646455445632352
0.06392009878652816 0.000764391609504089 -0.001229843895954042
0.05734523576766737 0.003382261695383831 -0.003760541427009714
0.006446058619917367 -0.003626724276361501 0.002261349396244582
0.005376984511572321 -0.004373263620141978 0.0001396380392873257
0.04393005440818608 -0.002350839556955788 -0.003288838486570605
0.0415056701672053 -0.002311912955688134 -0.003316478382743101
0.04275723564751503 -0.0003672574090714072 -0.00402577776894613
0.0346815657106276 -0.003966640784598692 0.0003606752514344203
0.03365755100040726 -0.003299891709923626 0.002232453407662034
0.03601277926444938 -0.003474669892608422 0.003670187245956879
0.03703679397466972 -0.004141418967283488 0.001798409089729265
0.03555680610254705 -0.0007582349704705891 -0.00531567915803806
0.01282764543124681 -0.001946523784895042 -0.003503748727706527
0.01206181401736456 -0.00111154872172076 -0.005037855761193632
0.01084368841096657 -0.003079066254114588 -0.004537536497839292
0.07705483622667239 0.005334127008635461 -0.003055669848220983
0.07668488932249534 0.001214715830373934 -0.003065958543226967
0.07666066908484233 0.002668083457437502 4.633379230723845e-05
0.03341349206913329 0.003581029043438321 0.001811830491286624
0.03576872033317541 0.003406250860753524 0.003249564329581468
0.02629098030029395 0.001316738559652733 0.004347643691104328
0.02846411842800107 0.0004392997017903194 0.001771859794738187
0.0548626104624014 -0.0002575153244457671 -0.005322518974105442
0.0560454597643824 -0.002186563828843476 -0.004563929944094422
0.03701223601494462 -0.004491272233864176 -0.0009592363163836105
0.001811325864670056 0.005062915745996157 0.003430390497834669
0.0051578557231905 0.003075318910124991 0.003311737452067748
0.06970666812996881 -0.002162826354390507 -0.003374913952309126
0.07123672520446049 -0.001130883466147462 -0.003845503054344825
0.06735412362703519 -0.00142378829520164 -0.004558912154344662
0.06888418070152687 -0.0003918454069585947 -0.00502950125638036
0.06865055572790213 0.0007311315816253507 -0.001199060521809197
0.07094492763046767 0.0030202857776198 -0.002625541544066874
0.07262826683754514 0.002543355819558115 -0.00428995913119355
0.01889543011528422 0.004426906194640685 -0.002987315117901375
0.07122920488760659 -0.003036870611311602 -0.002615482887087062
0.06817205522800132 -0.004646936781979371 -0.003445850714255832
0.06664951847036353 -0.003772892525058276 -0.004205281779477896
0.06794595057123048 -0.001617972648231286 -0.0008454301469424316
0.02006174320057061 -0.004381112422211391 0.001395730470948881
0.01784089074887337 -0.001874648150526633 0.0005956885642600296
0.05306291119265313 -1.512613831890306e-05 0.003968562859208037
0.05059416119265314 -1.512613831890306e-05 0.003968562859208037
0.05182865557823763 -0.002072491605428862 0.003398905019218234
0.05126444178338223 0.001627749014918601 -0.003678485430967848
0.0500954119848472 0.00325910564478469 -0.002329132993274241
0.02809503226880085 -0.002936473965422767 0.00485355633549099
0.0159470190813904 -0.001463292138507272 -0.004796840485530157
0.01472889347499241 -0.003430809670901101 -0.004296521222175818
0.01529581322331377 -0.001502783188086434 -0.0008011371305260337
0.06286484317404391 2.930678909698122e-05 0.003961685465968324
0.06039609317404391 2.930678909698122e-05 0.003961685465968324
0.06164850119196886 -0.002021663372878577 0.003395855146500426
0.05059355518935089 -0.003280721266329664 0.002278517070856481
0.05110631386026167 -0.003985933454828325 0.0004509416057913125
0.04817032229887148 -0.003312211959416664 0.003745909155141459
0.04868308096978226 -0.004017424147915324 0.00191833369007629
0.0584908305037723 0.001734532390889194 -0.00503837522031919
0.001891107894273641 0.003858606820346966 -0.004758738208264076
0.004168563644449038 0.001469034555194052 -0.00479442854008198
0.008725846902308673 0.005309237103957648 -0.0008474530679654133
0.05744303495918364 0.003633417971241305 0.002972570567056457
0.04518013671190557 -0.0001423988582981103 -0.005339396776620412
0.04635295547257662 -0.002125981006182491 -0.004602457494244886
0.02470341707977451 -0.003059435813330194 -0.004437465263810193
0.02117741081722997 -0.00350393680210311 0.001902567545175794
0.0203517351153437 -0.002441348821996479 0.004821262761523323
0.01889474013193169 -0.003891169073411321 0.003310848440928111
0.04328491704757168 -1.561789334332699e-05 0.003958735959349774
0.04081616704757168 -1.561789334332699e-05 0.003958735959349774
0.04203871529435058 -0.002076920384946032 0.003386713794475387
0.04293894989453307 0.00328490202009062 -0.002301035777137335
0.04536185095892362 0.003509760570863917 -0.003614654784811616
0.02387571183377547 -0.003515293114656729 0.001881639247480734
0.02686756916084063 -0.004398850630346967 0.003321492870109218
0.02158611011534369 -0.0003811136134803857 0.005392643376757692
0.05369311404465672 0.001834704025555099 -0.004994886171056982
0.06207062906456449 -0.0004894868652351572 -0.004004528489963038
0.05963486934444822 -0.0003269647820145433 -0.005314051836812458
0.04205054204757168 0.002044617315173103 0.003387355344115201
0.006688773129568251 0.003694519305840796 0.002346150548644744
0.03313625943763935 -0.003589258276080307 -0.00173473573087613
0.03546692974195637 -0.004113889725345791 -0.003054647298694161
0.05001634512043598 -0.0002401035393333924 -0.005329564141548854
0.0122183600500981 0.004764796027480074 -0.002860353216128284
0.01106855137133841 0.005309144960105226 -0.0008728401671429839
0.03430142043767362 -0.002718118391702682 -0.004657423900992288
0.05182853619265314 0.002045109070197527 0.003397182243973465
0.01425764586515919 -0.003522680210699361 0.001907831979928345
0.0168027233907188 -0.003894545173139559 0.003304657674714408
0.01541423511534369 -0.002441348821996408 0.004821262761523367
0.06200512511174314 -0.003645564442678431 -0.001617973177495342
0.04884684870269131 0.001852115810667474 -0.005001931338500392
0.04767781890415628 0.003483472440533562 -0.003652578900806786
0.0391599797521074 -0.004136194275206232 0.001851616819719862
0.04149400407960697 -0.003993770780664881 0.0003762280013040964
0.0391354217923823 -0.004486047541786921 -0.0009060285863930137
0.02583216042731891 -0.004509157482100001 -0.002977326641790693
0.07139000733704629 -0.002639756312452193 -0.005039331539435803
0.07292006441153796 -0.001607813424209147 -0.005509920641471501
0.001684148936211165 -0.0009769749866066412 0.005553576270031496
0.001684148936211165 -0.002790321404343032 0.005539039448591665
0.003346529858520444 0.0006523444461536886 0.002569468765012408
0.005030678794731609 -0.00152418722107045 0.004368129962870874
0.002468750000000003 0.0005997783403087495 0.005877457536086515
0.005815279858520446 5.256610584494098e-05 0.004692011228925893
0.07046397075811535 0.003942257267598538 -0.0006613068395612642
0.07212308972753981 0.004918694936600422 0.0007865679088462645
0.06604243182547173 -0.005304905937703339 -0.002379766891759025
0.07291254409468406 -0.003513800569373287 -0.004279900474213738
0.04446780330217373 0.002013618377110527 0.004864574328258443
0.0384821427200721 -0.0001580413878846774 0.00543412477776554
0.039704690966851 -0.002219343879487382 0.004862102612891153
0.06521952858846097 -0.0001466713967063945 0.005425051922374241
0.06389687176250489 -0.0001173646076094153 0.001386737388342565
0.06400318660638593 -0.002197641558681953 0.004859221602906342
0.04327981706959994 -0.00328846218317609 0.002258407730387782
0.04569707832420199 -0.003319461121238665 0.003735626714531023
0.006003261924551452 -0.004688375115956638 -0.001641250681945801
0.02742976868617562 0.003449490115887217 0.003731631102336732
0.04158983635285167 0.001714137870507594 -0.0036479169207351
0.04039865336029035 -0.0008595341701934464 -0.005308034356643241
0.039231254065627 0.001221861109385555 -0.004930173508432211
0.04025124903358943 -0.003643421004242132 -0.001726210505245752
0.03789266674636475 -0.004135697765364171 -0.003008467092942863
0.04032118285583039 -0.004158254815058755 -0.002959023822459966
0.02735062164918148 0.005314443638790243 0.0002121663858530323
0.03914708787998062 -0.002804189716810173 -0.004598734970440211
0.05725262998580909 -0.0002919335562857265 -0.005318476861281079
0.03971651772007211 0.001902193820631752 0.004862744162530967
0.01767975718673546 0.002982260227028711 -0.004409406443314646
0.05549775073637138 -5.441508443611262e-05 0.005423413585516835
0.05426349512195586 -0.002111780551546072 0.004853755745527031
0.04940530330217373 0.002013618377110527 0.004864574328258443
0.07115735488628186 -0.001991494443036377 0.003463733733691604
0.07006405011541789 -3.953238781757096e-06 0.00399246884011317
0.0728164738557063 -0.001015056774034494 0.004911608482099133
0.07172316908484233 0.0009724844302201263 0.005440343588520698
0.04759765161913183 -0.0001917101483913353 -0.005334737122447232
0.07139960727434017 0.001031744957429208 -0.003871121361547114
0.06904706277140654 0.001770783016618075 -0.00505511956358265
0.03098380791339726 0.004881030808290936 0.002163083242920257
0.001811325864670056 0.0036225311445888 0.004497183759228369
0.03242378945602999 -0.002043498413717194 0.003425010324235593
0.03477901772007211 -0.00221827659640199 0.004862744162530437
0.01273010884859766 -0.004007827673549989 -0.0001107928275692263
0.01074615182831742 -0.005140370142769536 -0.001144580597701992
0.06768149934910564 -0.005530450581213011 -0.001651266601876418
0.04940542268775822 -0.002103982298515862 0.004866297103503212
0.04817092830217373 -4.661683140590272e-05 0.005435954943493015
0.05921890875429632 -0.002105385246411671 0.004857583266048936
0.05796650073637137 -5.441508443611262e-05 0.005423413585516835
0.001833106686103468 0.002207681116217618 0.0055400588880254
0.005179636544623912 0.001660468881753809 0.004354612580864779
0.01911736011534369 -0.0003811136134803857 0.005392643376757692
0.06286492426674531 -0.003481981595996745 0.001877632719079928
0.06521960968116239 -0.003657959781800121 0.003340999175485845
0.03225324622371782 0.002171985493129331 0.003366094642817656
0.03460847448775994 0.001997207310444536 0.004803828481112501
0.05282874089094324 -0.00328163548252554 0.002277224095554923
0.05526358043466148 -0.00332092442864275 0.00373207482186372
0.04401273741724222 0.001938996421280891 -0.004961535928409382
0.07073864900871092 -0.003920384410545242 -0.0008208987747076481
0.07480511828260158 0.001664341966249991 -0.005048042495657159
0.0561042968786206 0.001787166371584295 -0.005015929791320838
0.04445597654895263 -0.002107919323008607 0.004863932778618629
0.04570217830217373 -4.661683140590272e-05 0.005435954943493015
0.07308294648141764 0.0005548149993675225 -0.00553553894867379
0.01331185620303352 -0.00263532565730598 -0.0018349249006588
0.04080311965228504 -0.00331113015637533 0.002225804313900578
0.06559340606829686 -0.0008789345890424186 -0.002029428348977967
0.03058924103224455 -0.004647250311446747 -0.002715050682670582
0.03672479281445444 -0.002761625224888995 -0.004628168645298308
0.01199106712533587 -0.004567853510225341 -0.00310245464854495
0.01587627218936172 -0.004919596927011854 -0.002861439372881475
0.05426337573637138 0.002005820124080317 0.004852032970282262
0.03846909532478547 -0.003453553650916681 0.003701193132316344
0.06374393634633319 -0.002132813063781665 -0.004804112942986964
0.0625282437194935 -0.004012931542781973 -0.004038714598200732
0.06321549362985651 -0.001584712620352547 -0.0008762135210872768
0.01463135689234327 -0.005492113559556048 -0.0009035653220385177
0.01615889390890479 -0.00500696609670542 0.001115059485459054
0.01169219125288989 5.378114245262454e-05 -0.004003685692840331
0.009793414097112218 0.001372267313549818 -0.004845131944300893
0.02618057708376868 -0.004562667013050877 0.0009133527541516017
0.0283467841783423 -0.001918694098428736 0.0004402920913101017
0.06680048311354007 0.0001696073738657307 -0.005151357042194962
0.07459590239491667 0.004942547952077215 0.001928806107471413
0.009708234232609652 -0.001078761326766921 -0.005037473462973097
0.009511831003510246 0.0001674463997972716 -0.00188359865765007
0.06041208812751391 -0.003231545029394208 0.002278330759888547
0.02707163881310932 -0.003116932692065668 -0.004403216792612861
0.03365816445602998 1.673679480011846e-05 0.003996390939470695
0.03179813812770713 -0.0008774388578624118 0.005424216103633859
0.0308938025837371 -0.0008607020630622953 0.001420607043104554
0.03039321989539497 0.001277809840466801 0.004793919806980821
0.03056376312770714 -0.002937674066379724 0.004852835488398757
0.03179752467208441 -0.004194067362586157 0.003660278571825199
0.02982356206798179 0.003471987257981946 0.00371734739445129
0.03796518098819943 -0.000807487065103718 -0.005312285397983157
0.007812854330900763 -0.004821081502466175 0.0005313680791575509
0.03230972042990306 -0.00397191549112025 0.0002974772095366476
0.07668488932249534 -0.0004927229699793331 -0.001695926466217465
0.07666066908484233 0.0009606446570842356 0.00141636586931674
0.06763793085487088 -0.003664174242723232 0.003329565962297143
0.06862732870387886 -0.0001506246354881536 0.00141752076248741
0.07001370238182777 -0.003521456084798594 0.001896982880036072
0.06695655272222251 -0.005131522255466364 0.001066615052867302
0.06557017904427358 -0.001760690806155923 0.0005871529353186399
0.06768827858846098 -0.0001466713967063945 0.005425051922374241
0.06878158335932495 -0.002134212600961015 0.004896316815952675
0.06459916867337827 0.003570844408898997 0.00290156004462555
0.0622444832589612 0.003746822594702373 0.001438193588219633
0.06462239569740155 0.004452600626012502 0.0002849787603289426
0.06627478420094524 0.0005884134237007133 0.0002335225604518745
0.01786056661507352 -0.002429829370525149 0.004828158439573821
0.06275078107859568 0.001563598819434317 -0.003732356759784291
0.0360133927200721 -0.0001580413878846774 0.00543412477776554
0.069009025026151 0.003731069812192352 0.001424112234500212
0.07138453977145237 0.003615054220805034 0.001696224986824063
0.06900876824449546 0.003472336062880397 0.003128808069085135
0.06663325349919411 0.003588351654267714 0.002856695316761284
0.07129842511541788 0.002056281969734432 0.003421088224878742
0.06892265358846097 0.001913563811809795 0.004853671307139813
0.06453823154851401 -0.005125307794543252 0.001078048266056003
0.0285887430645036 0.004858684289997797 0.002206304618570757
0.07281213944721643 -0.00365449077977144 0.003862075484759765
0.07431700376119478 -0.0006944651452966954 0.001831154179702028
0.07265788479177032 -0.001670902814298579 0.0003832794312944998
0.07304365874087682 0.004591491889806918 0.003144099735231592
0.05798249568984137 -0.003315266902927301 0.003740058879437057
0.06163046817404391 0.002089541997613411 0.003390304850733751
0.0279994265135888 0.001255312698372072 0.004808203514866263
0.008140748705054213 0.004951190720052861 0.000808510750229918
0.06367843239351183 -0.005288890641224939 -0.002417557630519267
0.01709604358871358 -0.003468578895147088 -0.004275345213751385
0.02450507065577978 -0.003991578176024928 -0.0001513579102543105
0.01825091065011769 -0.005003589996977181 0.001121250251672756
0.001621022299588654 -0.005735107175723291 -0.001300816449026071
0.003898478049764051 -0.004360824633160581 -0.003027886864722713
0.06512869351703603 0.002269376850744446 -0.004885571587674982
0.06444854150300483 0.0002162911660749713 -0.005157743317853729
0.07419191908484232 0.0009724844302201263 0.005440343588520698
0.006237670500747406 0.00127652062740602 -0.004910670384533318
0.008758720184578416 0.003279731385398563 -0.004326598825990889
0.006689613328280047 0.003472245313186594 -0.00421035698153955
0.06859238312753405 0.003759323836808667 -0.00380953974610241
0.0464289576380528 0.001895537762378242 -0.004982058543643569
0.0372477677200721 0.001902193820632526 0.004862744162530502
0.02680993590577299 -0.005038952074419074 -0.001119644403583443
0.03044969410158022 -0.00486609114378278 0.001725302373699812
0.07288398944854116 -0.004699866948046664 -0.002217141136018901
0.07434122399884779 -0.002147832772360264 -0.001281138155832177
0.02976270202450826 -0.005029907526486691 -0.0006828377422578044
0.06665648052321738 0.004470107871381218 0.0002401140324646764
0.06811142625518173 0.004681295326787406 -0.0018453050415968
0.06398515358846098 0.001913563811810035 0.004853671307139668
0.07482756239873883 -0.0006354183456887579 0.005102944940459578
0.07482322799024896 -0.003274852351425704 0.00405341194312021
0.07705483622667239 0.005678690923134189 -0.0008509957773147084
0.07666066908484233 0.00301264737193623 0.002251007863213513
0.07712022896010623 0.003840824190310812 -0.004770103544857112
0.02932938812770713 -0.0008774388578624118 0.005424216103633859
0.008237911965694284 0.004533538351893614 -0.003212881016064447
0.06712974971502164 0.002576883566818571 -0.004742272576760236
0.05920087573637137 0.002005820124080317 0.004852032970282262
0.07166848694276234 -0.005184452421533657 0.002295324631104233
0.06246647434341621 -0.005587756833864726 -0.0003802846496468282
0.04698467019152308 0.002013439224381516 0.004864681973603983
0.0723934335696455 -0.005583380747280304 -0.0004225570236394871
0.008439131743879894 -0.005136192998280834 -0.001249520642075576
0.07693523331007435 0.006010226463573194 0.001299126793643529
0.07295754408484234 0.003032719638736315 0.00486896297328627
0.00727236441328121 -0.0006309434444427247 -0.005429203502843322
0.006990781319679236 -0.001835764358195271 -0.0024676702161925
0.03723485334471771 -0.002215243969598323 0.004864564623877217
0.001891107894273641 0.00219906449554712 -0.005488799561488011
0.002277455750175397 -0.0006579165355180053 -0.003553771277468756
0.01702043224280663 -0.005493219051226468 -0.0008471921196202261
0.02816914652212208 -0.004622198680348436 -0.002766294366958689
0.06573897905244031 -0.005595487447744587 -0.0004533053573178028
0.005589125577500742 -0.003815850436377969 -0.003930476559031389
0.008024995396829184 -0.004263668318702166 -0.003538746519161164
0.06489244261786391 -0.00404336265273608 -0.004015679880430406
0.07666066908484233 -0.0002410836472075169 0.003303264303167382
0.07716689331389651 -0.002821470853336525 0.005525522066585563
0.07665633467635245 -0.002880517652944463 0.002253731305828014
0.0567066777207493 0.001992743038475368 0.004859857040572881
0.009865477534189173 0.00478456571406477 -0.00282605628691129
0.05673212573637137 -0.002114650292952205 0.004852032970282466
0.04693655330217374 -0.002106852039924249 0.004864574328257293
0.07665633467635245 -0.00167878934865271 0.0003668328719773726
0.07716689331389651 -0.001008124435600135 0.005540058888025394
0.07666066908484233 0.001572262770528874 0.003317801124607213
0.009628529922928376 -0.004545601584903503 -0.003138939940582054
0.02749692798284495 -0.004875135691715164 0.001288495712374174
0.06645390358846098 -0.002206906605220584 0.004853671307141016
0.07653125 0.0005997783403087495 0.005877457536086515
0.001621022299588654 -0.005367390174361123 -0.003071711976793529
0.002277455750175397 -0.002394512017071616 -0.002903225368133541
0.06609587795686842 -0.002179496855990905 -0.004797726667328197
0.07460758428739489 -0.004163478696758825 -0.003233515391125432
0.07457902964125199 -0.005349545075432202 -0.001170756052930595
0.06653046490241245 0.003868519009454742 -0.003677809752969885
0.07712022896010623 0.002181281865510966 -0.005500164898081045
0.07668488932249534 -0.0004448264944259117 -0.0037960198964509
0.07370622292024753 -0.005629873423727895 0.0009341655150385906
0.0770972260559805 4.670246478795448e-05 -0.00612405698288025
0.07478211537847584 -0.0004702374344730207 -0.005671934580456364
0.02932994107149144 -0.004215968472800643 0.00362744555382292
0.06644895153397493 0.001916864106794637 0.004851686018070882
0.006069702183176946 -0.002580471827861023 -0.004956897750820474
0.008505572002505388 -0.00302828971018522 -0.004565167710950249
0.001945163773328693 3.605670241754899e-05 -0.006124071149437393
0.004222619523504089 -0.0006939732379355198 -0.005429700128031362
0.07692269496489954 -0.00538313427905146 -0.003035091884214103
0.07668488932249534 -0.002181421975979523 -0.003145473987115685
0.07665633467635245 -0.0033674883546529 -0.001082714648920848
0.07692269496489954 -0.005750851280413628 -0.001264196356446646
0.07665633467635245 -0.003735205356015067 0.0006881808788466097
0.07732043822570304 0.002171864639143639 0.005555574536538732
0.07498110731054537 0.002544570729055015 0.005118460588972916
0.07774533545400622 -0.006027838311281315 0.0008645617737769408
0.07540167013035867 -0.005626532106299889 0.0009580020772929918
0.07705483622667239 -0.003863102048958458 -0.00483853937142691
0.07473972554916775 -0.002643446466665823 -0.005036962878338239
0.07668488932249534 -0.001607813424209147 -0.005509920641471501
0.07456655702421489 -0.004743642797997662 0.002946971543613798
0.0771162622947887 0.003622776637725769 0.00449690047186767
0.07477693137963103 0.003995482727637146 0.004059786524301853
0.00173000479338882 -0.003863102048958458 -0.00483853937142691
0.00173000479338882 -0.002126506567404847 -0.005489085280762125
0.004007460543564217 -0.002856536507757916 -0.004794714259356094
0.0771162622947887 0.005063161239133125 0.003430107210473969
0.06332786303040064 -0.007186159616869137 0.0003362886096479377
0.07691022234786243 -0.005144949002979088 0.002853531240097747
0.07691022234786243 -0.004290261299908484 0.004419081667079152
0.01226803118563799 0.004807299548093589 0.00109436164904532
0.04868872077957075 -0.003761566659079452 -0.0008725043017412322
3 4 0 578
6478
6479
6480
6481
6482
6483
6484
6485
6486
6487
6488
6489
6490
6491
6492
6493
6494
6495
6496
6497
6498
6499
6500
6501
6502
6503
6504
6505
6506
6507
6508
6509
6510
6511
6512
6513
6514
6515
6516
6517
6518
6519
6520
6521
6522
6523
6524
6525
6526
6527
6528
6529
6530
6531
6532
6533
6534
6535
6536
6537
6538
6539
6540
6541
6542
6543
6544
6545
6546
6547
6548
6549
6550
6551
6552
6553
6554
6555
6556
6557
6558
6559
6560
6561
6562
6563
6564
6565
6566
6567
6568
6569
6570
6571
6572
6573
6574
6575
6576
6577
6578
6579
6580
6581
6582
6583
6584
6585
6586
6587
6588
6589
6590
6591
6592
6593
6594
6595
6596
6597
6598
6599
6600
6601
6602
6603
6604
6605
6606
6607
6608
6609
6610
6611
6612
6613
6614
6615
6616
6617
6618
6619
6620
6621
6622
6623
6624
6625
6626
6627
6628
6629
6630
6631
6632
6633
6634
6635
6636
6637
6638
6639
6640
6641
6642
6643
6644
6645
6646
6647
6648
6649
6650
6651
6652
6653
6654
6655
6656
6657
6658
6659
6660
6661
6662
6663
6664
6665
6666
6667
6668
6669
6670
6671
6672
6673
6674
6675
6676
6677
6678
6679
6680
6681
6682
6683
6684
6685
6686
6687
6688
6689
6690
6691
6692
6693
6694
6695
6696
6697
6698
6699
6700
6701
6702
6703
6704
6705
6706
6707
6708
6709
6710
6711
6712
6713
6714
6715
6716
6717
6718
6719
6720
6721
6722
6723
6724
6725
6726
6727
6728
6729
6730
6731
6732
6733
6734
6735
6736
6737
6738
6739
6740
6741
6742
6743
6744
6745
6746
6747
6748
6749
6750
6751
6752
6753
6754
6755
6756
6757
6758
6759
6760
6761
6762
6763
6764
6765
6766
6767
6768
6769
6770
6771
6772
6773
6774
6775
6776
6777
6778
6779
6780
6781
6782
6783
6784
6785
6786
6787
6788
6789
6790
6791
6792
6793
6794
6795
6796
6797
6798
6799
6800
6801
6802
6803
6804
6805
6806
6807
6808
6809
6810
6811
6812
6813
6814
6815
6816
6817
6818
6819
6820
6821
6822
6823
6824
6825
6826
6827
6828
6829
6830
6831
6832
6833
6834
6835
6836
6837
6838
6839
6840
6841
6842
6843
6844
6845
6846
6847
6848
6849
6850
6851
6852
6853
6854
6855
6856
6857
6858
6859
6860
6861
6862
6863
6864
6865
6866
6867
6868
6869
6870
6871
6872
6873
6874
6875
6876
6877
6878
6879
6880
6881
6882
6883
6884
6885
6886
6887
6888
6889
6890
6891
6892
6893
6894
6895
6896
6897
6898
6899
6900
6901
6902
6903
6904
6905
6906
6907
6908
6909
6910
6911
6912
6913
6914
6915
6916
6917
6918
6919
6920
6921
6922
6923
6924
6925
6926
6927
6928
6929
6930
6931
6932
6933
6934
6935
6936
6937
6938
6939
6940
6941
6942
6943
6944
6945
6946
6947
6948
6949
6950
6951
6952
6953
6954
6955
6956
6957
6958
6959
6960
6961
6962
6963
6964
6965
6966
6967
6968
6969
6970
6971
6972
6973
6974
6975
6976
6977
6978
6979
6980
6981
6982
6983
6984
6985
6986
6987
6988
6989
6990
6991
6992
6993
6994
6995
6996
6997
6998
6999
7000
7001
7002
7003
7004
7005
7006
7007
7008
7009
7010
7011
7012
7013
7014
7015
7016
7017
7018
7019
7020
7021
7022
7023
7024
7025
7026
7027
7028
7029
7030
7031
7032
7033
7034
7035
7036
7037
7038
7039
7040
7041
7042
7043
7044
7045
7046
7047
7048
7049
7050
7051
7052
7053
7054
7055
0.09454751796569801 7.236028226520469e-06 -2.650902943977969e-05
0.1520036336992076 -7.543801729953739e-06 -1.54728944772144e-05
0.1040500616012839 1.223731565564226e-05 -3.12750379892484e-05
0.1425421863480877 5.861357819396742e-05 -7.662906806335957e-05
0.11375382891206 3.347358960023757e-05 -7.218121058603162e-06
0.1328133223853062 -3.025227663780525e-05 -6.28742815839251e-05
0.1231323340951433 -3.123578668666558e-05 -8.252808130047732e-05
0.08777147916908458 3.811702901916278e-05 0.001336108530109777
0.1088944606005879 0.002633477119305458 0.0006952873822086564
0.09929786846446222 -0.0007626079669697488 -0.002676304784978766
0.1376830014727427 -0.0001088301688722633 0.002846827171033645
0.1279668566043474 -9.323366281175152e-05 0.002871909886986054
0.1376706669078552 0.000383657744635218 -0.002695675761762175
0.09930000659902946 0.0003087795554241672 0.002711019577733057
0.1279781362239244 0.0004184813148599277 -0.002709766096649017
0.1472519631909704 -0.000293063215241583 0.002849972893157196
0.1184642854401442 -0.0003160827757680314 0.002868249555531112
0.1184151695206939 -0.001015789308930723 -0.002647041256694723
0.1472981164605286 0.001470122511554814 -0.002383006268817815
0.1086597921012703 -0.002082510481132612 -0.00196784802464756
0.08554361465556756 -0.001391492605368354 -0.002868866448031056
0.09054633309137278 -0.002089201134934395 -0.002346494435096611
0.1553702191138723 -0.0009541611369955241 -0.003343587654958738
0.1553214551072512 0.001945037757471304 0.002880759047785259
0.09074154440890915 0.002735118605702231 -0.001485079116320055
0.1100337762554134 -0.001754877715727987 0.002848432207273296
0.1008564127264198 0.003656037035135881 -0.0004560939268793522
0.1458887827992008 -0.003228053235158368 -0.00167579635889246
0.1553127105253538 -0.003334597141986758 0.000776738774771426
0.1381996374966337 -0.003717940477887841 -0.0001823826940698812
0.1401125939104152 -2.510829533914792e-05 0.001385099051485143
0.1406292299343062 -0.003634218604354726 -0.001644110813618384
0.13819347021419 -0.003471696521134101 -0.002953634160467791
0.1401064266279715 0.0002211356614145927 -0.001386152414912767
0.1376768341902989 0.0001374137878814774 7.557570463573521e-05
0.1207983097676437 -0.0001736592812273485 0.001392860737115317
0.1179226815793545 0.003834825699252647 0.001195352031287267
0.1202567059068541 0.003977249193793329 -0.0002800367871285282
0.1207737518079186 -0.0005235125478086941 -0.0013647846689976
0.1178981236196294 0.003484972432671301 -0.001562293374825651
0.1184397274804191 -0.000665936042349377 0.0001106041494181947
0.1016739650328731 -0.0003751853256570533 -0.001353789911484007
0.100968317317458 -0.004381302792215879 -0.001335065298298198
0.1033444138858689 -0.003993880150903183 -1.255042480343952e-05
0.1016750341001567 0.0001605084355399047 0.001339872269871904
0.1009693863847417 -0.003845609031018921 0.001358596883057713
0.09929893753174585 -0.0002269142057727908 1.735739637714526e-05
0.09115949856739129 2.267652862284162e-05 0.0006547997503349987
0.0905576145845423 0.002079293723026786 0.004096673649819851
0.09394563398284901 0.002063853222630465 0.003415364870045073
0.09264453118730358 0.001371177316964376 -0.0007557940728799173
0.09204264720445458 0.00342779451136832 0.002686079826604936
0.08925651178899686 0.001386617817360697 -7.44852931051389e-05
0.09271125898284902 3.618014113261214e-06 0.00398674548528011
0.09394563398284901 -0.002056617194402759 0.003415364870045785
0.0893232395845423 1.905851450958237e-05 0.004668054265054889
0.0905576145845423 -0.002041176694006438 0.004096673649820564
0.09291984947387744 -0.003552813005528788 0.001817537227267118
0.08953183007557072 -0.003537372505132467 0.002498846007041896
0.09857083584150808 -0.004380988497665096 -0.001388389699611944
0.09692269321508011 -0.0003776859693716142 -0.001351406907209273
0.09619566059212598 -0.003996066500066961 -6.349182184245076e-05
0.0985719049087917 -0.003845294736468138 0.001305272481743967
0.09692376228236374 0.0001580077918253438 0.001342255274146638
0.08665754691232608 -0.0006766877881745955 -0.0007663789589606393
0.08499947285580911 0.002979960861306879 -0.00301214575948732
0.08611340511256761 0.003694765678500637 -0.0009096582704169033
0.0875984377324799 0.005043266466842172 -0.002320252093631819
0.08814257953223836 0.0006718130001669388 -0.002176972782175555
0.08272766552802532 0.005715870105707161 -0.0007670482607789773
0.08283217195642772 0.005999448709239833 0.001379923627785979
0.08438573958454229 0.002059221456225686 0.001478718539747703
0.08621791154097001 0.003978344282033309 0.001237313618148053
0.1303900894948268 -6.174296972477839e-05 0.001404517802701064
0.1287792579598081 0.003451035318616222 0.003376684042941427
0.1312024908502875 0.003482526011703195 0.001909291958656437
0.1303957293046153 0.0001941145191110612 -0.001386320189116471
0.1287848977695966 0.003706892807452062 0.0005858460511238917
0.1279724964141359 0.0001626238260240881 8.107189516851857e-05
0.0877029441608823 0.005326845070374843 -0.0001732802050668634
0.09091925703671482 -0.004601031587109245 0.000657544524438702
0.09254692552853538 -0.001040982553353937 -0.001186501732268195
0.08915890613022867 -0.001025542052957616 -0.000505192952493417
0.08950565552644815 0.003513953944660461 0.002613743328680035
0.09099068814636044 0.004862454733001995 0.00120314950546512
0.1214259186877001 0.003309105297397895 -0.002265272967104328
0.1190673364004755 0.002816828536275867 -0.00354752955480145
0.09495437387245528 -0.00350965202626193 0.001899056553961697
0.09733061818912102 -0.003358880262663106 0.003267820857548115
0.1218161670475714 0.003492288925098524 0.0018808675243393
0.1194821427200718 0.003349865430557841 0.003356256342755094
0.08272766552802532 0.005371306191208433 -0.002971722331685252
0.08438573958454229 0.001714657541726959 -0.000725955531158571
0.08327180732778378 0.0009998527245332002 -0.002828443020228988
0.1161090571761021 -0.0001413045930838969 0.001430515717236255
0.1155674533153124 0.004009603881936781 -0.0002423818070075911
0.116084499216377 -0.0004911578596652425 -0.001327129688876663
0.1143287668349326 0.003366843299396257 -0.002189195116456326
0.1166594371392496 0.002842211850130777 -0.003509106684274386
0.1371090903136716 -0.004030349029368737 0.001861533735170604
0.1371029230312279 -0.003784105072614996 -0.0009097177312273057
0.1113241447563239 0.001333475354452848 0.0003440346305750266
0.1106568242186301 0.003140717502302499 -0.00321228619820111
0.1130865083743661 0.001840715737449888 -0.00356353894983474
0.1112068105066651 -0.001024518445766187 -0.0009875330728530813
0.1105394899689713 0.0007827237020834633 -0.004543853901629218
0.1087771263509291 0.0002754833190864231 -0.0006362803212194516
0.0997264266217229 -0.003890733093126353 0.0005811983634697827
0.09972749568900652 -0.003355039331929395 0.003274860544825694
0.1021025231901337 -0.003503310451813658 0.001903713236964542
0.1082512609610666 0.003224491774302782 -0.003168103409014278
0.1081339267114078 0.0008664979740837472 -0.004499671112442385
0.1301644964511374 0.003984872545433475 -3.468213374212967e-05
0.1277469033704465 0.004209239341182342 -0.001358128041274675
0.094043804920181 0.004003525454161482 -4.046611237395113e-05
0.09640347276777467 0.004003296752084514 -6.394961330619586e-05
0.09519361359894069 0.003459176521536325 -0.002027979161359247
0.1333918722083424 -0.003667371963142817 -0.001662725108949726
0.1346742507699534 -0.003991060083251508 0.0004066830088618192
0.1358205444696169 -0.003460416952506306 -0.002979125849038851
0.1352419946465807 0.0001767027339987064 -0.00137927502167305
0.08671121385947166 0.00252855452915243 -0.003801685670591044
0.08931017873614244 0.004591860134687722 -0.003109792004735544
0.1046968252188274 0.003418362720342484 -0.002102882223822841
0.1058290614614146 0.001913871872477874 -0.003531384619113231
0.1071190247184794 0.004728982622167392 -0.001739601013723888
0.1064722611009359 0.00132285721748055 0.000332006172109704
0.1255495953497453 -6.223472474920855e-05 0.001394690902842788
0.1276903685566034 -0.004018867578536031 0.001906299500093736
0.1252731073020014 -0.003987868640473489 0.00042908051595047
0.1255552351595338 0.0001936227640866311 -0.001396147088974747
0.1276960083663919 -0.003763010089700192 -0.0008845384917237996
0.1373015924479176 0.003917543250102811 0.0009506060256294756
0.1352481619290244 -6.954122275503426e-05 0.00139197644472486
0.1348667529041994 0.003956832196220041 -0.0005042447006793095
0.1372954251654739 0.004163787206856551 -0.001820645440768434
0.09524328473448057 0.003501680042149848 0.001926735703814357
0.0939727332450858 0.002001954235427426 -0.003478316180344879
0.09634772480208312 0.001995800249250966 -0.003481857971732774
0.09512224743070974 3.386041265222731e-05 -0.004013140187752384
0.09955792014813558 0.005827697255539195 -0.0002787420620259821
0.09834806097930161 0.005283577024991005 -0.002242771610079033
0.09770196534605893 0.001831636531681201 -0.000241301478159566
0.1021785851455226 -0.003446490633177658 -0.002035412032068458
0.1045272951773257 -0.003461783583705868 -0.00200904014846154
0.09980248857711174 -0.003833913274490354 -0.003357926905563216
0.1021511986089149 -0.003849206225018564 -0.003331555021956299
0.1119326299128936 0.003395367221151145 -0.002144836849003727
0.1095029457571576 0.004695368986003756 -0.001793584097370097
0.09756878884832279 0.00307425452393819 -0.00335287703912874
0.09872290005146522 0.001610878251652832 -0.004806755849502267
0.09749742268009184 -0.0003510615849459074 -0.005338038065521878
0.09505150053868106 -0.003422444375852349 -0.0020777390751037
0.09742667578806316 -0.003807366373450484 -0.003402636952873193
0.09839773211484149 0.005326080545604529 0.001711943255094571
0.1418549364377247 -0.002369605344235488 -0.003239130145176791
0.1394191767176085 -0.002207083261014862 -0.004548653492026199
0.127741263560658 0.003953381852346502 0.00143270995054286
0.1034661855469889 0.001960933824289817 -0.003505436605614105
0.11422613579823 -0.0002336035212050819 -0.003995767590220028
0.1118479216486185 -0.0001382368104717799 -0.004000605830814341
0.1129707501333566 -0.002193486942437169 -0.003337512333174271
0.1046264264738722 -5.398598095675435e-05 -0.004015185922551777
0.1131726748046021 0.004012324690450601 -0.000191431764511965
0.123679765143055 -0.003665978053936716 -0.001676767234762878
0.1261026662074455 -0.00344111950316342 -0.002990386242437148
0.0938065852416626 -0.003994961008396541 -0.0001198650242607396
0.08822993481367847 0.002006599718764249 0.004139319158633295
0.100077140595441 0.001446714534083066 -0.001566199355929059
0.1253240023060559 0.003984380790409045 -4.450903360040578e-05
0.1033985518297813 -0.00201206191493605 -0.00346917877048106
0.1010224552613705 -0.002399484556248745 -0.004791693643975818
0.1420138641880347 0.003993274419105138 -0.0005740015958947984
0.1443876570788764 0.003985929066810734 -0.0006258008330202217
0.143157780878422 0.003187365991126017 -0.002493240617741685
0.1107429906488661 0.005312326455303211 0.0001598209871216648
0.08268713710788818 -0.005082725704154918 0.002926623238480271
0.08268713710788818 -0.004228038001084313 0.004492173665461676
0.08607287669243047 -0.00299541140914709 0.003297307215869881
0.08438573958454229 -0.001194509562918061 0.002530974979701573
0.08438573958454229 -0.002049197265988665 0.0009654245527201679
0.08438573958454229 7.218741373691703e-06 0.0006440765458509308
0.08327180732778378 -0.0007075860758200665 -0.001458410943219486
0.1063549268512771 -0.001035136582738485 -0.0009995615313184039
0.115490674628936 0.001792918097435743 -0.003587626356827914
0.1093009032432237 -0.001196228845838205 -0.004980920782608819
0.124348469442192 0.003483693781191122 0.001896471184933192
0.1267657306967941 0.003452694843128579 0.003373690169076457
0.1323687052555435 0.003966409542022015 -0.0004153298682200681
0.1299511121748526 0.004190776337770881 -0.001738775775752614
0.1069312917238654 -0.001101359879350881 -0.004983472415880933
0.09289367492475487 0.00349851344426414 0.001932434548905257
0.1104237317279618 -0.003251478977803594 -0.004317827284968749
0.1540566530762762 0.003634756080553107 -0.00166939649924613
0.15368692640654 -0.0004808524693627389 -0.001679530274717976
0.1557399457836086 0.003161447412920322 -0.003333453879486892
0.155715563780298 0.004611046860153735 -0.0002212805281148933
0.1553458371105618 0.0004954383102378897 -0.0002314143035867392
0.1536625444032294 0.0009687469778706749 0.001432643076654022
0.09518000898284901 3.618014113261214e-06 0.00398674548528011
0.1417931670616474 -0.003944430635318211 0.0004192998033771195
0.1393635746239748 -0.004028152508851326 0.001881027922925622
0.09214081814178657 0.005367466742899337 -0.0007697511558140888
0.09197214080792318 0.0009537356538469677 -0.004638308883173295
0.09312165499354713 -0.00101435816892823 -0.0051731328905808
0.1407809954877836 0.003219739612163205 -0.002451018080160317
0.1419265902238885 0.001572010307668559 -0.003728851873469784
0.117821344933253 0.001268286648170262 -0.004907537924645974
0.1408726273968561 0.003717139844774401 0.001510842447507947
0.1384368676767398 0.003879661927995026 0.0002013191006585389
0.1395781044679185 0.004155796502325762 -0.001883524942744206
0.1309345864716481 -0.003680174317354873 -0.001633754788870869
0.1321840662319255 -0.002385021697799898 -0.003253795754781451
0.1285169933909572 -0.003455807521606007 -0.002957200696403415
0.1297664731512346 -0.002160654902051032 -0.004577241662313997
0.103634405800642 -0.002054116550688271 0.003412981865771007
0.104868780800642 6.118657827822111e-06 0.003984362481005376
0.1066262631277067 -0.002937674066380086 0.004852835488402279
0.1078606381277067 -0.0008774388578639925 0.005424216103636649
0.1070419189283487 -0.0008713202000361724 0.001408578584642024
0.1230896936399296 0.003982833609701062 -0.0001525545514857052
0.09390412182431174 -0.0019336571197416 -0.003512820924398042
0.09627929707369384 -0.002318579117339735 -0.004837718802167535
0.08281132586467005 0.005062915745996157 0.003430390497834669
0.08619706544921235 0.003041811318789633 0.003287780488196744
0.1334339382011268 -0.0004644703350822974 -0.004006118234016306
0.1346167875031078 -0.002393518839479987 -0.003247529204005279
0.103634405800642 0.002066353866345026 0.003412981865770338
0.1047759468184377 0.003525546914232701 0.001885316122738627
0.106056605300294 0.003376973768169934 0.003776263075869291
0.1071981463180897 0.004836166816057609 0.002248597332837579
0.1455357459346425 0.00389312045780644 -0.003646429218118913
0.1449201514043081 0.0007643680448743907 -0.001229817668440587
0.1467656221350968 0.004691683533491158 -0.00177898943339745
0.09761952905114629 0.003652451805748671 0.003295500007400775
0.1000782096627247 0.001982408295280024 0.001127462825426852
0.1022503299054613 -0.0004414086222694499 -0.005337700796046537
0.1010900889785781 0.001573511182977121 -0.004827951479108864
0.09642325678591289 -0.002052059515015791 0.00341809943033356
0.09879950110257862 -0.001901287751416968 0.004786863733919978
0.09632187829951475 -0.001905845430803936 0.004784129173632203
0.1383452357676673 0.003382261695383831 -0.003760541427009725
0.08822993481367841 -0.001968482689745071 0.004139319158633303
0.08516291522205743 0.00146726149044541 -0.004799161636066146
0.1225056701672052 -0.002311912955688133 -0.003316478382743118
0.1237572356475149 -0.0003672574090714191 -0.004025777768946141
0.124930054408186 -0.002350839556955819 -0.003288838486570599
0.09206974646669137 0.003365895524165281 -0.004207601223785017
0.09064393875014096 0.0003229587353839182 -0.001915786775708333
0.09632187829951475 0.002214624986229288 0.004784129173631491
0.1156815657106277 -0.003966640784598693 0.0003606752514343985
0.1146575510004081 -0.00329989170992369 0.002232453407661941
0.1170127792644502 -0.003474669892607824 0.003670187245956799
0.1180367939746698 -0.004141418967282828 0.001798409089729256
0.116556806102547 -0.000758234970470562 -0.005315679158038088
0.1576851095569362 0.001218518458719615 -0.003065803623692828
0.1580548362266724 0.005334127008635461 -0.003055669848220983
0.1576607275536256 0.002668117905953029 4.636972767917006e-05
0.107290980300294 0.00131673855965273 0.004347643691104328
0.1094641184280006 0.0004392997017887356 0.001771859794740976
0.1335132847309201 0.003220010822651546 -0.002383859051028919
0.1359419569921946 0.003426965833288058 -0.003700259791118044
0.08979811367275684 0.005367558886751758 -0.0007443640566365254
0.1059627444745455 0.005315718941879422 0.0002573336553051229
0.1019437205374615 0.005826998899794634 -0.0003183569992388814
0.1048754366635039 0.00314475707722067 0.0001195967276646521
0.1031000007813954 0.005240262580082604 -0.002315291668267893
0.1358626104624013 -0.0002575153244457858 -0.00532251897410543
0.1370454597643823 -0.002186563828843475 -0.004563929944094403
0.1338267352315225 0.003446536575308473 0.001972781224826404
0.1362615747752407 0.003407247629191244 0.003427631951135189
0.08772798285559008 0.003661011714505442 0.00232219358477373
0.1180122360149447 -0.004491272233864173 -0.0009592363163836614
0.1519451796467689 0.003020481136584334 -0.002625730634680324
0.1536284723541012 0.002547172468951549 -0.004289788014921086
0.09755625329951474 0.0001543897777120846 0.005355509788866528
0.1507055223754171 -0.002161926307580954 -0.003375579905116721
0.1522350946789301 -0.001119141396137546 -0.003849083982806746
0.1483527637560776 -0.001423093150938571 -0.004559346592287021
0.1498823360595906 -0.0003803082394951622 -0.005032850669977046
0.1496508750798681 0.0007312893549124302 -0.001199239581647515
0.1522249232075551 -0.003035399833368403 -0.002617186979221347
0.1476480969254138 -0.003772181024295162 -0.004205741637324343
0.1489462082492042 -0.001617798518444161 -0.000845634626684837
0.1491674977575517 -0.00464565455008261 -0.003447348711428969
0.09950217218244403 0.003820200752705647 -0.00369665042045256
0.1328286555782375 -0.002072491605428859 0.003398905019218236
0.1340629111926531 -1.512613831890165e-05 0.003968562859208037
0.1315941611926531 -1.512613831890165e-05 0.003968562859208037
0.1024532371638519 0.001834137175395762 -0.0002436844824343003
0.08289110789427365 0.003858606820346965 -0.004758738208264078
0.1310954119848471 0.003259105644784674 -0.002329132993274263
0.1322644417833821 0.00162774901491857 -0.003678485430967863
0.1315935551893508 -0.00328072126632963 0.002278517070856529
0.1321063138602615 -0.003985933454828314 0.0004509416057913947
0.1291703222988714 -0.003312211959416603 0.003745909155141519
0.1296830809697821 -0.004017424147915287 0.001918333690076384
0.1394908305037722 0.001734532390889184 -0.005038375220319191
0.1230387152943508 -0.002076920384945914 0.003386713794475448
0.1242849170475716 -1.561789334333181e-05 0.003958735959349762
0.1218161670475716 -1.561789334333181e-05 0.003958735959349762
0.1384430349591836 0.003633417971241285 0.002972570567056449
0.1144134920691333 0.003581029043438325 0.001811830491286622
0.1167687203331754 0.003406250860754191 0.003249564329581479
0.1230505420475716 0.002044617315174125 0.003387355344114573
0.1261801367119055 -0.0001423988582981224 -0.005339396776620412
0.1273529554725766 -0.002125981006182522 -0.004602457494244868
0.1057034170797745 -0.003059435813330177 -0.004437465263810216
0.1090950322687854 -0.002936473965424851 0.004853556335493477
0.1012593782995147 0.002214624986229288 0.004784129173631491
0.1024937532995147 0.0001543897777120846 0.005355509788866528
0.0918059928045 -0.005043179589977 -0.001279857727089156
0.1430706290645644 -0.0004894868652351837 -0.004004528489963037
0.1406348693444481 -0.0003269647820145584 -0.005314051836812446
0.09864644718741503 -0.002356348341585718 -0.004816542793743104
0.1346931140446566 0.001834704025555082 -0.004994886171056987
0.1141362594376393 -0.003589258276080292 -0.001734735730876155
0.1164669297419563 -0.004113889725345772 -0.003054647298694215
0.1012593782995147 -0.001905845430804009 0.00478412917363216
0.1031791223810056 0.00534744677397282 0.001672906678293575
0.1153014204376736 -0.002718118391702649 -0.00465742390099233
0.1239406251451361 0.003285035739587082 -0.002300840460119882
0.1263635262095267 0.003509894290360378 -0.003614459467794152
0.1310163451204359 -0.000240103539333431 -0.005329564141548851
0.1426485011919689 -0.002021663372878579 0.003395855146500419
0.1438648431740439 2.930678909698469e-05 0.003961685465968321
0.1413960931740439 2.930678909698469e-05 0.003961685465968321
0.143005125111743 -0.003645564442678443 -0.001617973177495311
0.1201599797521073 -0.004136194275205571 0.001851616819719855
0.1224940040796068 -0.003993770780664888 0.0003762280013040601
0.1201354217923821 -0.004486047541786916 -0.0009060285863930627
0.1068321604273189 -0.004509157482099995 -0.002977326641790695
0.09190352938714913 -0.002981875701322058 -0.004672813627226458
0.1523888150827495 -0.00263523497521374 -0.005039637285357482
0.1539183873862625 -0.001592450063770331 -0.005513141363047508
0.1048757118337752 -0.003515293114656767 0.00188163924748067
0.1078675691608399 -0.004398850630348582 0.003321492870111942
0.08327180732778378 -0.002764002083182423 -0.001137062936350249
0.1286778189041562 0.003483472440533541 -0.003652578900806809
0.1298468487026912 0.001852115810667436 -0.005001931338500408
0.09305090810151845 -0.004470662957432807 -0.003237731777932115
0.1328269561123363 0.002031060100191802 0.003405585099073444
0.09329062682054626 0.00482311781027418 -0.002757264204799385
0.1514642374923013 0.003942438605515312 -0.0006615121269130864
0.1531231481963231 0.00491872938511594 0.0007866038442181504
0.1254678033021737 0.002013618377111582 0.004864574328257838
0.1470424227692595 -0.005304913145833019 -0.002379766084149596
0.1539082159148874 -0.003508708501001189 -0.004281244359462109
0.1020375813632099 0.003888253726085145 0.003200572421325287
0.08281132586467005 0.0036225311445888 0.004497183759228369
0.08438573958454229 0.0006188368548183299 0.002545511801141403
0.1207046909668512 -0.002219343879486597 0.004862102612891243
0.1194821427200721 -0.0001580413878840147 0.005434124777765556
0.1018693611095569 0.003782833684029936 -0.003717846050059157
0.1450033896134102 -0.002197501769596354 0.004859156127110697
0.1462197315954852 -0.0001465316076207905 0.005424986446578598
0.1448970747695291 -0.0001172248185238078 0.001386671912546918
0.1242798170695999 -0.003288462183176095 0.002258407730387769
0.126697078324202 -0.003319461121238638 0.003735626714531034
0.08637133608918074 -0.004375036684890622 0.0001349049433031506
0.08503438328503116 -0.004655032070207909 -0.000865173870922391
0.08699761350215984 -0.00469014818070528 -0.001645983777929918
0.09876518028389285 0.002201547900623663 0.004791953243922517
0.08283310668610347 0.002207681116217618 0.0055400588880254
0.08621884627064574 0.001626961290418451 0.004330655616993775
0.09986819625494908 -0.0003959832064425744 -0.005338125457450365
0.1084297686861756 0.003449490115887214 0.003731631102336732
0.1207165177200721 0.001902193820633442 0.004862744162530367
0.1225898363528516 0.001714137870507579 -0.003647916920735117
0.1213986533602903 -0.0008595341701934476 -0.005308034356643265
0.1202312540656269 0.001221861109385551 -0.00493017350843224
0.1212512490335893 -0.003643421004242127 -0.001726210505245784
0.1213211828558303 -0.004158254815058745 -0.002959023822460001
0.1188926667463647 -0.004135697765364156 -0.003008467092942907
0.1083506216491815 0.00531444363879024 0.0002121663858530359
0.1201470878799805 -0.002804189716810161 -0.00459873497044024
0.1382526299858089 -0.0002919335562857417 -0.005318476861281066
0.08346875000000001 0.0005997783403087495 0.005877457536086515
0.08346875000000001 -0.001213568077427641 0.005862920714646684
0.0868544895845423 1.905851450958237e-05 0.004668054265054889
0.1285976516191318 -0.0001917101483913652 -0.00533473712244723
0.1352634951219558 -0.002111780551546088 0.004853755745527022
0.1364977507363713 -5.441508443613065e-05 0.005423413585516823
0.1521576216204678 -0.001991313105119588 0.003463528446339832
0.1510643168496038 -3.77190086497589e-06 0.003992263552761393
0.1538165323244896 -0.001015022325518959 0.004911644417471069
0.1527232275536256 0.0009725188787356527 0.005440379523892629
0.1119838079133973 0.004881030808290936 0.002163083242920251
0.1523986906283481 0.001033587969949159 -0.003870880826940779
0.1500459320090085 0.001772421126591543 -0.00505464751411108
0.1000250032995147 0.0001543897777120846 0.005355509788866528
0.1486800542700399 -0.005530443780429387 -0.001651333245405628
0.11342378945603 -0.002043498413718227 0.003425010324234976
0.1157790177200721 -0.002218276596402361 0.004862744162529834
0.1291709283021737 -4.661683140587478e-05 0.005435954943493027
0.1304054226877581 -0.002103982298515832 0.004866297103503225
0.1438649242667453 -0.003481981595996738 0.00187763271907993
0.1462198126881867 -0.003657819992714514 0.003340933699690208
0.1304037232218569 0.001999569407104829 0.004872977183358433
0.1254559765489528 -0.002107919323008457 0.004863932778618714
0.1267021783021737 -4.661683140587478e-05 0.005435954943493027
0.1132532462237178 0.002171985493129336 0.003366094642817659
0.1156084744877599 0.001997207310445201 0.004803828481112516
0.1250127374172422 0.001938996421280876 -0.004961535928409387
0.1517374797200433 -0.00392018906371518 -0.0008211715131980052
0.133828740890944 -0.003281635482525514 0.002277224095554958
0.1362635804346622 -0.003320924428642743 0.003732074821863743
0.1371042968786205 0.001787166371584282 -0.005015929791320841
0.1558053385170424 0.001668144594595676 -0.005047887576123019
0.1218031196522854 -0.003311130156375296 0.002225804313900622
0.1465934496298647 -0.0008789653618017771 -0.002029401313855137
0.1115892410322445 -0.004647250311446717 -0.002715050682670633
0.1540819833356804 0.0005602793023163734 -0.005534938207181541
0.1177247928144544 -0.002761625224888971 -0.004628168645298345
0.1194690953247859 -0.003453553650915979 0.003701193132316417
0.144743927290121 -0.002132820271911352 -0.004804112135377588
0.1435282346632813 -0.004012938750911656 -0.004038713790591342
0.1442154845736443 -0.0015847198284822 -0.0008762127134779096
0.08748526834593924 -0.003660231867696864 0.002237392432373567
0.08887269530708333 -0.004723890949673643 0.0003960909497703728
0.08268414893621116 -0.002790321404343032 0.005539039448591665
0.08606988852075345 -0.001557694812405809 0.004344172998999869
0.1555959608637 0.004942582400592743 0.001928842042843334
0.1478005357313201 0.0001695838092359779 -0.005151330814681496
0.1389665007363713 -5.441508443613065e-05 0.005423413585516823
0.1402189087542963 -0.002105385246411694 0.004857583266048921
0.1414120881275139 -0.003231545029394185 0.002278330759888569
0.1080716388131093 -0.003116932692065605 -0.004403216792612911
0.11465816445603 1.673679480011976e-05 0.003996390939470698
0.1113932198953945 0.001277809840465223 0.004793919806983608
0.1127981381277067 -0.0008774388578639925 0.005424216103636649
0.1118938025837367 -0.0008607020630638747 0.001420607043107347
0.1352617956560545 0.001991771154074573 0.004860435825382229
0.1115637631277067 -0.002937674066382339 0.004852835488400925
0.1127975246720848 -0.004194067362587802 0.003660278571827891
0.1108235620679818 0.003471987257981946 0.003717347394451288
0.1189651809881994 -0.0008074870651037104 -0.005312285397983183
0.1071805770837684 -0.004562667013050895 0.0009133527541515145
0.1093467841783419 -0.0019186940984303 0.0004402920913128684
0.1455993716804025 0.003570984197984585 0.00290149456882995
0.1432444832589612 0.00374682259470236 0.001438193588219672
0.1456224483151816 0.004452577061382784 0.0002850049878424443
0.1472750398257495 0.0005885296481566156 0.0002334833121696903
0.1133097204299029 -0.003971915491120252 0.0002974772095366071
0.1486381338618952 -0.003664034453637615 0.003329500486501524
0.149627798445089 -0.0001503035084857684 0.001417249999339991
0.1510139691160138 -0.0035212747468818 0.001896777592684319
0.1479565436660104 -0.005131529463596008 0.001066615860476696
0.1465703729950856 -0.001760558225199976 0.0005870882671323681
0.1576851095569362 -0.0004889203416336517 -0.001695771546683327
0.1576607275536256 0.0009606791055997621 0.001416401804688672
0.1486884815954852 -0.0001465316076207905 0.005424986446578598
0.1497817863663492 -0.002134072811875402 0.004896251340157037
0.1437507810785956 0.001563598819434288 -0.003732356759784308
0.1500095900071972 0.003731260670956519 0.001423882107905363
0.1523848065056383 0.003615235558721825 0.001696019699472267
0.1476337547530786 0.003588500964200704 0.002856605001722568
0.1500089712515197 0.00347247585196601 0.003128742593289473
0.1170133927200721 -0.0001580413878840147 0.005434124777765556
0.1522986918496038 0.002056463307651208 0.003420882937526968
0.1499228565954852 0.001913703600895393 0.004853605831344174
0.1455382224923019 -0.005125315002672906 0.00107804907366538
0.1095887430645036 0.004858684289997795 0.002206304618570755
0.1536581721122807 -0.001671070471858356 0.0003806329401471058
0.1538121600335409 -0.00365483977524799 0.003859634280964152
0.1553170828163025 -0.0006947796922577273 0.001828748911278343
0.1540437172096601 0.004591526338322453 0.003144135670603504
0.1389824956898414 -0.003315266902927301 0.003740058879437072
0.1089994265135884 0.001255312698370491 0.004808203514869052
0.09076807520879222 -0.0009815707739743904 -0.005172750592360265
0.1446784233372996 -0.005288897849354612 -0.00241755682290986
0.1055050706557798 -0.003991578176024932 -0.0001513579102542566
0.08949897272006244 -0.005039002445488302 -0.001384797771462695
0.08921301547550237 0.005009512502846977 0.000911599761558814
0.08262102229958865 -0.005735107175723293 -0.001300816449026064
0.08276257595724738 -0.006027541548021978 0.0008666296407584162
0.08489282962737243 -0.004362597697909225 -0.003032619960706871
0.146128746134816 0.002269353286114712 -0.004885545360161536
0.1454485941207848 0.0002162676014452397 -0.005157717090340266
0.1426304681740439 0.002089541997609696 0.003390304850735982
0.1551919775536256 0.0009725188787356527 0.005440379523892629
0.1495924210274294 0.003759314293226718 -0.003809497321850625
0.1274289576380527 0.001895537762378213 -0.004982058543643581
0.1182477677200721 0.001902193820633189 0.004862744162530519
0.107809935905773 -0.00503895207441906 -0.001119644403583412
0.1114496941015796 -0.004866091143784364 0.001725302373702557
0.1538794616206282 -0.004698926503496806 -0.002221081144597027
0.155341464819613 -0.002144379139491141 -0.001283424440093656
0.08723202207835581 0.001274747562657376 -0.004915403480517486
0.1107627020245081 -0.005029907526486676 -0.000682837742257871
0.08983098695502661 0.003338053168192669 -0.004223509814661986
0.1476568313878577 0.004470093827598902 0.0002401154207350622
0.1491114788729617 0.004681271762157695 -0.001845278814083387
0.1449853565954852 0.001913703600891921 0.00485360583134626
0.1558276208675222 -0.0006353838971732262 0.005102980875831511
0.1558232485765734 -0.003275201346902257 0.004050970739324595
0.1580548362266724 0.005678690923134189 -0.0008509957773147084
0.1576607275536256 0.003012681820451757 0.002251043798585444
0.09086568086756042 0.001430589096343923 -0.004742042932971987
0.1007782143183629 0.005327296814032571 0.001709748537610832
0.1103293881277067 -0.0008774388578639925 0.005424216103636649
0.1581202289601062 0.003840824190310815 -0.00477010354485711
0.1481298503523639 0.002576910311487529 -0.004742220252961121
0.1402008757363714 0.002005820124076581 0.004852032970284484
0.1526685075290868 -0.005184801417010203 0.002292883427308639
0.1000000112546677 0.003653668074176714 0.003293305289917036
0.1434664652872039 -0.005587764041994379 -0.0003802838420374305
0.1279620013177956 0.002000541291505727 0.004872398398549001
0.1533920181331164 -0.005583715733843583 -0.0004250656785736851
0.08804497387347017 -0.001740346870151374 -0.002607680441563833
0.08973338129625842 0.0009258932978743555 -0.004654217474050264
0.1579352333100744 0.006010226463573196 0.001299126793643519
0.1539576025536256 0.003032754087251836 0.004868998908658205
0.1182348533447243 -0.002215243969597903 0.004864564623877089
0.08289110789427365 0.002199064495547119 -0.005488799561488011
0.08327180732778378 -0.0006596896002666452 -0.003558504373452921
0.1007178451109928 0.005264846720317623 -0.002274559095039289
0.109169146522122 -0.004622198680348396 -0.002766294366958757
0.1467389699962282 -0.005595494655874239 -0.0004533045497083874
0.08658347715510913 -0.003817623501126612 -0.003935209655015552
0.08908483637301173 -0.004166477765909633 -0.00367402364854833
0.09068837089911093 -0.004448411032110978 -0.003274217069969204
0.1458924335616517 -0.004043369860865772 -0.004015679072821008
0.1576607275536256 -0.0002410491986919904 0.003303300238539314
0.1581668933138966 -0.00282147085333652 0.005525522066585566
0.1576563552626769 -0.002880866648421021 0.002251290102032397
0.1377321257363713 -0.002114650292952224 0.004852032970282454
0.1279365533021737 -0.002106852039924216 0.004864574328257307
0.1576563552626769 -0.001679138344129269 0.0003643916681817552
0.1581668933138966 -0.001008124435600129 0.005540058888025397
0.1576607275536256 0.0015722972190444 0.003317837059979144
0.1474541065954852 -0.002206766816134974 0.004853605831345377
0.15753125 0.0005997783403087495 0.005877457536086515
0.08262102229958865 -0.005367390174361126 -0.003071711976793521
0.08327180732778378 -0.002396285081820256 -0.002907958464117706
0.1084969279828445 -0.004875135691716747 0.001288495712377016
0.1375247560450393 0.001996925720625067 0.004857361881791954
0.08826671599088962 -0.0006327165091913699 -0.005433936598827488
0.1470958689006562 -0.002179504064120613 -0.004797725859718818
0.09093774430463733 0.004842887496858873 -0.002722967275582397
0.1556070915542841 -0.004159402702256658 -0.003234004985815314
0.1555783372600248 -0.005349620704752275 -0.001173841770950232
0.1475305175201925 0.00386849544482502 -0.003677783525456452
0.1581202289601062 0.00218128186551097 -0.005500164898081044
0.1576851095569362 -0.0004410238660802303 -0.003795864976916762
0.158093166426449 4.8483945295263e-05 -0.006124051844845118
0.1557782759833851 -0.0004646533256200308 -0.005671774522887092
0.154706243506572 -0.005630222419204453 0.0009317243112429706
0.1103299410714901 -0.004215968472802469 0.003627445553825338
0.1474345618194465 0.001917395202183164 0.004851384865293571
0.08706405376078534 -0.002582244892609662 -0.004961630846804639
0.08956541297868795 -0.002931099157392682 -0.004700444840337418
0.0829451637733287 3.605670241754899e-05 -0.006124071149437393
0.08521697110111248 -0.0006957463026841597 -0.005434433224015528
0.1576851095569362 -0.002177619347633841 -0.003145319067581547
0.157921981997348 -0.005382860912894975 -0.003035736398438123
0.1576563552626769 -0.003367837350129458 -0.001085155852716466
0.157921981997348 -0.005750577914257142 -0.001264840870670666
0.1576563552626769 -0.003735554351491626 0.0006857396750509922
0.1583204382257031 0.002171864639143652 0.005555574536538726
0.1559811657793287 0.002544605177570555 0.005118496524344842
0.1587453354540063 -0.006027838311281314 0.0008645617737769434
0.1564016907166831 -0.005626881101776447 0.000955560873497377
0.1580479579604114 -0.003852214562688958 -0.004845511497854737
0.1557330675173476 -0.002628756352050641 -0.005043780085231927
0.1576851095569362 -0.001604010795863466 -0.005509765721937363
0.1555665776105393 -0.00474399179347422 0.002944530339818181
0.1581162622947887 0.003622776637725769 0.00449690047186767
0.1557769898484143 0.003995517176152672 0.004059822459673785
0.08273000479338882 -0.003863102048958458 -0.00483853937142691
0.08273000479338882 -0.002126506567404847 -0.005489085280762125
0.08500181212117261 -0.002858309572506556 -0.00479944735534026
0.1581162622947887 0.005063161239133125 0.003430107210473969
0.1443278630304006 -0.007186159616869149 0.0003362886096479787
0.1579102223478625 -0.005144949002979087 0.002853531240097748
0.1579102223478625 -0.004290261299908483 0.004419081667079152
0.1296887207795706 -0.003761566659079447 -0.000872504301741151
0.08495894443567195 -0.003710216226340848 0.001194819726799464
3 6 0 68
7056
7057
7058
7059
7060
7061
7062
7063
7064
7065
7066
7067
7068
7069
7070
7071
7072
7073
7074
7075
7076
7077
7078
7079
7080
7081
7082
7083
7084
7085
7086
7087
7088
7089
7090
7091
7092
7093
7094
7095
7096
7097
7098
7099
7100
7101
7102
7103
7104
7105
7106
7107
7108
7109
7110
7111
7112
7113
7114
7115
7116
7117
7118
7119
7120
7121
7122
7123
0.0794956644390464 3.605670241754899e-05 -0.006124071149437393
0.0804956644390464 3.605670241754899e-05 -0.006124071149437393
0.0794956644390464 0.005334127008635463 -0.003055669848220979
0.0805043355609536 0.003858162297039784 -0.004759023927538174
0.0805043355609536 -0.005339066760554149 -0.003135185292109731
0.0794956644390464 -0.003863102048958458 -0.00483853937142691
0.0805043355609536 -0.002340498304793361 0.005700892609104673
0.0805043355609536 -0.006027541548021978 0.0008666296407584153
0.0804956644390464 0.005334127008635463 -0.003055669848220979
0.0795043355609536 0.003858162297039784 -0.004759023927538174
0.0795043355609536 -0.005339066760554149 -0.003135185292109731
0.0804956644390464 -0.003863102048958458 -0.00483853937142691
0.0794956644390464 0.001726708567674464 0.005715429430544505
0.0795043355609536 -0.006027541548021978 0.0008666296407584153
0.0804956644390464 0.001726708567674464 0.005715429430544505
0.0805 -0.004218670059834891 0.004502875652771958
0.0805043355609536 0.005063161239133125 0.003430107210473969
0.0795043355609536 -0.002340498304793361 0.005700892609104673
0.0805043355609536 0.005999448709239833 0.001379923627785982
0.0794956644390464 -0.002126506567404847 -0.005489085280762125
0.08 -0.001664482076718547 -0.003597596389539572
0.08 7.211340483506343e-05 -0.004248142298874787
0.0804956644390464 -0.002126506567404847 -0.005489085280762125
0.08 -0.004136511560996493 0.0005947405753305585
0.08 -0.003768794559634326 -0.001176154952436899
0.0805043355609536 -0.005706783761916316 -0.001364289764342273
0.0795043355609536 -0.005706783761916316 -0.001364289764342273
0.0795043355609536 0.005063161239133125 0.003430107210473969
0.0795043355609536 0.005999448709239833 0.001379923627785982
0.0795043355609536 -0.0005271518870569705 0.005715429430544504
0.08 -0.0006137897371188936 0.003740378250733198
0.0805043355609536 -0.0005271518870569705 0.005715429430544504
0.08 0.001199556680617497 0.003754915072173029
0.0795 -0.005073357762905496 0.002937325225790554
0.0805 -0.005073357762905496 0.002937325225790554
0.08 -0.003281823857925889 0.002160291002311963
0.08 -0.001090873524948172 -0.005962043043895388
0.0795 -0.004218670059834891 0.004502875652771958
0.08 -0.006027541548021977 -0.0002718890654278668
0.08 0.001731655729634909 -0.003518080945650853
0.0795043355609536 0.002198619972239938 -0.005489085280762107
0.0805043355609536 0.002198619972239938 -0.005489085280762107
0.08 0.002639941282024853 0.002688121810779329
0.0805043355609536 0.003622776637725769 0.00449690047186767
0.0795043355609536 0.003622776637725769 0.00449690047186767
0.08 -0.002427136154855284 0.003725841429293367
0.08 -0.003401077558272158 -0.002947050480204357
0.08 0.001162986929783268 -0.005962043043895378
0.08 0.0005997783403087495 0.005877457536086515
0.08 0.002762341610131127 0.005242471667411246
0.08 -0.005706783761916322 0.001959030339672822
0.08 0.005654884794741112 -0.001963269149306572
0.08 0.003391198054434754 -0.002788019592426919
0.08 0.004080325883432209 0.001621328549385629
0.08 0.00599944870923984 0.0002414049215997018
0.08 2.421692928164203e-05 -0.002148048868641351
0.08 -0.002080095553634136 0.0002733925684613215
0.08 -0.001225407850563532 0.001838942995442726
0.08 -0.001712378552271969 -0.001497502959306136
0.08 -2.367954627177937e-05 -4.79554384079156e-05
0.08 0.003735761968933482 -0.000583345521520645
0.08 0.002028323168580215 0.0007866865554888568
0.08 0.001683759254081487 -0.001417987515417417
0.08 0.0005879385671728589 0.001853479816882557
0.08 -0.003376131347250034 0.005227934845971408
0.08 0.004718597324634425 -0.004013452731994584
0.08 -0.004723537076553106 -0.004092968175883327
0.08 0.005678690923134168 0.002472324326700381
3 7 0 1056
7124
7125
7126
7127
7128
7129
7130
7131
7132
7133
7134
7135
7136
7137
7138
7139
7140
7141
7142
7143
7144
7145
7146
7147
7148
7149
7150
7151
7152
7153
7154
7155
7156
7157
7158
7159
7160
7161
7162
7163
7164
7165
7166
7167
7168
7169
7170
7171
7172
7173
7174
7175
7176
7177
7178
7179
7180
7181
7182
7183
7184
7185
7186
7187
7188
7189
7190
7191
7192
7193
7194
7195
7196
7197
7198
7199
7200
7201
7202
7203
7204
7205
7206
7207
7208
7209
7210
7211
7212
7213
7214
7215
7216
7217
7218
7219
7220
7221
7222
7223
7224
7225
7226
7227
7228
7229
7230
7231
7232
7233
7234
7235
7236
7237
7238
7239
7240
7241
7242
7243
7244
7245
7246
7247
7248
7249
7250
7251
7252
7253
7254
7255
7256
7257
7258
7259
7260
7261
7262
7263
7264
7265
7266
7267
7268
7269
7270
7271
7272
7273
7274
7275
7276
7277
7278
7279
7280
7281
7282
7283
7284
7285
7286
7287
7288
7289
7290
7291
7292
7293
7294
7295
7296
7297
7298
7299
7300
7301
7302
7303
7304
7305
7306
7307
7308
7309
7310
7311
7312
7313
7314
7315
7316
7317
7318
7319
7320
7321
7322
7323
7324
7325
7326
7327
7328
7329
7330
7331
7332
7333
7334
7335
7336
7337
7338
7339
7340
7341
7342
7343
7344
7345
7346
7347
7348
7349
7350
7351
7352
7353
7354
7355
7356
7357
7358
7359
7360
7361
7362
7363
7364
7365
7366
7367
7368
7369
7370
7371
7372
7373
7374
7375
7376
7377
7378
7379
7380
7381
7382
7383
7384
7385
7386
7387
7388
7389
7390
7391
7392
7393
7394
7395
7396
7397
7398
7399
7400
7401
7402
7403
7404
7405
7406
7407
7408
7409
7410
7411
7412
7413
7414
7415
7416
7417
7418
7419
7420
7421
7422
7423
7424
7425
7426
7427
7428
7429
7430
7431
7432
7433
7434
7435
7436
7437
7438
7439
7440
7441
7442
7443
7444
7445
7446
7447
7448
7449
7450
7451
7452
7453
7454
7455
7456
7457
7458
7459
7460
7461
7462
7463
7464
7465
7466
7467
7468
7469
7470
7471
7472
7473
7474
7475
7476
7477
7478
7479
7480
7481
7482
7483
7484
7485
7486
7487
7488
7489
7490
7491
7492
7493
7494
7495
7496
7497
7498
7499
7500
7501
7502
7503
7504
7505
7506
7507
7508
7509
7510
7511
7512
7513
7514
7515
7516
7517
7518
7519
7520
7521
7522
7523
7524
7525
7526
7527
7528
7529
7530
7531
7532
7533
7534
7535
7536
7537
7538
7539
7540
7541
7542
7543
7544
7545
7546
7547
7548
7549
7550
7551
7552
7553
7554
7555
7556
7557
7558
7559
7560
7561
7562
7563
7564
7565
7566
7567
7568
7569
7570
7571
7572
7573
7574
7575
7576
7577
7578
7579
7580
7581
7582
7583
7584
7585
7586
7587
7588
7589
7590
7591
7592
7593
7594
7595
7596
7597
7598
7599
7600
7601
7602
7603
7604
7605
7606
7607
7608
7609
7610
7611
7612
7613
7614
7615
7616
7617
7618
7619
7620
7621
7622
7623
7624
7625
7626
7627
7628
7629
7630
7631
7632
7633
7634
7635
7636
7637
7638
7639
7640
7641
7642
7643
7644
7645
7646
7647
7648
7649
7650
7651
7652
7653
7654
7655
7656
7657
7658
7659
7660
7661
7662
7663
7664
7665
7666
7667
7668
7669
7670
7671
7672
7673
7674
7675
7676
7677
7678
7679
7680
7681
7682
7683
7684
7685
7686
7687
7688
7689
7690
7691
7692
7693
7694
7695
7696
7697
7698
7699
7700
7701
7702
7703
7704
7705
7706
7707
7708
7709
7710
7711
7712
7713
7714
7715
7716
7717
7718
7719
7720
7721
7722
7723
7724
7725
7726
7727
7728
7729
7730
7731
7732
7733
7734
7735
7736
7737
7738
7739
7740
7741
7742
7743
7744
7745
7746
7747
7748
7749
7750
7751
7752
7753
7754
7755
7756
7757
7758
7759
7760
7761
7762
7763
7764
7765
7766
7767
7768
7769
7770
7771
7772
7773
7774
7775
7776
7777
7778
7779
7780
7781
7782
7783
7784
7785
7786
7787
7788
7789
7790
7791
7792
7793
7794
7795
7796
7797
7798
7799
7800
7801
7802
7803
7804
7805
7806
7807
7808
7809
7810
7811
7812
7813
7814
7815
7816
7817
7818
7819
7820
7821
7822
7823
7824
7825
7826
7827
7828
7829
7830
7831
7832
7833
7834
7835
7836
7837
7838
7839
7840
7841
7842
7843
7844
7845
7846
7847
7848
7849
7850
7851
7852
7853
7854
7855
7856
7857
7858
7859
7860
7861
7862
7863
7864
7865
7866
7867
7868
7869
7870
7871
7872
7873
7874
7875
7876
7877
7878
7879
7880
7881
7882
7883
7884
7885
7886
7887
7888
7889
7890
7891
7892
7893
7894
7895
7896
7897
7898
7899
7900
7901
7902
7903
7904
7905
7906
7907
7908
7909
7910
7911
7912
7913
7914
7915
7916
7917
7918
7919
7920
7921
7922
7923
7924
7925
7926
7927
7928
7929
7930
7931
7932
7933
7934
7935
7936
7937
7938
7939
7940
7941
7942
7943
7944
7945
7946
7947
7948
7949
7950
7951
7952
7953
7954
7955
7956
7957
7958
7959
7960
7961
7962
7963
7964
7965
7966
7967
7968
7969
7970
7971
7972
7973
7974
7975
7976
7977
7978
7979
7980
7981
7982
7983
7984
7985
7986
7987
7988
7989
7990
7991
7992
7993
7994
7995
7996
7997
7998
7999
8000
8001
8002
8003
8004
8005
8006
8007
8008
8009
8010
8011
8012
8013
8014
8015
8016
8017
8018
8019
8020
8021
8022
8023
8024
8025
8026
8027
8028
8029
8030
8031
8032
8033
8034
8035
8036
8037
8038
8039
8040
8041
8042
8043
8044
8045
8046
8047
8048
8049
8050
8051
8052
8053
8054
8055
8056
8057
8058
8059
8060
8061
8062
8063
8064
8065
8066
8067
8068
8069
8070
8071
8072
8073
8074
8075
8076
8077
8078
8079
8080
8081
8082
8083
8084
8085
8086
8087
8088
8089
8090
8091
8092
8093
8094
8095
8096
8097
8098
8099
8100
8101
8102
8103
8104
8105
8106
8107
8108
8109
8110
8111
8112
8113
8114
8115
8116
8117
8118
8119
8120
8121
8122
8123
8124
8125
8126
8127
8128
8129
8130
8131
8132
8133
8134
8135
8136
8137
8138
8139
8140
8141
8142
8143
8144
8145
8146
8147
8148
8149
8150
8151
8152
8153
8154
8155
8156
8157
8158
8159
8160
8161
8162
8163
8164
8165
8166
8167
8168
8169
8170
8171
8172
8173
8174
8175
8176
8177
8178
8179
0.07705483622667239 -0.00486156549977399 -0.007408295513657719
0.07705483622667239 -0.006447659089675636 -0.007564770530769365
0.001891107894273641 0.006405648480248851 -0.007607369099169927
0.003915265459344791 0.005496429191247173 -0.008353546085865908
0.001891107894273641 0.004835175244652727 -0.007425561590157155
0.00202415756507115 0.006005588849640723 -0.009049650851921828
0.01608937251933745 0.009327697248050689 -0.003246790639522957
0.01402732599192165 0.008958508790795409 -0.004405862070279465
0.01287751731316197 0.009502857723420561 -0.002418349021294165
0.01493956384057776 0.009872046180675841 -0.001259277590537657
0.07705483622667239 -0.004523547844992835 -0.008880968430972906
0.01729923168817142 0.009871817478598874 -0.001282761091469909
0.001832171956427729 0.008744558503526109 0.001416384676369405
0.00385632952149522 0.009843997449943114 0.001739801285189918
0.002024157565067491 0.01066998441842177 0.002017667255372995
0.001757327194904674 0.009902719324967234 0.003979495098556928
0.003589499151332403 0.009076732356488582 0.003701629128373851
0.01287558096103765 0.009999674940596661 -8.003147424162204e-05
0.001757327194904674 0.008755974570382918 0.004794029827288254
0.03129519442147251 0.0005472385439521055 -0.009955763261555034
0.03367340857108381 0.0004518718332188141 -0.009950925020960722
0.03253378114721991 0.002526191091873801 -0.009518696380575438
0.001891107894273641 0.004459108387320094 -0.008908005607118352
0.01462671361089169 -0.005776192629163787 -0.008120725139442599
0.01340694221153984 -0.007227210661028553 -0.00670681929857269
0.01225956349717053 -0.0057384234049178 -0.008141901147867033
0.05431261938558449 -0.004161158366374311 0.009049421749854507
0.05554687500000001 -0.002103792899264352 0.00961907958984431
0.05678125000000001 -0.004164028107780444 0.009047698974609941
0.07702307149829585 -0.006094916020485903 -0.008989772009763614
0.07507790772496822 -0.005558477060356671 -0.008311504758755358
0.01968503207749734 0.009871119122854313 -0.001322376028682812
0.01845915665102862 0.009308966943377302 -0.003278578124483219
0.04073959351206755 0.002088956956727908 0.009624611882871394
0.04197396851206754 0.004149192165244339 0.009053231267636821
0.0395036448832006 0.004155960174633893 0.00905071302204967
0.0382692698832006 0.002095724966117462 0.009622093637284243
0.01733212803540026 0.009890173628205491 0.001090387697762999
0.01617194000210619 0.009388556918270822 0.003081073014883554
0.01497246018780661 0.009890402330282459 0.00111387119869525
0.0217330537114162 0.009507285940945917 -0.002469084903621483
0.02050717828494748 0.008945133761468906 -0.004425286999421889
0.04320834351206754 0.002088956956727908 0.009624611882871394
0.04444035932367577 0.004155830799367214 0.009050761247045919
0.04567473432367576 0.002095595590850784 0.009622141862280491
0.001832171956427729 0.009959285767523727 0.000569259353093147
0.01969874006609416 -0.004168262169935485 0.009048671305394992
0.02095553356636433 -0.002119546412890722 0.009613156242578864
0.01725883149972985 -0.004152508656311312 0.009054594652659615
0.01851562500000002 -0.002103792899266549 0.009619079589843486
0.009745189810357449 0.008395206840283108 -0.005414782694113598
0.01170873616806395 0.007607794789630294 -0.006330452985862062
0.009752068168927262 0.006678626376333189 -0.007053777769913379
0.01479762233408398 -0.004148364764387289 0.009056144391100064
0.01358566583435415 -0.002099649007342527 0.009620629328283937
0.01604687500000002 -0.002103792899266549 0.009619079589843486
0.01284073833011797 0.006130802816936702 -0.007815086934064693
0.01088407033098128 0.005201634403639595 -0.008538411718116007
0.01407506077533723 0.009497829528585024 0.001887170341946682
0.05922059126556467 -0.004044253387693304 0.009091098688453578
0.06045496626556467 -0.001984018179177211 0.009662479303687948
0.058015625 -0.002103792899264352 0.00961907958984431
0.04942669367153066 0.004148718294465703 0.009053448361227685
0.0506129517821813 0.002088662238678284 0.009624721331116717
0.04814348432367577 0.002095595590850784 0.009622141862280491
0.04695722621302512 0.004155651646638203 0.009050868892391459
0.02062919904327718 0.009499224361415218 0.001912355027706436
0.02179470526237577 0.00999892644717728 -0.0001157505091432772
0.0185524222056276 0.009389773186698869 0.003078878297399809
0.01971792842472618 0.009889475272460931 0.001050772760550096
0.01523524880863131 0.009999446238519694 -0.0001035149751738739
0.05935304497914033 0.006389019071296813 0.007583331200202468
0.06178451429693959 0.006384693967740924 0.007587832824800279
0.0605574185291458 0.005375168093263952 0.008429741255867899
0.06170737428348962 -0.004034988341152769 0.009096648984220048
0.0394881732467789 -0.004165095390869311 0.00904705742496908
0.03826562500000001 -0.002103792899266606 0.009619079589843465
0.03701833562464562 -0.004160995480980251 0.009049519435955144
0.02592187500000002 -0.002103792899253082 0.009619079589848529
0.02715626914109373 -0.004162828006813437 0.00904841982170566
0.02468750000000002 -0.004164028107769176 0.00904769897461416
0.06548238215026445 0.005375305721450539 0.008429850863287534
0.06671070647742572 0.006391822080347427 0.007581863970046716
0.06424831224245353 0.006387994262725526 0.007585847535731494
0.06927052318794627 0.007947294036433185 0.005858986021060969
0.0704829896560345 0.009119007459586792 0.004101671908367255
0.07170798965603449 0.007940506645840676 0.005866044553730165
0.01851562500000002 0.002103792899274308 0.009619079589840582
0.01725580198437812 0.004150951022185887 0.009055523044896572
0.01975000000000002 0.004164028107791512 0.009047698974605545
0.01235129083435415 -0.004159884215858549 0.009049248713049612
0.0136166250751994 0.006095144242161696 0.007869284772993857
0.01256466601710527 0.007529804463795361 0.006386354451854056
0.01491427582683097 0.007532971061681073 0.00638065560676315
0.01726812578045676 0.005142152051550413 -0.00857523543471491
0.01927715240805934 0.006095300968221842 -0.007846321659708673
0.0204928253366081 0.007539946935833815 -0.006424230334295403
0.01848379870900552 0.006586798019162387 -0.00715314410930164
0.02342428356636433 -0.002119546412890722 0.009613156242578864
0.02218990856636433 -0.004179781621406814 0.009041775627344496
0.01724573786400299 0.006909967428684983 -0.006905955459663644
0.01846141079255175 0.008354613396296956 -0.005483864134250374
0.04088243643568672 0.005401577614269667 0.008412135305028469
0.04330777922890126 0.005396870421358376 0.0084152881582477
0.02104596567977433 0.002069929887923211 0.009631641879512778
0.02228034067977433 0.004130165096440415 0.00906026126427774
0.04690625000000001 -0.004164028107780895 0.009047698974609261
0.0444256732467789 -0.004165095390865254 0.009047057424970598
0.04567187500000001 -0.002103792899262549 0.009619079589844984
0.01585101644505454 -0.007215848777468904 -0.006716099241018347
0.0170707878444064 -0.005764830745604138 -0.008130005081888258
0.01481250000000001 2.449293598294706e-18 0.01
0.01728125000000002 2.449293598294706e-18 0.01
0.01975000000000002 2.449293598294706e-18 0.01
0.009875000000000012 2.449293598294706e-18 0.01
0.007406250000000008 2.449293598294706e-18 0.01
0.008640625000000009 0.002103792899265979 0.009619079589843701
0.05925 2.449293598294706e-18 0.01
0.05678125000000001 2.449293598294706e-18 0.01
0.05431250000000001 2.449293598294706e-18 0.01
0.06665625 2.449293598294706e-18 0.01
0.06418750000000001 2.449293598294706e-18 0.01
0.06542570783217599 0.002095972134780381 0.009622001495039305
0.01521572988711529 0.006124648830760239 -0.007818628725452588
0.01406161868397288 0.007588025103045598 -0.006364749915079057
0.01609162666086058 0.008373343700970343 -0.005452076649290112
0.004937500000000005 2.449293598294706e-18 0.01
0.006171875000000007 0.002103792899265979 0.009619079589843701
0.05429062876655923 0.004135820361589765 0.009061164786172764
0.0530817017821813 0.002088662238678284 0.009624721331116717
0.05554889292721937 0.00209543676122469 0.009622201061835853
0.0567578199115973 0.004142594884136171 0.009058644516891898
0.06912500000000001 2.449293598294706e-18 0.01
0.06789445783217599 0.002095972134780381 0.009622001495039305
0.01234375000000001 2.449293598294706e-18 0.01
0.01111691583435414 -0.002099649007342527 0.009620629328283937
0.05307552815362712 -0.002104641081289208 0.00961876195606735
0.05184127253921161 -0.004162006548399167 0.009049104116077547
0.05801764292721938 0.00209543676122469 0.009622201061835853
0.05184375000000001 2.449293598294706e-18 0.01
0.04937500000000001 2.449293598294706e-18 0.01
0.03950000000000001 2.449293598294706e-18 0.01
0.04196875000000001 2.449293598294706e-18 0.01
0.04937240315362712 -0.004164876289807554 0.009047381340831627
0.05060677815362712 -0.002104641081289208 0.00961876195606735
0.01479104066420863 0.004148759208581009 0.009056343176288839
0.01358211367983053 0.002101601085669431 0.009619899721232851
0.01234773867983053 0.004161836294186637 0.009048519105997813
0.06171875 2.449293598294706e-18 0.01
0.06296288216047816 0.002088709776172015 0.009624703678499292
0.06049413216047815 0.002088709776172015 0.009624703678499292
0.04582464611825061 0.005396691268629365 0.00841539580359324
0.04690625000000001 2.449293598294706e-18 0.01
0.04443750000000001 2.449293598294706e-18 0.01
0.02221875000000002 2.449293598294706e-18 0.01
0.00874334793881441 -0.007211353319215143 -0.006738061334223111
0.01104440500913234 -0.007204958735706715 -0.006743304590609794
0.009958506426852603 -0.005744817988426228 -0.00813665789148035
0.03206897243113747 -0.004150409948016311 0.009052778838261954
0.03083459743113746 -0.002090174739498999 0.009624159453497056
0.02960024157223119 -0.004149209847059354 0.009053499685354186
0.0518473267821813 0.004148897447194714 0.009053340715882145
0.0370348948832006 0.004155960174634666 0.009050713022049205
0.01704245590898319 -0.0092495082784154 0.002854818706876406
0.01582880790603226 -0.009927922946966712 0.0008749594741262649
0.01825803949166872 -0.009929422345645561 0.0008653003764758412
0.02839062500000002 -0.002103792899253082 0.009619079589848529
0.04070430060855504 -0.002087262691936452 0.009625240835275429
0.04192684885533393 -0.004148565183539156 0.009053218670401042
0.05516609346163125 0.004309907211255605 -0.009018896642323766
0.05275491062766738 0.004357444865226409 -0.00899785302205991
0.05400375357520532 0.005949706672959368 -0.007703226642120962
0.01697998972289803 -0.009885876855783186 -0.00121331070018709
0.0182116424585017 -0.009338801632608442 -0.003182847906138362
0.019377471198848 -0.009886191150333967 -0.001159986298873338
0.003915265459341134 0.007151825466944843 -0.006698149810168257
0.03579687500000002 -0.002103792899266606 0.009619079589843465
0.03456250000000002 -0.004164028107783919 0.009047698974608364
0.04830124188938374 0.005390098190560792 0.008419801000774397
0.01944679591836184 -0.005807966960267166 -0.00810515593212097
0.01822682923410313 -0.007242395678508774 -0.00667138919370837
0.01604687500000002 0.002103792899274308 0.009619079589840582
0.003969321338396182 0.001170541932096751 -0.009884711682419389
0.006522335699793593 0.0009800024930086166 -0.00991942523507958
0.005223023936416989 0.002401547260279948 -0.009498415295032012
0.0309965186294951 0.004122807914896541 -0.00910207616636804
0.0297579319037477 0.002143855366974845 -0.009539143047347636
0.04317305060855504 -0.002087262691936452 0.009625240835275429
0.01826463266214271 0.0008539544319413797 -0.009936763070812347
0.01711933645865885 0.002860815890036792 -0.009405393462864248
0.01927998765259211 0.00403343654232214 -0.009110702432872932
0.02042528385607597 0.002026575084226727 -0.009642072040821032
0.02468750000000002 2.449293598294706e-18 0.01
0.02924278449667522 -0.008116646523568036 -0.005710142946796407
0.02717264931898568 -0.007230962125871867 -0.006544445909599975
0.02607514160997292 -0.005725696137589099 -0.008181368335254147
0.02814527678766247 -0.006611380535285268 -0.007347065372450579
0.05806905506650774 -0.005318324607998935 0.008466957748251904
0.05142597686592001 0.005981906934621369 -0.007791056398293045
0.05267481981345794 0.007574168742354328 -0.006496430018354096
0.01846413455988466 -0.005976232801078428 0.007971439430442319
0.01602340002799217 -0.005970717085849995 0.007976209456501966
0.01723876079943608 -0.007298539521279941 0.006340571076815097
0.001824284071195676 -0.006646736451469502 -0.007401547262420662
0.001824284071195676 -0.006295905605575625 -0.008842937504746044
0.00173000479338882 -0.004834730721345529 -0.007425847309431262
0.003554288864584496 -0.005786301423874854 -0.008147118457964245
0.01111336367983053 0.002101601085669431 0.009619899721232851
0.0240305670907307 0.00812594526986845 0.005745430329745635
0.02162965902808799 0.008105795309928202 0.005782272189062892
0.02288902607293501 0.006666752221980776 0.007273096072777346
0.05616356679405149 -0.00825931181778578 -0.005463094186400062
0.05501555634424382 -0.006974179125495149 -0.007073389970026668
0.05787856998993261 -0.007172702983147507 -0.006472589129500998
0.05673055954012496 -0.005887570290856876 -0.008082884913127603
0.05685884696351826 0.006375941985691864 0.007591155270493088
0.05806322051352373 0.005362091007659002 0.008437565326158518
0.06055583808443268 -0.0053090595614584 0.008472508044018374
0.03330334743113747 -0.002090174739498999 0.009624159453497056
0.0305082071893103 -0.004843044796223097 -0.008725401512592821
0.02938537870457243 -0.002787794664257713 -0.009388495010232908
0.03246249233730186 -0.003704279727006958 -0.009144909786101416
0.03133966385256399 -0.001649029595041573 -0.009808003283741502
0.05560328053983969 0.005371412523097525 0.008431374153558652
0.03374005286481239 -0.007273206324967673 -0.006479975122118667
0.03166287900679769 -0.008141698154666347 -0.005658899262508299
0.03370873174998412 -0.008821057816747595 -0.004698131988284149
0.03493794740178977 0.002478393451859661 -0.00954278378756861
0.01489313422345944 0.005148306037726876 -0.008571693643327013
0.071621875 0.006381734394770074 0.007590907791784843
0.06918440853191178 0.006388521785362583 0.007583849259115647
0.05052213058793095 0.00024413794421721 -0.009945074984078511
0.05294082408923509 0.0001957445532751529 -0.009939902003180134
0.05177132767149042 0.002287963903276019 -0.009612269200131671
0.02164434133517222 0.006057933899546124 -0.007867517289315274
0.02629255178368569 0.00987102408615053 -0.001361904572503459
0.02506095485298365 0.009285563069527686 -0.003313671972080373
0.02744487589166178 0.009251949433364043 -0.003367655055726592
0.03841368643568672 0.00540157761427044 0.008412135305028004
0.02351471567977433 0.002069929887923211 0.009631641879512778
0.03049736970251494 -0.006745926821023238 -0.007261675864806427
0.03257454356052963 -0.005877434991324564 -0.008082751724416795
0.03209375000000002 2.449293598294706e-18 0.01
0.02962500000000002 2.449293598294706e-18 0.01
0.03091872610561599 0.002090521806159594 0.009624030456707292
0.06292371626556467 -0.001984018179177211 0.009662479303687948
0.01306745602013397 -0.00418854523151664 -0.00906120132644264
0.01543460613385514 -0.004226314455762627 -0.009040025318018206
0.02164717657970499 0.003996069473646422 -0.009131898062479531
0.03678876017290601 0.006097680488840452 -0.007746305703368817
0.03808357076772331 0.004421240267878832 -0.00896952220024091
0.0404934799000973 0.004374814729094128 -0.00899215778402717
0.03919866930528 0.006051254950055748 -0.007768941287155078
0.02607089224728045 0.00209837169186123 0.009621106318403473
0.024653504065656 0.004202681444157695 0.009015629290745182
0.02720968063316213 0.004231123248095714 0.009005093729635876
0.04791925826841394 0.0003038580564288559 -0.009938313981489193
0.04916845535197342 0.002347684015487665 -0.009605508197542354
0.05763660253787557 0.0001893132894910984 -0.009932766878869764
0.05524658301446789 0.0002237315213310578 -0.009936808991694128
0.05648826943068709 0.00226841321736112 -0.009630219808909522
0.04814062500000001 -0.002103792899262549 0.009619079589844984
0.03371787800217529 -0.001744396305774865 -0.00980316504314719
0.07159375000000001 2.449293598294706e-18 0.01
0.070359375 0.002103792899263833 0.009619079589844506
0.03703125000000002 2.449293598294706e-18 0.01
0.03456250000000002 2.449293598294706e-18 0.01
0.0358005198832006 0.002095724966117462 0.009622093637284243
0.0740625 2.449293598294706e-18 0.01
0.07282812500000001 0.002103792899263833 0.009619079589844506
0.002024157565067494 0.008011815971232301 -0.005952864333898763
0.01940890487304985 0.00999962480292184 -7.613557193037444e-05
0.01376854011140583 -0.008762958830697908 0.004817606050185619
0.01224100309484431 -0.009248106293548535 0.002798981242688047
0.01343973255556889 -0.009926817455296291 0.0008185862717079733
0.01496726957213041 -0.009441669992445662 0.002837211079205545
0.05996456547134243 0.0002135325450882374 -0.009929982880500437
0.06234680482998156 0.0001785013193594206 -0.009925557856031816
0.06120276598930564 0.002239998492263158 -0.009649881239538548
0.03560627514564858 -0.008587734668555473 0.005102321320705389
0.03682834922591691 -0.007328308745545373 0.006296698698625728
0.03806259120598467 -0.00856661842686373 0.005133327207064854
0.01842965086273766 -0.001496568322650359 -0.009814094210603898
0.0172079017952036 -0.003456933457793497 -0.009292511546896639
0.01958390986915904 -0.003500069672456526 -0.009267662397129353
0.05072187500003439 0.005390277343289803 0.008419693355428855
0.01523263051407425 0.004112332578117172 -0.009081531616464423
0.01285763895707693 0.004118486564293635 -0.009077989825076526
0.02062132057589582 0.009020468345880333 0.004286510136384704
0.0217868267949944 0.009520170431642395 0.002258404599534991
0.01002005890896669 0.004089142289924094 0.00909116461481126
0.007547320229136175 0.004091334103520642 0.009090344483422108
0.02485830119500422 0.008345397614196519 -0.005502503997404503
0.02724222223368235 0.008311783978032878 -0.005556487081050721
0.02280741750658822 0.001981149668399841 -0.009641647379417202
0.02390467460904974 0.009872299389239711 -0.001316737303051368
0.02288933395535011 0.008920549621233891 -0.004466019572650488
0.01357706852826234 -0.005982236537321254 0.00796931377845151
0.0216449018966928 -0.00465812803445713 -0.008841553630787296
0.02287277654078367 -0.002700052100477849 -0.009387560782858014
0.02370947053159873 -0.00351608953569972 -0.0092635557728759
0.0249373451756896 -0.001558013601720439 -0.009809562924946617
0.02715625000000002 2.449293598294706e-18 0.01
0.02339613011707843 -0.005999249583249987 0.007954563016279366
0.02586489925817215 -0.00599804948229425 0.007955283863370867
0.02095530306015483 -0.005987752252549758 0.007964543752391822
0.02215702128535372 -0.007314552898971278 0.006325539405713687
0.02599053743759135 0.006840906766331919 -0.006931006392694892
0.027934024997998 0.006039715051062739 -0.007866251827438086
0.029185709794089 0.007510592262763698 -0.006491732515793916
0.001762575957247391 -0.008744558503526113 0.001416384676369378
0.001762575957247391 -0.009502562962591447 0.002865359947283686
0.05175335876320554 -0.008901162472324997 -0.004537982659312311
0.05379064104947838 -0.008248032249157983 -0.005488585874971127
0.05258283507306154 -0.006965681983815052 -0.007079656520802845
0.05054555278678869 -0.007618812206982067 -0.006129053305144029
0.06361618108053316 -0.001834623934511774 -0.009820152004267916
0.06474066813204457 0.0002072377911050889 -0.009922125165833365
0.02827136222311906 -0.006007194323525644 0.007947308669704872
0.03074009308202534 -0.006008394424482602 0.007946587822612637
0.05315997855546176 0.005384489608702475 0.008423550083268033
0.01496555680363744 -0.007435432888464405 0.006452708691642554
0.01238005183603073 -0.007309762479554755 0.006334211136994576
0.02704857677465835 -0.007319038361007897 0.00631592398669974
0.02607769226493353 -0.003573586414435194 -0.009229307301678568
0.03316862337796485 -0.006010448038762636 0.007944792388068162
0.03562445900261045 -0.006007415411958969 0.007946612849414943
0.03338747610561599 0.002090521806159594 0.009624030456707292
0.03462185110561598 0.004150757014676798 0.009052649841472256
0.03597468329431186 0.005410891725820125 0.008405877756906745
0.05985465011211522 0.004256649383333139 -0.009041658515709825
0.061193490677663 0.005811181791763629 -0.007907182123064953
0.05870905537601029 0.005904378687827776 -0.007763824722400348
0.06004789594155807 0.007458911096258266 -0.006629348329755476
0.05887480305583878 0.002215779236666019 -0.009652665237907875
0.02853964224728045 0.00209837169186123 0.009621106318403473
0.01167444347601273 0.008978278477380105 -0.004371565141062472
0.009736735642115491 0.009342974097578411 -0.003233716012393083
0.01093980947926473 0.009867553343618867 -0.001280499892624777
0.00762039001839142 -0.00569404144449686 -0.008164289104591306
0.01113544758860907 -0.003961407488593387 -0.009147830586440839
0.05054398277415904 -0.009886714592416428 -0.0005186412846201661
0.05182954112223982 -0.009568153100730911 -0.002632307999361228
0.05215090340002096 -0.009939213241688952 0.001097302085123842
0.05343646174810174 -0.009620651750003435 -0.00101636462961722
0.0319440499629167 -0.007325548275972529 0.006305506296286678
0.008640625000000009 -0.002103792899265781 0.009619079589843774
0.04154956659043534 0.006051149524709294 -0.007769050742328983
0.0240131236300276 -0.004715624913192604 -0.008807305159589964
0.02937560848238498 -0.0004616743818880989 -0.009989152862512861
0.03175382263199628 -0.0005570410926213902 -0.009984314621918549
0.006171875000000007 -0.002103792899265781 0.009619079589843774
0.02964151276420966 0.009041945730345065 0.001858660927466426
0.02840339134888753 0.009497705079137511 -0.0001354773052512993
0.02753716167402936 0.009432404588898222 0.002999929710747846
0.02629904025870724 0.009888163937690667 0.001005791478030121
0.02789564890981971 0.01139045885855316 0.001141268783281413
0.01104570771721577 -0.009927526725008746 0.0008140301049404398
0.007238074913660306 0.004372041125621487 -0.008979385551533967
0.00853738667703691 0.002950496358350156 -0.009400395491581535
0.02815611427445782 -0.004708498510485127 -0.008810791020236974
0.02730695669504814 -0.00165288256820778 -0.009807011291674501
0.01618091757508135 -0.008763255323894352 0.004817070311955686
0.03440238492234212 -0.007266841334969068 0.006752235471494603
0.03317781150729397 -0.008581941572178961 0.00511294937971312
0.02728712333406808 -0.008807135392517219 -0.00472972809898271
0.05381361152049624 -0.009373392738218373 -0.003439181215934587
0.06976276112140145 0.002600453486145513 -0.009502586877593054
0.06742187634406137 0.002567830191848689 -0.009506654424739872
0.068350499537701 0.004509714559248625 -0.008924961782742734
0.05746811648696352 0.00430928336402824 -0.009019213086711471
0.03488586471408268 -0.00374778656019327 -0.009115654530407438
0.03612625288782767 -0.001793648400407994 -0.009799771283092285
0.05624396342469298 0.005916836685473022 -0.007830380317508394
0.05508162353826704 0.007556636147176785 -0.00651471031730559
0.02286366784158086 -0.0003690443040361109 -0.00999158948179037
0.02048153419106861 -0.0003236188882092247 -0.009992014143194198
0.002027267503384598 0.009842903640595153 -0.001745286871340267
0.003859439459812327 0.009842903640595146 -0.0006067681651539901
0.07698434399646026 -0.008042335632660503 -0.005906729463455746
0.07503918022313265 -0.007181900605065856 -0.00665230065899933
0.002524256616450436 -0.0106974380281808 0.001870014152993723
0.004286832573697826 -0.009871451059702156 0.001592148182810617
0.03805324413529816 -0.006022675971265048 0.007933219076404865
0.04052308175743145 -0.006026775881154108 0.007930757065418801
0.03928748611536592 -0.007260985652583406 0.006769847584843992
0.0591042764933511 -0.005908089723028252 -0.008067608461059408
0.05823505728812297 -0.008912629230244773 -0.004512152918157468
0.02491477877476692 0.0008316970173106754 -0.009932902413405692
0.02611741376230933 0.002799554870745331 -0.009449101109967139
0.0237545378478837 0.002846616822557256 -0.009423153096468023
0.02163579319748999 -0.002327120238015392 -0.009445582329719652
0.01963531470756964 0.005104784982874695 -0.008596431064321512
0.01827293431629425 -0.008759879224166113 0.004823261078169388
0.01948851789897978 -0.009439793291396274 0.002833742747768823
0.05054797130212915 -0.006068964315122535 -0.007946434221030144
0.01002361106349025 -0.00408719021159718 0.009091894221862353
0.06242468133219653 0.007426537475221077 -0.006671570867336845
0.02300436295308905 -0.009931180062868521 0.0009092266698459188
0.02186702937058064 -0.009254316499186191 0.002900007115139245
0.0206555209676187 -0.009929736640196344 0.000918624777789594
0.05418251050545429 0.002240426249305215 -0.009633312820395527
0.04307373302307253 0.0002928283027804248 -0.009949801754108815
0.04550174336118767 0.000353169346522081 -0.009942973635662374
0.04675056428733491 0.002391105967198433 -0.009585635402685529
0.04432255394921976 0.002330764923456777 -0.009592463521131972
0.01858241749853652 0.008681691369383624 0.004961467894289947
0.01620193529501511 0.008680475100955577 0.004963662611773691
0.01734758652776164 0.007229571195830573 0.006460115848295428
0.02370691987663812 -0.005668199258853625 -0.00821561680645148
0.02391116308407129 0.009889439240779851 0.001050958747482212
0.02483566322418251 -0.007117920927623433 -0.006755478184431979
0.06302695684401274 0.002231587004028895 -0.009653386125853069
0.06542082014607575 0.002260323475774563 -0.009649953435654618
0.03803475164012849 0.007646222376946062 -0.006386297333524281
0.01583582966945311 -0.009312254731568572 -0.00322755795344834
0.01949830807674283 -0.0074375725039646 0.006454129431796609
0.02070002630194172 -0.008764373150386119 0.004815125085118475
0.06172850716047815 0.004148944984688445 0.009053323063264718
0.05925201792721937 0.00415567196974112 0.00905082044660128
0.0429504026888651 -0.006032325474516747 0.007925863612818112
0.04543097944208621 -0.006031258191432388 0.007926505162456776
0.07039687500003904 0.005362792073769505 0.00843792254506324
0.06364984666647279 0.005811184839880558 -0.007836461584826282
0.06476168770437821 0.007479558388233694 -0.006617214490780378
0.07403423224035567 -0.00984066685883552 0.001748401437920297
0.07213747591612162 -0.009243895265464021 0.003391396512415513
0.07422835724797565 -0.008937728615427947 0.00389765328984623
0.02618961562505531 -0.00730186940423445 -0.006366650524636882
0.02602401851767463 0.007840155118442046 0.006064043766108467
0.02526218945881668 0.006739268569698056 0.007228464099244787
0.02725564088576061 0.006453478418271652 0.00754707753560762
0.01400715314270087 0.002150392741518437 -0.009612813832484034
0.01589385908728547 0.0008988760534380573 -0.00993667567888386
0.04064026065098161 0.0003448754078701532 -0.009954052795448733
0.04190633372840917 0.002374223582359426 -0.009571940905897785
0.05748490231373975 0.007511932009272558 -0.006574991953197271
0.02049064289027142 -0.002654626684650963 -0.009387985444261844
0.02514656492761541 0.009409887114958037 0.003042222425014668
0.05247385808468925 -0.008553679520666834 0.005145178735878633
0.05023867238309691 -0.008552765304470959 0.005146471711180191
0.05147377277198363 -0.007344535643570156 0.006266859659541943
0.04908945588914375 -0.007254868570655417 0.006791661185537974
0.05032455627803048 -0.006046638909754615 0.007912049133899727
0.04871522539840144 -0.005408950238329345 -0.008395766258760002
0.05053640335340257 -0.003775432001125964 -0.009055408186143674
0.04936758182129972 -0.001806487247466294 -0.009812903646276894
0.04754640386629859 -0.003440005484669675 -0.009153261718893222
0.05554695050161906 -0.005958347574586704 0.007989838518011411
0.05307831988720355 -0.00595547783318057 0.007991561293255976
0.065421875 -0.002103792899266344 0.009619079589843562
0.06665625 -0.004164028107780533 0.009047698974610338
0.06420553301792495 -0.004154763061241903 0.009053249270375664
0.03562473751327992 0.00444456975477588 -0.008958001206628503
0.03322057125871006 0.004492367394790019 -0.00893391379963533
0.03198255787330383 0.004245770504488806 0.008993734160054254
0.02463743615021192 -0.007460426147218448 0.006423220397989095
0.02582111366669812 -0.008781415025932097 0.004783860521317968
0.03333539006199969 0.005505905215632134 0.008346962075488745
0.01135426732705906 -0.008805958290680795 0.004736383494215886
0.0575952042019526 0.0080166169184578 0.005703868796976664
0.06002667351975186 0.008012291814901911 0.005708370421574476
0.06486092361682907 0.008045802382451787 0.005631737996601384
0.06239852938185688 0.008041974564829886 0.005635721562286162
0.07774533545400622 -0.009491243149289404 0.002891138731998732
0.07572967945046682 -0.009837325541407514 0.001772238000174698
0.0759238044580868 -0.008934387297999941 0.003921489852100632
0.01077614618870168 0.002978338714322771 -0.009384486900704564
0.0160599270595775 0.006082067156556068 0.007877108843284885
0.0253113557032652 0.008798832928122939 0.004751898452184957
0.02770195244967916 0.008821350402063124 0.004709605737918136
0.008546271171257469 -0.009262045701117201 -0.003397534511102113
0.007356872992208986 -0.009852637114494533 -0.001508115212595635
0.009663893076646515 -0.009856814258983233 -0.001403175168222051
0.04477602270181737 -0.009448943779007514 -0.003177069936183614
0.04254660425866981 -0.0095745404920485 -0.002586338300953138
0.04413994641761686 -0.009896431078585269 -0.0004804905502398007
0.04636936486076441 -0.009770834365544281 -0.001071222185470277
0.02960347401496829 0.004253620390190443 0.008990810021750435
0.05235110885898282 -0.005465031496280284 -0.008362410513798831
0.05178627532260387 -0.001854880638408352 -0.009807730665378517
0.05360098082818412 -0.003544480133562671 -0.009114732993033673
0.04855127036098095 -0.009888158023037164 -0.0005306754746027344
0.04937225538554552 -0.00958095545494295 -0.002603337679282411
0.06474034294632922 -0.00970326636224203 -0.001421236910506122
0.06672856076893063 -0.009946377064030489 -0.0002633726615922506
0.06474470901938781 -0.009954684219597932 0.0009508872385852952
0.02355483937235495 0.005062004373860558 -0.008622573699772283
0.02478547904419345 0.006519433269913234 -0.00722001931798101
0.02287498100701072 0.0075153627955988 -0.006464962907524002
0.01159941813012849 0.008998756645608071 0.004334728979781021
0.01394902793985419 0.009001923243493783 0.004329030134690115
0.01926889382273735 -0.004614991819794101 -0.008866402780554583
0.0146758142551875 -0.008568418456757267 -0.005155790770116363
0.005176733466000277 -0.009879113560440488 -0.001382092486011188
0.003071949591212876 -0.009551563077644432 -0.0027687286687881
0.003213503248871612 -0.009843997449943118 -0.0006012825790036136
0.03371196097412289 0.007671370855208644 -0.006348118267469114
0.03246970251355637 0.006145243293262269 -0.007722462100847533
0.03131582405208384 0.007699894776963529 -0.006303760000016522
0.04719034988532898 -0.009463631797450068 -0.003143884390149953
0.04038564892528383 0.007646116951599608 -0.006386406788698186
0.03033958825556154 0.005955940779062439 -0.007910434616624927
0.04431872367828769 -0.005798932277120672 -0.008146830387986538
0.04189433943730692 -0.005760005675853018 -0.008174470284159033
0.04314590491761664 -0.003815350129236292 -0.008883769670362062
0.04630170771974337 -0.005374276342460831 -0.008420982090690877
0.06665513077768995 0.004159507638281414 0.009048635590735946
0.0641923051059921 0.004152245279673047 0.009051337774195933
0.03579955786372246 -0.008155050240241053 -0.005643427408545939
0.03496659482248218 -0.007468793316290798 -0.006271653334888296
0.03705742093622054 -0.006802785739784257 -0.007216948755150086
0.070359375 -0.001626619981326129 0.009775301501770327
0.02339832731848722 -0.00877572946293974 0.004794196787423415
0.06126862499331837 -0.001866097898225884 -0.009812988389273724
0.05888638563467924 -0.001831066672497067 -0.009817413413742345
0.07282812500000001 -0.001626619981326129 0.009775301501770327
0.01111333572452721 0.005978796629716999 0.007972282707270786
0.01006137666643309 0.007413456851350664 0.006489352386130984
0.01149559980436359 -0.009289871004034644 -0.003264710084012835
0.01261322170975264 -0.009884639561900676 -0.001270350741132774
0.0473298809658502 -0.00825432506599821 -0.005467358094800572
0.04929607302651123 -0.008913964826537037 -0.004509012339233493
0.04857936072612766 -0.00695917244644324 -0.007087399060711108
0.01274954812555461 0.00950376865550542 0.002361828318501812
0.06596812269106839 -0.001881307726721015 -0.009813765728609149
0.0670926097425798 0.0001605539988958482 -0.009915738890174598
0.01167293346854714 -0.005982102855453246 0.007969429242038611
0.05946076379154146 -0.007648015970125517 -0.006107172249715877
0.0746662622947887 0.00852299829741702 0.005017358697437515
0.07655000000000001 0.009138527981418064 0.004059575813663927
0.07565765461922258 0.00852299829741702 0.003593789909479359
0.07754139232443388 0.009138527981418064 0.00263600702570577
0.008797331180147885 -0.003910630944664019 -0.009175461799551796
0.04136084319522172 -0.009902333218776666 -0.0005333430648861851
0.02728439029412547 0.0007368280508233346 -0.009930350780133577
0.02859095537193156 0.004206582186896842 -0.009057893377181199
0.07725550613025567 0.001972507722635533 -0.00977808962893878
0.07535273218623617 0.000856223257640219 -0.009940103567923653
0.07537573509036191 0.002990802658363231 -0.009316211483124448
0.0461658430474696 -0.006924498550574726 -0.007112614892641983
0.04491555378233858 -0.008239637047555655 -0.005500543640834233
0.04306843441315668 -0.007114070774101601 -0.006534759136178788
0.007547320229136119 -0.004091334103520434 0.00909034448342219
0.00391526545934113 0.003333549725226322 -0.009249440094470008
0.0630185842047505 0.005372005426465937 0.008431836152356322
0.063713587484215 -0.005402503777088496 -0.008389336941259404
0.06256508121268428 -0.003491954188134081 -0.009177770003815961
0.06476468735206388 -0.003745173523466189 -0.009031718941711359
0.02302222863853852 0.009040618305820581 0.004249668277067447
0.02453566090099563 -0.00945259302662207 0.002803416342130089
0.03822529486813084 -0.008176858280259432 -0.00559724720279464
0.04785568689244599 -0.006049508651163002 0.007910326358653807
0.02964151276420966 0.009041945730345065 0.00425657668912279
0.03499791593731046 -0.005920941824510877 -0.008053496468722814
0.04241568229798946 -0.009916995274776111 0.001271980834726382
0.0451947855203846 -0.009911093134584714 0.001324833349372766
0.007239619468063792 0.009997058942473633 -0.0001896516790231527
0.005954608971686865 0.009883617456972062 -0.001177852016723634
0.005144449956189253 0.009956345126096718 0.0003814321725464915
0.03195185237890268 0.008850106504596139 -0.004583501817583382
0.03079576034857213 0.009495587895650481 -0.002585738465639021
0.03341066786011754 0.008850106504596139 -0.003162519895265929
0.032254575829787 0.009495587895650481 -0.001164756543321567
0.03449563590741517 0.006914948765941124 0.006792697923957712
0.03325982478163872 0.007891502626110464 0.00597179015650466
0.03572831214768667 0.007893173569607465 0.00597004982342546
0.07729948556490471 0.008275415628355359 0.0054694511373588
0.0754157478596934 0.007659885944354315 0.006427234021132388
0.00202415756506749 0.00229747215946247 -0.009722683576877375
0.01015897194943052 -0.009485378722141004 0.002751432356468279
0.0249501372392649 -0.008694094194268785 -0.004940760373814714
0.06789062500000001 -0.002103792899266344 0.009619079589843562
0.07653125 2.449293598294706e-18 0.01
0.07729724707156793 0.001633723765111636 0.009773295996162803
0.04097755784275824 -0.003560829340677467 -0.009140446908574932
0.04222912332306797 -0.00161617379406074 -0.009849746294777962
0.07482849707156793 0.001633723765111636 0.009773295996162803
0.07727363462345124 -0.001664985195868786 0.009764358099349639
0.01988356996506555 0.007387492167957815 0.006507455541964711
0.02114293700991256 0.005948449080010389 0.007998279425679166
0.007171250719357066 0.009541584250014164 -0.002302006966954898
0.07480488462345125 -0.001664985195868786 0.009764358099349639
0.0361344687543925 -0.008842865856765974 -0.004651951782532851
0.03079576034857213 0.009495587895650481 -0.0001878227039826633
0.02955571545686362 0.008878630426351024 -0.002141227788474432
0.05478383013016512 -0.00547352863796038 -0.008356143963022651
0.002468750000000003 2.449293598294706e-18 0.01
0.004518354510207368 0.001920607243044365 0.009684300116809944
0.06933918940044628 0.001761729641648192 -0.009819501411562286
0.04049059079193047 -0.008572718858585793 0.005122079834009963
0.04171480704679958 -0.007266535245946045 0.006764954132243303
0.04548979725128552 -0.003689868230383584 -0.009092652091181834
0.04431697849061447 -0.001706286082499203 -0.009829591373557361
0.05045845461036332 0.00434354734387851 -0.009004880848095021
0.05025694706738498 0.007613263564487459 -0.006441703960599438
0.04928942481182828 0.005974903973744598 -0.007655528410401415
0.01428558162653196 -0.002221027699122812 -0.009561520589796979
0.02840339134888753 0.009497705079137511 -0.002533393066907657
0.02955571545686362 0.008878630426351024 -0.00453914355013079
0.05793772976155164 -0.003992940018299126 -0.008837431830314262
0.05532710061279324 -0.003754751232456924 -0.009056095247572827
0.05653427083421993 -0.001860120959899175 -0.009810642164759485
0.02053658686190751 -0.007994059767035379 -0.005940900317452954
0.02175655354616623 -0.006559631048793772 -0.007374667055865554
0.0600529323664787 -0.003746216377226192 -0.009047590044487493
0.06239277101399091 0.009463967630008155 -0.002933602823519465
0.06476656390483249 0.009456622277713753 -0.002985402060644885
0.0635366877043782 0.008658059202029049 -0.004852841845366346
0.07168007417778635 0.001794352935945016 -0.00981543386441547
0.05618653726506934 -0.00938467230684617 -0.00341368952736352
0.01864873899429066 0.005935371994404763 0.008006103495970191
0.0206692671427843 -0.009335827874974808 -0.003197797897068367
0.0218350958831306 -0.009883217392700334 -0.001174936289803343
0.06134938858584461 -0.00537207266713439 -0.00841237165902973
0.06901947458954702 -0.008432908652382306 -0.005217901932603041
0.0711490979920766 -0.007774939496658338 -0.006283985755099849
0.06962656123443881 -0.006900895239737243 -0.007043416820321913
0.003882711196310834 0.003528510018953233 0.009346901468748829
0.002049604510207366 0.001920607243044365 0.009684300116809944
0.01874606219093258 -0.00870500072502824 -0.004920185557013008
0.01637024940188399 -0.00867845382398837 -0.004964895604322986
0.03720735953458336 0.006389116529486467 0.007583229656374493
0.004193327699462896 -0.001665753111929214 0.009764136237989014
0.07490703896135981 -0.008701932835158858 -0.004848853171786523
0.05407840519990916 -0.007164621710277248 0.006869880369592666
0.02964943426756677 0.00647597556036638 0.007532793827722178
0.02841461526408858 0.007862672592382231 0.006021751051841645
0.04447915357396338 0.006850558331859741 0.006897779527371813
0.06810747491073313 0.009235023050974109 0.003829559156043404
0.0668950084426449 0.008063309627820503 0.005586873268737118
0.04296728820924535 -0.008550050885386552 0.005154683250497167
0.04419150446411446 -0.007243867272746804 0.006797557548730506
0.003711294672956057 -0.008003287597471936 0.005962674348932616
0.002024157565067883 -0.00862734565523334 0.004995081450125166
0.003786733522315273 -0.008948103441338997 0.003902680751210759
0.0470669221030862 0.006384155870507056 0.007588313643266368
0.04572142955879897 0.007838022933737431 0.006070697367044941
0.03079576034857213 0.009495587895650481 0.002210093057673701
0.02591771528678057 0.005014942422048633 -0.008648521713271398
0.06898392977086398 -0.004091334103520965 0.009090344483421997
0.07145267977086397 -0.00361416118558075 0.00924656639534876
0.05194441387205032 0.006387638700271373 0.007584768927256305
0.05046148663430825 0.007851655970028877 0.006048144381114923
0.04923894776229232 0.006854294613047308 0.006883068809287475
0.04800462797599478 0.007848352292993572 0.006051581451779446
0.05414425131081224 -0.001825702728059215 -0.009814684277583849
0.008645310819316505 0.005173792047666981 -0.008554320308992976
0.06710778913857864 -0.008943627055945431 -0.004441646680532013
0.06595779993097081 -0.007682083770978173 -0.006077559669203394
0.06771487578347044 -0.00741161364330037 -0.006267161568250884
0.006250062790826491 -0.009906567170199526 0.0008113382758030423
0.03136994455675868 0.009041945730345065 0.002436635005088457
0.03252419214112115 0.009495587895650481 0.0003901513736393681
0.02583650216499905 0.005450410552513578 0.008383301242590502
0.0712872227117784 -0.00875521395216246 -0.004412202778114396
0.07298226290448923 -0.009404892079547998 -0.00336581769502609
0.07321199876864898 -0.008052254707773321 -0.005895238254874829
0.04328089136005022 0.007838476276864029 0.00607022604262129
0.009928094669396311 -0.008551079920817549 -0.005184087940581098
0.01229063187180381 -0.008573331846139388 -0.005147602648543994
0.04776375079219407 0.007595730969313349 -0.006459984259547366
0.0702678125940859 0.003703614009048129 -0.00923780876956515
0.0316477970875956 -0.009320084924140827 -0.003561202392514215
0.03928608855334649 -0.009232813445867179 0.003132201098298268
0.03785378720323075 -0.009920678762233986 0.00122941705571119
0.03663028985586893 -0.009254483743230537 0.003230543164477775
0.03582526824220411 0.0002315919436781044 -0.009972772319016745
0.03708980707291007 0.002258113562318952 -0.009564631085624631
0.06943349451991987 0.0001931772931926724 -0.00991167134302778
0.03209957893622324 0.006482459075801474 0.007526054308035693
0.02788916043479816 0.01137331900701302 -0.001226427267252166
0.06241865601193926 0.00419582915642311 -0.00907207284055439
0.04210951701498809 0.006384788366362663 0.007587734673497177
0.07151719210790666 -0.000368275487631653 -0.00978981555721318
0.0732195190855032 -0.002371359690831561 -0.009707502992463871
0.07337924307484456 0.0007693005021044732 -0.009951829496198043
0.07508157005244109 -0.001233783701095435 -0.009869516931448734
0.07698754440658018 0.006948328041932754 -0.008255928642342876
0.0636233900849173 0.009217515805605392 0.00387442388390767
0.008785655953663377 0.005906102625454455 0.008014928216084233
0.008283703995575013 0.007560514621195648 0.006197802642224676
0.04758822099687733 -0.009912743837589983 0.001313280996790035
0.07712022896010623 0.004778493711998002 -0.007463058302435596
0.07614739472916529 0.005248594337331073 -0.009486971129750093
0.07426762368927152 0.004760550951519942 -0.008776100324601802
0.07510777336668642 0.006460284656121622 -0.007545057837194585
0.0451559190635533 0.004327693992422355 -0.009014477462244827
0.0465148895260906 0.006007796291158028 -0.007789463902384148
0.04544778284696141 0.007622019099643704 -0.006422060143552196
0.04408881238442411 0.00594191680090803 -0.007647073703412876
0.03376500940565234 0.009064292248638202 0.002393413629437957
0.07717846900408057 -0.008613332748634947 0.005015958417996513
0.06267979628740072 -0.009396669555722381 -0.003385489183707586
0.06268416236045932 -0.009648087413078285 -0.001013365034616169
0.02346333877911738 0.005377894204796297 0.008427933216123062
0.04555640299261032 0.009499740255493192 -0.002443499624889542
0.04800640299261033 0.009499740255493192 -0.002443499624889542
0.04898875079219408 0.008774231783103593 -0.004695611614138639
0.04653875079219408 0.008774231783103593 -0.004695611614138639
0.04958093341005542 -0.009911300406969248 0.001325315186772603
0.005168968057361938 0.00456455505340952 -0.008863143707082629
0.06965774308552111 -0.006897406514388822 0.006861958058015856
0.0708013955899752 -0.005367444872626605 0.008428708911671388
0.06847371581911121 -0.005440138876886174 0.008386063402859727
0.001762575957247391 -0.009959285767523732 0.000569259353093155
0.04273969884274271 0.004371152651325004 -0.008993954847010641
0.0547188403097126 -0.009944339870112135 0.001053043488194344
0.02950627102580964 -0.007286688830903521 0.0067211978880368
0.030710227906701 -0.008603842682393448 0.005080116361710841
0.008310881351237566 0.009016912860121289 -0.004280610185900775
0.008597105010234991 0.009867645487471287 -0.001255112793447206
0.05631538346010026 -0.007886466737925127 0.006136975967429722
0.05778392876181015 -0.006680192602234583 0.007256934115848467
0.01385813700677109 -0.009312122929356483 -0.003228224791975732
0.003568653059574729 0.008140199393244906 0.005752095998422541
0.07365356328917796 0.001881275691480762 -0.00980370793614108
0.007093854334501115 -0.006190777706626171 0.007752947145349517
0.009345253697683246 -0.005909408851191877 0.008012074750851353
0.01064714895957547 -0.007478298666579285 0.006371601599259921
0.008395749596393338 -0.007759667522013579 0.006112473993758085
0.008638432460746692 0.0068903725116169 -0.006915325233193196
0.05994277101399091 0.009463967630008155 -0.002933602823519465
0.06108668770437821 0.008658059202029049 -0.004852841845366346
0.006349187866761924 -0.00788252688457796 0.005851020419089789
0.07299781002008895 -0.008357664639733788 0.00540420254099072
0.07508869135194299 -0.008051497989697714 0.005910459318421438
0.03487386876812623 0.006097445653248129 -0.007746549507840705
0.06981313295021341 0.005692154829238721 -0.007992228952084908
0.05075143105400768 -0.009257977492969621 0.003318896246115022
0.05387333043070253 -0.009234915269386166 0.002923584574887453
0.05903429871528015 -0.007880809212209679 0.006144960025003058
0.06624390306463199 0.004494924384262972 -0.008932278715954166
0.06735574410253739 0.006163297932616108 -0.007713031621908261
0.06675645928992821 0.007454933375252278 -0.006648568798117911
0.06564461825202278 0.005786559826899142 -0.007867815892163815
0.05533818026844584 0.007837951363272177 0.006074540832170607
0.05408261384476727 0.006833421900677839 0.006914759715236171
0.003408726635674058 -0.003242506438844604 0.009440254971933994
0.001724577699462894 -0.001665753111929214 0.009764136237989014
0.01165357335794596 0.002183180136472276 -0.009612431534263501
0.03720000000000075 0.009002876916608497 0.004329198575511272
0.03564053885928246 0.009492867087136663 0.002159143015178085
0.03448657761310332 0.009064292248638202 0.00421335531347229
0.02288529689371062 -0.008009352717563579 -0.005914528433846053
0.005458906543242806 -0.0006043736014895417 -0.009969483440786358
0.07561768529727098 0.003205810063946525 0.009451412996615021
0.05286704916135582 0.007836570992246737 0.006075978559224443
0.07712022896010623 0.004357440238629714 -0.008953378433826041
0.003751823093092815 0.00866452483780631 -0.004911133933589428
0.0550959900821071 -0.009697080858327073 -0.001369773098123022
0.05460662620457965 -0.008557046704921403 0.005138893459130245
0.02645047248870244 -0.009257700087300296 0.002750863363582923
0.02516501972299994 -0.009928878087990266 0.000770419184395044
0.02764556855471524 -0.009934110084221754 0.0007354843612774721
0.03833327657595578 0.009002876916608497 0.001708519145829618
0.0367738154352375 0.009492867087136663 -0.0004615364145035683
0.07692269496489954 -0.009244922000511947 -0.0038111274680865
0.00497157477908012 0.009217291830104581 -0.003877895003950207
0.00375493303140992 0.009559325037062475 -0.002753740053718943
0.004343206062179235 0.005533444420901076 0.008200235404331374
0.002510099376075767 0.006088104914814585 0.007902648183717222
0.004321425240745823 0.006948294449272258 0.007157360275534344
0.04265210347983549 -0.008901140260813067 -0.004538830309533318
0.03086475993274505 0.007869156107817325 0.00601501153215516
0.06831311576085419 -0.001849527285391525 -0.009820818723718143
0.07039681334884099 -0.00241098006621585 -0.009698962937903541
0.03823364312785649 0.0001823398490449756 -0.00996937855896184
0.03949971620528406 0.002211688023534248 -0.009587266669410894
0.04673449339784073 -0.001755597372592428 -0.009824931719384179
0.06792317294555297 0.005366092368754348 0.008435937255994308
0.03979565095097705 -0.001564126688971012 -0.009853997336117878
0.04289868013211674 0.007621913674292321 -0.006422169598731218
0.05732554145975954 -0.008551389179205955 0.00514687751670358
0.0411814752192524 -0.009255359482875345 0.003272503521413481
0.04420149528798242 -0.00921168667728732 0.003154160563810067
0.07698434399646059 -0.002371359690831561 -0.009707502992463871
0.07503918022313298 -0.003406992733288237 -0.009234545229330609
0.07254545188808759 0.003651023984637472 -0.009263596777618434
0.07209077224421509 0.005639564804828065 -0.008018016960138194
0.02828348557734893 -0.008598532868385774 0.005089813205031669
0.01605887728788042 -0.001451646701153681 -0.009814006818675411
0.0770972260559805 -6.98119597747815e-05 -0.009999446355435414
0.05870990231373975 0.008690432823066236 -0.004810619307784978
0.003330685625960973 -0.004908739382175752 0.008665895174583427
0.005490731918885923 -0.005319527259515015 0.008461041334216863
0.003333673797637982 -0.006346455978917033 0.00761902939145344
0.03203657761310331 0.009064292248638202 0.00421335531347229
0.04022358737036984 -0.008878583211118483 -0.004588273580016214
0.03947971600174671 -0.006845350231705435 -0.007187515080291989
0.04147800850398571 -0.007547075162564486 -0.006178541457513563
0.07361731322570306 0.003675879198098722 0.009297196590296722
0.04786664321901107 -0.00854900562054889 0.005153468510423464
0.04539339924434156 -0.008556254782370891 0.005143186069813028
0.04661621191447424 -0.007262117732477418 0.006781378744927537
0.04638668947674375 -0.009255661239668287 0.003313858855375728
0.04906817473914465 -0.009206088218470587 0.003152890651837771
0.06347965395006087 -0.007259134312713893 0.006601419577522551
0.06471394785735947 -0.005808081136134355 0.008114091709177722
0.06226323087528442 -0.005798816089595725 0.008119642004943049
0.03830878743404743 -0.002911436033135879 -0.009390456439068554
0.03706839926030243 -0.004865574192921156 -0.008706339686383706
0.04204481881853817 0.009498699920826267 -0.0001391024866777038
0.04083365924644462 0.009498699920826267 0.002295940552982873
0.04205574934506214 0.009013923119017796 0.004309026515545902
0.04326690891715568 0.009013923119017796 0.001873983475885325
0.07078553501687954 -0.007877381506184817 0.006026583674052323
0.07192918752133361 -0.006347419864422601 0.007593334527707854
0.005195567716945989 0.006396466273389137 -0.007616531476153954
0.04804056354572481 0.004386969295589278 -0.008985008053238198
0.06474378970661873 -0.008927611759467033 -0.004479437419292255
0.07325072627048455 -0.006428831163064136 -0.007554442354630857
0.07074275672749862 0.007344383706191965 -0.006781704640399603
0.03785882351073212 -0.009421369047592642 -0.003245264937594178
0.04011808814920417 -0.009551983442353917 -0.002635781571436034
0.03910157855674967 -0.009771718824015393 -0.001142826431044329
0.008738687632778238 -0.009923349580520045 0.0007090900605668562
0.006683315782742677 0.008765885497950132 -0.004667434915053932
0.02922770257747313 -0.009295033293042517 -0.003612446076802322
0.05643690704290134 0.009471929377968591 -0.0005700304773803224
0.05532172479354179 0.009009167500491794 0.001822849293955794
0.05287824809030634 0.009009167500491794 0.001974297088297886
0.05399343033966589 0.009471929377968591 -0.00041858268303823
0.07159375000000001 0.004164028107780022 0.009047698974610077
0.069128832832176 0.00415620734329657 0.009050620879804877
0.02947858164336174 -0.009274942865307233 0.003074434202726219
0.04679008384921649 0.009499740255493192 -4.558386323318114e-05
0.06596499591832852 -0.005610524703383692 -0.008265028137015932
0.06772207177082815 -0.005340054575705888 -0.008454630036063423
0.07325824658733845 -0.004522844017899996 -0.008784462521888619
0.03562685237890268 0.007671605690800967 -0.006347874462997226
0.005099570465952481 0.00875939978896071 0.004786509094999538
0.05880153422281229 0.009187833055677417 0.003947072743195984
0.05824691027665585 -0.009629975211078431 -0.002239418070359387
0.0571563630936936 -0.009942383762559336 -0.0001955016411188884
0.05545213608358972 -0.009266471305647372 0.003268352372437135
0.05709110531949842 -0.009736195775911739 0.002117222183052858
0.05896451069566824 -0.009021113649470322 0.003995747327319303
0.04087514201498883 0.00782743007445473 0.00609039810258666
0.03964806143568746 0.006844219322361734 0.006914798734117952
0.06102681781082947 -0.007008697746111355 0.00700211761833117
0.06589842477595723 -0.008079779137296107 0.005805534923680467
0.06713271868325582 -0.006628725960716571 0.007318207055335637
0.0384417345345841 0.007831758237577761 0.006085893085464441
0.01363262823027918 -0.0002406688405161854 -0.009993766477699334
0.01241450262388119 -0.002208186372910014 -0.009493447214344995
0.07544052793734776 -0.00327288797177767 0.009426959451288519
0.005463564096755372 0.008213118505651863 -0.005700673844693153
0.006743866354360226 0.007457759312096158 -0.00661905551067885
0.00173000479338882 -0.004458663864012948 -0.00890829132639244
0.00345403875681434 -0.002727497749924323 -0.009338359009463943
0.00172403396342552 -0.001691864707467647 -0.009811316772597205
0.04904572491949667 0.009481535680340918 -0.0003838927274280914
0.04802262861886412 0.009024252478273934 0.001891994838624046
0.05047268556325877 0.009024252478273934 0.001946462910188366
0.05149578186389132 0.009481535680340918 -0.0003294246558637708
0.03965000000000075 0.009002876916608497 0.004329198575511272
0.04450574934506214 0.009013923119017796 0.004309026515545902
0.009213016936253735 -0.008886996367939593 0.004584892878025673
0.007166455206622323 -0.009009855730503976 0.004323439303357378
0.07489456634432301 -0.008954436233105286 0.003761207466495504
0.06061095246555977 -0.008923975068568483 -0.004486015282034413
0.005366400836115299 0.009526664882415242 0.002824681251815606
0.001811325864670056 0.007265393491399345 0.006862366910261132
0.02301797717458741 -0.009351120825503007 -0.003171426013461468
0.015002297060216 -0.009885745053571097 -0.001213977538714482
0.003669197736754213 -0.0005649344801019265 -0.009973344878139211
0.01087821000415076 0.009917156910973815 0.0009658436368776325
0.05164451028930553 0.009009167500491794 0.004317744778389926
0.04923894776225796 0.009024252478273934 0.004289910600280406
0.007264674573244358 0.006203952345601105 -0.007732773320605292
0.009572080589570712 0.001043032286501412 -0.009918928609891539
0.06116803464544761 0.009463967630008155 -0.0004957161973225653
0.06354182753628919 0.009456622277713753 -0.0005475154344479852
0.06424284686664636 0.004187417668188847 -0.00907557772686891
0.05409451028930553 0.009009167500491794 0.004317744778389926
0.04678894776225795 0.009024252478273934 0.004289910600280406
0.04555640299261032 0.009499740255493192 0.00235233189842318
0.07521852322205042 0.006310284825091614 0.007638780271024635
0.07710226092726172 0.005449849797496971 0.008384351466568213
0.07542269915296476 0.004859372826509483 0.008697454335695697
0.07547662563450822 0.00947006352185709 0.001462809492648918
0.004936796213253175 -0.007217706426028189 0.006910935202586094
0.0771162622947887 0.007213167010377049 0.006913914516421886
0.02786849196112404 -0.009711786687113155 -0.001965796113427076
0.03082125807985931 -0.009702742139180771 -0.001528989452101438
0.005387273936211169 -0.003680546226181172 0.009295198323788756
0.03997697298066842 -0.00991545407015673 0.001282624785701786
0.05385662353826705 0.008735136960970462 -0.004750337671893297
0.05625990231373976 0.008690432823066236 -0.004810619307784978
0.008780059244760722 0.008737939626072272 0.004862963058232956
0.007002386573902645 0.008884997395917256 0.004571413314326648
0.06062280545409265 -0.009641321049402142 -0.002213280434236332
0.005536231686103473 0.003711695675174848 0.009281680941782586
0.00750433853199101 0.007230585400176064 0.006388538888186204
0.03680975164012849 0.008824723190741235 -0.004621924688110438
0.03440185237890268 0.008850106504596139 -0.004583501817583382
0.0502620440628905 0.009481535680340918 -0.002781808489084452
0.0527120440628905 0.009481535680340918 -0.002781808489084452
0.05140662353826704 0.008735136960970462 -0.004750337671893297
0.002024157565067485 -0.008011815971232312 -0.005952864333898742
0.003754162358456305 -0.007151380943637663 -0.006698435529442326
0.06106348910514846 -0.008533397878897219 0.005180254562116017
0.06351632524437986 -0.008783834445499756 0.004779556521307397
0.05765969253866508 0.009471929377968591 -0.002870966516258911
0.04422278284696141 0.008800519913433948 -0.00465768749814347
0.03438136316244104 -0.009252136099508937 0.003113416212269118
0.008508651433019926 -0.0005413438079967467 -0.009968986815598317
0.07448523331007434 0.00947006352185709 0.002886378280607076
0.006942736645158275 -0.008980112434915864 -0.003797341089681223
0.005252089117421585 -0.009525086631698475 -0.002894751395372546
0.02602595473611684 -0.009918329733000898 -0.001108400232484238
0.008535505535121019 0.009917249054826237 0.0009912307360552032
0.05520969253866508 0.009471929377968591 -0.002870966516258911
0.07314014876732457 -0.0053084082992072 0.008468448274009976
0.07515123731035711 -0.004928769870861463 0.008659784732370421
0.07346376831389652 -0.003234522757235014 0.009437902853709206
0.04083365924644462 0.009498699920826267 -0.002499890970329849
0.04328365924644463 0.009498699920826267 -0.002499890970329849
0.0417727828469614 0.008800519913433948 -0.00465768749814347
0.01127904844552427 -0.0002078814455623473 -0.009993384179478801
0.07114011631727517 -0.006189767473351659 -0.007710333273198267
0.07296729777175884 -0.005319413370644194 -0.008467395677322766
0.07114763663412907 -0.004283780328187519 -0.008940353440456029
0.07210945618348476 -0.009685220427843691 -0.001260896127056904
0.07419566803383834 -0.00985629758958767 -0.0005827649385254398
0.07191529516255579 -0.009935952134080731 0.001111626950444007
0.03951693582239967 0.009498699920826267 -0.0003247388766987812
0.03107755776611802 0.005504375444099541 0.008347991565731565
0.02868376438431186 0.005481878302004813 0.008362275273617006
0.06147532966388582 -0.006956786655967093 -0.007102838142591866
0.04431756256470386 0.009499740255493192 -8.271114123739679e-05
0.06354396151546149 -0.009484504566396599 0.002482240861959101
0.06553426354062154 -0.009247204712906609 0.00367641988292712
0.03059833467345051 -0.009925065536289371 0.001172291022603111
0.06721656390483249 0.009456622277713753 -0.002985402060644885
0.0679814592899282 0.008633434189047632 -0.004884196152703879
0.06553145928992821 0.008633434189047632 -0.004884196152703879
0.001727665528025321 0.009218984359058768 -0.003873813129662351
0.008117624241862562 0.008144179478111952 -0.005801607423266754
0.005951499033369758 0.009884711266320028 0.001168717433620274
0.006354294605211938 0.005913082849246871 0.008008898945970898
0.005852342647123573 0.007567494844988063 0.00619177337211134
0.0734412622947887 0.007344497483670905 0.006781731342800426
0.06262551833790414 -0.008232745754410058 -0.005481681174910403
0.06383952856225622 -0.0069872177659212 -0.007079803424821541
0.009728080008724637 0.009412144901076466 0.002938744298156843
0.07698754440658018 0.007338057790445236 -0.006788407024332057
0.03564053885928246 0.009492867087136663 -0.002636688508134636
0.07732043822570304 0.003834073314287853 0.009235401835866198
0.07716689331389651 -0.003894708214802515 0.009209719602404295
0.03697839277931199 -0.009776943516092648 -0.001196034161034926
0.001684148936211165 -0.003872853921105924 0.009219395929012704
0.03794302821608353 0.008824723190741235 -0.00244677259447937
0.001687137107888174 -0.00725711061077595 0.006871893637934284
0.03925975164012849 0.008824723190741235 -0.004621924688110438
0.0728828786832363 -0.009809804913140079 -0.001939487477203518
0.0750684747548428 -0.009575969241291978 -0.002687686506494625
0.03543308650632374 -0.009399561007574263 -0.003291445143345476
0.0614678382373051 -0.009695535748362169 -0.001348216202835147
0.05941084740399703 -0.009940187242041928 -0.0001760074533638929
0.0614722043103637 -0.009946953605718071 0.00102390794625627
0.06956242064269748 0.009446210506380295 -0.003051691441330794
0.07079666683288272 -0.0096387277513961 -0.002617618665734982
0.06831674594966572 -0.008085993598219219 0.005794101710491765
0.005123686326464806 -0.008668108056021707 0.004902759565436311
0.07293298965603448 0.009119007459586792 0.004101671908367255
0.03540537787266139 -0.009918885174184003 0.001241638056041505
0.07201242064269747 0.009446210506380295 -0.003051691441330794
0.07460483622667238 0.009138527981418083 -0.004059575813663884
0.07249337751504981 0.008524239016401558 -0.005015926145836404
0.07060250581195376 -0.009889459457633139 -0.0002450955882340709
0.07368360509833205 -0.007436571882648822 0.006678230586561888
0.06703201354196206 -0.009655795553989242 -0.002189834196033473
0.06504379571936063 -0.009412684852200781 -0.003347698444947344
0.008112410219799106 -0.009608238084705385 0.002489978781799983
0.06716843125733304 -0.003746658906638517 -0.009047074923913722
0.003645179864656139 -0.008655669069040329 -0.004931608134808945
0.06915759930924881 -0.009413183107886428 -0.003346118955617589
0.07065854211318093 -0.008658453295891978 -0.004489401642720435
0.00533582739239283 -0.008110694872257717 -0.005834197829117621
0.07691022234786243 -0.007305086617597655 0.006813001247314637
0.07489456634432301 -0.006397560317433422 0.007553344332864009
0.07698434399646059 -0.005483430364774972 0.008362197511756266
0.07714577978994325 -0.009852659508900326 -0.001695379215475846
0.03303353259193685 -0.009924159880705561 0.001178440014143732
0.03182998093678978 -0.009253965353375585 0.003177973181587733
0.07009973993863644 -0.008798474263269782 0.004752555628481155
0.009999993410252149 -0.001961102561245721 -0.009647767551574645
0.0692801233149862 0.006161943436201869 -0.007714437471057429
0.001833106686103468 0.003904003370099412 0.009205878547006604
0.005623785377847359 -0.009591455674384866 0.002592226997036169
0.06868083850237702 0.007453578878838039 -0.006649974647267078
0.0700433775150498 0.008524239016401558 -0.005015926145836404
0.03464935434049733 0.009492867087136663 -0.001215706585817183
0.05757874872704855 0.009187833055677417 0.001452177258761851
0.0602707117797351 -0.006670927555694048 0.007262484411614937
0.001450927291624222 -0.009843997449943118 -0.001739801285189896
0.03949069432582862 -0.004908138684842334 -0.008676906011525608
0.06144456803928206 -0.009246283484821229 0.003321223605604566
0.06867108106559597 -0.009881340197498912 -0.001461333906150866
0.008324560143297115 -0.008269146654616212 -0.005583894519160208
0.03348300923634803 -0.009510341622411576 -0.002798221698646645
0.03502831550933627 -0.009887724130929962 -0.0007028107163360947
0.07293092192162998 0.007339298509429746 -0.006786974472730977
0.02504817925766276 -0.009388535140681824 -0.002966082470691488
0.02592791271771899 -0.009223888786587857 -0.003083078135607464
0.05931942501997774 -0.006518941217974031 0.007354983657406495
0.05635153422281229 0.009187833055677417 0.003947072743195984
0.07774533545400622 -0.009959447659765358 0.0006074212514891634
0.07589111524394948 -0.009852956272159664 -0.0005589283762710386
0.06599156390483249 0.009456622277713753 -0.0006806303879155073
0.001945163773328693 -2.076457203255011e-17 -0.01
0.005984372315643159 0.005303915263459143 -0.008469787930317246
0.007139813412715216 -0.006929420053013806 -0.007137867912802222
0.005471469167524894 0.008265797000201452 0.005537000217749652
0.0611733900849173 0.009217515805605392 0.00387442388390767
0.007950407337866561 0.00955920267092145 0.002647194554250535
0.05871998551822718 0.009463967630008155 -0.0006326667846408763
0.07532650325474438 0.009138527981418083 -0.002240864296714122
0.07347291546963752 0.009138527981418083 -0.001455774276382588
0.03491897065183148 0.009492867087136663 0.0003392013311437526
0.001646536689749808 -0.005494549325082754 0.008354790571963172
0.05934558962980184 -0.009733999255394331 0.002136716370807853
0.06673501104454785 -0.009717384366107943 0.002145066259553313
0.07504238063325257 0.007953587474446272 -0.005830624140558457
0.07705483622667239 0.009138527981418083 -0.004059575813663885
0.001621022299588654 -0.009210128590292773 -0.00389428733088187
0.00513595389852102 -0.006745615352494908 -0.00728288075763954
0.06833742064269749 0.009446210506380295 -0.0007469197686014164
0.0708804998856626 0.009446210506380295 -0.0004478899040494984
0.06987755918507062 -0.009490531131886491 0.002472786066509649
0.02738516535246593 -0.009501576338930258 -0.002755050195859483
0.005014204132438891 -0.004204707027494564 -0.009006791233710161
0.005229363112378763 -0.002042143757672167 -0.009641777102385429
0.07520690033814632 0.00947006352185709 -9.074172575588462e-05
0.07335331255303947 0.00947006352185709 0.00069434829457565
0.007305989202915661 -0.002490872191415045 -0.009496681063575469
0.06002679785426898 0.009187833055677417 0.001589127846080162
0.06565747491073314 0.009235023050974109 0.003829559156043404
0.02399575265304149 -0.00988091541782208 -0.001313743775254218
0.0648483900849173 0.009217515805605392 0.001383364033324326
0.062398653716374 0.009217515805605392 0.001516478986791848
0.06795258471433004 -0.00925341917382972 0.003664986669738418
0.03265647022861173 -0.00989299883745152 -0.0007660087582338675
0.07727166702807198 0.009459285767523733 -0.001148463597799712
0.07339913592726173 0.005347521736190783 0.008447956720009052
0.005616530504197225 -0.005510236743977962 -0.008309301949428624
0.007076445772051619 -0.003928642347597671 -0.00916897472517454
0.07180106889899962 0.009119007459586792 0.001909641922335829
0.06942555415369825 0.009235023050974109 0.001637529170011978
0.06961757955963738 -0.005315723216430564 -0.008469764338420331
0.06688247491073314 0.009235023050974109 0.00133849930546006
0.06886675627434929 -0.003442922954458896 -0.009228373835867842
0.06865998551528843 -0.009954496324164714 0.0009528656563245447
0.07693523331007435 0.00947006352185709 0.0004884625189507144
3 8 0 29
8180
8181
8182
8183
8184
8185
8186
8187
8188
8189
8190
8191
8192
8193
8194
8195
8196
8197
8198
8199
8200
8201
8202
8203
8204
8205
8206
8207
8208
0.04231343690162299 0.01149941539987165 4.662748175852767e-05
0.04715519741575502 0.01149932441871692 -9.003620930970178e-05
0.03974455381175737 0.01149758773077875 -0.000207249033262641
0.06184314560465459 0.01149989563769056 7.535923581998699e-05
0.07167846247142093 0.01149342795939732 0.0004866370810796749
0.05205850355291432 0.011499910598946 8.72217683859099e-05
0.05695221450423629 0.01149932556919687 -0.000186939240232033
0.06670478995483732 0.01149946549243548 -0.0001732303241730921
0.05939509647743417 0.01149989563769056 -6.159135149832402e-05
0.04960525436014967 0.01149932441871692 -3.556813774538111e-05
0.05450873780100084 0.01149932556919687 -3.549144588994063e-05
0.04478595818613562 0.01149941539987165 8.375475976274332e-05
0.03721667081561887 0.01149758773077875 -0.0003928854232837183
0.06425505358629402 0.01149946549243548 -4.011537070557006e-05
0.06913538322845583 0.01149342795939732 0.0001876072165277569
0.07364796095444506 0.01147670842177771 -0.0003222774955813721
0.03350204009534854 0.01147632397693103 0.001110469826674841
0.03305710849244188 0.01142311754925903 -0.001934367125609916
0.03536182603221286 0.01149758773077875 0.0004078523223636026
0.07754139232443388 0.0115 0.0009743469736982026
0.07602762496284071 0.01141116058630123 0.002003025992128594
0.03145881548121487 0.0115 -0.0009769338393389141
0.07550154873955192 0.01147670842177771 -0.001107367515912907
0.03518156958718206 0.01142311754925903 -0.001180196954296302
0.03172843179254902 0.0115 0.0005779740776220215
0.07390431188137196 0.01141116058630123 0.001234564794055325
0.03332672480377603 0.01142311754925903 -0.0003794592086489808
0.07577127403591381 0.01147670842177771 0.0004461837024918964
0.07722988171147993 0.01147670842177771 -0.0005281632712063077
3 9 0 1059
8209
8210
8211
8212
8213
8214
8215
8216
8217
8218
8219
8220
8221
8222
8223
8224
8225
8226
8227
8228
8229
8230
8231
8232
8233
8234
8235
8236
8237
8238
8239
8240
8241
8242
8243
8244
8245
8246
8247
8248
8249
8250
8251
8252
8253
8254
8255
8256
8257
8258
8259
8260
8261
8262
8263
8264
8265
8266
8267
8268
8269
8270
8271
8272
8273
8274
8275
8276
8277
8278
8279
8280
8281
8282
8283
8284
8285
8286
8287
8288
8289
8290
8291
8292
8293
8294
8295
8296
8297
8298
8299
8300
8301
8302
8303
8304
8305
8306
8307
8308
8309
8310
8311
8312
8313
8314
8315
8316
8317
8318
8319
8320
8321
8322
8323
8324
8325
8326
8327
8328
8329
8330
8331
8332
8333
8334
8335
8336
8337
8338
8339
8340
8341
8342
8343
8344
8345
8346
8347
8348
8349
8350
8351
8352
8353
8354
8355
8356
8357
8358
8359
8360
8361
8362
8363
8364
8365
8366
8367
8368
8369
8370
8371
8372
8373
8374
8375
8376
8377
8378
8379
8380
8381
8382
8383
8384
8385
8386
8387
8388
8389
8390
8391
8392
8393
8394
8395
8396
8397
8398
8399
8400
8401
8402
8403
8404
8405
8406
8407
8408
8409
8410
8411
8412
8413
8414
8415
8416
8417
8418
8419
8420
8421
8422
8423
8424
8425
8426
8427
8428
8429
8430
8431
8432
8433
8434
8435
8436
8437
8438
8439
8440
8441
8442
8443
8444
8445
8446
8447
8448
8449
8450
8451
8452
8453
8454
8455
8456
8457
8458
8459
8460
8461
8462
8463
8464
8465
8466
8467
8468
8469
8470
8471
8472
8473
8474
8475
8476
8477
8478
8479
8480
8481
8482
8483
8484
8485
8486
8487
8488
8489
8490
8491
8492
8493
8494
8495
8496
8497
8498
8499
8500
8501
8502
8503
8504
8505
8506
8507
8508
8509
8510
8511
8512
8513
8514
8515
8516
8517
8518
8519
8520
8521
8522
8523
8524
8525
8526
8527
8528
8529
8530
8531
8532
8533
8534
8535
8536
8537
8538
8539
8540
8541
8542
8543
8544
8545
8546
8547
8548
8549
8550
8551
8552
8553
8554
8555
8556
8557
8558
8559
8560
8561
8562
8563
8564
8565
8566
8567
8568
8569
8570
8571
8572
8573
8574
8575
8576
8577
8578
8579
8580
8581
8582
8583
8584
8585
8586
8587
8588
8589
8590
8591
8592
8593
8594
8595
8596
8597
8598
8599
8600
8601
8602
8603
8604
8605
8606
8607
8608
8609
8610
8611
8612
8613
8614
8615
8616
8617
8618
8619
8620
8621
8622
8623
8624
8625
8626
8627
8628
8629
8630
8631
8632
8633
8634
8635
8636
8637
8638
8639
8640
8641
8642
8643
8644
8645
8646
8647
8648
8649
8650
8651
8652
8653
8654
8655
8656
8657
8658
8659
8660
8661
8662
8663
8664
8665
8666
8667
8668
8669
8670
8671
8672
8673
8674
8675
8676
8677
8678
8679
8680
8681
8682
8683
8684
8685
8686
8687
8688
8689
8690
8691
8692
8693
8694
8695
8696
8697
8698
8699
8700
8701
8702
8703
8704
8705
8706
8707
8708
8709
8710
8711
8712
8713
8714
8715
8716
8717
8718
8719
8720
8721
8722
8723
8724
8725
8726
8727
8728
8729
8730
8731
8732
8733
8734
8735
8736
8737
8738
8739
8740
8741
8742
8743
8744
8745
8746
8747
8748
8749
8750
8751
8752
8753
8754
8755
8756
8757
8758
8759
8760
8761
8762
8763
8764
8765
8766
8767
8768
8769
8770
8771
8772
8773
8774
8775
8776
8777
8778
8779
8780
8781
8782
8783
8784
8785
8786
8787
8788
8789
8790
8791
8792
8793
8794
8795
8796
8797
8798
8799
8800
8801
8802
8803
8804
8805
8806
8807
8808
8809
8810
8811
8812
8813
8814
8815
8816
8817
8818
8819
8820
8821
8822
8823
8824
8825
8826
8827
8828
8829
8830
8831
8832
8833
8834
8835
8836
8837
8838
8839
8840
8841
8842
8843
8844
8845
8846
8847
8848
8849
8850
8851
8852
8853
8854
8855
8856
8857
8858
8859
8860
8861
8862
8863
8864
8865
8866
8867
8868
8869
8870
8871
8872
8873
8874
8875
8876
8877
8878
8879
8880
8881
8882
8883
8884
8885
8886
8887
8888
8889
8890
8891
8892
8893
8894
8895
8896
8897
8898
8899
8900
8901
8902
8903
8904
8905
8906
8907
8908
8909
8910
8911
8912
8913
8914
8915
8916
8917
8918
8919
8920
8921
8922
8923
8924
8925
8926
8927
8928
8929
8930
8931
8932
8933
8934
8935
8936
8937
8938
8939
8940
8941
8942
8943
8944
8945
8946
8947
8948
8949
8950
8951
8952
8953
8954
8955
8956
8957
8958
8959
8960
8961
8962
8963
8964
8965
8966
8967
8968
8969
8970
8971
8972
8973
8974
8975
8976
8977
8978
8979
8980
8981
8982
8983
8984
8985
8986
8987
8988
8989
8990
8991
8992
8993
8994
8995
8996
8997
8998
8999
9000
9001
9002
9003
9004
9005
9006
9007
9008
9009
9010
9011
9012
9013
9014
9015
9016
9017
9018
9019
9020
9021
9022
9023
9024
9025
9026
9027
9028
9029
9030
9031
9032
9033
9034
9035
9036
9037
9038
9039
9040
9041
9042
9043
9044
9045
9046
9047
9048
9049
9050
9051
9052
9053
9054
9055
9056
9057
9058
9059
9060
9061
9062
9063
9064
9065
9066
9067
9068
9069
9070
9071
9072
9073
9074
9075
9076
9077
9078
9079
9080
9081
9082
9083
9084
9085
9086
9087
9088
9089
9090
9091
9092
9093
9094
9095
9096
9097
9098
9099
9100
9101
9102
9103
9104
9105
9106
9107
9108
9109
9110
9111
9112
9113
9114
9115
9116
9117
9118
9119
9120
9121
9122
9123
9124
9125
9126
9127
9128
9129
9130
9131
9132
9133
9134
9135
9136
9137
9138
9139
9140
9141
9142
9143
9144
9145
9146
9147
9148
9149
9150
9151
9152
9153
9154
9155
9156
9157
9158
9159
9160
9161
9162
9163
9164
9165
9166
9167
9168
9169
9170
9171
9172
9173
9174
9175
9176
9177
9178
9179
9180
9181
9182
9183
9184
9185
9186
9187
9188
9189
9190
9191
9192
9193
9194
9195
9196
9197
9198
9199
9200
9201
9202
9203
9204
9205
9206
9207
9208
9209
9210
9211
9212
9213
9214
9215
9216
9217
9218
9219
9220
9221
9222
9223
9224
9225
9226
9227
9228
9229
9230
9231
9232
9233
9234
9235
9236
9237
9238
9239
9240
9241
9242
9243
9244
9245
9246
9247
9248
9249
9250
9251
9252
9253
9254
9255
9256
9257
9258
9259
9260
9261
9262
9263
9264
9265
9266
9267
0.1581202289601062 0.004817392614616577 -0.007436926926750189
0.1581202289601062 0.0063878658502127 -0.007618734435762959
0.1560961397908975 0.005478544289859595 -0.008364979756474948
0.1579759108307912 0.006005486578289296 -0.009049719185937836
0.1005386361152518 0.006329724794821487 -0.007614170311247885
0.1017543090438005 0.007774370762433463 -0.006192078985834614
0.1029058250423646 0.006292357726145776 -0.007635365940854482
0.0957301600542837 0.006337618155640117 -0.007608807832372227
0.09695104040813859 0.007794840441749016 -0.006158470813386595
0.098105151611281 0.006331464169463657 -0.007612349623760123
0.1030397907695344 0.009498980382226692 -9.509650712316395e-05
0.1042751926130785 0.009019428256404879 0.001896167170409292
0.1018742845504358 0.00899927829646463 0.00193300902972655
0.1030777025138715 -0.008725057093762105 -0.004885170749439751
0.1018948212224147 -0.00925715366095942 -0.002888681025781651
0.1039909825804205 -0.00972114572212541 -0.001804806153585814
0.1051738638718773 -0.009189049154928096 -0.003801295877243915
0.10644578955275 0.007746488744440071 -0.006236259411623229
0.1075780257953372 0.006241997896575462 -0.00766476180691362
0.1052151498809115 0.006289059848387404 -0.007638813793414494
0.1408381302689709 0.008108218016613492 -0.005850055548779404
0.1432149156596093 0.008075844395576305 -0.005892278086360772
0.1431951224487653 0.006307735604261521 -0.007561739039088322
0.1408183370581268 0.00634010922529871 -0.007519516501506953
0.1007289924820684 -0.008709764143233895 -0.004911542633046669
0.1019847098700211 0.002095522443640561 0.009622169126609292
0.1007248868543992 0.00414268056655214 0.009058612581665281
0.09949498363676394 0.002089615641244113 0.009624367206350236
0.09823516062114204 0.004136773764155692 0.009060810661406224
0.1353125 -0.00416402810776917 0.009047698974614162
0.1328438693855845 -0.004161158366363034 0.009049421749858729
0.134078125 -0.002103792899253077 0.00961907958984853
0.1032190848700211 0.004155757652157765 0.009050788511374256
0.1378100914336357 -0.004179781621406795 0.009041775627344503
0.1365757164336357 -0.002119546412890702 0.009613156242578871
0.1038922935102161 -0.006618765097095162 -0.007305115219941856
0.1026723268259574 -0.00805319381533677 -0.005871348481529252
0.1050210368577605 -0.008068486765864981 -0.005844976597922335
0.1088677649050682 -0.003381784739541598 -0.009275407853622544
0.1100970293351826 -0.001461080893314198 -0.009853111843618451
0.1077274178158243 -0.001366211926826875 -0.009855663476890566
0.142736783017925 -0.004154763061242111 0.009053249270375586
0.1451979921835709 -0.004150619169318091 0.009054799008816035
0.1464143341656459 -0.002099649007342528 0.009620629328283937
0.143953125 -0.002103792899266548 0.009619079589843487
0.1419639317942318 0.004692379920804063 -0.00879735029481642
0.1476487091656459 -0.004159884215856712 0.009049248713050715
0.0945448546160917 0.007777057693626018 -0.006177013053711506
0.09332397426223682 0.006319835407517118 -0.007627350072697138
0.09578791303638509 0.004144941133959018 0.009057769494217988
0.09457898605200699 0.002097783011047441 0.009621326039162
0.09334461105200698 0.004158018219564644 0.009049945423926963
0.09702623363676394 0.002089615641244113 0.009624367206350236
0.09942705089668989 0.005365234392867587 0.00843548034897414
0.1019212489123118 0.005378311478473212 0.008427656278683113
0.08273000479338882 -0.00486156549977399 -0.007408295513657719
0.082502226122079 -0.006086581067765527 -0.008995483884007904
0.08423223091546783 -0.005550142107636297 -0.008317216632999648
0.082502226122079 -0.006410577135230943 -0.007571645437456065
0.1279310275688626 -0.004150409948017318 0.009052778838261343
0.130399896954447 -0.004147540206608934 0.009054501613507262
0.1291654025688626 -0.002090174739498977 0.009624159453497063
0.1582426728050954 0.009902719324967217 0.003979495098556955
0.1579758424349325 0.01066998441842177 0.002017667255372994
0.1579352333100744 0.008755336257859472 0.001335587842226944
0.1559110757450068 0.009854775204276477 0.001659004451047458
0.1561779061151697 0.009087510110821928 0.003620832294231418
0.1229569232467791 -0.004165095390869182 0.009047057424969154
0.1254375 -0.004164028107784942 0.009047698974607747
0.124203125 -0.0021037928992666 0.009619079589843468
0.131609375 -0.002103792899253077 0.00961907958984853
0.1296962263039441 -0.003035023767878708 -0.009370740794371838
0.1308650478360469 -0.005003968521538374 -0.008613245334238604
0.1321149198052482 -0.003083417158820774 -0.009365567813473459
0.1388067156818593 0.007293551560503504 -0.006790421744744337
0.1242018520108954 0.002095808138842518 0.009622062632625279
0.1229674770108954 0.004156043347359974 0.00905068201739009
0.1253788815287279 0.004150753789050361 0.009052651040476457
0.126613256528728 0.002090518580532904 0.009624031655711646
0.1067259160177957 0.009019428256404879 0.001874223178377886
0.1078783913488876 0.009497705079137511 -0.0001622077686066568
0.1091165127642097 0.009041945730345067 0.001831930464111062
0.1430891470505008 -0.002000682754024849 -0.009780335101574267
0.1442376533220315 -0.003911232342979269 -0.008991902039017688
0.1418734544236611 -0.003880801233025153 -0.009014936756788021
0.09932082453982977 0.007776110137075633 -0.006190258298346851
0.1318984385443324 0.009388073720694013 0.003082190320762121
0.1297958296576344 0.008997652150022097 0.004338644861104761
0.1317182737484419 0.00877698079196087 0.004791814698023953
0.104453125 -0.002103792899264352 0.00961907958984431
0.10321875 -0.004164028107780444 0.009047698974609941
0.1056875191410787 -0.004162828006825209 0.00904841982170114
0.1259288772866104 0.004354711995455051 -0.009001146277908198
0.1266086431314854 0.002392884488503041 -0.009585424757426289
0.1253598222053381 0.0003549478678267068 -0.00994276299040312
0.1246800563604632 0.002316775374778716 -0.009358484510885029
0.1266966525688626 -0.002090174739498977 0.009624159453497063
0.1582426728050954 0.0087559745703829 0.00479402982728828
0.1581202289601062 0.004441325757283943 -0.008919370943711384
0.09434119212080636 0.004587615746645994 -0.008877605572116407
0.09671618367780367 0.004581461760469535 -0.008881147363504302
0.1402968744515607 -0.004170516574866265 0.00904732592311097
0.141484375 -0.002103792899266548 0.009619079589843487
0.1390444664336357 -0.002119546412890702 0.009613156242578871
0.1278730795443498 0.004137676703444506 0.009060475110767621
0.1217331020108954 0.002095808138842518 0.009622062632625279
0.119262653374734 0.00208896850861897 0.009624607592534633
0.118028278374734 0.004149203717136174 0.009053226977299596
0.1204987270108954 0.004156043347359721 0.009050682017390241
0.134186201408774 -0.001947424606920509 -0.009784651410248648
0.1365762209321816 -0.001981842838760464 -0.009780609297424284
0.135369050710755 -0.003876473111318199 -0.009026062380237621
0.09452187500003881 0.005369779275092146 0.008433308992662598
0.09696517698441691 0.005356702189486521 0.008441133062953625
0.09581250000000002 2.449293598294706e-18 0.01
0.09334375000000002 2.449293598294706e-18 0.01
0.09087500000000001 2.449293598294706e-18 0.01
0.09211023605200698 0.002097783011047441 0.009621326039162
0.1069205253283532 0.002088689048999074 0.009624711375403307
0.1044534598700211 0.002095522443640561 0.009622169126609292
0.1055922482559028 0.004228273999875045 0.009006156537841696
0.1080593137142349 0.004221440605233558 0.00900869878663571
0.1444470459946585 0.009828761017728643 -0.001819552294792462
0.1432171697942042 0.009030197942043926 -0.003686992079513926
0.1452792163268558 0.008661009485477263 -0.004846063507175467
0.14650909252731 0.009459572561161981 -0.002978623722454003
0.1550625 2.449293598294706e-18 0.01
0.15259375 2.449293598294706e-18 0.01
0.153828125 0.002103792899265969 0.009619079589843704
0.101984375 -0.002103792899264352 0.00961907958984431
0.100776318377104 -0.004043513800773677 0.009091357770519715
0.09954194337710402 -0.001983278592257583 0.009662738385754086
0.1329363294395727 -0.003867975969638109 -0.009032328931013793
0.1353767274629559 -0.006028411387250833 -0.007978167618178364
0.1329440061917736 -0.006019914245570744 -0.007984434168954536
0.1205 2.449293598294706e-18 0.01
0.12296875 2.449293598294706e-18 0.01
0.1254375 2.449293598294706e-18 0.01
0.1062605152435509 -0.00667626197583059 -0.007270866748744551
0.1073580229525636 -0.00818152796411338 -0.005633944323090397
0.150125 2.449293598294706e-18 0.01
0.151359375 0.002103792899265969 0.009619079589843704
0.1451875 2.449293598294706e-18 0.01
0.1488830841656459 -0.002099649007342528 0.009620629328283937
0.14765625 2.449293598294706e-18 0.01
0.08273000479338882 -0.004523547844992835 -0.008880968430972906
0.1056875 2.449293598294706e-18 0.01
0.10321875 2.449293598294706e-18 0.01
0.10075 2.449293598294706e-18 0.01
0.1180484100160973 -0.004144465273650299 0.009055680681386976
0.1205182476382242 -0.004148565183538992 0.00905321867040113
0.1192956993914451 -0.00208726269193641 0.009625240835275443
0.1206451462515597 -0.008176818952277601 -0.005597292931216909
0.1194772723196494 -0.006802746411802415 -0.007216994483572348
0.1218995673851756 -0.006845310903723607 -0.007187560808714244
0.09828125000000001 2.449293598294706e-18 0.01
0.1018214618584819 -0.005747229093174715 -0.008153987733728489
0.1006014951742231 -0.007181657811416324 -0.006720220995315886
0.1069268566863183 -0.002101055394440519 0.009620103756114507
0.108161250827397 -0.004160090502001377 0.009049443987971337
0.1400252314489414 0.009472273184406927 -0.002914461939689858
0.1387923627486902 0.008698738377464996 -0.004791478423955376
0.142070998969222 0.008881752823555425 -0.003973039064513885
0.10815625 2.449293598294706e-18 0.01
0.09097325831922454 -0.009720875602142319 -0.001910861560455324
0.08985563641383547 -0.009126107044276299 -0.003905220903335373
0.09309426010171301 -0.009963638206408712 -0.0007531930120749597
0.09197663819632394 -0.00936886964854269 -0.002747552354955009
0.1161204766003762 0.004411427734756606 -0.008974330482189914
0.1149585688063729 0.00598535293671712 -0.007575899241818326
0.1137163103458064 0.004459225374770752 -0.00895024307519674
0.12790625 2.449293598294706e-18 0.01
0.130375 2.449293598294706e-18 0.01
0.129082006528728 0.002090518580532904 0.009624031655711646
0.129699113966498 -0.000707320777567972 -0.00997202708901573
0.1321178074678021 -0.0007557141685100378 -0.009966854108117351
0.09905651693328907 0.004498716783795934 -0.008919959669588126
0.1014237058604019 0.004461349715120224 -0.008941155299194724
0.1579352333100744 0.009970063521857092 0.0004884625189506871
0.1398935565239188 0.00123439878328178 -0.009682611119874882
0.1399511515489269 0.003583567421565985 -0.009332777544308366
0.1386553560059555 -0.0007920671638931458 -0.009962712760836757
0.1387129510309636 0.001557101474391059 -0.009612879185270241
0.121734375 -0.0021037928992666 0.009619079589843468
0.1421066073407163 0.002411243551396889 -0.009627341042726584
0.140868406822753 0.0003847776042219635 -0.009907442683688459
0.14271875 2.449293598294706e-18 0.01
0.13284375 2.449293598294706e-18 0.01
0.1353125 2.449293598294706e-18 0.01
0.14025 2.449293598294706e-18 0.01
0.0983164411801679 -0.004038956121386637 0.009094092330807536
0.1240344906785373 0.005409258713832349 0.008406976700270435
0.1162701326020825 0.007613744643563456 -0.006407124853562703
0.1174320403960859 0.006039819441602943 -0.007805556093934293
0.1374369074626078 -0.005017875657827362 -0.008604332009751355
0.1386440776840344 -0.003123245385269628 -0.009358878926938019
0.1041364647142032 0.007749786622198444 -0.006232811559063217
0.1067305884549346 0.005457362542164865 0.008378680774416076
0.1186130190159547 0.004420421010303783 -0.008969924496426649
0.1172309366711317 0.00242066669241845 -0.009549303423749373
0.1197568550709012 0.002344647297029811 -0.009374671969763857
0.1183747727260782 0.0003448929791444767 -0.009954050897086581
0.1166656250000379 0.005396559813077168 0.00841549597567914
0.1155620395623277 0.004155898678685977 0.009050735945260679
0.1124771967224402 0.002547621849221905 -0.009516131778409587
0.1136168241463041 0.0004733025905669348 -0.009948360418794874
0.1148559377696703 0.002384906116115781 -0.009382471715582028
0.09631745324922614 -0.009149283673389342 -0.003865800229822569
0.09746161330267106 -0.009722905797603956 -0.001851552976561321
0.09507253795220769 -0.009721800305933535 -0.001907926178979609
0.1364034369063866 0.00733825569840773 -0.006730140108852657
0.1375657767928125 0.005698456236703954 -0.008045810109055453
0.1191402225851415 0.005403621589278986 0.008410764255093066
0.1106299816863183 -0.004161290602958866 0.009048723140878784
0.1093956066863183 -0.002101055394440519 0.009620103756114507
0.1581757159288043 -0.006295905605575645 -0.00884293750474603
0.1581757159288043 -0.006646736451469522 -0.007401547262420648
0.1415314799577702 -0.005978487206009217 0.007970094048158299
0.1427568537182188 -0.007300793926210734 0.006339225694531081
0.1439751431857186 -0.005973743208383906 0.00797419739260305
0.1488866363201695 0.002101601085669431 0.009619899721232851
0.1464178863201695 0.002101601085669431 0.009619899721232851
0.1399523104179642 0.005645822256008856 -0.008068255538053805
0.1265286886941591 0.005396181628226495 0.008414800770561597
0.1499763889365099 -0.00408719021159714 0.009091894221862375
0.104357425069053 0.005384846194447585 0.008423312747948636
0.1420105683744584 -0.006188698520835802 -0.007852430291779618
0.1443747672728288 -0.006219129630789918 -0.007829395574009284
0.1580479579604114 -0.004823843235076029 -0.007432819435859089
0.1562236738892157 -0.005775413937605374 -0.008154090584392058
0.1583146978118053 -0.001702881117263591 -0.009810264634472153
0.1563626557722167 -0.002727626673450767 -0.009344278997766717
0.1564078642382543 -0.0005635236470201565 -0.009972273435421883
0.1314604228980099 0.002098413328577914 0.009621090775147344
0.1339291728980098 0.002098413328577914 0.009621090775147344
0.1216089725851415 0.005403621589279239 0.008410764255092913
0.1448624427118493 -0.002770063751993985 -0.009527848872695831
0.14601094898338 -0.004680613340948405 -0.008739415810139249
0.110625 2.449293598294706e-18 0.01
0.1093892753283532 0.002088689048999074 0.009624711375403307
0.1243239516261564 -0.006884237504991292 -0.007159920912541725
0.1263842328763957 -0.006002355820318831 -0.007996482433733732
0.1239598486354149 -0.005963429219051145 -0.00802412232990625
0.1420403567628201 0.009854462520298609 0.000605395734195974
0.1444141496536617 0.009847117168004207 0.0005535964970705507
0.1420732531038169 0.009836106370023048 -0.001767753057667039
0.09707319337710402 -0.001983278592257583 0.009662738385754086
0.1345226829255673 0.009352084284299291 0.003145679586932087
0.1343425181296768 0.008740991355566148 0.004855303964193919
0.1341216816987296 -0.005997209053325577 0.007955563979562876
0.1365903123131451 -0.006000078794731713 0.007953841204318308
0.09101693128114316 0.004085324215302107 0.009092590932740407
0.1095711027239711 -0.00882986008728311 -0.004689065045789632
0.1084735950149583 -0.007324594099000319 -0.006325987471443785
0.116793903374734 0.00208896850861897 0.009624607592534633
0.1143276645623277 0.002095663470168773 0.009622116560495716
0.1464258601677937 -0.005983008254922526 0.007968647096837731
0.09190544658450564 -0.008656550992335265 -0.005000748628249733
0.09312060507254385 -0.007190015661546346 -0.006399345185506986
0.09426798378691316 -0.008678802917657095 -0.004964263336212643
0.1155495856246523 -0.004160995480976437 0.009049519435956518
0.114328125 -0.002103792899262549 0.009619079589844984
0.11309375 -0.004164028107780895 0.009047698974609261
0.09548333545217638 -0.009964743698079131 -0.0006968198096566709
0.1560960713950388 0.007134042836908692 -0.00670951514676129
0.1583204382257031 0.005814726985954197 0.00792075768757149
0.1581162622947887 0.007265638984536314 0.006862083622900432
0.1235126570657998 0.004398170654357714 -0.008980623662674003
0.1210229281483287 0.004373995471519071 -0.008992560080212913
0.13778125 2.449293598294706e-18 0.01
0.08477823196078679 -0.009837028778148177 0.001774305867156174
0.08458410695316713 -0.008934090534740605 0.003923557719082107
0.08276257595724738 -0.009490946386030069 0.002893206598980207
0.09433917539873146 -0.009391121573864521 -0.00271106706291792
0.1378429787146463 -0.007314552898971267 0.006325539405713705
0.1390446969398452 -0.005987752252549747 0.007964543752391832
0.1155625 2.449293598294706e-18 0.01
0.11309375 2.449293598294706e-18 0.01
0.1118589145623277 0.002095663470168773 0.009622116560495716
0.1104531070960411 0.004243937747328289 0.008994415078750265
0.1129227463300155 0.004250912168497989 0.008991820263842676
0.143953125 0.002103792899274304 0.009619079589840585
0.141484375 0.002103792899274304 0.009619079589840585
0.08840625000000002 2.449293598294706e-18 0.01
0.08964309140269583 0.002102437609442822 0.009619586826306748
0.08717434140269584 0.002102437609442822 0.009619586826306748
0.08593750000000001 2.449293598294706e-18 0.01
0.1186466782398208 -0.008878571757030426 -0.004588294295083824
0.1174788043079106 -0.00750449921655524 -0.006207995847439263
0.11803125 2.449293598294706e-18 0.01
0.1548155020934116 0.006379476534131305 -0.007627107195677656
0.1526386359304704 0.007258504408487179 -0.006869007634475723
0.1526643885387646 0.005425287613475684 -0.008116633379526051
0.1548412547017058 0.004546259739119811 -0.008874732940727985
0.1302514959136317 0.004145571451489516 0.009057534230203319
0.1275786715058381 -0.008880105066476313 -0.004569333263265492
0.1296244439924022 -0.008200775290728468 -0.005530062493185019
0.1284604060740216 -0.006870948775304983 -0.007175319291026472
0.1264146335874575 -0.00755027855105283 -0.006214590061106946
0.103100007955153 0.00899927829646463 0.004335711262706869
0.1055009160177957 0.009019428256404879 0.004298869403389612
0.1330646529495884 0.009871957251012833 0.0007575684938856157
0.1309620440628904 0.009481535680340917 0.002014023034228255
0.1309620440628904 0.009481535680340917 -0.0003838927274281091
0.132102608886698 0.01139042157067191 0.001141461221313718
0.1352493292399088 0.004116116126433891 0.009068664119378192
0.1364852843202257 0.002069929887923187 0.009631641879512785
0.1326932178176931 0.004144599567088617 0.009058113015012751
0.1006539903802085 0.009499678737971255 -5.548156991026473e-05
0.1159663978404258 0.0003941450737776251 -0.009957444657141486
0.128809799398189 0.005818227324951764 -0.007977710250613151
0.1300586606642925 0.007406162003107092 -0.006648230607776379
0.1312276904628275 0.005774805373240988 -0.007997583045469978
0.1019069365321267 -0.005309972997146916 0.008472348590932915
0.1560306786616013 0.009523239663837463 -0.002832201984104311
0.1547118997643573 0.009632911934788053 -0.001921200067382072
0.1547830401185971 0.009180075154215398 -0.003961932847060772
0.1019262681983335 -0.009966718937966499 -0.0006279841374269109
0.08866623823478698 -0.009716698457653623 -0.002015801604828864
0.1466999586703036 -0.008833242595045516 -0.00463317411443588
0.1455499694626958 -0.007571699310078268 -0.006269087103107291
0.1468188415063434 -0.006230491514349572 -0.007820115631563623
0.1479688307139512 -0.007492034799316819 -0.006184202642892211
0.1507934981957899 0.009813891668345181 -0.001906898890505055
0.148854949265175 0.00944916078982852 -0.00304491310313994
0.1507849486412299 0.008866130092644047 -0.004088072007118903
0.1038000064754331 0.004462241924824572 -0.008940744972559585
0.1061628823898587 0.004415179973012629 -0.00896669298605871
0.1317103207376246 -0.006004073907886621 0.007949577989605975
0.1292414513520402 -0.006006943649295006 0.007947855214360056
0.1054276679441704 0.009497705079137511 -0.000140263776575251
0.1138768523789027 0.007671605690799091 -0.006347874462999174
0.1126345939183362 0.006145478128852723 -0.007722218296377588
0.1029717944181855 0.008912244062514663 -0.004485160466484577
0.1005896387477829 0.008936828202749682 -0.004444427893255973
0.1018155141742516 0.009498980382226692 -0.002488225797455566
0.1078915127642097 0.009041945730345067 0.004256576689122787
0.1115914914241516 0.005486231981608984 0.008360149611931758
0.1432506461813922 0.0003497463784931468 -0.009903017659219839
0.09522714225035353 -0.004934107782841948 -0.008697546216676738
0.09759429236407471 -0.00497187700708793 -0.008676370208252307
0.0975161504558535 -0.006538313153524317 -0.007374103160263863
0.09514900034213233 -0.006500543929278334 -0.007395279168688294
0.08854978663183201 0.004089978813697489 0.009090851719885155
0.0982198546160917 0.008955558507423064 -0.004412640408295717
0.09942971378492567 0.009499678737971255 -0.002448610860242667
0.1140263317677257 0.00549157330288918 0.008356580294261137
0.1168269493914451 -0.00208726269193641 0.009625240835275443
0.1451915662604951 -0.007434061431502065 0.006455974965182561
0.1439732767929952 -0.008761112149328894 0.004821003267110591
0.1309483110500574 0.00133650518149083 -0.009639221305068908
0.111859375 -0.002103792899262549 0.009619079589844984
0.1389540343202257 0.002069929887923187 0.009631641879512785
0.1268313766220353 -0.006010448038763664 0.007944792388067546
0.1243507998688144 -0.006011515321847904 0.007944150838428952
0.1579758424349325 0.008011815971232301 -0.005952864333898763
0.09629637905650165 -0.007989331185389083 -0.005960197319393951
0.1375646179237752 0.003636201402261083 -0.009310332115310016
0.153828125 -0.002103792899265773 0.009619079589843777
0.09944705933519055 -0.005305415317759876 0.008475083151220733
0.1465110288791813 0.009956389778256115 -0.0006403061762662971
0.1375122896288936 0.004121270692984384 0.009065590175787917
0.09423925326462772 -0.009249089788105912 0.003673098341904076
0.09622881534283867 -0.00948644100939138 0.002479081370393129
0.09508102671204599 -0.009971749991525992 0.0004601597921706917
0.09309146463383504 -0.009734398770240522 0.001654176763681639
0.151359375 -0.002103792899265773 0.009619079589843777
0.1179792489387615 -0.003518152610542636 -0.009169904780679342
0.1192196371125066 -0.001564014450757376 -0.009854021533364178
0.1168112622268541 -0.001514762356124227 -0.009857415293419084
0.09747010206250936 -0.009972855483196413 0.0005165329945889805
0.1078057154568636 0.008878630426351026 -0.004539143550130786
0.1066533913488875 0.009497705079137511 -0.002533393066907653
0.1054217944181855 0.008912244062514663 -0.004485160466484577
0.1158476157568696 -0.003585739081144236 -0.009154926072511064
0.1134242433800887 -0.003542232247957914 -0.00918418132820505
0.1126560997630631 -0.005249148662726941 -0.008507387137241215
0.1150794721398439 -0.005292655495913262 -0.008478131881547229
0.1113677321989053 0.004527338781758638 -0.008916406863986957
0.1102138537374328 0.006081990265459895 -0.007497704763155944
0.1089621689413418 0.004611113053758922 -0.008872224074800124
0.1354520753969512 0.002486089811562815 -0.009601603545057073
0.1366004085041396 0.0004069898836927907 -0.009904150615017298
0.134210388980732 0.0004414081155327466 -0.009908192727841662
0.1251643443223265 -0.008865417048033727 -0.004602518809299225
0.1251339436112647 -0.007317494317299729 -0.00638441118192601
0.08919860441002506 -0.005367444872627019 0.008428708911671107
0.08808836777647842 -0.006350719005694084 0.007589842253908821
0.08939026303837072 -0.007919608821081479 0.005949369102317414
0.09050049967191737 -0.006936334688014415 0.0067882357600797
0.1320817297290965 -0.008187972936516411 -0.005559032813263876
0.1308739237526796 -0.006905622671173492 -0.007150103459095601
0.1230736623610254 -0.008199376001972189 -0.005547849660734004
0.09820037335662259 0.009499678737971255 -5.268346317469465e-05
0.0970401853233285 0.008998062028036588 0.001938001853945858
0.09584070550902893 0.009499907440048222 -2.919996224244992e-05
0.09078724001727545 -0.009959461061920014 -0.0008581330564484998
0.152452679770864 -0.004091334103520384 0.009090344483422216
0.09942066752684993 0.00899927829646463 0.00193580713646212
0.1472739879124058 0.008636384472495843 -0.004877417814513006
0.1492039872884607 0.00805335377531137 -0.005920576718491968
0.1554816454897926 0.001920607243044355 0.009684300116809947
0.1579503954897926 0.001920607243044355 0.009684300116809947
0.1562708337154957 0.003492693541879257 0.009362417117262158
0.1194521771139999 -0.006022675971265289 0.007933219076404721
0.1219220147361268 -0.006026775881153983 0.007930757065418875
0.1146796290449622 -0.001582348826725826 -0.009842436585250806
0.1335221382382523 -0.009902005658303794 0.001388406467072955
0.1322292200340439 -0.009230810569956947 0.003368962501425982
0.1339516470647263 -0.008526512597654147 0.005195244991189545
0.1352445652689347 -0.009197707686000993 0.003214688956836518
0.1145690205579141 -0.006031258191432362 0.007926505162456798
0.1170248561825663 -0.006028225564627904 0.007928325623804055
0.1060864827696091 -0.003451899283794998 -0.009259328179866147
0.1049461356803652 -0.001436326471080275 -0.009839583803134169
0.1297958296576344 0.008997652150022097 0.001940729099448397
0.1341518121681904 -0.007302264510913663 -0.006393363523122812
0.1284515301573889 -0.004969294625669866 -0.008638461166169476
0.1407069076918616 -0.001965651528296032 -0.009784760126042888
0.09549070630643031 0.002619521923870796 -0.009412429579523911
0.09405551328754497 0.0006758949460509264 -0.009965045586051702
0.09290599910192104 0.002643988768826125 -0.009430221578644196
0.09341697210018277 0.008975328194007757 -0.00437834347907873
0.094620045937332 0.009499907440048222 -0.002425127359310422
0.09576985461609169 0.008955558507423064 -0.004412640408295717
0.1375070228987671 0.001287032763976878 -0.009660165690876531
0.1344929387750587 0.006342326189014817 -0.007485196510891561
0.1356552786614846 0.004702526727311042 -0.008800866511094359
0.1007604394579872 -0.009419329420240973 -0.002650845744691929
0.09697971378492568 0.009499678737971255 -0.002448610860242667
0.09346991594190587 0.008994895430150879 0.004343604825281508
0.09581952575163158 0.008998062028036588 0.004337905980190608
0.094620045937332 0.009499907440048222 0.0023707041640023
0.0920627059567458 0.005365369943265315 0.008436222043239528
0.08973502618588197 0.005292675939002778 0.008478867552052972
0.1376887790908034 0.009493148383954646 0.001875907075446844
0.1355627005982442 0.009862379905210859 0.0006686536614263743
0.1376809006234221 0.009971904399489528 -0.0004982480332314242
0.08282153099591975 -0.008613332748634947 0.005015958417996513
0.1170626252300755 -0.005717424543955102 -0.00820391572322318
0.1194849202956016 -0.005759989035876293 -0.008174482048365074
0.09334375000000002 -0.004164028107782365 0.009047698974609237
0.09457812500000001 -0.002103792899266345 0.009619079589843562
0.0958213728030639 -0.004159470428395397 0.009050433534897012
0.107234116629168 -0.00871681888903471 -0.00490009732062157
0.1088899410337056 0.000641210293169709 -0.009943936420211068
0.1065203295143473 0.0007360792596570321 -0.009946488053483183
0.1091976980423455 0.005463734839514253 0.008374433319817201
0.1268164750591117 -0.008538157357287968 0.005176558682559811
0.1292897190337811 -0.008530908195465932 0.005186841123170295
0.1280559500370834 -0.007325548275973546 0.006305506296286083
0.1512600459066364 0.006228332101602639 -0.007690851109399435
0.101998159140455 -0.009759443681468357 0.001684989219137648
0.1043677230415585 -0.009968409631818054 0.0006179628921027418
0.1036348365789378 -0.009290536169445907 0.00283331931697429
0.1243090802853939 -0.004985442229033278 -0.008630541188769577
0.1231362615247228 -0.003001860081148878 -0.00936748047114512
0.1218846960444131 -0.004946515627765592 -0.008658181084942096
0.132096758909703 -0.009366335678084274 -0.00346136369032529
0.1296394731730087 -0.009379138032296331 -0.003432393370246433
0.09952878672238355 -0.009966404643415715 -0.0006813085387406566
0.09869326603827472 -0.009175830574429212 -0.003821090182512593
0.1355709312767481 0.00984527734155196 -0.001699234827139515
0.1342174631034688 0.009108455967983466 -0.003578849177489124
0.1344201166557999 0.008168290493860777 -0.005767681229956571
0.1357735848290792 0.008905111867429271 -0.003888066879606962
0.1170269983571612 -0.008593835100277565 0.005091073947650465
0.1158027821022922 -0.007287651487637825 0.006733948245883765
0.1194833144174969 -0.00857271885858572 0.005122079834010083
0.1182590981626278 -0.00726653524594598 0.006764954132243383
0.1363890839732175 0.008743442515369224 -0.004731196788063696
0.1377425521464968 0.009480263888937718 -0.002851582437714086
0.1580479579604114 -0.004447776377743448 -0.008915263452820267
0.1115723244656142 0.007874702836883372 0.006009229063967959
0.1091166121060268 0.007869401066812564 0.006014756488311843
0.1103566724206735 0.006872929013624834 0.006849106836051224
0.1415204406537638 -0.00851067558272634 0.005221701307919231
0.1402950668933152 -0.007188368862524823 0.00685256966154645
0.1112198578199206 -0.003516331025279588 -0.009190018345978381
0.1124752434847941 -0.0015564476040475 -0.009848273603024139
0.08936385139970764 0.0006746376482441896 -0.009968249962832465
0.09063903397121473 -0.001235261615819513 -0.009857356173961648
0.08943637174111044 -0.003184789999237805 -0.009385050421938799
0.08816118916960336 -0.001274890735174102 -0.009495944210809616
0.1390933486681163 -0.008515169508946345 0.005213565314868322
0.1088297105914282 0.007712875108276436 -0.006290242495269439
0.1102707603485722 0.009495587895650481 -0.0002145531673380279
0.1126518523789027 0.008850106504596137 -0.004583501817583385
0.1114957603485722 0.009495587895650481 -0.002585738465639024
0.1102557154568637 0.008878630426351026 -0.004539143550130786
0.09286976497229295 -0.005153481228759294 -0.008564743440651459
0.09401714368666225 -0.006642268484870044 -0.007129661591357118
0.1281484409766511 0.003984879168767766 -0.009169424181176394
0.1277773371125644 0.000305636577733464 -0.009938103336229938
0.1293171349577301 0.001897631257998187 -0.009522102759980043
0.1114807154568637 0.00770012961255398 -0.006303516195546575
0.1363744334129372 -0.008520827034661787 0.005205581257294994
0.135121767011436 -0.007206352930422233 0.006833883055899598
0.112723345883099 0.009495587895650481 -0.0001978177093042412
0.1139641631476302 0.009064292248638205 0.001805444546494345
0.1115690982987365 0.009041945730345067 0.001848665922144848
0.08964062500000002 -0.001626619981326406 0.009775301501770247
0.08717187500000001 -0.001626619981326406 0.009775301501770247
0.100650007955153 0.00899927829646463 0.004335711262706869
0.1362653364825479 -0.00075764893205319 -0.00996675487366112
0.1517748255892158 0.009536256930512393 0.002696811381242573
0.154358832090967 0.009503719142006187 0.002874298078807629
0.1530400531937194 0.009613391412956772 0.001444216131336326
0.1521194841803824 0.009940594459750259 -0.0009133156950490277
0.1521906245346222 0.009487757679177602 -0.002954048474727728
0.1080066384480409 -0.005569978830259345 -0.008296777570054819
0.1067260153596128 0.007846883592872379 0.006057049202578667
0.1305663320412896 0.003941457217056989 -0.009189296976033223
0.1069268120664239 -0.005958336368937629 0.007989543042371457
0.1044580429253452 -0.005959536469892865 0.007988822195280259
0.14271875 0.004164028107787016 0.009047698974608246
0.1401884093202257 0.004130165096435898 0.009060261264280448
0.1096755822486331 -0.006048308550205522 0.007911047205746351
0.1121443131075543 -0.006049508651163011 0.0079103263586538
0.1211847516401285 0.007646222376946068 -0.006386297333524278
0.1198590104831772 0.005968962898409387 -0.007609916126582125
0.12234866930528 0.006051254950055752 -0.007768941287155069
0.1485745048701055 -0.005959302677778962 -0.008010178196066958
0.1127919653387554 -0.006799487074319318 -0.007198959808184225
0.1115373801329157 -0.008170206776864121 -0.005647426890174233
0.1108256879298108 -0.007459140384738308 -0.006240597963799624
0.116326338818423 -0.009530175402335521 -0.002681961777187368
0.1178716450914114 -0.009907557910853923 -0.0005865507948768144
0.1140969507703574 -0.009404576085803858 -0.003272703205381474
0.1156422570433458 -0.00978195859432226 -0.001177292223070921
0.1112386099966926 0.0005686693013002369 -0.009953198659389187
0.1101291454731577 0.00254838623383697 -0.009353473744966558
0.09533595357357502 -0.001355206217249793 -0.009837739057026392
0.0964849780808982 -0.003360492973889604 -0.009316243785247619
0.09411782796717703 -0.003322723749643621 -0.009337419793672051
0.1255919016440636 -0.007223057120078084 0.006815844774341273
0.1042655141742516 0.009498980382226692 -0.002488225797455566
0.1042734205454233 0.007852200525152809 0.006051505950422894
0.1018725124827806 0.007832050565212559 0.006088347809740152
0.09210937500000002 -0.002103792899266345 0.009619079589843562
0.1463876722998725 -0.009909706471081539 0.001309790410986702
0.1475890925573174 -0.009869292622200595 -0.0007701884575658893
0.1451867491802243 -0.009867337552102026 -0.0007801123702628864
0.08281132586467005 0.008522752804280052 0.005017641984798215
0.08451184029976536 0.007659640451217349 0.006427517308493084
0.08526132586467006 0.00852275280428005 0.005017641984798216
0.1328274133890854 -0.007596000776692405 -0.006169870150631149
0.09761481835426691 0.002587026524771786 -0.009439043999476206
0.09638934098289353 0.0006250866881730469 -0.009970326215495817
0.09876011455775077 0.0005801650666763798 -0.009970413607424304
0.1431151675908482 -0.009901975857201678 0.001382811118657659
0.1419142444712 -0.009859606938222167 -0.0007070916625919294
0.1431262025212956 -0.009560740745582398 -0.002744364643464359
0.1443271256409439 -0.009603109664561911 -0.0006544618622147707
0.1340352193655022 -0.008878351042035324 -0.004578799504799424
0.08346875000000001 2.449293598294706e-18 0.01
0.0827027529284321 0.001633723765111631 0.009773295996162806
0.1587453354540063 -0.009502859725850783 0.002863292080302214
0.1587453354540063 -0.008744855266785447 0.001414316809387906
0.1574757433835496 -0.0106974380281808 0.00187001415299376
0.1562210788375558 -0.009871747822961487 0.001590080315829182
0.08517150292843209 0.001633723765111631 0.009773295996162806
0.08272636537654876 -0.001664985195868776 0.00976435809934964
0.1002018131367729 0.002491855325700528 -0.009451329277536225
0.08519511537654878 -0.001664985195868776 0.00976435809934964
0.15753125 2.449293598294706e-18 0.01
0.1054989660868487 0.006844039242335261 0.006895647004916923
0.1006618818674648 0.006817354566420638 0.006936832394968659
0.1330408925629873 0.002533627465533614 -0.009580559924793218
0.1186780318633084 0.007588361329708547 -0.006445547724089768
0.1031318795276276 0.006393007477265133 0.007579171693454606
0.1368233954312726 0.008123586355956549 -0.005827962865848252
0.08825210188773627 -0.008844173778074952 -0.004305027481914498
0.08656145435999957 -0.009389147974857565 -0.003402437787605818
0.1079576377276988 0.006460206892701983 0.00754008297207782
0.09222845336020781 0.008994895430150879 0.00197847539477031
0.09337858335563394 0.009499907440048222 5.574733491101147e-06
0.08246488557399162 0.009138527981418064 0.002637244823299565
0.08429705753041936 0.009459285767523726 0.001544844124385163
0.08427621143866168 0.00852275280428005 0.003595310994433854
0.1103587313628933 -0.005704525115997334 -0.008211388062410657
0.1091041461570536 -0.007075244818542136 -0.006659855144400666
0.09581952575167035 0.006807606094611529 0.006944679826431883
0.1168168093888109 -0.009922219974948798 0.001218773048471157
0.09942238758208778 0.007826640156163278 0.00609398839061007
0.09826952575163159 0.008998062028036588 0.004337905980190608
0.09704190537856636 0.007825423887735236 0.006096183108093809
0.08386202305138518 0.005248134408709807 -0.009487193857740526
0.08301245559341983 0.006948328041932754 -0.008255928642342876
0.08289110789427365 0.004796276342034155 -0.007451692965842562
0.08490356348769348 0.006478067286157775 -0.007533692500601551
0.08575313094565883 0.004777873652934828 -0.008764957715999201
0.1219113140034426 -0.008566618426863667 0.005133327207064955
0.1243880114207571 -0.008543950453664467 0.005165930623552101
0.1231631165113759 -0.007238317679384163 0.006802451001331196
0.1206864190940614 -0.007260985652583365 0.006769847584844049
0.132106623538267 0.008735136960970448 -0.004750337671893317
0.09328420833186207 0.006383862782456694 0.007588696860229829
0.09458185908349362 0.007821689601976076 0.006100067693999113
0.08345 0.009138527981418064 0.004059575813663927
0.1051661345268441 -0.008811949133199491 0.004727508989258399
0.1058990209894648 -0.009489822595571637 0.002512152564386852
0.129688750792194 0.008774231783103577 -0.004695611614138662
0.1324765334103655 0.007367067180973964 -0.006702956665531035
0.08289110789427365 0.004375222868665866 -0.008942013097233007
0.1531178995203438 0.003438394446840508 -0.009361783571786506
0.09165460648425475 -0.006620016559548214 -0.007166146883394207
0.1558066723005371 -0.001665753111929228 0.00976413623798901
0.09778211307848214 -0.001408978093419767 -0.009824715659866964
0.09893113758580532 -0.003414264850059578 -0.009303220388088193
0.1461923445816847 0.001269979890523203 -0.009688217656347474
0.1439307981954234 0.002402832063162619 -0.009630845929041107
0.1455121925676535 -0.000783105794146269 -0.009960389386526203
0.1398106244158339 -0.005038395089998749 -0.008589055557683151
0.08528217195642773 0.009459285767523726 0.002967175114749525
0.1085264092382377 -0.007346217962350359 0.006265834099295983
0.1091033913488876 0.009497705079137511 -0.002533393066907653
0.1506369938094562 -0.005911601861661221 0.008010179737127898
0.1483093140385922 -0.005984295865920793 0.007967534228316236
0.09219197210018278 0.007796827380210711 -0.006142716124494519
0.09026614310675664 0.007795803775214403 -0.006143778621705734
0.09139814526881068 0.006318811802520811 -0.007628412569908352
0.0981875566113129 0.006374519982610226 0.00759263634461555
0.1128071434690923 0.006488005804867523 0.007520271839848493
0.1176365776131033 0.009064292248638205 0.004213355313472284
0.1203499999999998 0.009007906818441856 0.004320047326645899
0.1191405132071607 0.009007906818441856 0.001888891996415442
0.1164270908202642 0.009064292248638205 0.001782199983241826
0.09625755079277393 -0.008785824141587214 0.004775905531902989
0.09749883751244462 -0.009272238615392246 0.002813357156098842
0.1253324180731577 0.006848335179849346 0.006916092541089054
0.1103415127642097 0.009041945730345067 0.004256576689122787
0.1579758424349288 0.009843997449943114 -0.001739801285189901
0.1559110757450032 0.00985477520427647 -0.0006820794131460836
0.09865442829265943 -0.008781983210853501 0.004782945219180568
0.09862569284272417 -0.009482600078657668 0.002486121057670707
0.1192555156922829 -0.009920678791619869 0.001229416854039407
0.1180510130673808 -0.009260584174952569 0.003219295791422922
0.120687817042399 -0.00923281347525302 0.003132200896626568
0.1545922968477593 0.00996444747522706 0.0002289225035761557
0.1560960713950388 0.003315767095190172 -0.00926080543106304
0.1178905491036174 0.006387304210199115 0.007585117171927073
0.1164115017167207 0.007891361250320117 0.005971937338978033
0.1151865776131412 0.00690061685319817 0.0068023161427301
0.1451679552239613 0.004167719709078258 0.009045478008555558
0.1476327165441308 0.004165527895473385 0.009046298139947824
0.1332440958275208 0.004750064381281841 -0.008779822890830504
0.1478150366183268 0.003962561744213977 -0.009163432833143392
0.1458139324007789 0.00365500471884116 -0.009306757940343805
0.147485721997283 0.001555235241962426 -0.009572543394863766
0.1484476414579249 0.009824303439678644 -0.001840609509819118
0.1127365776131034 0.009064292248638205 0.004213355313472284
0.1139673893145078 0.007897049355176513 0.005966007688317456
0.0977082538361225 -0.005790391010630837 0.008127300623955246
0.09623937092266491 -0.007247983521876975 0.006608257747583383
0.09772643370623152 -0.007328231630341075 0.006294948408274853
0.1508542565758787 0.00986345997730588 0.0003392795548572198
0.1056993489584784 -0.007420713033861361 0.006457479576989922
0.1072989461302922 -0.008808594627274091 0.004733770633914448
0.1037182610362744 -0.00339440240505957 -0.009293576651063451
0.102564002029853 -0.001390901055253399 -0.009840008464537997
0.09101074689865166 0.00680003016489899 0.006953291722099713
0.1187520758228314 -0.009551983442353905 -0.00263578157143606
0.1175810520664433 0.009492867087136661 -0.0002720123150523862
0.1579758424349325 0.00229747215946247 -0.009722683576877375
0.138473574157459 -0.008204671151220323 -0.00552727498113541
0.136100648412886 -0.008193391582592528 -0.00555276666970647
0.1373255637076514 -0.006919538458929697 -0.007137570764762022
0.1352601346602677 -0.007604497918372494 -0.006163603599854977
0.1472419505983475 0.00726635605297146 -0.006835873115280495
0.1491981423993996 0.006337513253200941 -0.007559137313005263
0.08301565600353941 -0.002371359690831561 -0.009707502992463871
0.08474566079692823 -0.003406992733288237 -0.009234545229330609
0.1279286247563061 0.007595500766192682 -0.006460223254889649
0.1266797634902027 0.006007566088037353 -0.007789702897726419
0.1001528866533394 -0.001453899714916434 -0.009824803051795453
0.1034957464101974 -0.008124303063912687 0.005746093696298713
0.1277532266137356 0.006373945505825002 0.007593234397966312
0.1265569559927341 0.007826099057447855 0.006094526168493769
0.1452471790127974 0.007290981065952881 -0.006804518807942956
0.1151865776131033 0.009064292248638205 0.004213355313472284
0.1228131418284173 0.006392737384490723 0.007579453625635785
0.1241110692230377 0.00783181385050772 0.006088569466454405
0.09103587888660419 0.009499999583900642 3.096183266866457e-05
0.0921755095184847 0.008975328194007757 -0.001947641386277207
0.1007562684447199 -0.009268873982378831 0.003601252880905629
0.09960067766450506 -0.009759129386917573 0.001631664817823902
0.1524051342439365 -0.004922912349843987 -0.008478439017370299
0.1523949627725614 -0.006839170787074843 -0.007246542013784898
0.1542198143750215 -0.005959218638124296 -0.008009077739554718
0.1360900751479441 -0.009907132286726988 0.001344147870143379
0.1545256316274447 -0.009875089140389494 0.001566243753574775
0.1567211778889384 -0.008948400204598334 0.003900612884229286
0.1550257306788272 -0.008951741522026341 0.003876776321974879
0.1558103388496273 0.005497627943827094 0.008215751052844715
0.1556061629187129 0.006948539942409212 0.007157076988173658
0.1340894353471621 0.005363390442511303 0.008436637851986079
0.1512658907956975 0.00794417262371307 -0.00605229051488614
0.1309620440628904 0.009481535680340917 -0.002781808489084466
0.1330728836280923 0.009854854687353934 -0.001610319994680274
0.09223224927376793 0.007818523004090368 0.006105766539090013
0.1139574746430382 -0.008195258407962442 -0.00559618320588611
0.1152153377155363 -0.00684299390750564 -0.00716970455249024
0.1162209412354125 -0.008856763717012042 -0.004634474500835132
0.1583204382257031 0.003868186893025445 0.009221394195519931
0.1133780746519325 -0.007305901947368474 0.006717769442080765
0.1146008873220651 -0.008600038997261892 0.005079576766966349
0.09184220297992413 -0.008125193143168379 0.005720060652544772
0.1277010848040914 -0.0019014182180013 -0.009789208388070698
0.1264563886575362 -0.003835689075792457 -0.009056928759868335
0.08851919522913618 0.006309040390508548 0.007633553300597681
0.08674193430187446 0.005274827731929265 0.008490602228821883
0.08648632586467006 0.007344251990533932 0.006782014630161129
0.08470906493740833 0.006310039331954649 0.007639063558385332
0.1022544403770642 -0.006663126499944191 0.00727743631458905
0.1543004746763707 -0.009544280178466355 -0.002841839183228138
0.152601599036974 -0.008893585977210886 -0.003889078556874933
0.1541989487928838 -0.008020445606318712 -0.005942871930100334
0.1558978244322805 -0.008671139807574179 -0.00489563255645354
0.1560690088613815 0.001182969174974465 -0.009884692377827114
0.158093166426449 1.242724287769324e-05 -0.009999980695407723
0.1007225577665559 -0.008112320401069578 0.005768167685782585
0.1399635799258667 0.009963913694958741 -0.000561127535207196
0.09302306848989472 -0.009251319550201288 -0.003006389285369683
0.08441051431275992 -0.003241738522784168 0.009440476833294622
0.1308112005616222 -0.009684897169769772 -0.001347696975584169
0.1326458717689223 -0.009892672270342623 -0.0004827717435278845
0.1339314301170031 -0.009574110778657127 -0.002596438458269005
0.145840179212971 0.005667213894261152 -0.008043634949985579
0.1437881226489389 0.004683968432569793 -0.008800855181130943
0.1403111406755005 -0.009190641462779663 0.003231847334176352
0.157294408162382 -0.009844294213202454 -0.0006033504459850869
0.1555989609522709 -0.00984763553063046 -0.0006271870082394933
0.1564710547057238 -0.009567033816178282 -0.002732753090432696
0.1248634458580844 0.005969068523437216 -0.007633547202058769
0.127238750792194 0.008774231783103577 -0.004695611614138662
0.1279631315008189 0.008774231783103577 -0.002879920941116993
0.1249244580975645 0.008800653632930415 -0.004657492181126005
0.1256488388061894 0.008800653632930415 -0.002841801508104336
0.1157927946785913 -0.009255470900273795 0.0030905512046987
0.156358935099884 0.008140444886381857 0.005751812711061869
0.1560306786616049 0.008627345655233338 -0.004995081450125163
0.1547501093599778 0.007872779352455951 -0.005912673499041529
0.1191249241036172 0.007834975820123767 0.006078629352151648
0.1517135568882156 0.004241438934967463 -0.00893600130165989
0.09101607022913613 -0.004091334103520998 0.009090344483421978
0.08854732022913614 -0.003614161185581059 0.009246566395348663
0.1327104060503311 -0.007213217784983277 0.006827897065942697
0.08631410650993049 0.0006116078547513999 -0.009968746588020504
0.1207812938447151 0.0001823512823399441 -0.009969377637628403
0.08734370130873925 -0.008042468183645877 0.005687915527649084
0.1236994580975645 0.007622152819135255 -0.006421864826539834
0.126983275999691 -0.009876597298661301 -0.00059675047169915
0.1253899338407446 -0.009554706712124529 -0.002702598222412498
0.1242041727772965 -0.0098824994388527 -0.0006496029863455599
0.1090987591126912 -0.009938189924312557 0.0007072160489298656
0.1079283049522968 -0.009284879688642257 0.002700773476179521
0.1065283798114694 -0.009966107656939803 0.0004791554066519247
0.1252835698968651 -0.001852106927908057 -0.009793868042243879
0.1270322159671092 0.009499998683752377 -0.0005854700815848587
0.08979491594190588 0.00781639461640476 0.006107977470644422
0.1443359592383437 -0.008817227298567107 -0.004670964853196144
0.1431607570484767 -0.007464657619278758 -0.006231273324098137
0.1363523957361468 0.005368545009061797 0.008433563908395803
0.08450866810380793 -0.007989274690873543 0.005983551316803962
0.1220473669221426 0.002211699456829205 -0.009587265748077459
0.08276257595724738 -0.009959150896506022 0.0006094891184706388
0.1534283809229179 -0.009824881892918535 -0.0007362731010349358
0.1288184881484435 -0.009686340600390517 -0.001359731165566818
0.09053164856383177 -0.005102704684829919 -0.008592374653762419
0.1317164613631332 -0.008525598381458263 0.005196537966491116
0.130475220348738 -0.007212303568787392 0.006829190041244268
0.1455285458983888 -0.009562695815680967 -0.002734440730767362
0.1501210113201695 0.004161836294185615 0.009048519105998427
0.15259375 0.004164028107782153 0.00904769897460928
0.09198602523137335 0.00461766157485895 -0.008863129346960366
0.09863624842255039 -0.007244142591143264 0.006615297434860962
0.120702789152632 -0.002949812976059141 -0.009371731512485038
0.1097613180409424 -0.008625712469727978 0.005039723317627844
0.1109317722013368 -0.009279022705398278 0.003046165890378188
0.145998855495435 -0.008774267048861771 0.004797102504867802
0.1484171766691435 -0.008780481509784872 0.004785669291679119
0.1472331494027336 -0.007323213872282231 0.00630977463652297
0.09944545378452641 -0.005704092878511688 -0.008178836883495775
0.09979456318012803 -0.006658568820557151 0.00728017087487687
0.08887908821484131 -0.006628416225530933 -0.00720336643517165
0.0900020461352643 -0.008145728100249229 -0.005777138664803436
0.08638727393621118 -0.003203373308241797 0.009451420235715229
0.08469980493975057 -0.004897620421867971 0.008673302114376523
0.1490851410536873 -0.008838155984427639 -0.004624985992863507
0.1023929458832026 -0.008799966470356382 0.004749582978742271
0.08494084382855303 -0.007125344720471288 -0.006737075855714591
0.08652250886248955 -0.008084658649091345 -0.005872838155389883
0.08581389594940435 -0.006509456036256352 -0.007452978932674941
0.1478641341781887 -0.0008297895863555308 -0.009954003110867433
0.08612308138666463 -0.005302802699711918 -0.008477635408416066
0.08770474642060115 -0.006262116628331974 -0.007613397708091357
0.1558860647827945 -0.008065510896296106 0.00588958235055009
0.149698620778667 -0.00418228676145456 -0.00901610763464078
0.15122819308218 -0.003139501850011152 -0.009489611712330806
0.1508755619404235 -0.005965697261287395 -0.008004934939680273
0.1305273927558372 -0.00920200082648066 0.003181210421482154
0.157921981997348 -0.009225599328826623 -0.003858311752526465
0.1151018523789027 0.008850106504596137 -0.004583501817583385
0.1139457603485722 0.009495587895650481 -0.002585738465639024
0.1582754223005371 -0.001665753111929228 0.00976413623798901
0.09523063103305862 -0.005794948690017804 0.00812456606366747
0.08483186133475284 -0.008629632845873956 -0.004970248461081202
0.09298237378882013 -0.001322418822295953 -0.009837356758805857
0.1203745975851413 0.006851293199203638 0.006904276435317641
0.121578766828417 0.007840408994415123 0.006072965805860512
0.08473084575884174 0.004895189303583467 0.008681938687182363
0.1199948308688489 -0.009902333218776666 -0.0005333430648862157
0.1222541480388057 -0.009771714706919659 -0.001142841718013458
0.1210113929927883 -0.009421364930496898 -0.003245280224563302
0.1384377352993308 -0.009905723589221101 0.001353322189909885
0.1372199432919466 -0.009230251635387781 0.003335040170601855
0.111088452959914 -0.009904560736574084 -0.0006999268185018525
0.109494897457528 -0.009496851890435804 -0.002783383443202739
0.1132704117626211 -0.009787233300843818 -0.001240490264968712
0.111676856260235 -0.009379524454705537 -0.003323946889669598
0.1049602474023163 0.002447322119578 -0.009450494289497256
0.1238271104139715 -0.009913660482106738 0.001294845786032153
0.122602198430764 -0.00924925905115326 0.003283750894468392
0.1256129234039646 -0.009208351884617943 0.003177025515115861
0.128778141941716 0.005397086312136415 0.008414192055280476
0.08321083903516421 -0.007985779748065936 -0.005991504660171007
0.1432709758337465 0.009608010695895831 0.002617590918310445
0.1546256624611299 0.00873645404855164 0.004836125921991589
0.09867219184555023 -0.008015878086428953 -0.005915487272083974
0.08688940653168788 0.008724300831836607 -0.004765168208231876
0.08933940653168788 0.008724300831836607 -0.004765168208231876
0.08982734146830226 0.009499999583900642 -0.002399740260132859
0.08737734146830226 0.009499999583900642 -0.002399740260132859
0.1564423156144337 -0.003273655887838107 0.009426737589927892
0.1395679722128997 0.007576046927170585 0.006118817022453841
0.1413258129900875 0.00594844908000588 0.007998279425681877
0.140869124679378 0.008870246128601123 0.004572829374770987
0.1426269654565657 0.007242648281436418 0.006452291777999022
0.1516691122224159 -0.0001304431188074158 -0.009759955482792151
0.1495873118941453 0.0004194489299237243 -0.009878435627496599
0.1518327081718338 0.002022286247279289 -0.009781752326926184
0.1025157731570637 0.00245553371168454 -0.009468869326921916
0.1036760140839469 0.0004406139064379685 -0.009978618643859589
0.1012938804334347 0.0004860393222648441 -0.009979043305263419
0.1388302216020694 0.00920902310509312 0.003897871616873817
0.1367041431095102 0.009578254626349331 0.002690618202853347
0.1526522145629901 -0.001744566043420024 -0.009808265643251478
0.1505704142347195 -0.001194673994688884 -0.009926745787955927
0.1369036042357329 0.006657857818524758 0.007278424984287527
0.1386496932987554 0.005939554676554366 0.008003608337189346
0.1378218831498773 0.008294350069140977 0.005393633669552022
0.1364081451100753 -0.00888963061066312 -0.004553307816228365
0.08915938575714591 0.006290969446548198 -0.007644321160785322
0.1310401514267479 -0.009907213014979344 0.00135363495641702
0.08453585961453555 0.003241626541020499 0.009435897348101692
0.1496908152098416 -0.007305423862889781 -0.006450961546038254
0.09096697210018277 0.008975328194007757 -0.00437834347907873
0.149797475231571 0.00504592811986345 -0.008623574040509932
0.1277823023946204 0.008999311674534455 0.004335650987239792
0.1285704832557482 0.007824439532935497 0.006097520042358738
0.123214766216806 0.0001303041772502069 -0.009965126596288485
0.08685985123267553 -0.005308408299207232 0.008468448274009957
0.1077229645018897 0.002703937113091661 -0.009462686750044635
0.08674146217791548 -0.009872144888645549 0.0009934959601486471
0.08658002638443316 -0.009887775619397699 -0.00133767041629709
0.0846167961673045 -0.009852659508900328 -0.0005568605092895632
0.08447524250964575 -0.009560225136601644 -0.002724306599074043
0.1587453354540063 -0.009959582530783068 0.000567191486111683
0.1109104910513378 -0.00732780305758314 0.006684936424078212
0.1352138086786141 -0.009897798898765818 -0.00052703034045746
0.09101991594190588 0.008994895430150879 0.004343604825281508
0.1408991199716415 0.009578327945967873 0.002690239777598719
0.1388223431346881 0.009687779120628003 0.001523716508195549
0.09005850281880243 -0.008837402436895176 0.004678833330544922
0.08801194108917096 -0.008960261799459574 0.004417379755876593
0.1549090647670842 -0.00580975323591887 0.007945643811652983
0.1565176748987428 -0.004940351094371673 0.008652069079540142
0.1545065863557102 -0.005319989522717406 0.0084607326211797
0.1528979762240517 -0.006189391664264602 0.007754307353292541
0.1543988222867556 -0.006655366086555922 -0.007391554858622239
0.1579758424349325 -0.008011815971232312 -0.005952864333898742
0.1560238003953439 -0.007140493457368164 -0.006705407655870153
0.09286798748889571 -0.00662899733204235 0.007317888295323439
0.09387672737850199 -0.00808203216390152 0.005801579979239351
0.1075108499666804 -0.009302090353176496 -0.003590263602411976
0.1579758424349321 -0.008627345655233341 0.004995081450125165
0.1549463802206474 -0.004190911721190098 -0.009014815051066143
0.1119911972340935 -0.008854911718381431 -0.004637821361501508
0.1290474390135692 -0.009908656445600088 0.001341600766434371
0.1521141555494622 -0.009778375207557663 -0.002093063090851591
0.08886039925571554 -0.009967430163890793 0.0003567214726720079
0.09177448814957162 -0.003235566543167181 -0.009357419208827839
0.1266062136363661 -0.009907758341915337 0.001347698300678563
0.1494933413050021 -0.007441563503423433 0.006443428883472385
0.1478412834305188 0.00597477091963397 -0.007900309842785164
0.1326471924198043 0.006366913100547879 0.007600112364240615
0.1312198638457773 0.005396114427735516 0.008414770840089908
0.1295953985837285 0.006847580339246909 0.0069184776996729
0.1310227271577555 0.007818379012059272 0.006103819223823609
0.1227999999999998 0.009007906818441856 0.004320047326645899
0.1253323023946204 0.008999311674534455 0.004335650987239792
0.0902806835723679 -0.009529459305511736 0.002399063768573405
0.09220472886604986 -0.00929225076737277 0.003591579015209496
0.09116741934015309 -0.009971607308379489 0.000461661517045548
0.1549915886866849 -0.002026808694759488 -0.009642809488721309
0.0859210597573167 -0.008654095149423318 0.004923636533307648
0.1472143843223845 -0.002816747544203247 -0.00952146259703706
0.08262102229958865 -0.009229177895821613 -0.003847747560665919
0.08611518476493638 -0.009557033392830891 0.002774384681381715
0.121705310940151 0.009007906818441856 0.002086571361921042
0.1242376133347716 0.008999311674534455 0.002102175022514934
0.1234399091022539 -0.009443921980191488 -0.003195836954080396
0.1488568856170463 0.009945978006922653 -0.0007065955569522344
0.1213787014697204 -0.009915454099542611 0.001282624584030006
0.1419015195878973 -0.009223561188650366 0.003362670351407781
0.1451869247959462 -0.009439526817880206 0.00284114403436047
0.121623526592358 0.009498451503044396 -0.002509206272491827
0.1187905388592825 0.009492867087136661 -0.002636688508134651
0.1204140397995188 0.009498451503044396 -0.0001445300794095632
0.08301245559341983 0.007338057790445236 -0.006788407024332057
0.1144449641080861 -0.009927494681470356 0.001155575006573366
0.1529855452690246 -0.009294778917270586 0.003294958369585657
0.1463638301487598 0.006098835843448311 0.007867063806943991
0.1526715666890898 0.008565800210246626 -0.004918266982494966
0.0865386980887993 0.00371034038535169 0.009282188178245634
0.1132530567515599 -0.009272062778458455 0.003144600568841015
0.1580548362266724 0.009181805176485796 -0.003957760646198085
0.1229788375325091 0.009498451503044396 5.314928609603747e-05
0.1121333037214704 -0.008621940107476559 0.005046743748963796
0.1013071456597608 -0.003457401064722605 -0.009278371238320907
0.1585490727083758 -0.009843997449943118 -0.001739801285189897
0.1383293458889602 -0.009545727905400224 -0.002788882755051019
0.1359564201443871 -0.00953444833677243 -0.002814374443622078
0.1512102160419795 -0.00817889738867723 -0.00569256862014288
0.1263294012015884 0.008999311674534455 0.002905729796049987
0.1283429284646025 0.008997652150022097 0.002908723669914957
0.09170193350279007 0.0007086823410047663 -0.009964663287831167
0.1453678550592661 0.009717283306147739 0.001423688244973597
0.1538458793729919 -0.008408548291540351 0.005307764398160868
0.08982734146830226 0.009499999583900642 0.002396091263179863
0.1036653843404975 -0.005193655163928683 -0.00854435269180385
0.1060336060738323 -0.005251152042664112 -0.008510104220606544
0.1336469715389905 0.00778238957566455 0.006167308489993575
0.1478925453303487 -0.009578711112159374 -0.002696649992007098
0.140692219609634 -0.009903527068703689 0.001372816377664902
0.09152628418088894 -0.005440138876888386 0.008386063402858367
0.1163405388592825 0.009492867087136661 -0.002636688508134651
0.1199597516401285 0.008824723190741228 -0.00462192468811045
0.1499166265151891 0.002826775432175275 -0.009469325065776225
0.1224744580975645 0.008800653632930415 -0.004657492181126005
0.1240735265923579 0.009498451503044396 -0.002509206272491827
0.1394744276022498 -0.009228055114870369 0.003354534358356873
0.08974726571970859 0.004589819218886338 -0.008879037937837335
0.08301565600353941 -0.005483430364774972 0.008362197511756266
0.08470279311142759 -0.006335337018609251 0.007626436331246534
0.1287578352584843 0.009499998683752377 -0.002401160754606528
0.1366487614181265 0.00898285276304308 0.004352933000952557
0.1531317000895623 -0.003154605432909788 -0.009484176328881724
0.08283310668610347 0.003869889791361832 0.009219886187352866
0.08268713710788818 -0.007242863318773485 0.006886093245697161
0.08517766552802533 0.009175707163991055 -0.003975628297128153
0.08289773907273829 0.005449849797496975 0.008384351466568209
0.08281132586467005 0.00721292151724008 0.006914197803782586
0.08268414893621116 -0.003863558765809022 0.009223236984410396
0.0880172432710478 0.007963452386249742 0.005816427726738116
0.1581668933138966 -0.003904003370099413 0.009205878547006604
0.1517543237195976 -0.007719353306026815 0.006187556499637028
0.1491463927539095 -0.002589609801280012 -0.009608091857035254
0.0826645741637432 0.002111365495438932 -0.009756661546988657
0.08455568205801686 0.003147443061202783 -0.009283418064581292
0.08680790243654096 -0.003130928053391342 -0.009396728720794988
0.08818532302627737 -0.005026738019815024 -0.008639818899880445
0.0860427577061431 0.008278840846933158 0.005461930405070071
0.1402637151797104 -0.008915745003276743 -0.004506518460383992
0.1396992806608776 -0.006940057891101085 -0.007122294312693818
0.1414894216831289 -0.007651131743157505 -0.0061015377919424
0.1350892144663483 0.006778866917627974 0.007003833977739038
0.1356404229659344 0.008068179727090936 0.005848695053630762
0.152815810512408 0.0004081633226666802 -0.009830062487385511
0.1120515252314263 -0.009929145376380174 0.001144022710255407
0.108135686841179 -0.009913605284506468 -0.001136733479827394
0.1426396103571472 -0.00892709084160046 -0.004480380824260919
0.1544637683138965 -0.003711695675174652 0.009281680941782659
0.1407503073438588 -0.009549394907258681 -0.002770502279587432
0.1194624009788869 -0.004903951135844402 -0.0086876147598002
0.1278042610242562 -0.009569394730567116 -0.002669412676378765
0.1546523938010501 -0.007278543682490832 0.006839203412146571
0.08839851160916509 -0.007863794834047883 -0.006176945243382562
0.1061516393503314 -0.00971884374724716 -0.001943613639036631
0.1520370067854929 -0.009891871550710012 0.001463995538338597
0.08593130965523048 -0.007377647725096102 0.006747830311145398
0.1287578352584843 0.009499998683752377 -3.244992950170588e-06
0.1175097516401285 0.008824723190741228 -0.00462192468811045
0.1256143320616766 0.007621922616019519 -0.006422103821876991
0.08450129960785201 0.009175707163991055 -0.002141072772856255
0.08670097554812894 0.009499999583900642 -0.0005651847358609613
0.08460973793707191 0.0009844352680732128 -0.009918689652530673
0.09078195963224239 0.002682355147037592 -0.009397571056147337
0.1507227814120373 -0.00984536486534914 0.0001072055485219416
0.1372387987059981 -0.00985813645688112 -0.000744966325810533
0.08850790640641697 0.009499999583900642 0.000196881852982868
0.143240980541483 0.008899928878529082 0.004500180515482712
0.1151181243938093 0.009492867087136661 -0.0002487677517998674
0.08580718682471386 0.002614865859805257 -0.009400229303948585
0.0867922432710478 0.00914195319999586 0.004052055081375202
0.1527228463531792 0.008862051655508733 0.004621030141317712
0.08496081977686809 -0.001244429463465841 -0.009869531098005877
0.1509478092915394 -0.008849357915076335 0.004656117485651325
0.1439146249247985 0.006095144242157067 0.00786928477299668
0.1499992708080078 -0.009446450548515761 0.002825154654404266
0.1514415289315073 0.007537568880786585 0.006247419469216706
0.1503476298547381 0.008978076767743429 0.004348892549750807
0.1490663124330662 0.007653593993021279 0.005975281877649802
0.1543727162136768 0.002207901802910869 -0.009747856062121562
0.1545121031601127 -0.0006167693052697241 -0.009966898803091064
0.1579102223478625 -0.00731933390960012 0.006798801639551759
0.08782223780195721 0.004585359725146793 -0.008881199560450541
0.1477666123471421 -0.004409424504377795 -0.008929478374642585
0.1394932830163014 -0.00985593993636371 -0.0007254721380555154
0.1278097652915131 -0.009237563814585362 0.003347231468122513
0.1495301768311292 -0.009804241746755742 -0.00196821715326313
0.1475282709693032 0.0092388937872896 0.00382065847127471
0.1465630230823919 0.007769941605465851 0.005872283943372988
0.08832915748717383 0.002582101720092936 -0.009449716844522463
0.1562610039327087 -0.006409141540943636 0.007545628680033729
0.1445286400097158 0.007752424839249731 0.00591717351048037
0.1488671194994341 0.005982488231003739 0.007970061741220804
0.1583507815848462 -0.005495011588285186 0.008354481858925985
0.1474022381319423 0.00973480007236386 0.001378798677866215
0.0829451637733287 -8.045772214518698e-05 -0.009999460521992557
0.08285422021005712 -0.009852659508900326 -0.001695379215475846
0.1507227725544677 -0.009063686619024007 -0.003896553154119538
0.125070625399326 0.009498451503044396 0.00085670405963109
0.08272766552802532 0.009175707163991055 -0.003975628297128154
0.08474012112144516 0.007990766657019243 -0.005746676624022726
0.08823412184273643 -0.009652318668076134 0.002137610193905076
0.1321108395652019 0.01137331900701302 -0.001226427267252172
0.1493996090907747 0.009652282042747087 0.002424673789675669
0.08460580603625441 0.009459285767523726 5.899115708700724e-06
0.1513554142754728 0.005978796629715968 0.007972282707271407
0.08924224327104781 0.00914195319999586 0.004052055081375202
0.1544561189919334 0.008266042493338954 0.005536716930387992
0.1273049340654523 0.009499998683752377 0.0009647495775163895
0.08645186212510771 0.007539360324864794 -0.006536216535126449
0.08697267034399186 0.00628555335836974 -0.007649934345052891
0.08283217195642772 0.009459285767523726 0.0005692593530931637
0.1454938878966271 0.009221377021073479 0.003865548038382093
0.08641273689454243 0.009459285767523726 0.0007679657045525299
0.1247979073009828 0.009498451503044396 -0.0006935155994701582
0.1487816971382256 -0.009910415740793991 0.001305234244219182
0.1471996029993613 -0.009244446702063102 0.003265748881494035
0.1538728902799587 0.007544549104578992 0.006241390199103377
0.08792280820916251 0.00914195319999586 0.001852845671178207
0.08863857753826175 0.007544776413043252 -0.00653060335085888
0.08277363407982669 0.009459285767523733 -0.001132619590477576
0.1526367316971447 0.007303279404438118 0.006345893379372413
0.1537867756239242 0.005985776853508375 0.007966253437158078
0.1542472704897926 0.003980842451560538 0.009112919501575521
3 10 0 29
9268
9269
9270
9271
9272
9273
9274
9275
9276
9277
9278
9279
9280
9281
9282
9283
9284
9285
9286
9287
9288
9289
9290
9291
9292
9293
9294
9295
9296
0.1267719517812393 0.01147629788031091 0.001500783126829467
0.09814565957169694 0.01149071435546177 0.0003316903900008602
0.1228176336833132 0.01149762432256091 -4.386994265319485e-06
0.1177708740493085 0.01149456799579139 0.0002220143125591803
0.1128116570799495 0.01149387319389869 0.0002610845687203585
0.1030928300834352 0.01149382026918771 0.0002674608072199012
0.1246801639144225 0.01147629788031091 0.0006972283532944142
0.1006392130598493 0.01149382026918771 0.0002702589139554713
0.1266685573636361 0.01142386510001106 -0.001535022169272007
0.1153079463766745 0.01149456799579139 0.0002452588758116991
0.09312495939214942 0.01149903354942314 -7.490058958164694e-05
0.1202528359503229 0.01149762432256091 -0.0002020663597709202
0.110404142395156 0.01149938068307172 -9.620068718729321e-05
0.105500833455912 0.01149938068307172 -9.099215318967405e-05
0.1283941766550112 0.01142386510001106 -0.0009527970806373183
0.1079515568606292 0.01149938068307172 -0.0001129361452210798
0.08407070891899063 0.01142386510001207 0.001928381851923019
0.08246488557399162 0.0115 0.0009755847712919978
0.09059698691196219 0.01149903354942314 9.101943073255646e-05
0.09568353741830195 0.01149071435546177 0.0003664650857344113
0.08821824219495987 0.01149762432256097 0.0003675331426538646
0.124636703451787 0.01149762432256091 -0.0007510518798315151
0.1264992336828962 0.01147629788031091 -4.943653227178148e-05
0.0861863882831137 0.01142386510001207 0.001151503432090386
0.08454878110555956 0.01147629788031079 -0.001096148793748751
0.08424003259972451 0.01147629788031079 0.0004427962149277117
0.08635571196384759 0.01147629788031079 -0.0003340822049049213
0.08277514702573288 0.01147629788031079 -0.0005327885563642876
0.1282248529742713 0.01147629788031091 0.0005327885563629067
3 11 0 89
9297
9298
9299
9300
9301
9302
9303
9304
9305
9306
9307
9308
9309
9310
9311
9312
9313
9314
9315
9316
9317
9318
9319
9320
9321
9322
9323
9324
9325
9326
9327
9328
9329
9330
9331
9332
9333
9334
9335
9336
9337
9338
9339
9340
9341
9342
9343
9344
9345
9346
9347
9348
9349
9350
9351
9352
9353
9354
9355
9356
9357
9358
9359
9360
9361
9362
9363
9364
9365
9366
9367
9368
9369
9370
9371
9372
9373
9374
9375
9376
9377
9378
9379
9380
9381
9382
9383
9384
9385
0.07950203532894148 -0.006086581067765528 -0.008995483884007904
0.0794956644390464 -8.045772214518698e-05 -0.009999460521992557
0.08050203532894148 -0.006086581067765527 -0.008995483884007904
0.0804956644390464 -8.045772214518698e-05 -0.009999460521992557
0.0805043355609536 -0.009200854482014636 -0.003911220875982128
0.0805043355609536 -0.003413735666259351 0.009385090144923405
0.0795043355609536 -0.009200854482014636 -0.003911220875982128
0.0805 -0.007233495377524064 0.006896795233007443
0.0805043355609536 -0.009959150896506022 0.000609489118470638
0.0805043355609536 0.007213167010377049 0.006913914516421886
0.0795043355609536 -0.003413735666259351 0.009385090144923405
0.0794956644390464 0.009138527981418084 -0.004059575813663881
0.0794956644390464 0.003388917242818678 0.009395256729871971
0.0795043355609536 -0.009959150896506022 0.000609489118470638
0.0795043355609536 0.007213167010377049 0.006913914516421886
0.0795 -0.007233495377524064 0.006896795233007443
0.0804956644390464 0.009138527981418084 -0.004059575813663881
0.0804956644390464 0.003388917242818678 0.009395256729871971
0.08000637088989508 -0.009837028778148177 0.001774305867156174
0.08050203532894148 -0.00951627099204252 0.002866706566070582
0.07950203532894148 -0.00951627099204252 0.002866706566070582
0.0805043355609536 0.009459285767523726 0.0005692593530931672
0.0795 0.009138527981418064 0.002860617932835746
0.0805 0.009138527981418064 0.002860617932835746
0.0795043355609536 0.009459285767523726 0.0005692593530931672
0.08050203532894148 0.005886826722741356 -0.009128230189469141
0.07950203532894148 0.005886826722741356 -0.009128230189469141
0.0805043355609536 0.004795831818726974 -0.007451978685116658
0.0795 0.009459285767523733 -0.001768217233921294
0.0805 0.009459285767523733 -0.001768217233921294
0.0805 -0.002396519478572061 -0.009702112337286873
0.0795 -0.002396519478572061 -0.009702112337286873
0.0794956644390464 -0.00486156549977399 -0.007408295513657719
0.0795043355609536 0.004795831818726974 -0.007451978685116658
0.08000637088989508 -0.002292539616742688 0.009723662571973777
0.08050203532894148 -0.001165609389376968 0.009885690677515787
0.0804956644390464 -0.00486156549977399 -0.007408295513657719
0.07950203532894148 -0.001165609389376968 0.009885690677515787
0.07950203532894148 -0.008042335632660502 -0.005906729463455749
0.07999764550459512 0.002279382175933657 0.009726253010899525
0.07950198106554873 0.001152451948567943 0.009888281116441534
0.08050198106554873 0.001152451948567943 0.009888281116441534
0.08050203532894148 -0.008042335632660502 -0.005906729463455749
0.0800043355609536 0.009459285767523726 0.001768217233921348
0.08050203532894148 0.007952375897352905 -0.006040149950018181
0.0805 0.008590217295366505 0.00504998898204503
0.0800043355609536 0.007974687611365461 0.006007771865818618
0.08050203532894148 -0.005483430364774972 0.008362197511756266
0.0795 -0.008598902239137094 0.005037261809229282
0.0805 -0.008598902239137094 0.005037261809229282
0.0795 0.008590217295366505 0.00504998898204503
0.07950203532894148 0.007952375897352905 -0.006040149950018181
0.08050203532894148 -0.009852659508900326 -0.001695379215475844
0.07950203532894148 -0.005483430364774972 0.008362197511756266
0.07950203532894148 -0.009852659508900326 -0.001695379215475844
0.08 -0.007965476240126269 0.006015556695347013
0.08050198106554873 0.005449849797496975 0.008384351466568209
0.08050203532894148 0.002213509935776864 -0.009738763751257307
0.07950198106554873 0.005449849797496975 0.008384351466568209
0.07950203532894148 0.002213509935776864 -0.009738763751257307
0.08000637088989508 -0.008657865316661545 -0.004948946579682153
0.07999769976798787 0.001086579708411145 -0.009900791856799322
0.08000203532894148 -0.006325969077359829 0.007637138318556816
0.0799956644390464 -0.00126958925120634 -0.009864140442828878
0.08000631662650234 0.006310284825091618 0.007638780271024631
0.08000637088989508 -0.009531901722794667 -0.00278777991439025
0.07999769976798787 0.008567905581353943 -0.005082367066244577
0.0799956644390464 0.009138527981418086 -0.0028606179328357
0.08 -0.003825932457317314 -0.007881253276790982
0.08 -0.005398004459903221 -0.008086562764665975
0.08 -0.005059986805122066 -0.009559235681981162
0.08 0.005266537097809135 -0.008173929107583886
0.08 0.005656266846321615 -0.006706407489573067
0.08 0.006804199144203776 -0.008400123253538221
0.08 0.003760198776270304 -0.007924936448249927
0.08 -0.004449368708716024 0.008912132381790141
0.08 -0.003487914802536159 -0.009353926194106169
0.08 -0.006984098049804867 -0.00824303778177762
0.08 -0.005722000527368637 -0.006662724318114136
0.08 0.007193928892716256 -0.0069326016355274
0.08 -0.009170188599924411 0.003985607297894614
0.08 -0.007308094117270283 -0.006819199335225782
0.08 0.004424550285275341 0.008922298966738714
0.08 -0.00995915089650602 -0.0005290295877156441
0.08 2.449293598294706e-18 0.01
0.08 0.004845483624440847 -0.009664249238974331
0.08 0.003339145302902015 -0.009415256579640372
0.08 0.009138527981418065 0.004059575813663926
0.08 0.009459285767523733 -0.0005692593530931133
3 12 0 7
9386
9387
9388
9389
9390
9391
9392
0.08000228893290107 0.01137367006223537 0.002423702752219771
0.08000228893290107 0.01137367006223537 -0.002423702752219769
0.08 0.0115 -1.53586298822682e-18
0.0805 0.0115 0.001198957880828179
0.0805 0.0115 -0.001198957880828182
0.0795 0.0115 0.001198957880828179
0.0795 0.0115 -0.001198957880828182
3 13 0 465
9393
9394
9395
9396
9397
9398
9399
9400
9401
9402
9403
9404
9405
9406
9407
9408
9409
9410
9411
9412
9413
9414
9415
9416
9417
9418
9419
9420
9421
9422
9423
9424
9425
9426
9427
9428
9429
9430
9431
9432
9433
9434
9435
9436
9437
9438
9439
9440
9441
9442
9443
9444
9445
9446
9447
9448
9449
9450
9451
9452
9453
9454
9455
9456
9457
9458
9459
9460
9461
9462
9463
9464
9465
9466
9467
9468
9469
9470
9471
9472
9473
9474
9475
9476
9477
9478
9479
9480
9481
9482
9483
9484
9485
9486
9487
9488
9489
9490
9491
9492
9493
9494
9495
9496
9497
9498
9499
9500
9501
9502
9503
9504
9505
9506
9507
9508
9509
9510
9511
9512
9513
9514
9515
9516
9517
9518
9519
9520
9521
9522
9523
9524
9525
9526
9527
9528
9529
9530
9531
9532
9533
9534
9535
9536
9537
9538
9539
9540
9541
9542
9543
9544
9545
9546
9547
9548
9549
9550
9551
9552
9553
9554
9555
9556
9557
9558
9559
9560
9561
9562
9563
9564
9565
9566
9567
9568
9569
9570
9571
9572
9573
9574
9575
9576
9577
9578
9579
9580
9581
9582
9583
9584
9585
9586
9587
9588
9589
9590
9591
9592
9593
9594
9595
9596
9597
9598
9599
9600
9601
9602
9603
9604
9605
9606
9607
9608
9609
9610
9611
9612
9613
9614
9615
9616
9617
9618
9619
9620
9621
9622
9623
9624
9625
9626
9627
9628
9629
9630
9631
9632
9633
9634
9635
9636
9637
9638
9639
9640
9641
9642
9643
9644
9645
9646
9647
9648
9649
9650
9651
9652
9653
9654
9655
9656
9657
9658
9659
9660
9661
9662
9663
9664
9665
9666
9667
9668
9669
9670
9671
9672
9673
9674
9675
9676
9677
9678
9679
9680
9681
9682
9683
9684
9685
9686
9687
9688
9689
9690
9691
9692
9693
9694
9695
9696
9697
9698
9699
9700
9701
9702
9703
9704
9705
9706
9707
9708
9709
9710
9711
9712
9713
9714
9715
9716
9717
9718
9719
9720
9721
9722
9723
9724
9725
9726
9727
9728
9729
9730
9731
9732
9733
9734
9735
9736
9737
9738
9739
9740
9741
9742
9743
9744
9745
9746
9747
9748
9749
9750
9751
9752
9753
9754
9755
9756
9757
9758
9759
9760
9761
9762
9763
9764
9765
9766
9767
9768
9769
9770
9771
9772
9773
9774
9775
9776
9777
9778
9779
9780
9781
9782
9783
9784
9785
9786
9787
9788
9789
9790
9791
9792
9793
9794
9795
9796
9797
9798
9799
9800
9801
9802
9803
9804
9805
9806
9807
9808
9809
9810
9811
9812
9813
9814
9815
9816
9817
9818
9819
9820
9821
9822
9823
9824
9825
9826
9827
9828
9829
9830
9831
9832
9833
9834
9835
9836
9837
9838
9839
9840
9841
9842
9843
9844
9845
9846
9847
9848
9849
9850
9851
9852
9853
9854
9855
9856
9857
0.07750000000000007 0.01625 0.005834936490538902
0.08000000000000007 0.01625 0.005834936490538902
0.0812522889329011 0.01312367006223536 0.005224744871391591
0.07875228893290109 0.01487367006223536 0.003059681361930492
0.07875228893290109 0.01312367006223536 0.005224744871391591
0.08075000000000004 0.01275 0.00639791576165636
0.07825000000000004 0.01275 0.00639791576165636
0.08175000000000004 0.01275 0.00639791576165636
0.0315591266490818 0.01625383613466599 -0.004162444705097676
0.0315591266490818 0.01576260906514006 -0.005416876988425946
0.03315741966030882 0.01492311754925903 -0.003552613673463991
0.03159829301122702 0.0126857266143991 -0.003779129887503973
0.03159829301122702 0.01317695368392503 -0.002524697604175702
0.1283941766550112 0.01268647416515112 -0.003774493681870279
0.1283941766550112 0.01317770123467705 -0.002520061398542008
0.1284433290392905 0.01625383613466599 -0.004138550686735317
0.1268375056943017 0.01492386510001106 -0.003524083449467939
0.1284433290392905 0.01576260906514006 -0.005392982970063588
0.03291324993104765 0.0169719387755102 -0.006595180387192983
0.0315591266490818 0.01693092074282944 -0.005507889089926935
0.03135412328196585 0.01590285951833964 -0.006912708702733953
0.03135412328196585 0.01473454784065027 -0.006821696601232965
0.1270867500689524 0.0169719387755102 0.006595180387192976
0.1284408733509182 0.01693092074282944 0.005507889089926921
0.1286458767180342 0.01590285951833964 0.006912708702733946
0.1286458767180342 0.01473454784065028 0.006821696601232954
0.1284408733509182 0.01576260906514007 0.00541687698842593
0.1284433290392905 0.01693092074282944 -0.005483995071564577
0.1270892057573247 0.0169719387755102 -0.006571286368830624
0.1286458767180342 0.01473454784065027 -0.006821696601232965
0.1286458767180342 0.01590285951833964 -0.006912708702733953
0.03155667096070953 0.01693092074282944 0.005483995071564553
0.03155667096070953 0.01576260906514007 0.005392982970063563
0.03291079424267538 0.0169719387755102 0.006571286368830608
0.03135412328196585 0.01473454784065028 0.006821696601232956
0.03135412328196585 0.01590285951833964 0.006912708702733946
0.03516187544906714 0.01492311754925903 -0.002933335222235908
0.03333034381879589 0.01492311754925903 -0.001957433286271015
0.07825000000000004 0.01275 -0.006397915761656362
0.07875228893290109 0.01312367006223536 -0.005224744871391588
0.08075000000000004 0.01275 -0.006397915761656362
0.0812522889329011 0.01312367006223536 -0.005224744871391588
0.1284408733509182 0.016253836134666 0.004162444705097654
0.1267144024815554 0.01492386510001106 -0.001882289603773124
0.1247905960249194 0.01492386510001106 -0.002879736401654617
0.03155667096070953 0.016253836134666 0.004138550686735286
0.03293667766948996 0.015625 -0.006595180387192983
0.03137755102040816 0.01338760906514007 -0.006821696601232965
0.1270633223305101 0.015625 0.006595180387192976
0.1286224489795919 0.01338760906514008 0.006821696601232954
0.1125888175625857 0.01275 0.00719895788082818
0.1139013175625857 0.01275 0.006397915761656361
0.1139000000000001 0.0145 0.00423285225219525
0.1125013175625857 0.01625 0.00583493649053889
0.1125875000000001 0.0145 0.00503389437136707
0.1261724489795919 0.012125 0.006397915761656361
0.1259908733509182 0.0145 0.004993096148849336
0.12755 0.01226260906514007 0.005219612362889315
0.05238750000000003 0.01275 -0.00719895788082818
0.05105000000000003 0.01275 -0.006397915761656361
0.05105000000000003 0.0145 -0.00423285225219526
0.05250000000000003 0.01625 -0.005834936490538898
0.05238750000000003 0.0145 -0.005033894371367079
0.04741250000000002 0.0145 -0.005033894371367082
0.04855000000000002 0.0145 -0.004232852252195263
0.04610000000000002 0.0145 -0.004232852252195263
0.05350000000000003 0.0145 -0.00423285225219526
0.03137755102040816 0.01338760906514007 0.006821696601232956
0.0329342219811177 0.015625 0.006571286368830608
0.1286224489795919 0.01338760906514007 -0.006821696601232965
0.1270657780188824 0.015625 -0.006571286368830624
0.04741118243741441 0.01275 -0.00719895788082818
0.04609868243741441 0.01275 -0.006397915761656361
0.04749868243741441 0.01625 -0.005834936490538902
0.1076125571620586 0.01275 0.00719895788082818
0.1089500571620587 0.01275 0.006397915761656361
0.1089500000000001 0.0145 0.004232852252195269
0.1075000571620587 0.01625 0.005834936490538908
0.1076125000000001 0.0145 0.005033894371367088
0.05105000000000003 0.0145 0.004232852252195261
0.05250000000000003 0.01625 0.0058349364905389
0.05105000000000003 0.01275 0.006397915761656361
0.05238750000000003 0.01275 0.00719895788082818
0.05238750000000003 0.0145 0.00503389437136708
0.04610000000000002 0.0145 0.004232852252195261
0.04750000000000002 0.01625 0.0058349364905389
0.04610000000000002 0.01275 0.006397915761656361
0.04741250000000002 0.01275 0.00719895788082818
0.04741250000000002 0.0145 0.00503389437136708
0.04980000000000002 0.0145 -0.002397915761656363
0.04854868243741441 0.01275 -0.006397915761656361
0.05966788197319791 0.01499989563769056 -0.001799548119259456
0.0609178819731979 0.01499989563769056 3.538837127944598e-05
0.06216788197319791 0.01499989563769056 -0.001799548119259454
0.05350000000000003 0.01275 -0.006397915761656361
0.07825000000000004 0.015 0.001834936490538901
0.07950000000000004 0.015 2.367264832720996e-18
0.08000228893290109 0.01487367006223536 0.001224744871391594
0.1065000000000001 0.0145 0.004232852252195269
0.05600000000000004 0.0145 0.004232852252195261
0.05350000000000003 0.0145 0.004232852252195261
0.05475000000000003 0.0145 0.002397915761656357
0.1114500000000001 0.0145 0.00423285225219525
0.1102011554807683 0.0145 0.002397128622173512
0.04855000000000002 0.0145 0.004232852252195261
0.1065000571620586 0.01275 0.006397915761656361
0.05350000000000003 0.01275 0.006397915761656361
0.09410000000000003 0.0145 0.004232852252195291
0.09660000000000005 0.0145 0.004232852252195269
0.09535000000000005 0.0145 0.002397915761656377
0.1114513175625857 0.01275 0.006397915761656361
0.04855000000000002 0.01275 0.006397915761656361
0.06582978995483735 0.01499946549243548 -8.008623524610673e-05
0.06457978995483733 0.01499946549243548 0.001754850255292792
0.06707978995483735 0.01499946549243548 0.001754850255292792
0.09040000000000004 0.0145 -0.002397915761656362
0.08915000000000003 0.0145 -0.004232852252195276
0.09165000000000004 0.0145 -0.004232852252195265
0.08670000000000004 0.0145 0.004232852252195263
0.08420000000000004 0.0145 0.004232852252195275
0.08335582334499902 0.01492386510001207 0.002787733571169934
0.08585582334499903 0.01492386510001207 0.002787733571169922
0.1077265568606292 0.01499938068307172 -0.001921142172404623
0.1102289239253274 0.01499938068307172 -0.001969411179433721
0.1089777123413974 0.01499938068307172 -8.699282134856372e-05
0.06216788197319791 0.01499989563769056 0.001870324861818349
0.0596678819731979 0.01499989563769056 0.001870324861818348
0.06835000000000004 0.0145 -0.004232852252195264
0.07085000000000004 0.0145 -0.004232852252195263
0.06960000000000005 0.0145 -0.002397915761656361
0.1089500000000001 0.0145 -0.004232852252195269
0.1075000000000001 0.01625 -0.005834936490538908
0.1089500000000001 0.01275 -0.006397915761656361
0.1076125000000001 0.01275 -0.00719895788082818
0.1076125000000001 0.0145 -0.005033894371367089
0.08175000000000004 0.01275 -0.006397915761656362
0.0340091266490818 0.0145 -0.004993096148849343
0.03601358243784013 0.0145 -0.00437381769762126
0.12755 0.012753836134666 0.00396518007956104
0.1065000000000001 0.0145 -0.004232852252195269
0.104 0.0145 -0.004232852252195216
0.1052501925801281 0.0145 -0.002398046951570146
0.05472500000000003 0.01499932556919687 -0.00192489600799316
0.05722500000000004 0.01499932556919687 -0.001924896007993165
0.05597500000000004 0.01499932556919687 -8.995951745426563e-05
0.04485000000000002 0.0145 0.002397915761656359
0.04357559677168199 0.0145 0.004358832220046492
0.1264928021667024 0.01497629788031091 0.001532788556362907
0.1246612705364312 0.01497629788031091 0.002508690492327788
0.1250972064748413 0.01497629788031091 0.0005541113161942979
0.1139023670646982 0.0145 -0.004281121259224367
0.1125023670646982 0.01625 -0.005883205497568007
0.1139 0.01275 -0.006397915761656361
0.1125875 0.01275 -0.00719895788082818
0.1125898670646982 0.0145 -0.005082163378396187
0.04243750000000002 0.0145 -0.005033894371367082
0.04360000000000001 0.0145 -0.004232852252195263
0.04115000000000001 0.0145 -0.004232852252195263
0.1065000000000001 0.01275 -0.006397915761656361
0.07673623263840687 0.01491116058630123 0.002863615508969292
0.07580000000000003 0.0145 0.004232852252195263
0.07330000000000005 0.0145 0.004232852252195267
0.07423623263840688 0.01491116058630123 0.002863615508969296
0.100300032096688 0.0145 -0.002397937626641971
0.09905000000000003 0.0145 -0.004232852252195242
0.10155 0.0145 -0.004232852252195216
0.03345338247625532 0.01497632397693103 0.001461988272188585
0.03490126544915505 0.01497632397693103 0.0005111689757872254
0.03537718893289137 0.01497632397693103 0.002459435070070084
0.1114523670646982 0.0145 -0.004281121259224367
0.11145 0.01275 -0.006397915761656361
0.04607151655914885 0.01499932441871692 -9.003620930970351e-05
0.04732151655914885 0.01499932441871692 -0.001924972699848604
0.04482151655914884 0.01499932441871692 -0.001924972699848604
0.08420000000000004 0.01275 0.006397915761656361
0.08250000000000007 0.01625 0.005834936490538914
0.08335582334499902 0.01317386510001207 0.00495279708063102
0.05845000000000004 0.0145 -0.004232852252195265
0.06095000000000005 0.0145 -0.004232852252195263
0.04112559677168199 0.0145 0.004358832220046492
0.04241309677168199 0.0145 0.005159874339218311
0.0522747657519135 0.014999910598946 -0.001802182793717309
0.0510247657519135 0.014999910598946 3.275369682158749e-05
0.09401642197384751 0.01499903354942314 -0.0001076869207267929
0.0927664219738475 0.01499903354942314 -0.001942623411265714
0.09526642197384749 0.01499903354942314 -0.00194262341126569
0.07500000000000008 0.01625 0.005834936490538906
0.07580000000000003 0.01275 0.006397915761656361
0.07250000000000008 0.01625 0.005834936490538906
0.07330000000000003 0.01275 0.006397915761656361
0.08670000000000004 0.01275 0.006397915761656361
0.08750000000000008 0.01625 0.005834936490538902
0.08500000000000008 0.01625 0.005834936490538914
0.03605358063009186 0.0145 0.004324855082673632
0.03850358063009186 0.0145 0.004324855082673632
0.03731608063009186 0.0145 0.005125897201845451
0.1239864175621599 0.0145 0.004373817697621239
0.1258179491924311 0.0145 0.003397915761656357
0.1227239175621599 0.0145 0.005174859816793058
0.1215364175621599 0.0145 0.004373817697621239
0.03584285714285715 0.01275 -0.006397915761656361
0.03710535714285715 0.01275 -0.00719895788082818
0.03695643958069728 0.01625 -0.0059759019359649
0.03727608243784013 0.0145 -0.00517485981679308
0.03472595015758255 0.01492311754925903 -0.0009787600595365961
0.03350565911036839 0.01497632397693103 -0.0004675042509471934
0.06340000000000004 0.0145 0.004232852252195263
0.06590000000000004 0.0145 0.004232852252195263
0.1239464193699082 0.0145 -0.004324855082673664
0.1259933290392905 0.0145 -0.004969202130486985
0.0522747657519135 0.014999910598946 0.001867690187360489
0.05352476575191351 0.014999910598946 3.275369682158489e-05
0.05722500000000003 0.01499932556919687 0.001744976973084639
0.06457978995483733 0.01499946549243548 -0.001915022725785011
0.06707978995483733 0.01499946549243548 -0.001915022725785013
0.03173205080756887 0.01625383613466599 -0.002567264317904699
0.04857151655914885 0.01499932441871692 -9.003620930970351e-05
0.1077265568606292 0.01499938068307172 0.001748730808673192
0.1151500950259511 0.0145 -0.00239791576165644
0.1164246276101333 0.0145 -0.004358952623071535
0.07673623263840687 0.01316116058630123 0.00502867901843039
0.06095000000000005 0.0145 0.004232852252195263
0.05845000000000003 0.0145 0.004232852252195261
0.039959297682821 0.0145 0.002410751987140291
0.03846358243784014 0.0145 -0.00437381769762126
0.039959297682821 0.0145 -0.00238507953617243
0.05600000000000004 0.0145 -0.004232852252195265
0.04732151655914885 0.01499932441871692 0.001744900281229198
0.0497747657519135 0.014999910598946 0.001867690187360489
0.1273849489795919 0.012125 0.00719895788082818
0.1287625 0.01226260906514007 0.006020654482061134
0.1188746276101333 0.0145 -0.004358952623071535
0.1200407555518068 0.0145 -0.002410772054311185
0.1214964193699082 0.0145 -0.004324855082673664
0.03177360830279952 0.01323016011159703 0.002099760066957492
0.0316797741734558 0.016253836134666 0.002496756841040451
0.03333027926350905 0.01497632397693103 0.00310378211788342
0.1188500000000001 0.0145 0.004232852252195271
0.1200407555518068 0.0145 0.002385059469001537
0.09276642197384749 0.01499903354942314 0.001727249569812121
0.1265450788008155 0.01497629788031091 -0.0003967039667728989
0.1252665301555813 0.01492386510001106 -0.0009314743208059271
0.1250480162080611 0.01625 0.006595180387192976
0.05847500000000004 0.01499932556919687 -8.995951745426303e-05
0.1015500000000001 0.0145 0.00423285225219529
0.09905000000000005 0.01275 0.006397915761656361
0.1000000000000001 0.01625 0.00583493649053893
0.09750000000000007 0.01625 0.005834936490538908
0.09905000000000005 0.0145 0.004232852252195269
0.1015500024799589 0.01275 0.006397915761656361
0.1025000024799589 0.01625 0.00583493649053893
0.08913767725684518 0.01499762432256097 0.0001688267911944979
0.08788767725684518 0.01499762432256097 -0.001666109699344417
0.03495198379193894 0.01625 -0.006595180387192983
0.1175871276101333 0.0145 -0.005159994742243355
0.06340000000000004 0.0145 -0.004232852252195263
0.06590000000000004 0.0145 -0.004232852252195264
0.1175928692905734 0.01275 0.00719895788082818
0.1164303692905735 0.01275 0.006397915761656361
0.1175303692905735 0.01625 0.00583493649053891
0.1164000000000001 0.0145 0.004232852252195271
0.1175625000000001 0.0145 0.00503389437136709
0.1241571428571429 0.01275 -0.006397915761656361
0.1230035622270511 0.01625 -0.005926939321017302
0.1228946428571429 0.01275 -0.00719895788082818
0.1226839193699082 0.0145 -0.005125897201845483
0.09165000000000004 0.01275 0.006397915761656361
0.08915000000000005 0.01275 0.006397915761656361
0.09000000000000008 0.01625 0.005834936490538902
0.08915000000000005 0.0145 0.004232852252195263
0.09250000000000005 0.01625 0.00583493649053893
0.09165000000000004 0.0145 0.004232852252195291
0.06590000000000004 0.01275 -0.006397915761656361
0.06500000000000006 0.01625 -0.005834936490538902
0.06750000000000006 0.01625 -0.005834936490538904
0.06340000000000004 0.01275 -0.006397915761656361
0.06250000000000006 0.01625 -0.005834936490538902
0.05845000000000004 0.01275 -0.006397915761656361
0.06095000000000005 0.01275 -0.006397915761656361
0.05750000000000005 0.01625 -0.005834936490538904
0.06000000000000005 0.01625 -0.005834936490538904
0.06832978995483735 0.01499946549243548 -8.008623524610933e-05
0.06750000000000006 0.01625 0.005834936490538902
0.06590000000000004 0.01275 0.006397915761656361
0.06500000000000006 0.01625 0.005834936490538902
0.06340000000000004 0.01275 0.006397915761656361
0.06250000000000006 0.01625 0.005834936490538902
0.05600000000000004 0.01275 -0.006397915761656361
0.05500000000000004 0.01625 -0.005834936490538904
0.09038767725684518 0.01499762432256097 0.002003763281733429
0.0878876772568452 0.01499762432256097 0.0020037632817334
0.05000000000000003 0.01625 -0.005834936490538902
0.0915164219738475 0.01499903354942314 -0.0001076869207268102
0.06341788197319792 0.01499989563769056 3.538837127945031e-05
0.03494952810356668 0.01625 0.006571286368830608
0.1250504718964334 0.01625 -0.006571286368830624
0.04370227732952946 0.01499941539987165 8.375475976274158e-05
0.04242787410121143 0.01499941539987165 0.002044671218152875
0.07085000000000005 0.0145 0.004232852252195267
0.07000000000000008 0.01625 0.005834936490538906
0.06835000000000004 0.01275 0.006397915761656361
0.07085000000000004 0.01275 0.006397915761656361
0.06835000000000005 0.0145 0.004232852252195263
0.1064767494407573 0.01499938068307172 -8.633687177950013e-05
0.04242200546399319 0.01275 -0.00719895788082818
0.0435845054639932 0.01275 -0.006397915761656361
0.04248450546399319 0.01625 -0.005834936490538902
0.05750000000000004 0.01625 0.0058349364905389
0.05845000000000004 0.01275 0.006397915761656361
0.06095000000000005 0.01275 0.006397915761656361
0.06000000000000005 0.01625 0.0058349364905389
0.1126340715454227 0.01499387319389869 0.002106016064580826
0.1113852270261908 0.01499387319389869 0.000270292434559088
0.1283202258265442 0.01625383613466599 -0.002496756841040502
0.08250000000000007 0.01625 -0.005834936490538902
0.08420000000000004 0.0145 -0.004232852252195263
0.08420000000000004 0.01275 -0.006397915761656361
0.08670000000000004 0.01275 -0.006397915761656361
0.08500000000000008 0.01625 -0.005834936490538902
0.08670000000000003 0.0145 -0.004232852252195276
0.08750000000000006 0.01625 -0.005834936490538916
0.04113450546399319 0.01275 -0.006397915761656361
0.1040000024799589 0.01275 0.006397915761656361
0.1050000024799589 0.01625 0.005834936490538908
0.1040000000000001 0.0145 0.00423285225219529
0.05500000000000003 0.01625 0.0058349364905389
0.05600000000000004 0.01275 0.006397915761656361
0.04247559677168199 0.01625 0.005960916458390132
0.04360000000000001 0.01275 0.006397915761656361
0.04243750000000002 0.01275 0.00719895788082818
0.1100000571620587 0.01625 0.00583493649053889
0.036996437772949 0.01625 0.005926939321017271
0.03584285714285715 0.01275 0.006397915761656361
0.03710535714285715 0.01275 0.00719895788082818
0.04245227732952945 0.01499941539987165 -0.001751181730776158
0.04126157501235043 0.01499941539987165 9.65909852466739e-05
0.1213030782949688 0.01499762432256091 -0.0001816830838516478
0.1227987403053219 0.01499762432256091 0.001807075144768055
0.03719697667750396 0.01499758773077875 -0.002146023691223325
0.03869269192248483 0.01499758773077875 -0.0001572855297744948
0.1188803692905735 0.01275 0.006397915761656361
0.05000000000000003 0.01625 0.0058349364905389
0.07201038322845585 0.01499342795939732 -0.001554185185084162
0.07076038322845585 0.01499342795939732 0.0002807513054547397
0.09410000000000004 0.01275 0.006397915761656361
0.09660000000000005 0.01275 0.006397915761656361
0.09500000000000006 0.01625 0.00583493649053893
0.1126364386101208 0.01499387319389869 -0.00161212592352607
0.03723697486975569 0.01499758773077875 0.001756817565758846
0.1000000000000001 0.01625 -0.005834936490538881
0.09750000000000006 0.01625 -0.005834936490538881
0.09000000000000005 0.01625 -0.005834936490538916
0.09250000000000005 0.01625 -0.005834936490538905
0.07000000000000006 0.01625 -0.005834936490538902
0.09500000000000006 0.01625 -0.005834936490538905
0.07250000000000006 0.01625 -0.005834936490538902
0.07500000000000007 0.01625 -0.005834936490538902
0.07750000000000007 0.01625 -0.00583493649053891
0.1025 0.01625 -0.005834936490538855
0.09165000000000004 0.01275 -0.006397915761656361
0.08915000000000005 0.01275 -0.006397915761656361
0.1050000000000001 0.01625 -0.005834936490538908
0.1151340715454227 0.01499387319389869 0.002106016064580847
0.1138841665713737 0.01499387319389869 0.0002710795740418575
0.1028185534881524 0.01499382026918771 -0.001562689211994995
0.1040687460682804 0.01499382026918771 0.0002721160886300751
0.1241571428571429 0.01275 0.006397915761656361
0.1228946428571429 0.01275 0.00719895788082818
0.1230435604193028 0.01625 0.005975901935964878
0.04115000000000001 0.01275 0.006397915761656361
0.09782500000000005 0.01499071435546177 0.002168615245128157
0.09657500000000004 0.01499071435546177 0.0003336787545892653
0.03177360830279952 0.01323016011159702 -0.00103476856885188
0.03829285714285716 0.01275 -0.006397915761656361
0.06835000000000004 0.01275 -0.006397915761656361
0.07085000000000004 0.01275 -0.006397915761656361
0.1175246276101334 0.01625 -0.005961036861415175
0.1188500000000001 0.01275 -0.006397915761656361
0.1175625000000001 0.01275 -0.00719895788082818
0.1028185534881524 0.01499382026918771 0.00210718376908279
0.1053185534881524 0.01499382026918771 0.002107183769082768
0.1015685855848404 0.01499382026918771 0.0002722254135582496
0.1227587421130702 0.01499762432256091 -0.002095766112214126
0.09907503209668804 0.01499071435546177 0.0003336568896036386
0.09782500000000002 0.01499071435546177 -0.001501257735949632
0.1100023670646982 0.01625 -0.005883205497568007
0.03829285714285716 0.01275 0.006397915761656361
0.07330000000000003 0.01275 -0.006397915761656361
0.07580000000000003 0.01275 -0.006397915761656361
0.07330000000000003 0.0145 -0.004232852252195263
0.07580000000000003 0.0145 -0.004232852252195271
0.1217071428571429 0.01275 0.006397915761656361
0.09410000000000004 0.0145 -0.004232852252195265
0.09660000000000002 0.0145 -0.004232852252195242
0.1040000000000001 0.01275 -0.006397915761656361
0.1150013175625857 0.01625 0.00583493649053891
0.1217071428571429 0.01275 -0.006397915761656361
0.1176303608421477 0.01499456799579139 0.002090190371672187
0.1188211163939544 0.01499456799579139 0.0002423975884784527
0.117654988452281 0.01499456799579139 -0.001705782980281897
0.07700000000000004 0.015 -1.102182119232618e-18
0.07548623263840687 0.01491116058630123 0.00102867901843039
0.1163804558680987 0.01499456799579139 0.0002552538811331981
0.0449986824374144 0.01625 -0.005834936490538902
0.09410000000000004 0.01275 -0.006397915761656361
0.09660000000000005 0.01275 -0.006397915761656361
0.1164000000000001 0.01275 -0.006397915761656361
0.04497559677168199 0.01625 0.005960916458390132
0.1015500000000001 0.01275 -0.006397915761656361
0.09905000000000005 0.01275 -0.006397915761656361
0.08602514702573291 0.01497629788031079 -0.002367725046903203
0.08352514702573291 0.01497629788031079 -0.002367725046903189
0.1003250000000001 0.01499071435546177 0.002168615245128178
0.08050000000000004 0.015 2.367264832720996e-18
0.08000228893290109 0.01487367006223536 -0.001224744871391584
0.08460582334499903 0.01492386510001207 0.0009527970806310192
0.1282248529742713 0.01323013401497691 -0.001034475761541783
0.03676105138601936 0.01499758773077875 -0.0001914485285240127
0.1150246276101333 0.01625 -0.005961036861415175
0.07201038322845585 0.01499342795939732 0.002115687795993646
0.06951038322845585 0.01499342795939732 0.002115687795993641
0.1232346762437321 0.01499762432256091 -0.0001475040313654358
0.08300000000000003 0.015 -1.969543857221021e-18
0.08175000000000004 0.015 -0.001834936490538903
0.07825000000000003 0.015 -0.001834936490538911
0.03382755102040817 0.012125 -0.006397915761656361
0.07647988171147996 0.01497670842177771 -0.002363099761745218
0.07397988171147997 0.01497670842177771 -0.002363099761745209
0.03245000000000001 0.012753836134666 0.00396518007956104
0.03400667096070954 0.0145 0.004969202130486968
0.08352514702573291 0.01322629788031079 -0.004532788556364287
0.1201464193699082 0.01625 -0.005926939321017302
0.03985358063009186 0.01625 0.005926939321017271
0.08477514702573291 0.01497629788031079 -0.0005327885563642881
0.07522988171147998 0.01497670842177771 -0.0005281632712063073
0.07647988171147997 0.01322670842177771 -0.004528163271206307
0.08663767725684518 0.01499762432256097 0.0001688267911944979
0.03979808790183331 0.01625 -0.0059759019359649
0.1202167868527333 0.01625 0.005975901935964878
0.0312375 0.012753836134666 0.004766222198732859
0.0312375 0.01226260906514007 0.006020654482061136
0.1261724489795919 0.012125 -0.006397915761656361
0.07326038322845585 0.01499342795939732 0.0002807513054547397
0.03177360830279952 0.01497632397693103 0.0005324957490528067
0.03382755102040817 0.012125 0.006397915761656361
0.1282248529742713 0.01497629788031091 0.0005327885563629041
0.1282248529742713 0.01323013401497691 0.002100052874267589
0.1282679491924311 0.016253836134666 0.002567264317904675
0.03261505102040817 0.012125 -0.00719895788082818
0.03261505102040817 0.012125 0.00719895788082818
0.1273849489795919 0.012125 -0.00719895788082818
0.0312375 0.01226260906514007 -0.006020654482061145
0.1287625 0.01226260906514007 -0.006020654482061145
0.03279417096070954 0.0145 0.005770244249658787
0.03245000000000001 0.01226260906514007 -0.005219612362889325
0.12755 0.01226260906514007 -0.005219612362889325
0.07825000000000004 0.01325 0.003999999999999999
0.08175000000000004 0.01325 0.003999999999999999
0.07825000000000004 0.01325 -0.004000000000000001
0.08175000000000004 0.01325 -0.004000000000000001
0.08125000000000007 0.01625 0.004000000000000004
0.07875000000000007 0.01625 -0.003999999999999997
0.08125000000000007 0.01625 -0.003999999999999997
0.08210582334499902 0.01492386510001207 0.0009527970806310236
0.08000000000000007 0.01625 -0.00583493649053891
$EndNodes
$Elements
10 5951 1 5951
3 2 11 748
1 1995 5909 5918 5920 5932 5933 5934 5935 5936 5937 
2 1939 5913 5906 5915 5938 5939 5940 5941 5942 5943 
3 1881 5903 5910 5927 5944 5945 5946 5947 5948 5949 
4 5785 5910 2025 5923 5950 5951 5952 5953 5954 5955 
5 1881 5910 2012 5927 5946 5956 2266 5947 5957 5948 
6 1881 5903 203 5910 5944 5958 2125 5946 5959 5945 
7 203 5903 1882 5910 5958 5960 2128 5959 5961 5945 
8 1882 5903 1999 5910 5960 5962 2271 5961 5963 5945 
9 1999 5910 5903 5924 5963 5945 5962 5964 5965 5966 
10 1995 1916 5909 5920 2416 5967 5932 5935 5937 5968 
11 1888 2025 5785 5910 2068 5952 5969 5970 5950 5951 
12 1995 5909 1974 5918 5932 5971 2622 5934 5972 5933 
13 5908 5914 1978 5916 5973 5974 5975 5976 5977 5978 
14 5910 5923 1884 5927 5955 5979 5980 5948 5981 5982 
15 1995 5918 5907 5920 5934 5983 5984 5935 5985 5936 
16 1995 5907 1913 5920 5984 5986 2405 5935 5987 5985 
17 5786 1884 2021 5910 5988 2086 5989 5990 5991 5980 
18 2021 5910 1884 5927 5991 5980 2086 5992 5981 5948 
19 1884 5910 5788 5923 5980 5993 5994 5979 5995 5955 
20 1951 1896 5903 5911 2334 5996 5997 5998 5999 6000 
21 1994 5908 1978 5916 6001 5975 2634 6002 5977 5976 
22 1953 5913 1939 5915 6003 5938 2540 6004 5941 5943 
23 5903 5911 1981 5919 5999 6005 6006 6007 6008 6009 
24 1951 1896 1981 5903 2334 2316 2336 5997 6006 5996 
25 1914 5907 5912 5922 6010 6011 6012 6013 6014 6015 
26 1949 5913 5908 5915 6016 6017 6018 6019 6020 5943 
27 1914 5912 2000 5922 6012 6021 2411 6013 6022 6014 
28 2005 5908 1953 5915 6023 6024 2543 6025 6004 6020 
29 1907 2007 1996 5905 2389 2390 2376 6026 6027 6028 
30 1981 5903 1896 5911 6006 5996 2316 6005 6000 5999 
31 1901 1996 5905 5911 2357 6027 6029 6030 6031 6032 
32 1990 5905 2000 5912 6033 6034 2356 6035 6021 6036 
33 1957 5909 5914 5916 6037 6038 6039 6040 5978 6041 
34 1953 5908 5913 5915 6024 6017 6003 6004 5943 6020 
35 1996 1902 1901 5905 2358 2352 2357 6027 6029 6042 
36 2022 1978 5914 5916 2633 5974 6043 6044 5978 5977 
37 1907 5905 1996 5925 6026 6027 2376 6045 6046 6047 
38 1902 1900 1901 5905 2353 2348 2352 6042 6029 6048 
39 1892 1981 5911 5919 2311 6005 6049 6050 6009 6008 
40 5905 5911 1996 5925 6031 6032 6027 6047 6046 6051 
41 1914 5907 1912 5912 6010 6052 2408 6012 6053 6011 
42 1894 5905 1892 5911 6054 6055 2312 6056 6049 6031 
43 1976 1974 1995 5909 2628 2622 2430 6057 5932 5971 
44 1931 1939 5906 5915 2503 5940 6058 6059 5942 5941 
45 5786 5788 1884 5910 5813 5994 5988 5990 5980 5993 
46 1907 1946 2007 5905 2387 2388 2389 6026 6028 6060 
47 1900 1901 5905 5911 2348 6029 6048 6061 6031 6030 
48 1975 5909 2022 5914 6062 6063 2631 6064 6043 6038 
49 2022 5914 5909 5916 6043 6038 6063 6044 6041 5978 
50 2000 1990 1900 5905 2356 2341 2355 6034 6048 6033 
51 1983 1914 2004 5907 2417 2419 2420 6065 6066 6010 
52 1983 2004 1944 5907 2420 2567 2495 6065 6067 6066 
53 1914 1912 2000 5912 2408 2410 2411 6012 6021 6053 
54 1902 2000 1900 5905 2354 2355 2353 6042 6048 6034 
55 1913 1911 1912 5907 2404 2330 2403 5986 6052 6068 
56 1913 1912 1914 5907 2403 2408 2409 5986 6010 6052 
57 1976 1995 1916 5909 2430 2416 2428 6057 5967 5932 
58 1881 2008 2012 5910 2129 2268 2266 5946 5956 6069 
59 1891 5903 1981 5919 6070 6006 2265 6071 6008 6007 
60 1938 5909 1957 5916 6072 6037 2537 6073 6040 6041 
61 1951 5903 1898 5911 5997 6074 2335 5998 6075 5999 
62 2005 1953 1939 5915 2543 2540 2542 6025 5941 6004 
63 1946 5905 1907 5925 6060 6026 2387 6076 6045 6047 
64 1892 5911 5905 5919 6049 6031 6055 6050 6077 6009 
65 1893 1892 1894 5905 2217 2312 2313 6078 6054 6055 
66 1948 1947 1935 5906 2522 2516 2521 6079 6080 6081 
67 1911 1912 5907 5912 2330 6052 6068 6082 6011 6053 
68 1881 1981 1891 5903 2264 2265 2135 5944 6070 6006 
69 1903 5903 1967 5927 6083 6084 2351 6085 6086 5949 
70 1994 1978 2022 5916 2634 2633 2530 6002 6044 5977 
71 1888 5785 5789 5910 5969 5799 6087 5970 6088 5950 
72 2000 5912 5905 5922 6021 6036 6034 6022 6089 6014 
73 1915 1913 1914 5907 2413 2409 2412 6090 6010 5986 
74 204 5903 1891 5919 6091 6070 2131 6092 6071 6007 
75 1914 2004 5907 5922 2419 6066 6010 6013 6015 6093 
76 1881 1891 204 5903 2135 2131 2126 5944 6091 6070 
77 2000 5905 1902 5922 6034 6042 2354 6022 6094 6089 
78 2020 5908 1949 5913 6095 6018 2586 6096 6016 6017 
79 1915 1914 1983 5907 2412 2417 2418 6090 6065 6010 
80 2004 1944 5907 5922 2567 6067 6066 6093 6015 6097 
81 5904 5926 2018 5928 6098 6099 6100 6101 6102 6103 
82 1872 1892 5905 5919 2216 6055 6104 6105 6077 6050 
83 1952 5906 1939 5913 6106 5940 2531 6107 5938 5939 
84 1881 203 2008 5910 2125 2120 2129 5946 6069 5959 
85 206 1873 5905 5929 2139 6108 6109 6110 6111 6112 
86 1894 1990 5905 5911 2322 6033 6054 6056 6031 6113 
87 1915 1913 5907 5920 2413 5986 6090 6114 5985 5987 
88 204 203 1881 5903 219 2125 2126 6091 5944 5958 
89 1993 5908 1932 5916 6115 6116 2509 6117 6118 5976 
90 1893 1872 1892 5905 2218 2216 2217 6078 6055 6104 
91 1935 1934 1926 5906 2479 2468 2478 6080 6119 6120 
92 1935 1947 1934 5906 2516 2517 2479 6080 6120 6081 
93 1901 1996 5911 5925 2357 6032 6030 6121 6051 6046 
94 1882 1999 2009 5910 2271 2272 2130 5961 6122 5963 
95 5788 5910 5787 5923 5993 6123 5820 5995 6124 5955 
96 1903 1967 5903 5911 2351 6084 6083 6125 5999 6126 
97 1914 2000 2004 5922 2411 2365 2419 6013 6093 6022 
98 1947 5906 1961 5915 6081 6127 2578 6128 6129 5942 
99 1987 1923 1932 5908 2463 2454 2465 6130 6116 6131 
100 1951 1898 1896 5911 2335 2332 2334 5998 6000 6075 
101 1986 1949 5908 5915 2520 6018 6132 6133 6020 6019 
102 1995 1913 1916 5920 2405 2415 2416 5935 5968 5987 
103 1892 1891 1981 5919 2215 2265 2311 6050 6008 6071 
104 1990 1894 5905 5912 2322 6054 6033 6035 6036 6134 
105 1872 5905 1893 5912 6104 6078 2218 6135 6136 6036 
106 1948 5906 1935 5921 6079 6080 2521 6137 6138 6139 
107 204 1882 203 5903 2127 2128 219 6091 5958 5960 
108 1932 1993 2005 5908 2509 2510 2506 6116 6023 6115 
109 1938 1957 1993 5916 2537 2538 2539 6073 6117 6040 
110 1934 5906 1947 5915 6120 6081 2517 6140 6128 5942 
111 2025 5910 2047 5923 5951 6141 2301 5954 6142 5955 
112 1900 5905 1990 5911 6048 6033 2341 6061 6113 6031 
113 203 1882 2009 5910 2128 2130 2121 5959 6122 5961 
114 1992 1919 1928 5909 2443 2437 2445 6143 6144 6145 
115 2031 1991 5907 5918 2611 6146 6147 6148 5983 6149 
116 1915 5907 1983 5920 6090 6065 2418 6114 6150 5985 
117 1903 1905 5903 5924 2367 6151 6083 6152 5965 6153 
118 5748 2018 5926 5928 6154 6099 6155 6156 6103 6102 
119 1964 5907 1995 5918 6157 5984 2407 6158 5934 5983 
120 5786 5787 5788 5910 5816 5820 5813 5990 5993 6123 
121 5905 5912 206 5929 6036 6159 6109 6111 6110 6160 
122 1923 5908 1987 5915 6131 6130 2463 6161 6162 6020 
123 2005 1987 1932 5908 2507 2465 2506 6023 6116 6130 
124 5907 5918 1991 5920 5983 6149 6146 5985 6163 5936 
125 1888 2047 2025 5910 2300 2301 2068 5970 5951 6141 
126 2021 1887 5786 5910 2089 6164 5989 5991 5990 6165 
127 2041 5904 2024 5921 6166 6167 2550 6168 6169 6170 
128 2018 5904 2027 5926 6100 6171 2234 6099 6172 6098 
129 1987 2005 1939 5915 2507 2542 2505 6162 5941 6025 
130 1894 1897 1990 5911 2325 2326 2322 6056 6113 6173 
131 1987 5908 2005 5915 6130 6023 2507 6162 6025 6020 
132 1898 5903 1967 5911 6074 6084 2342 6075 6126 5999 
133 2016 5904 2041 5930 6174 6166 2563 6175 6176 6177 
134 1946 5919 5905 5925 6178 6077 6060 6076 6047 6179 
135 212 1982 211 5908 2175 2176 227 6180 6181 6182 
136 1986 1936 1922 5908 2460 2448 2459 6132 6183 6184 
137 206 1980 1873 5929 2144 2148 2139 6110 6112 6185 
138 1903 5903 1905 5925 6083 6151 2367 6186 6187 6188 
139 214 1970 213 5906 2187 2188 229 6189 6190 6191 
140 2038 5908 1997 5914 6192 6193 2617 6194 6195 5973 
141 1926 5906 1934 5915 6119 6120 2468 6196 6140 5942 
142 1893 5905 1894 5912 6078 6054 2313 6136 6134 6036 
143 2032 1884 5788 5923 2083 5994 6197 6198 5995 5979 
144 1963 2021 1884 5927 2280 2086 2279 6199 5981 5992 
145 5906 5913 1961 5915 5939 6200 6127 5942 6129 5943 
146 1919 5909 1992 5916 6145 6143 2443 6201 6202 6041 
147 1902 5905 1996 5922 6042 6027 2358 6094 6203 6089 
148 1873 5905 2023 5919 6108 6204 2220 6205 6206 6077 
149 210 1985 209 5909 2163 2164 225 6207 6208 6209 
150 2022 5909 1988 5916 6063 6210 2529 6044 6211 6041 
151 2003 5905 1873 5929 6212 6108 2223 6213 6112 6111 
152 206 1872 5905 5919 2138 6104 6109 6214 6077 6105 
153 1892 1981 1896 5911 2311 2316 2314 6049 6000 6005 
154 1986 5908 1922 5915 6132 6183 2459 6133 6215 6020 
155 1993 1997 2005 5908 2615 2603 2510 6115 6023 6193 
156 1931 5906 1927 5915 6058 6216 2474 6059 6217 5942 
157 210 209 1973 5909 225 2161 2162 6207 6218 6208 
158 2040 1887 2021 5910 2295 2089 2297 6219 5991 6165 
159 1942 5907 1991 5920 6220 6146 2500 6221 6163 5985 
160 1913 1995 1911 5907 2405 2406 2404 5986 6068 5984 
161 1915 1916 1913 5920 2414 2415 2413 6114 5987 5968 
162 1932 5908 1923 5916 6116 6131 2454 6118 6222 5976 
163 2023 5905 1946 5919 6204 6060 2394 6206 6178 6077 
164 1898 5903 1951 5927 6074 5997 2335 6223 6224 5949 
165 1944 1983 5907 5920 2495 6065 6067 6225 5985 6150 
166 212 211 1871 5908 227 2173 2174 6180 6226 6181 
167 2017 5903 1882 5919 6227 5960 2270 6228 6229 6007 
168 1882 5903 204 5919 5960 6091 2127 6229 6092 6007 
169 1967 5903 1898 5927 6084 6074 2342 6086 6223 5949 
170 1939 1937 1931 5906 2504 2501 2503 5940 6058 6230 
171 1934 1947 1949 5915 2517 2518 2519 6140 6019 6128 
172 1922 5908 1936 5916 6183 6184 2448 6231 6232 5976 
173 1941 5918 5909 5920 6233 5933 6234 6235 5937 5936 
174 2007 1996 5905 5922 2390 6027 6028 6236 6089 6203 
175 2041 2024 5904 5926 2550 6167 6166 6237 6098 6238 
176 1947 1961 1949 5915 2578 2579 2518 6128 6019 6129 
177 1938 1992 1928 5909 2490 2445 2489 6072 6144 6143 
178 5783 2043 5789 5910 6239 6240 5795 6241 6088 6242 
179 1923 1922 5908 5915 2452 6183 6131 6161 6020 6215 
180 1949 1994 1986 5908 2587 2526 2520 6018 6132 6001 
181 1923 5908 1922 5916 6131 6183 2452 6222 6231 5976 
182 5783 202 2043 5910 6243 2056 6239 6241 6242 6244 
183 2018 1959 5904 5928 2275 6245 6100 6102 6101 6246 
184 2016 2041 1943 5930 2563 2515 2561 6175 6247 6176 
185 1992 1938 1993 5916 2490 2539 2508 6202 6117 6073 
186 2041 2016 2024 5926 2563 2644 2550 6237 6238 6248 
187 5787 5910 5785 5923 6123 5950 5822 6124 5953 5955 
188 1973 5909 1975 5914 6218 6062 2626 6249 6064 6038 
189 1992 5909 1938 5916 6143 6072 2490 6202 6073 6041 
190 1900 1990 1897 5911 2341 2326 2340 6061 6173 6113 
191 209 5909 1985 5918 6208 6209 2164 6250 6251 5933 
192 1927 5906 1926 5915 6216 6119 2472 6217 6196 5942 
193 214 1970 5906 5917 2187 6191 6189 6252 6253 6254 
194 1957 5909 2037 5914 6037 6255 2552 6039 6256 6038 
195 206 5905 1873 5919 6109 6108 2139 6214 6205 6077 
196 2003 1946 2023 5905 2573 2394 2224 6212 6204 6060 
197 1944 5907 1942 5920 6067 6220 2494 6225 6221 5985 
198 2025 2047 1998 5923 2301 2640 2285 5954 6257 6142 
199 1980 2003 1873 5929 2222 2223 2148 6185 6112 6213 
200 5785 5787 5789 5910 5822 5818 5799 5950 6088 6123 
201 2022 1975 1976 5909 2631 2629 2630 6063 6057 6062 
202 2001 1872 1893 5912 2147 2218 2219 6258 6136 6135 
203 1953 1952 1939 5913 2541 2531 2540 6003 5938 6107 
204 1919 5909 1917 5920 6145 6259 2432 6260 6261 5937 
205 1917 5909 1916 5920 6259 5967 2422 6261 5968 5937 
206 1930 5909 1938 5920 6262 6072 2488 6263 6264 5937 
207 1990 1895 1894 5912 2323 2317 2322 6035 6134 6265 
208 1903 5911 5903 5925 6125 5999 6083 6186 6188 6051 
209 1938 5909 1928 5920 6072 6144 2489 6264 6266 5937 
210 1931 1927 1925 5915 2474 2471 2473 6059 6267 6217 
211 1973 5909 209 5918 6218 6208 2161 6268 6250 5933 
212 1903 1899 1967 5911 2349 2343 2351 6125 6126 6269 
213 1930 1938 1928 5920 2488 2489 2487 6263 6266 6264 
214 212 1982 5908 5913 2175 6182 6180 6270 6017 6271 
215 2003 2023 1873 5905 2224 2220 2223 6212 6108 6204 
216 1871 1978 5908 5914 2213 5975 6226 6272 5973 5974 
217 2010 5904 215 5928 6273 6274 2200 6275 6276 6101 
218 1921 1932 1923 5916 2453 2454 2451 6277 6222 6118 
219 1882 2017 1999 5903 2270 2273 2271 5960 5962 6227 
220 2014 2024 5904 5921 2548 6167 6278 6279 6170 6169 
221 1994 1936 5908 5916 2527 6184 6001 6002 5976 6232 
222 1964 1911 5907 5912 2400 6068 6157 6280 6011 6082 
223 5786 1887 5783 5910 6164 6281 5815 5990 6241 6165 
224 1986 1994 1936 5908 2526 2527 2460 6132 6184 6001 
225 2031 5907 1880 5918 6147 6282 2262 6148 6283 5983 
226 1999 5903 1909 5924 5962 6284 2399 5964 6285 5965 
227 2016 1943 2039 5930 2561 2562 2248 6175 6286 6247 
228 1982 211 5908 5914 2176 6181 6182 6287 5973 6288 
229 1970 213 5906 5913 2188 6190 6191 6289 5939 6290 
230 1991 5918 1941 5920 6149 6233 2499 6163 6235 5936 
231 2042 5783 1887 5910 6291 6281 2090 6292 6165 6241 
232 206 205 1872 5919 221 2137 2138 6214 6105 6293 
233 1971 5906 1970 5917 6294 6191 2290 6295 6254 6253 
234 2002 5907 1964 5918 6296 6157 2208 6297 6158 5983 
235 2005 1997 1953 5908 2603 2602 2543 6023 6024 6193 
236 2034 1953 5908 5913 2605 6024 6298 6299 6017 6003 
237 1928 5909 1919 5920 6144 6145 2437 6266 6260 5937 
238 1919 1917 5909 5916 2432 6259 6145 6201 6041 6300 
239 1930 1941 5909 5920 2496 6234 6262 6263 5937 6235 
240 2016 2039 5904 5930 2248 6301 6174 6175 6177 6286 
241 2018 2027 1875 5926 2234 2232 2111 6099 6302 6172 
242 1924 1986 1922 5915 2458 2459 2457 6303 6215 6133 
243 1985 5909 210 5914 6209 6207 2163 6304 6305 6038 
244 2022 1976 1988 5909 2630 2429 2529 6063 6210 6057 
245 2041 5904 2016 5926 6166 6174 2563 6237 6248 6098 
246 1982 5908 2038 5914 6182 6192 2254 6287 6194 5973 
247 2014 5904 2024 5926 6278 6167 2548 6306 6238 6098 
248 5903 5924 1905 5925 5965 6153 6151 6188 6187 6307 
249 2037 2033 1985 5909 2555 2637 2257 6255 6209 6308 
250 2041 5904 5921 5930 6166 6170 6168 6176 6309 6177 
251 1909 1999 2017 5903 2399 2273 2391 6284 6227 5962 
252 1949 2020 1994 5908 2586 2588 2587 6018 6001 6095 
253 1944 1942 5907 5922 2494 6220 6067 6097 6015 6310 
254 1944 1942 1929 5920 2494 2491 2493 6225 6311 6221 
255 210 5909 1973 5914 6207 6218 2162 6305 6249 6038 
256 1906 1905 5924 5925 2372 6153 6312 6313 6307 6187 
257 212 5908 1871 5913 6180 6226 2174 6270 6314 6017 
258 2033 5909 1941 5918 6308 6234 2554 6315 6233 5933 
259 2018 1959 2027 5904 2275 2590 2234 6100 6171 6245 
260 1975 1973 1974 5909 2626 2209 2625 6062 5971 6218 
261 1927 5906 1931 5930 6216 6058 2474 6316 6317 6318 
262 1909 5903 2017 5925 6284 6227 2391 6319 6320 6188 
263 1903 1956 5903 5927 2369 6321 6083 6085 5949 6322 
264 2003 5922 5905 5929 6323 6089 6212 6213 6111 6324 
265 1995 1964 1911 5907 2407 2400 2406 5984 6068 6157 
266 1957 2038 1997 5914 2616 2617 2614 6039 6195 6194 
267 2041 2024 1940 5921 2550 2547 2514 6168 6325 6169 
268 2033 1985 5909 5918 2637 6209 6308 6315 5933 6251 
269 1949 1961 5913 5915 2579 6200 6016 6019 5943 6129 
270 2018 1883 1959 5928 2114 2274 2275 6102 6246 6326 
271 1973 1974 5909 5918 2209 5971 6218 6268 5933 5972 
272 1903 5903 1956 5924 6083 6321 2369 6152 6327 5965 
273 1909 1906 5924 5925 2383 6312 6285 6319 6307 6313 
274 1909 5924 5903 5925 6285 5965 6284 6319 6188 6307 
275 1944 1929 1983 5920 2493 2440 2495 6225 6150 6311 
276 1871 5908 211 5914 6226 6181 2173 6272 6288 5973 
277 1956 5924 5903 5927 6327 5965 6321 6322 5949 6328 
278 2035 1970 1971 5906 2225 2290 2600 6329 6294 6191 
279 1988 5909 1917 5916 6210 6259 2426 6211 6300 6041 
280 1902 1996 2006 5922 2358 2362 2363 6094 6330 6203 
281 208 2002 5907 5929 2152 6296 6331 6332 6333 6334 
282 1880 5907 2031 5929 6282 6147 2262 6335 6336 6333 
283 1964 5907 2002 5912 6157 6296 2208 6280 6337 6011 
284 1903 1967 1956 5927 2351 2371 2369 6085 6322 6086 
285 1919 1917 1918 5920 2432 2424 2431 6260 6338 6261 
286 1930 1941 1938 5909 2496 2497 2488 6262 6072 6234 
287 2047 5910 1999 5924 6141 5963 2641 6339 5964 5966 
288 1941 1957 1938 5909 2536 2537 2497 6234 6072 6037 
289 1988 1916 1917 5909 2427 2422 2426 6210 6259 5967 
290 1921 1923 1922 5916 2451 2452 2446 6277 6231 6222 
291 1994 2022 1936 5916 2530 2528 2527 6002 6232 6044 
292 2031 1991 1955 5907 2611 2560 2610 6147 6340 6146 
293 5748 5926 5747 5928 6155 6341 5779 6156 6342 6103 
294 1972 5917 5904 5930 6343 6344 6345 6346 6177 6347 
295 1978 2020 1871 5908 2214 2210 2213 5975 6226 6095 
296 215 5904 2010 5917 6274 6273 2200 6348 6349 6344 
297 1989 5917 5906 5921 6350 6253 6351 6352 6139 6353 
298 1941 2037 1957 5909 2551 2552 2536 6234 6037 6255 
299 5903 5919 2017 5925 6007 6228 6227 6188 6320 6179 
300 2038 1982 2034 5908 2254 2228 2636 6192 6298 6182 
301 1927 1926 1925 5915 2472 2466 2471 6217 6267 6196 
302 1968 2017 1882 5919 2269 2270 2136 6354 6229 6228 
303 1888 5789 2043 5910 6087 6240 2065 5970 6242 6088 
304 1927 1969 1926 5906 2476 2477 2472 6216 6119 6355 
305 1871 5908 2020 5913 6226 6095 2210 6314 6096 6017 
306 208 5907 1880 5929 6331 6282 2149 6332 6335 6333 
307 2002 208 5907 5918 2152 6331 6296 6297 5983 6356 
308 1969 1935 1926 5906 2480 2478 2477 6355 6119 6080 
309 2029 1960 5904 5917 2308 6357 6358 6359 6344 6360 
310 2029 5904 1890 5917 6358 6361 2309 6359 6362 6344 
311 208 1880 5907 5918 2149 6282 6331 6356 5983 6283 
312 1948 1989 1947 5906 2576 2577 2522 6079 6081 6351 
313 5906 5917 1971 5930 6253 6295 6294 6318 6363 6347 
314 1997 2034 1953 5908 2604 2605 2602 6193 6024 6298 
315 1964 1910 1911 5912 2401 2328 2400 6280 6082 6364 
316 1964 1995 1974 5918 2407 2622 2206 6158 5972 5934 
317 2033 1941 1991 5918 2554 2499 2553 6315 6149 6233 
318 2038 2034 1997 5908 2636 2604 2617 6192 6193 6298 
319 1964 2002 1910 5912 2208 2402 2401 6280 6364 6337 
320 2010 5904 5928 5931 6273 6101 6275 6365 6366 6367 
321 1985 2037 5909 5914 2257 6255 6209 6304 6038 6256 
322 1899 1898 1967 5911 2337 2342 2343 6269 6126 6075 
323 1923 1924 1922 5915 2456 2457 2452 6161 6215 6303 
324 1895 1893 1894 5912 2318 2313 2317 6265 6134 6136 
325 1989 5906 1948 5921 6351 6079 2576 6352 6137 6139 
326 1959 2029 5904 5928 2277 6358 6245 6246 6101 6368 
327 1978 1994 2020 5908 2634 2588 2214 5975 6095 6001 
328 1970 5906 2035 5913 6191 6329 2225 6289 6369 5939 
329 214 213 1878 5906 229 2185 2186 6189 6370 6190 
330 206 5912 2001 5929 6159 6258 2145 6110 6371 6160 
331 2037 1941 2033 5909 2551 2554 2555 6255 6308 6234 
332 1942 1955 1991 5907 2559 2560 2500 6220 6146 6340 
333 2012 5910 2040 5927 5956 6219 2620 5957 6372 5948 
334 2002 5912 5907 5929 6337 6011 6296 6334 6333 6160 
335 1937 1931 5906 5930 2501 6058 6230 6373 6318 6317 
336 1975 1974 1976 5909 2625 2628 2629 6062 6057 5971 
337 2034 5908 1982 5913 6298 6182 2228 6299 6271 6017 
338 1904 1901 1903 5925 2360 2350 2359 6374 6186 6121 
339 1975 2022 1978 5914 2631 2633 2632 6064 5974 6043 
340 2007 1946 2028 5905 2388 2575 2572 6028 6375 6060 
341 1903 1905 1904 5925 2367 2368 2359 6186 6374 6187 
342 2023 5919 1946 5925 6206 6178 2394 6376 6076 6179 
343 2039 1972 5904 5930 2624 6345 6301 6286 6177 6346 
344 1901 5911 1903 5925 6030 6125 2350 6121 6186 6051 
345 202 5783 2042 5910 6243 6291 2055 6244 6292 6241 
346 206 1873 205 5919 2139 2140 221 6214 6293 6205 
347 1885 5785 2025 5923 6377 5952 2071 6378 5954 5953 
348 1935 5906 1969 5921 6080 6355 2480 6138 6379 6139 
349 1990 2000 1912 5912 2356 2410 2331 6035 6053 6021 
350 1988 1976 1916 5909 2429 2428 2427 6210 5967 6057 
351 1969 5906 1927 5921 6355 6216 2476 6379 6380 6139 
352 216 2010 215 5928 2199 2200 231 6381 6276 6275 
353 1968 1882 204 5919 2136 2127 2134 6354 6092 6229 
354 1962 2032 5923 5927 2241 6198 6382 6383 5982 6384 
355 2014 5904 2027 5921 6278 6171 2233 6279 6385 6170 
356 1920 1988 1917 5916 2435 2426 2434 6386 6300 6211 
357 5786 5783 5787 5910 5815 5817 5816 5990 6123 6241 
358 2007 2006 1996 5922 2570 2362 2390 6236 6203 6330 
359 1919 1920 1917 5916 2433 2434 2432 6201 6300 6386 
360 2027 5904 2014 5926 6171 6278 2233 6172 6306 6098 
361 2002 1964 1870 5918 2208 2205 2159 6297 6387 6158 
362 2007 5905 2028 5922 6028 6375 2572 6236 6388 6089 
363 1928 1919 1918 5920 2437 2431 2436 6266 6338 6260 
364 1930 1991 1941 5920 2498 2499 2496 6263 6235 6163 
365 2031 5907 1955 5929 6147 6340 2610 6336 6389 6333 
366 1896 1894 1892 5911 2315 2312 2314 6000 6049 6056 
367 2016 5926 5904 5931 6248 6098 6174 6390 6367 6391 
368 1903 1956 1905 5924 2369 2370 2367 6152 6153 6327 
369 1955 5907 1942 5922 6340 6220 2559 6392 6310 6015 
370 1927 5921 5906 5930 6380 6139 6216 6316 6318 6309 
371 2014 1940 2024 5921 2546 2547 2548 6279 6169 6325 
372 1960 5904 5917 5921 6357 6344 6360 6393 6353 6170 
373 1959 2027 5904 5921 2590 6171 6245 6394 6170 6385 
374 214 5906 1878 5917 6189 6370 2186 6252 6395 6253 
375 1972 2010 5904 5917 2293 6273 6345 6343 6344 6349 
376 5787 5783 5789 5910 5817 5795 5818 6123 6088 6241 
377 1959 1883 2029 5928 2274 2276 2277 6246 6368 6326 
378 2012 2008 2040 5910 2268 2296 2620 5956 6219 6069 
379 2010 5928 2044 5931 6275 6396 2204 6365 6397 6366 
380 1931 1987 1939 5915 2475 2505 2503 6059 5941 6162 
381 2018 5748 5746 5928 6154 5773 6398 6102 6399 6156 
382 5748 2018 1875 5926 6154 2111 6400 6155 6302 6099 
383 1998 1885 2025 5923 2284 2071 2285 6257 5954 6378 
384 208 207 2002 5929 223 2151 2152 6332 6334 6401 
385 1872 1891 1892 5919 2141 2215 2216 6105 6050 6071 
386 1962 2048 2032 5927 2609 2283 2241 6383 6384 6402 
387 2020 1949 1961 5913 2586 2579 2585 6096 6200 6016 
388 2003 2028 1946 5905 2574 2575 2573 6212 6060 6375 
389 2014 2027 2050 5921 2233 2592 2549 6279 6403 6385 
390 1878 5906 213 5913 6370 6190 2185 6404 6290 5939 
391 1878 1961 5906 5913 2249 6127 6370 6404 5939 6200 
392 2009 1999 2047 5910 2272 2641 2299 6122 6141 5963 
393 1972 5904 2010 5931 6345 6273 2293 6405 6365 6367 
394 2004 2000 1902 5922 2365 2354 2364 6093 6094 6022 
395 2035 5906 1952 5913 6329 6106 2598 6369 6107 5939 
396 1888 2043 2009 5910 2065 2124 2298 5970 6122 6242 
397 5907 5922 1955 5929 6015 6392 6340 6333 6389 6324 
398 1993 1932 1992 5916 2509 2455 2508 6117 6202 6118 
399 1963 1884 2048 5927 2279 2281 2282 6199 6402 5981 
400 2028 5905 2003 5922 6375 6212 2574 6388 6323 6089 
401 1939 1952 1937 5906 2531 2532 2504 5940 6230 6106 
402 1964 1974 1870 5918 2206 2207 2205 6158 6387 5972 
403 1901 1904 1996 5925 2360 2361 2357 6121 6046 6374 
404 1971 1952 5906 5930 2599 6106 6294 6363 6318 6406 
405 216 2044 2010 5928 2061 2204 2199 6381 6275 6396 
406 1977 1973 1975 5914 2172 2626 2627 6407 6064 6249 
407 1959 5904 1960 5921 6245 6357 2582 6394 6393 6170 
408 2039 2016 5904 5931 2248 6174 6301 6408 6367 6390 
409 1875 2027 2014 5926 2232 2233 2230 6302 6306 6172 
410 1998 2047 1999 5924 2640 2641 2398 6409 5964 6339 
411 2008 1887 2040 5910 2294 2295 2296 6069 6219 6165 
412 2018 5746 1883 5928 6398 6410 2114 6102 6326 6399 
413 1972 2039 5904 5931 2624 6301 6345 6405 6367 6408 
414 1917 1916 1915 5920 2422 2414 2421 6261 6114 5968 
415 2008 2042 1887 5910 2123 2090 2294 6069 6165 6292 
416 2002 2001 5912 5929 2154 6258 6337 6334 6160 6371 
417 2029 1890 5904 5928 2309 6361 6358 6368 6101 6411 
418 1952 2035 1971 5906 2598 2600 2599 6106 6294 6329 
419 1986 1934 1949 5915 2470 2519 2520 6133 6019 6140 
420 2002 1870 208 5918 2159 2155 2152 6297 6356 6387 
421 1956 5923 5924 5927 6412 6413 6327 6322 6328 5982 
422 2033 1991 2031 5918 2553 2611 2639 6315 6148 6149 
423 2047 1888 2009 5910 2300 2298 2299 6141 6122 5970 
424 2029 1960 1959 5904 2308 2582 2277 6358 6245 6357 
425 1984 2031 1880 5918 2261 2262 2160 6414 6283 6148 
426 2032 5788 5784 5923 6197 5809 6415 6198 6416 5995 
427 1909 2017 1908 5925 2391 2392 2384 6319 6417 6320 
428 1871 1977 1978 5914 2177 2212 2213 6272 5974 6407 
429 1878 5906 1989 5917 6370 6351 2252 6395 6350 6253 
430 1942 1991 1930 5920 2500 2498 2492 6221 6263 6163 
431 1947 1989 1961 5906 2577 2251 2578 6081 6127 6351 
432 1953 2035 1952 5913 2597 2598 2541 6003 6107 6369 
433 1975 1978 1977 5914 2632 2212 2627 6064 6407 5974 
434 1944 1945 1942 5922 2556 2557 2494 6097 6310 6418 
435 215 5904 1890 5928 6274 6361 2197 6276 6411 6101 
436 1936 2022 1988 5916 2528 2529 2450 6232 6211 6044 
437 2002 207 2001 5929 2151 2146 2154 6334 6371 6401 
438 1890 5904 215 5917 6361 6274 2197 6362 6348 6344 
439 2039 2036 1972 5930 2564 2623 2624 6286 6346 6419 
440 5746 5748 5747 5928 5773 5779 5777 6399 6342 6156 
441 2043 202 2009 5910 2056 2122 2124 6242 6122 6244 
442 1901 1899 1903 5911 2347 2349 2350 6030 6125 6269 
443 203 202 2008 5910 218 2119 2120 5959 6069 6244 
444 2037 2038 1957 5914 2258 2616 2552 6256 6039 6194 
445 2029 1890 1960 5917 2309 2306 2308 6359 6360 6362 
446 1998 2049 5923 5924 2286 6420 6257 6409 6413 6421 
447 1990 1912 1895 5912 2331 2329 2323 6035 6265 6053 
448 1933 1927 1931 5930 2482 2474 2481 6422 6317 6316 
449 1960 5917 1989 5921 6360 6350 2584 6393 6352 6353 
450 2044 5928 5749 5931 6396 6423 6424 6397 6425 6366 
451 1965 1871 2020 5913 2183 2210 2211 6426 6096 6314 
452 1945 1955 1942 5922 2558 2559 2557 6418 6310 6392 
453 1896 1897 1894 5911 2324 2325 2315 6000 6056 6173 
454 2034 2035 1953 5913 2229 2597 2605 6299 6003 6369 
455 1906 1904 1905 5925 2373 2368 2372 6313 6187 6374 
456 1937 5906 1952 5930 6230 6106 2532 6373 6406 6318 
457 1898 1951 1954 5927 2335 2344 2345 6223 6427 6224 
458 203 2009 202 5910 2121 2122 218 5959 6244 6122 
459 1973 1870 1974 5918 2165 2207 2209 6268 5972 6387 
460 2034 1874 2035 5913 2227 2226 2229 6299 6369 6428 
461 1982 2038 1879 5914 2254 2255 2178 6287 6429 6194 
462 5747 5928 5926 5931 6342 6103 6341 6430 6391 6366 
463 2037 1879 2038 5914 2256 2255 2258 6256 6194 6429 
464 208 1880 207 5929 2149 2150 223 6332 6401 6335 
465 2014 2050 1940 5921 2549 2544 2546 6279 6325 6403 
466 1998 2049 1885 5923 2286 2287 2284 6257 6378 6420 
467 1960 1989 1948 5921 2584 2576 2583 6393 6137 6352 
468 5749 2044 5743 5928 6424 6431 5755 6423 6432 6396 
469 1984 2033 2031 5918 2638 2639 2261 6414 6148 6315 
470 1909 1906 1979 5924 2383 2378 2385 6285 6433 6312 
471 2028 5922 2003 5929 6388 6323 2574 6434 6213 6324 
472 1956 1962 5923 5927 2238 6382 6412 6322 5982 6383 
473 1989 1878 1961 5906 2252 2249 2251 6351 6127 6370 
474 202 2042 2008 5910 2055 2123 2119 6244 6069 6292 
475 1972 1886 2010 5917 2291 2201 2293 6343 6349 6435 
476 1931 1925 1987 5915 2473 2464 2475 6059 6162 6267 
477 216 5743 2044 5928 6436 6431 2061 6381 6396 6432 
478 1986 1924 1934 5915 2458 2469 2470 6133 6140 6303 
479 208 1984 1880 5918 2158 2160 2149 6356 6283 6414 
480 1885 5790 5785 5923 6437 5802 6377 6378 5953 6438 
481 1967 1898 1954 5927 2342 2345 2346 6086 6427 6223 
482 207 206 2001 5929 222 2145 2146 6401 6371 6110 
483 1970 1874 213 5913 2189 2179 2188 6289 6290 6428 
484 1985 1879 2037 5914 2171 2256 2257 6304 6256 6429 
485 1917 1915 1918 5920 2421 2423 2424 6261 6338 6114 
486 1977 210 1973 5914 2169 2162 2172 6407 6249 6305 
487 2023 2017 5919 5925 2395 6228 6206 6376 6179 6320 
488 1906 1905 1979 5924 2372 2377 2378 6312 6433 6153 
489 1878 1965 1961 5913 2190 2250 2249 6404 6200 6426 
490 1932 1921 1992 5916 2453 2444 2455 6118 6202 6277 
491 1970 2035 1874 5913 2225 2226 2189 6289 6428 6369 
492 1985 210 1879 5914 2163 2168 2171 6304 6429 6305 
493 1872 205 1891 5919 2137 2132 2141 6105 6071 6293 
494 1940 1927 1933 5930 2484 2482 2483 6439 6422 6316 
495 1940 5921 1927 5930 6325 6380 2484 6439 6316 6309 
496 1971 1970 1886 5917 2290 2196 2289 6295 6435 6254 
497 2012 2040 1963 5927 2620 2621 2596 5957 6199 6372 
498 215 2010 1886 5917 2200 2201 2191 6348 6435 6349 
499 1982 1879 211 5914 2178 2167 2176 6287 6288 6429 
500 1877 5926 2016 5931 6440 6248 2247 6441 6390 6391 
501 1998 1999 1909 5924 2398 2399 2397 6409 6285 5964 
502 1871 211 1977 5914 2173 2170 2177 6272 6407 6288 
503 2034 1982 1874 5913 2228 2184 2227 6299 6428 6271 
504 2004 1902 2006 5922 2364 2363 2366 6093 6330 6094 
505 212 1874 1982 5913 2180 2184 2175 6270 6271 6428 
506 1955 5922 2028 5929 6392 6388 2569 6389 6434 6324 
507 1906 1909 1908 5925 2383 2384 2381 6313 6417 6319 
508 1959 1950 2027 5921 2580 2589 2590 6394 6385 6442 
509 1875 5744 5748 5926 6443 5769 6400 6302 6155 6444 
510 2020 1961 1965 5913 2585 2250 2211 6096 6426 6200 
511 1965 212 1871 5913 2181 2174 2183 6426 6314 6270 
512 1908 2023 1946 5925 2393 2394 2386 6417 6076 6376 
513 1929 1942 1930 5920 2491 2492 2486 6311 6263 6221 
514 2041 5921 1940 5930 6168 6325 2514 6176 6439 6309 
515 2023 1908 2017 5925 2393 2392 2395 6376 6320 6417 
516 2002 2001 1910 5912 2154 2321 2402 6337 6364 6258 
517 1959 1960 1948 5921 2582 2583 2581 6394 6137 6393 
518 1907 1996 1904 5925 2376 2361 2375 6045 6374 6046 
519 1950 1959 1948 5921 2580 2581 2524 6442 6137 6394 
520 1973 209 1870 5918 2161 2156 2165 6268 6387 6250 
521 1900 1899 1901 5911 2339 2347 2348 6061 6030 6269 
522 5749 5928 5747 5931 6423 6342 5778 6425 6430 6366 
523 1972 2011 2039 5931 2305 2244 2624 6405 6408 6445 
524 5744 1875 2013 5926 6443 2108 6446 6444 6447 6302 
525 5747 5749 5743 5928 5778 5755 5776 6342 6432 6423 
526 1911 1895 1912 5912 2327 2329 2330 6082 6053 6265 
527 2031 1955 2030 5929 2610 2613 2263 6336 6448 6389 
528 2033 1984 1985 5918 2638 2166 2637 6315 6251 6414 
529 1890 1966 1960 5917 2202 2307 2306 6362 6360 6449 
530 1880 2031 2030 5929 2262 2263 2259 6335 6448 6336 
531 1958 1956 5923 5924 2237 6412 6450 6451 6413 6327 
532 5784 5788 5787 5923 5809 5820 5819 6416 6124 5995 
533 1971 1886 1972 5917 2289 2291 2292 6295 6343 6435 
534 1951 2012 1963 5927 2595 2596 2593 6224 6199 5957 
535 1936 1988 1920 5916 2450 2435 2449 6232 6386 6211 
536 1878 213 1965 5913 2185 2182 2190 6404 6426 6290 
537 1876 2032 5784 5923 2080 6415 6452 6453 6416 6198 
538 1877 5750 5926 5931 6454 6455 6440 6441 6391 6456 
539 1926 1934 1924 5915 2468 2469 2467 6196 6303 6140 
540 5917 5921 5904 5930 6353 6170 6344 6347 6177 6309 
541 1877 5745 5750 5931 6457 5762 6454 6441 6456 6458 
542 5747 5748 5744 5926 5779 5769 5780 6341 6444 6155 
543 214 1886 1970 5917 2192 2196 2187 6252 6254 6435 
544 1950 1948 1935 5921 2524 2521 2523 6442 6138 6137 
545 5903 5924 5910 5927 5965 5966 5945 5949 5948 6328 
546 2045 5743 216 5928 6459 6436 2062 6460 6381 6432 
547 5905 5919 5911 5925 6077 6009 6031 6047 6051 6179 
548 1918 1915 1983 5920 2423 2418 2425 6338 6150 6114 
549 1925 1923 1987 5915 2461 2463 2464 6267 6162 6161 
550 209 1985 1984 5918 2164 2166 2157 6250 6414 6251 
551 1898 1897 1896 5911 2333 2324 2332 6075 6000 6173 
552 1966 1878 1989 5917 2195 2252 2253 6449 6350 6395 
553 5926 5928 5904 5931 6103 6101 6098 6391 6367 6366 
554 1877 2046 5745 5931 2099 6461 6457 6441 6458 6462 
555 2039 1943 2036 5930 2562 2534 2564 6286 6419 6247 
556 1962 2032 1876 5923 2241 2080 2239 6382 6453 6198 
557 1919 1992 1921 5916 2443 2444 2441 6201 6277 6202 
558 5905 5922 5912 5929 6089 6014 6036 6111 6160 6324 
559 2028 1955 1945 5922 2569 2558 2568 6388 6418 6392 
560 1922 1936 1920 5916 2448 2449 2447 6231 6386 6232 
561 2039 1877 2016 5931 2243 2247 2248 6408 6390 6441 
562 1908 1946 1907 5925 2386 2387 2382 6417 6045 6076 
563 2030 1955 2028 5929 2613 2569 2612 6448 6434 6389 
564 2050 2027 1950 5921 2592 2589 2591 6403 6442 6385 
565 2015 1877 5750 5926 2102 6454 6463 6464 6455 6440 
566 2023 2017 1968 5919 2395 2269 2221 6206 6354 6228 
567 1900 1897 1899 5911 2340 2338 2339 6061 6269 6173 
568 205 204 1891 5919 220 2131 2132 6293 6071 6092 
569 2013 182 5744 5926 2104 5765 6446 6447 6444 6465 
570 1911 1910 1895 5912 2328 2319 2327 6082 6265 6364 
571 5790 5787 5785 5923 5821 5822 5802 6438 5953 6124 
572 2043 7 202 5783 2051 217 2056 6239 6243 5794 
573 5743 8 216 2044 5753 232 6436 6431 2061 2058 
574 1910 2001 1893 5912 2321 2219 2320 6364 6136 6258 
575 216 215 1890 5928 231 2197 2198 6381 6411 6276 
576 1928 1929 1930 5920 2439 2486 2487 6266 6263 6311 
577 2004 2006 1944 5922 2366 2565 2567 6093 6097 6330 
578 2041 1940 1933 5930 2514 2483 2513 6176 6422 6439 
579 5750 5745 5747 5931 5762 5782 5781 6456 6430 6458 
580 5910 5924 5923 5927 5966 6413 5955 5948 5982 6328 
581 207 1980 206 5929 2143 2144 222 6401 6110 6185 
582 1956 1962 1876 5923 2238 2239 2235 6412 6453 6382 
583 1940 1969 1927 5921 2485 2476 2484 6325 6380 6379 
584 5750 5747 5926 5931 5781 6341 6455 6456 6391 6430 
585 1926 1924 1925 5915 2467 2462 2466 6196 6267 6303 
586 1998 1909 1979 5924 2397 2385 2396 6409 6433 6285 
587 5745 1877 180 2046 6457 2098 5757 6461 2094 2099 
588 185 2018 5748 5746 2109 6154 5770 5772 5773 6398 
589 1898 1899 1897 5911 2337 2338 2333 6075 6173 6269 
590 2015 2016 1877 5926 2246 2247 2102 6464 6440 6248 
591 2010 2044 1889 5931 2204 2093 2303 6365 6466 6397 
592 1922 1920 1921 5916 2447 2442 2446 6231 6277 6386 
593 1925 1924 1923 5915 2462 2456 2461 6267 6161 6303 
594 1910 1893 1895 5912 2320 2318 2319 6364 6265 6136 
595 5743 5749 8 2044 5755 5752 5753 6431 2058 6424 
596 1890 215 1966 5917 2197 2194 2202 6362 6449 6348 
597 5750 1877 180 5745 6454 2098 5761 5762 5757 6457 
598 1958 1956 1876 5923 2237 2235 2236 6450 6453 6412 
599 2045 2019 5743 5928 2118 6467 6459 6460 6432 6468 
600 5786 1884 161 2021 5988 2082 5811 5989 2084 2086 
601 1919 1921 1920 5916 2441 2442 2433 6201 6386 6277 
602 1873 2023 1968 5919 2220 2221 2142 6205 6354 6206 
603 1918 1983 1929 5920 2425 2440 2438 6338 6311 6150 
604 1960 1966 1989 5917 2307 2253 2584 6360 6350 6449 
605 1972 2010 1889 5931 2293 2303 2302 6405 6466 6365 
606 2013 2015 182 5926 2105 2100 2104 6447 6465 6464 
607 5790 2026 5784 5923 6469 6470 5806 6438 6416 6471 
608 2030 2028 2003 5929 2612 2574 2635 6448 6213 6434 
609 5783 2043 7 5789 6239 2051 5794 5795 5791 6240 
610 5911 5919 5903 5925 6009 6007 5999 6051 6188 6179 
611 185 2018 5746 1883 2109 6398 5772 2113 6410 2114 
612 183 2013 5744 1875 2103 6446 5764 2107 6443 2108 
613 2045 8 216 5743 2059 232 2062 6459 6436 5753 
614 1918 1929 1928 5920 2438 2439 2436 6338 6266 6311 
615 1937 1933 1931 5930 2502 2481 2501 6373 6317 6422 
616 205 1968 204 5919 2133 2134 220 6293 6092 6354 
617 5746 5743 2019 5928 5775 6467 6472 6399 6468 6432 
618 205 1873 1968 5919 2140 2142 2133 6293 6354 6205 
619 5745 5749 5747 5931 5759 5778 5782 6458 6430 6425 
620 1971 1937 1952 5930 6473 2532 2599 6363 6406 6373 
621 1998 1979 2049 5924 2396 2619 2286 6409 6421 6433 
622 1954 1951 1963 5927 2344 2593 2594 6427 6199 6224 
623 1883 5746 2019 5928 6410 6472 2117 6326 6468 6399 
624 2036 1937 1971 5930 2533 6473 2601 6419 6363 6373 
625 1966 214 1878 5917 2193 2186 2195 6449 6395 6252 
626 2019 187 2045 5743 2115 2060 2118 6467 6459 5754 
627 2011 1972 1889 5931 2305 2302 2304 6445 6466 6405 
628 5788 1884 161 5786 5994 2082 5810 5813 5811 5988 
629 2016 2015 2024 5926 2246 2643 2644 6248 6238 6464 
630 5912 5922 5907 5929 6014 6015 6011 6160 6333 6324 
631 2042 202 7 5783 2055 217 2054 6291 5794 6243 
632 5745 2046 1889 5931 6461 2096 6474 6458 6466 6462 
633 5745 1889 5749 5931 6474 6475 5759 6458 6425 6466 
634 2013 1875 2014 5926 2108 2230 2231 6447 6306 6302 
635 1885 2026 5790 5923 2074 6469 6437 6378 6438 6471 
636 213 1874 212 5913 2179 2180 228 6290 6270 6428 
637 5750 5747 5744 5926 5781 5780 5766 6455 6444 6341 
638 215 1886 214 5917 2191 2192 230 6348 6252 6435 
639 5784 5790 158 2026 5806 5803 5804 6470 2073 6469 
640 1945 2006 2007 5922 2566 2570 2571 6418 6236 6330 
641 1889 2044 5749 5931 2093 6424 6475 6466 6425 6397 
642 159 5784 2032 5788 5805 6415 2078 5807 6197 5809 
643 211 210 1977 5914 226 2169 2170 6288 6407 6305 
644 1885 156 2025 5785 2069 2067 2071 6377 5952 5798 
645 211 1879 210 5914 2167 2168 226 6288 6305 6429 
646 155 1888 2025 5785 2064 2068 2066 5797 5952 5969 
647 213 212 1965 5913 228 2181 2182 6290 6426 6270 
648 2026 1876 5784 5923 2077 6452 6470 6471 6416 6453 
649 1945 1944 2006 5922 2556 2565 2566 6418 6330 6097 
650 187 2019 5746 5743 2115 6472 5774 5754 5775 6467 
651 5906 5921 5917 5930 6139 6353 6253 6318 6347 6309 
652 1950 1935 1969 5921 2523 2480 2525 6442 6379 6138 
653 1967 1962 1956 5927 2607 2238 2371 6086 6322 6383 
654 2039 2011 1877 5931 2244 2242 2243 6408 6441 6445 
655 2041 1933 1943 5930 2513 2512 2515 6176 6247 6422 
656 1875 5744 183 5748 6443 5764 2107 6400 5768 5769 
657 5746 5747 5743 5928 5777 5776 5775 6399 6432 6342 
658 2042 163 1887 5783 2053 2088 2090 6291 6281 5793 
659 2049 2026 1885 5923 2288 2074 2287 6420 6378 6471 
660 1870 209 208 5918 2156 224 2155 6387 6356 6250 
661 209 1984 208 5918 2157 2158 224 6250 6356 6414 
662 1883 2019 2029 5928 2117 2278 2276 6326 6368 6468 
663 1958 5923 2049 5924 6450 6420 2618 6451 6421 6413 
664 2030 2003 1980 5929 2635 2222 2260 6448 6185 6213 
665 1979 1905 1958 5924 2377 2379 2380 6433 6451 6153 
666 1907 1904 1906 5925 2375 2373 2374 6045 6313 6374 
667 2050 1969 1940 5921 2545 2485 2544 6403 6325 6379 
668 1956 1958 1905 5924 2237 2379 2370 6327 6153 6451 
669 5787 5790 5784 5923 5821 5806 5819 6124 6416 6438 
670 1945 2007 2028 5922 2571 2572 2568 6418 6388 6236 
671 1876 5784 158 2026 6452 5804 2075 2077 2073 6470 
672 163 5786 1887 5783 5814 6164 2088 5793 6281 5815 
673 1967 1954 1962 5927 2346 2606 2607 6086 6383 6427 
674 159 5784 1876 2032 5805 6452 2076 2078 2080 6415 
675 1907 1906 1908 5925 2374 2381 2382 6045 6417 6313 
676 1954 1963 2048 5927 2594 2282 2608 6427 6402 6199 
677 2013 2014 2024 5926 2231 2548 2642 6447 6238 6306 
678 2015 1877 181 5750 2102 2097 2101 6463 5760 6454 
679 1980 207 1880 5929 2143 2150 2153 6185 6335 6401 
680 2046 179 5745 1889 2095 5758 6461 2096 6474 2091 
681 1966 215 214 5917 2194 230 2193 6449 6252 6348 
682 2013 2024 2015 5926 2642 2643 2105 6447 6464 6238 
683 156 1885 5790 5785 2069 6437 5800 5798 5802 6377 
684 179 5749 5745 1889 5756 5759 5758 2091 6474 6475 
685 5785 155 1888 5789 5797 2064 5969 5799 6087 5796 
686 1877 2011 2046 5931 2242 2245 2099 6441 6462 6445 
687 1952 2036 1937 1971 2535 2533 2532 2599 6473 2601 
688 2050 1950 1969 5921 2591 2525 2545 6403 6379 6442 
689 2026 2049 1958 5923 2288 2618 2240 6471 6450 6420 
690 2026 1958 1876 5923 2240 2236 2077 6471 6453 6450 
691 181 180 5750 1877 191 5761 5760 2097 6454 2098 
692 162 5786 2021 1887 5812 5989 2085 2087 2089 6164 
693 5746 2019 186 1883 6472 2116 5771 6410 2112 2117 
694 1979 1958 2049 5924 2380 2618 2619 6433 6421 6451 
695 183 182 5744 2013 193 5765 5764 2103 6446 2104 
696 160 2032 1884 5788 2079 2083 2081 5808 5994 6197 
697 2018 1875 184 5748 2111 2106 2110 6154 5767 6400 
698 182 181 5750 2015 192 5760 5763 2100 6463 2101 
699 1954 2048 1962 5927 2608 2609 2606 6427 6383 6402 
700 5790 1885 157 2026 6437 2070 5801 6469 2072 2074 
701 2032 160 159 5788 2079 170 2078 6197 5807 5808 
702 1980 1880 2030 5929 2153 2259 2260 6185 6448 6335 
703 184 183 5748 1875 194 5768 5767 2106 6400 2107 
704 1933 1937 1943 5930 2502 2511 2512 6422 6247 6373 
705 187 186 5746 2019 197 5771 5774 2115 6472 2116 
706 7 163 2042 5783 174 2053 2054 5794 6291 5793 
707 2025 156 155 5785 2067 166 2066 5952 5797 5798 
708 2029 2019 1890 5928 2278 2310 2309 6368 6411 6468 
709 178 8 5749 2044 188 5752 5751 2057 6424 2058 
710 154 7 2043 5789 164 2051 2052 5792 6240 5791 
711 2011 1889 2046 5931 2304 2096 2245 6445 6462 6466 
712 5790 157 158 2026 5801 168 5803 6469 2073 2072 
713 5786 162 163 1887 5812 173 5814 6164 2088 2087 
714 2045 216 1890 5928 2062 2198 2203 6460 6411 6381 
715 186 185 5746 1883 196 5772 5771 2112 6410 2113 
716 8 187 5743 2045 198 5754 5753 2059 6459 2060 
717 5786 161 162 2021 5811 172 5812 5989 2085 2084 
718 1889 178 5749 2044 2092 5751 6475 2093 6424 2057 
719 1937 2036 1943 5930 2533 2534 2511 6373 6247 6419 
720 154 2043 1888 5789 2052 2065 2063 5792 6087 6240 
721 185 184 5748 2018 195 5767 5770 2109 6154 2110 
722 158 159 5784 1876 169 5805 5804 2075 6452 2076 
723 179 178 5749 1889 189 5751 5756 2091 6475 2092 
724 155 154 1888 5789 165 2063 2064 5796 6087 5792 
725 1885 157 156 5790 2070 167 2069 6437 5800 5801 
726 161 160 1884 5788 171 2081 2082 5810 5994 5808 
727 2045 1890 2019 5928 2203 2310 2118 6460 6468 6411 
728 180 179 5745 2046 190 5758 5757 2094 6461 2095 
729 1951 5927 1981 2012 6224 6476 2336 2595 2267 5957 
730 1951 1981 5927 5903 2336 6476 6224 5997 5949 6006 
731 1881 1981 5927 2012 2264 6476 5947 2266 5957 2267 
732 1881 5927 1981 5903 5947 6476 2264 5944 6006 5949 
733 5908 5916 1997 5914 5976 6477 6193 5973 6195 5978 
734 5908 1997 5916 1993 6193 6477 5976 6115 6117 2615 
735 1957 1997 5916 5914 2614 6477 6040 6039 5978 6195 
736 1957 5916 1997 1993 6040 6477 2614 2538 2615 6117 
737 5912 1872 206 2001 6135 2138 6159 6258 2145 2147 
738 5912 206 1872 5905 6159 2138 6135 6036 6104 6109 
739 5927 2032 1884 2048 6384 2083 5981 6402 2281 2283 
740 5927 1884 2032 5923 5981 2083 6384 5982 6198 5979 
741 5924 2047 5923 1998 6339 6142 6413 6409 6257 2640 
742 5924 5923 2047 5910 6413 6142 6339 5966 6141 5955 
743 5927 2040 2021 5910 6372 2297 5992 5948 5991 6219 
744 5927 2021 2040 1963 5992 2297 6372 6199 2621 2280 
745 5930 1972 1971 2036 6346 2292 6363 6419 2601 2623 
746 5930 1971 1972 5917 6363 2292 6346 6347 6343 6295 
747 5926 182 5750 2015 6465 5763 6455 6464 6463 2100 
748 5926 5750 182 5744 6455 5763 6465 6444 5765 5766 
3 4 11 751
749 4017 6488 6481 6490 6507 6508 6509 6510 6511 6512 
750 6484 6494 4073 6495 6513 6514 6515 6516 6517 6518 
751 6480 6487 4024 6491 6519 6520 6521 6522 6523 6524 
752 6478 6485 3959 6502 6525 6526 6527 6528 6529 6530 
753 414 6478 3960 6485 6531 6532 4206 6533 6534 6525 
754 3959 6478 414 6485 6527 6531 4203 6526 6533 6525 
755 3960 6478 4077 6485 6532 6535 4349 6534 6536 6525 
756 3986 6487 6478 6491 6537 6538 6539 6540 6541 6524 
757 6485 6498 3962 6502 6542 6543 6544 6530 6545 6546 
758 5866 3962 4098 6485 6547 4164 6548 6549 6550 6544 
759 6483 6489 4052 6492 6551 6552 6553 6554 6555 6556 
760 4098 6485 3962 6502 6550 6544 4164 6557 6545 6530 
761 4077 6485 6478 6499 6536 6525 6535 6558 6559 6560 
762 4090 3959 6485 6502 4344 6526 6561 6562 6530 6529 
763 3994 6484 4073 6495 6563 6515 4494 6564 6517 6516 
764 3986 6478 4093 6491 6539 6565 4470 6540 6566 6541 
765 4055 4073 6484 6494 4700 6515 6567 6568 6513 6514 
766 5868 3962 6485 6498 6569 6544 6570 6571 6542 6543 
767 4073 6494 6482 6495 6514 6572 6573 6517 6574 6518 
768 3991 4073 6482 6495 4483 6573 6575 6576 6574 6517 
769 4017 4031 6488 6490 4618 6577 6507 6510 6512 6578 
770 6482 6486 3992 6497 6579 6580 6581 6582 6583 6584 
771 4100 4024 6487 6491 4472 6520 6585 6586 6524 6523 
772 4100 6480 4024 6491 6587 6521 4472 6586 6523 6522 
773 4078 3992 6486 6497 4489 6580 6588 6589 6584 6583 
774 4102 6483 4052 6492 6590 6553 4707 6591 6555 6554 
775 4029 3976 3974 6478 4413 4410 4412 6592 6593 6594 
776 4083 6483 4031 6490 6595 6596 4621 6597 6578 6598 
777 4126 3962 6498 6502 4359 6543 6599 6600 6546 6545 
778 4068 6480 4078 6486 6601 6602 4434 6603 6588 6604 
779 6484 6489 4035 6492 6605 6606 6607 6608 6609 6556 
780 5868 3962 5866 6485 6569 6547 5893 6570 6549 6544 
781 4027 6488 6483 6490 6610 6611 6612 6613 6598 6512 
782 4059 4029 3974 6478 4414 4412 4394 6614 6593 6592 
783 6483 6488 4031 6490 6611 6577 6596 6598 6578 6512 
784 4045 3981 3977 6478 4429 4427 4421 6615 6616 6617 
785 3976 4045 3977 6478 4420 4421 4415 6594 6616 6615 
786 3974 6478 3976 6504 6593 6594 4410 6618 6619 6620 
787 3985 6480 4085 6487 6621 6622 4467 6623 6624 6519 
788 3990 3992 6482 6486 4486 6581 6625 6626 6579 6580 
789 3976 6478 3977 6487 6594 6616 4415 6627 6628 6538 
790 3977 6478 3981 6487 6616 6617 4427 6628 6629 6538 
791 3986 3984 6478 6487 4459 6630 6539 6537 6538 6631 
792 4059 6478 3974 6504 6614 6593 4394 6632 6618 6620 
793 4017 6481 4009 6490 6509 6633 4581 6510 6634 6511 
794 3985 4024 4085 6480 4465 4466 4467 6621 6622 6521 
795 4102 4052 6489 6492 4707 6552 6635 6591 6556 6555 
796 3978 4078 4068 6480 4433 4434 4419 6636 6601 6602 
797 3992 4082 4061 6482 4497 4498 4495 6581 6637 6638 
798 4082 4022 4061 6482 4645 4573 4498 6638 6637 6639 
799 3990 4078 3992 6486 4488 4489 4486 6626 6580 6588 
800 3978 3980 4078 6480 4431 4432 4433 6636 6602 6640 
801 3989 3990 3991 6482 4408 4481 4482 6641 6575 6625 
802 3990 3992 3991 6482 4486 4487 4481 6625 6575 6581 
803 4016 6484 4035 6492 6642 6607 4615 6643 6609 6608 
804 3986 3984 3987 6478 4459 4461 4462 6539 6644 6630 
805 4086 4090 3959 6485 4346 4344 4207 6645 6526 6561 
806 4017 4083 4031 6490 4620 4621 4618 6510 6578 6597 
807 6478 6487 3976 6504 6538 6627 6594 6620 6619 6646 
808 4102 6489 6484 6492 6635 6605 6647 6591 6608 6556 
809 4024 6480 3985 6487 6521 6621 4465 6520 6623 6519 
810 4085 6480 4074 6487 6622 6648 4468 6624 6649 6519 
811 4025 4013 4026 6481 4594 4599 4600 6650 6651 6652 
812 3990 6482 3989 6486 6625 6641 4408 6626 6653 6579 
813 3966 5865 5869 6485 6654 5879 6655 6656 6657 6658 
814 5868 6485 5867 6498 6570 6659 5900 6571 6660 6542 
815 4078 6486 6480 6497 6588 6604 6602 6589 6661 6584 
816 3991 3992 3993 6482 4487 4490 4491 6575 6662 6581 
817 4082 6482 3992 6497 6638 6581 4497 6663 6583 6582 
818 4053 6484 4102 6489 6664 6647 4706 6665 6635 6605 
819 4072 6483 4102 6492 6666 6590 4608 6667 6591 6554 
820 3980 4078 6480 6497 4432 6602 6640 6668 6661 6589 
821 3992 4061 3993 6482 4495 4496 4490 6581 6662 6637 
822 4090 6478 3959 6502 6669 6527 4344 6562 6529 6528 
823 4082 4022 6482 6497 4645 6639 6638 6663 6582 6670 
824 4096 6479 6500 6501 6671 6672 6673 6674 6675 6676 
825 414 3959 415 6478 4203 4204 430 6531 6677 6527 
826 4030 6481 4017 6488 6678 6509 4609 6679 6507 6508 
827 414 415 3960 6478 430 4205 4206 6531 6532 6677 
828 3985 4085 4074 6487 4467 4468 4454 6623 6649 6624 
829 4029 6478 4090 6502 6592 6669 4673 6680 6562 6528 
830 4045 3981 6478 6499 4429 6617 6615 6681 6559 6682 
831 4086 3959 414 6485 4207 4203 4198 6645 6533 6526 
832 4012 4004 4013 6481 4546 4556 4557 6683 6652 6684 
833 3986 4100 4024 6487 4471 4472 4464 6537 6520 6585 
834 4012 4013 4025 6481 4557 4594 4595 6683 6650 6652 
835 3991 6482 3993 6495 6575 6662 4491 6576 6685 6574 
836 5866 5867 5868 6485 5896 5900 5893 6549 6570 6659 
837 4078 4082 3992 6497 4443 4497 4489 6589 6583 6663 
838 4039 4025 6481 6490 4656 6650 6686 6687 6511 6688 
839 3986 4100 6487 6491 4471 6585 6537 6540 6524 6586 
840 4071 6483 4010 6492 6689 6690 4587 6691 6692 6554 
841 3951 6480 417 6503 6693 6694 4217 6695 6696 6697 
842 4055 4073 4056 6484 4700 4508 4710 6567 6698 6515 
843 3983 6478 3984 6487 6699 6630 4450 6700 6631 6538 
844 4090 4029 4059 6478 4673 4414 4345 6669 6614 6592 
845 4098 3965 5866 6485 4167 6701 6548 6550 6549 6702 
846 4010 4065 4001 6483 4543 4541 4532 6690 6703 6704 
847 3950 6480 3971 6486 6705 6706 4296 6707 6708 6604 
848 4013 4026 6481 6496 4599 6651 6652 6709 6710 6711 
849 4059 6491 6478 6504 6712 6541 6614 6632 6620 6713 
850 3980 6480 3978 6487 6640 6636 4431 6714 6715 6519 
851 4046 6478 3960 6491 6716 6532 4214 6717 6718 6541 
852 4016 4035 4071 6492 4615 4616 4617 6643 6691 6609 
853 4012 6481 4025 6490 6683 6650 4595 6719 6688 6511 
854 4072 4052 4102 6483 4708 4707 4608 6666 6590 6553 
855 3986 3987 4093 6478 4462 4469 4470 6539 6565 6644 
856 3960 4077 4087 6485 4349 4350 4208 6534 6720 6536 
857 4071 4083 4010 6483 4588 4584 4587 6689 6690 6595 
858 4126 3962 4110 6498 4359 4161 4361 6599 6721 6543 
859 4006 4070 3997 6484 4523 4521 4515 6722 6723 6724 
860 4045 6499 6478 6502 6681 6559 6615 6725 6528 6726 
861 3959 6478 4059 6491 6527 6614 4342 6727 6712 6541 
862 4109 4069 6482 6494 4689 6728 6729 6730 6572 6731 
863 4056 4073 3994 6484 4508 4494 4506 6698 6563 6515 
864 4061 3993 6482 6495 4496 6662 6637 6732 6574 6685 
865 4096 6500 5828 6501 6673 6733 6734 6674 6735 6675 
866 417 6480 6486 6503 6694 6604 6736 6696 6737 6697 
867 4064 4027 6483 6490 4598 6612 6738 6739 6598 6613 
868 4041 4098 3962 6502 4358 4164 4357 6740 6545 6557 
869 3972 4068 6486 6504 4400 6603 6741 6742 6743 6744 
870 3983 3981 6478 6487 4445 6617 6699 6700 6538 6629 
871 4010 4083 4065 6483 4584 4585 4543 6690 6704 6595 
872 4001 6483 4065 6490 6703 6704 4541 6745 6746 6598 
873 414 3960 4087 6485 4206 4208 4199 6533 6720 6534 
874 4101 6483 4027 6488 6747 6612 4664 6748 6610 6611 
875 4118 3965 4098 6485 4373 4167 4375 6749 6550 6702 
876 6482 6494 4069 6495 6572 6731 6728 6574 6750 6518 
877 4090 4059 3959 6478 4345 4342 4344 6669 6527 6614 
878 4105 4096 6479 6500 4312 6671 6751 6752 6672 6673 
879 4017 4065 4083 6490 4583 4585 4620 6510 6597 6746 
880 415 3960 6478 6491 4205 6532 6677 6753 6541 6718 
881 4119 6479 4099 6496 6754 6755 4628 6756 6757 6758 
882 4119 4095 6479 6505 4641 6759 6754 6760 6761 6762 
883 3986 4024 3985 6487 4464 4465 4460 6537 6623 6520 
884 3976 6487 3977 6504 6627 6628 4415 6619 6763 6646 
885 4093 6478 4046 6491 6565 6716 4347 6566 6717 6541 
886 4065 6483 4083 6490 6704 6595 4585 6746 6597 6598 
887 4060 422 423 6483 4254 438 4253 6764 6765 6766 
888 4046 4093 3960 6478 4347 4348 4214 6716 6532 6565 
889 6480 6486 4068 6504 6604 6603 6601 6767 6744 6743 
890 4074 6480 3980 6487 6648 6640 4436 6649 6714 6519 
891 5868 4110 3962 6498 6768 4161 6569 6571 6543 6721 
892 4014 4000 4064 6483 4526 4537 4538 6769 6738 6770 
893 4116 6483 4075 6489 6771 6772 4695 6773 6774 6551 
894 3991 3994 4073 6495 4493 4494 4483 6576 6517 6564 
895 4012 4004 6481 6490 4546 6684 6683 6719 6511 6775 
896 4063 420 421 6484 4242 436 4241 6776 6777 6778 
897 6481 6488 4039 6490 6508 6779 6686 6511 6687 6512 
898 4042 6482 4073 6494 6780 6573 4485 6781 6514 6572 
899 420 4054 421 6484 4239 4240 436 6778 6777 6782 
900 3997 6484 4070 6492 6723 6724 4521 6783 6784 6608 
901 4074 3980 6480 6497 4436 6640 6648 6785 6661 6668 
902 4058 3951 417 6503 4226 4217 4222 6786 6696 6695 
903 3950 6480 417 6491 6705 6694 4216 6787 6788 6522 
904 3987 4077 6478 6499 4477 6535 6644 6789 6559 6558 
905 4100 3986 4093 6491 4471 4470 4473 6586 6566 6540 
906 4009 6481 4005 6490 6633 6790 4552 6634 6791 6511 
907 3983 3984 3982 6487 4450 4451 4446 6700 6792 6631 
908 4064 6483 4000 6490 6738 6770 4537 6739 6793 6598 
909 4071 4075 4083 6483 4693 4681 4588 6689 6595 6772 
910 4069 4020 6482 6495 4578 6794 6728 6750 6574 6795 
911 3951 417 6480 6491 4217 6694 6693 6796 6522 6788 
912 3971 3972 6486 6504 4391 6741 6708 6797 6743 6742 
913 4061 6482 4022 6495 6637 6639 4573 6732 6798 6574 
914 4066 4102 6484 6492 4607 6647 6799 6800 6608 6591 
915 415 6478 3959 6491 6677 6527 4204 6753 6727 6541 
916 4010 6483 4001 6492 6690 6703 4532 6692 6801 6554 
917 4048 424 425 6481 4266 440 4265 6802 6803 6804 
918 4015 4009 4017 6481 4579 4581 4582 6805 6509 6633 
919 4019 6494 6484 6495 6806 6513 6807 6808 6516 6518 
920 4074 6480 4085 6497 6648 6622 4468 6785 6809 6661 
921 3991 3993 3994 6495 4491 4492 4493 6576 6564 6685 
922 3951 6480 4100 6491 6693 6587 4298 6796 6586 6522 
923 3983 6478 3981 6499 6699 6617 4445 6810 6682 6559 
924 4006 4016 4070 6484 4567 4568 4523 6722 6724 6642 
925 4119 4099 6479 6500 4628 6755 6754 6811 6672 6812 
926 4081 6480 3951 6503 6813 6693 4301 6814 6695 6697 
927 5867 6485 5865 6498 6659 6658 5902 6660 6815 6542 
928 4014 4000 6483 6492 4526 6770 6769 6816 6554 6817 
929 3971 6486 6480 6504 6708 6604 6706 6797 6767 6743 
930 3987 6478 3984 6499 6644 6630 4461 6789 6818 6559 
931 422 3949 423 6483 4251 4252 438 6766 6765 6819 
932 3976 6478 4029 6502 6594 6592 4413 6820 6680 6528 
933 3991 4073 3989 6482 4483 4484 4482 6575 6641 6573 
934 4037 6479 4096 6501 6821 6671 4353 6822 6674 6676 
935 4000 6483 4001 6490 6770 6703 4530 6793 6745 6598 
936 4012 4025 4027 6490 4595 4596 4597 6719 6613 6688 
937 4016 4071 4070 6492 4617 4586 4568 6643 6784 6691 
938 4054 6484 4053 6489 6782 6664 4705 6823 6665 6605 
939 5869 5865 5867 6485 5879 5902 5898 6657 6659 6658 
940 4119 4021 4095 6505 4593 4639 4641 6760 6762 6824 
941 4119 4095 4099 6500 4641 4722 4628 6811 6812 6825 
942 3971 6480 3950 6504 6706 6705 4296 6797 6826 6767 
943 5863 5866 3965 6485 5895 6701 6827 6828 6702 6549 
944 4000 4001 6483 6492 4530 6703 6770 6817 6554 6801 
945 3976 4045 6478 6502 4420 6615 6594 6820 6528 6725 
946 4016 4070 6484 6492 4568 6724 6642 6643 6608 6784 
947 4063 420 6484 6494 4242 6778 6776 6829 6513 6830 
948 4005 6481 4004 6490 6790 6684 4550 6791 6775 6511 
949 3983 3984 6478 6499 4450 6630 6699 6810 6559 6818 
950 3978 6480 4068 6504 6636 6601 4419 6831 6744 6767 
951 4048 6481 425 6493 6802 6803 4265 6832 6833 6834 
952 4039 4027 4025 6490 4657 4596 4656 6687 6688 6613 
953 4035 6484 4115 6489 6607 6835 4630 6606 6836 6605 
954 4125 4076 4103 6498 4718 4363 4379 6837 6838 6839 
955 3969 3959 4059 6491 4213 4342 4343 6840 6712 6727 
956 4120 5863 3965 6485 6841 6827 4168 6842 6702 6828 
957 3979 3980 3978 6487 4430 4431 4426 6843 6715 6714 
958 4022 6482 4020 6495 6639 6794 4572 6798 6795 6574 
959 3950 3971 4079 6486 4296 4297 4225 6707 6844 6708 
960 4054 6484 420 6494 6782 6778 4239 6845 6830 6513 
961 4030 4017 4031 6488 4609 4618 4619 6679 6577 6507 
962 3997 6484 3995 6495 6723 6846 4510 6847 6848 6516 
963 4093 3987 4077 6478 4469 4477 4351 6565 6535 6644 
964 4016 4008 6484 6495 4566 6849 6642 6850 6516 6851 
965 3973 3972 4068 6486 4395 4400 4401 6852 6603 6741 
966 4016 6484 4006 6495 6642 6722 4567 6850 6853 6516 
967 4003 4009 4005 6490 4551 4552 4549 6854 6791 6634 
968 5869 5863 413 6485 5875 6855 6856 6657 6857 6828 
969 4016 4006 4008 6495 4567 4565 4566 6850 6851 6853 
970 3999 4010 4001 6492 4531 4532 4529 6858 6801 6692 
971 4060 6483 423 6488 6764 6765 4253 6859 6860 6611 
972 4088 6479 426 6501 6861 6862 4278 6863 6864 6676 
973 4093 4077 3960 6478 4351 4349 4348 6565 6532 6535 
974 3994 3995 6484 6495 4500 6846 6563 6564 6516 6848 
975 4081 4024 4100 6480 4651 4472 4302 6813 6587 6521 
976 3989 6482 4042 6486 6641 6780 4478 6653 6865 6579 
977 4099 6479 4092 6496 6755 6866 4626 6757 6867 6758 
978 3951 416 417 6491 4218 432 4217 6796 6788 6868 
979 416 3950 417 6491 4215 4216 432 6868 6788 6787 
980 415 4046 3960 6491 4212 4214 4205 6753 6718 6717 
981 4117 4095 4021 6505 4326 4639 4640 6869 6824 6762 
982 3958 4109 6482 6494 4340 6729 6870 6871 6572 6730 
983 422 6483 4060 6489 6766 6764 4254 6872 6873 6551 
984 3983 3982 3981 6487 4446 4437 4445 6700 6629 6792 
985 4019 4069 6494 6495 4577 6731 6806 6808 6518 6750 
986 4048 4049 6481 6493 4368 6874 6802 6832 6834 6875 
987 4052 6483 3949 6489 6553 6819 4291 6552 6876 6551 
988 4054 4055 4053 6484 4287 4709 4705 6782 6664 6567 
989 4006 6484 3997 6495 6722 6723 4515 6853 6847 6516 
990 4063 6484 421 6489 6776 6777 4241 6877 6878 6605 
991 4080 6482 4042 6494 6879 6780 4286 6880 6781 6572 
992 3995 6484 3997 6492 6846 6723 4510 6881 6783 6608 
993 421 6484 4054 6489 6777 6782 4240 6878 6823 6605 
994 4019 6484 4008 6495 6807 6849 4574 6808 6851 6516 
995 4117 6479 4095 6505 6882 6759 4326 6869 6762 6761 
996 4031 4083 4075 6483 4621 4681 4680 6596 6772 6595 
997 4058 4081 3951 6503 4300 4301 4226 6786 6695 6814 
998 4031 6483 4112 6488 6596 6883 4683 6577 6884 6611 
999 4064 4000 4002 6490 4537 4535 4536 6739 6885 6793 
1000 4119 6479 4095 6500 6754 6759 4641 6811 6825 6672 
1001 4105 3953 4096 6500 4310 4189 4312 6752 6673 6886 
1002 4060 6483 4116 6489 6764 6771 4332 6873 6773 6551 
1003 4056 4102 4053 6484 4712 4706 4711 6698 6664 6647 
1004 4072 4064 4027 6483 4604 4598 4665 6666 6612 6738 
1005 4111 4063 4115 6484 4715 4335 4633 6887 6835 6776 
1006 4119 6479 6496 6505 6754 6758 6756 6760 6888 6761 
1007 4020 6482 4022 6497 6794 6639 4572 6889 6670 6582 
1008 4092 6479 4099 6500 6866 6755 4626 6890 6812 6672 
1009 4022 4020 4007 6495 4572 4569 4571 6798 6891 6795 
1010 4111 6484 4019 6494 6887 6807 4632 6892 6806 6513 
1011 4055 6484 4054 6494 6567 6782 4287 6568 6845 6513 
1012 4037 4105 4096 6479 4668 4312 4353 6821 6671 6751 
1013 4005 6481 4009 6505 6790 6633 4552 6893 6894 6895 
1014 4081 4100 3951 6480 4302 4298 4301 6813 6693 6587 
1015 4077 4125 6485 6499 4719 6896 6536 6558 6560 6897 
1016 4116 4075 4035 6489 4695 4692 4694 6773 6606 6774 
1017 413 4121 5869 6485 4134 6898 6856 6857 6657 6899 
1018 4063 6484 4111 6494 6776 6887 4715 6829 6892 6513 
1019 3961 4037 4096 6501 4352 4353 4192 6900 6674 6822 
1020 4018 4119 4099 6496 4592 4628 4625 6901 6757 6756 
1021 4061 4022 4007 6495 4573 4571 4518 6732 6891 6798 
1022 424 6481 4048 6488 6804 6802 4266 6902 6903 6508 
1023 3978 6487 6480 6504 6715 6519 6636 6831 6767 6646 
1024 4113 4048 4049 6481 4303 4368 4678 6904 6874 6802 
1025 4072 4014 6483 6492 4605 6769 6666 6667 6554 6816 
1026 4074 4084 3980 6497 4440 4441 4436 6785 6668 6905 
1027 4080 6482 419 6503 6879 6906 4230 6907 6908 6909 
1028 3949 423 6483 6488 4252 6765 6819 6910 6611 6860 
1029 4072 4014 4064 6483 4605 4538 4604 6666 6738 6769 
1030 3958 6482 4109 6503 6870 6729 4340 6911 6912 6909 
1031 4042 6482 4080 6486 6780 6879 4286 6865 6913 6579 
1032 4027 4039 6488 6490 4657 6779 6610 6613 6512 6687 
1033 3996 3997 3995 6495 4509 4510 4502 6914 6848 6847 
1034 4016 4008 4019 6484 4566 4574 4575 6642 6807 6849 
1035 4081 6497 6480 6503 6915 6661 6813 6814 6697 6916 
1036 4035 4016 4019 6484 4615 4575 4614 6607 6807 6642 
1037 3949 6483 422 6489 6819 6766 4251 6876 6872 6551 
1038 4042 3989 4073 6482 4478 4484 4485 6780 6573 6641 
1039 4056 4066 4102 6484 4507 4607 4712 6698 6647 6799 
1040 4000 3999 4001 6492 4524 4529 4530 6817 6801 6858 
1041 3966 5869 4121 6485 6655 6898 4143 6656 6899 6657 
1042 4067 6493 6481 6496 6917 6834 6918 6919 6710 6920 
1043 4069 4033 4109 6482 4638 4688 4689 6728 6729 6921 
1044 4050 6493 6479 6505 6922 6923 6924 6925 6761 6926 
1045 3995 4066 6484 6492 4504 6799 6846 6881 6608 6800 
1046 5828 6500 5827 6501 6733 6927 5859 6735 6928 6675 
1047 4115 4035 4019 6484 4630 4614 4629 6835 6807 6607 
1048 426 6479 4088 6493 6862 6861 4278 6929 6930 6923 
1049 4003 4005 4004 6490 4549 4550 4544 6854 6775 6791 
1050 4116 4060 4112 6483 4332 4306 4714 6771 6883 6764 
1051 3979 4074 3980 6487 4435 4436 4430 6843 6714 6649 
1052 4004 4005 4047 6481 4550 4554 4555 6684 6931 6790 
1053 3958 419 6482 6503 4227 6906 6870 6911 6909 6908 
1054 4004 4047 4013 6481 4555 4558 4556 6684 6652 6931 
1055 4038 6479 4107 6493 6932 6933 4386 6934 6935 6923 
1056 4067 4025 4026 6481 4655 4600 4654 6918 6651 6650 
1057 419 6482 4080 6494 6906 6879 4230 6936 6880 6572 
1058 4107 6479 3968 6493 6933 6937 4387 6935 6938 6923 
1059 6480 6491 3950 6504 6522 6787 6705 6767 6826 6713 
1060 4049 6481 6493 6505 6874 6834 6875 6939 6926 6895 
1061 3958 6482 419 6494 6870 6906 4227 6871 6936 6572 
1062 3988 3989 4042 6486 4406 4478 4479 6940 6865 6653 
1063 4031 4075 4112 6483 4680 4682 4683 6596 6883 6772 
1064 4111 4019 4069 6494 4632 4577 4631 6892 6731 6806 
1065 3988 4042 4080 6486 4479 4286 4480 6940 6913 6865 
1066 6479 6501 4088 6506 6676 6863 6861 6941 6942 6943 
1067 4067 6481 4026 6496 6918 6651 4654 6919 6711 6710 
1068 4063 4115 6484 6489 4335 6835 6776 6877 6605 6836 
1069 4116 4112 4075 6483 4714 4682 4695 6771 6772 6883 
1070 3973 3971 3972 6486 4396 4391 4395 6852 6741 6708 
1071 4000 4001 4002 6490 4530 4534 4535 6793 6885 6745 
1072 4037 4107 6479 6501 4355 6933 6821 6822 6676 6944 
1073 5863 4120 413 6485 6841 4133 6855 6828 6857 6842 
1074 4066 3994 3995 6484 4505 4500 4504 6799 6846 6563 
1075 4048 6481 4113 6488 6802 6904 4303 6903 6945 6508 
1076 417 6486 4079 6503 6736 6844 4223 6696 6946 6737 
1077 5866 5863 5867 6485 5895 5897 5896 6549 6659 6828 
1078 3949 4052 4101 6483 4291 4292 4288 6819 6747 6553 
1079 4019 4111 4115 6484 4632 4633 4629 6807 6835 6887 
1080 3969 415 3959 6491 4209 4204 4213 6840 6727 6753 
1081 4045 4034 3981 6499 4449 4447 4429 6681 6682 6947 
1082 4069 4020 4033 6482 4578 4637 4638 6728 6921 6794 
1083 4080 6486 6482 6503 6913 6579 6879 6907 6909 6737 
1084 4009 6481 4015 6505 6633 6805 4579 6894 6948 6895 
1085 4072 4027 4101 6483 4665 4664 4666 6666 6747 6612 
1086 4042 4073 4055 6494 4485 4700 4284 6781 6568 6514 
1087 4112 6483 4060 6488 6883 6764 4306 6884 6859 6611 
1088 4106 4085 4024 6480 4650 4466 4653 6949 6521 6622 
1089 4077 4076 4125 6499 4476 4718 4719 6558 6897 6950 
1090 4117 4050 6479 6505 4702 6924 6882 6869 6761 6925 
1091 4118 4090 6485 6502 4698 6561 6749 6951 6530 6562 
1092 4055 4056 4053 6484 4710 4711 4709 6567 6664 6698 
1093 3963 5865 4103 6498 6952 6953 4149 6954 6838 6815 
1094 4013 6481 4047 6496 6652 6931 4558 6709 6955 6710 
1095 4068 4078 3990 6486 4434 4488 4409 6603 6626 6588 
1096 4047 6481 4005 6496 6931 6790 4554 6955 6956 6710 
1097 424 3956 425 6481 4263 4264 440 6804 6803 6957 
1098 4072 4102 4014 6492 4608 4606 4605 6667 6816 6591 
1099 4088 426 427 6501 4278 442 4277 6863 6958 6864 
1100 4092 6479 4105 6496 6866 6751 4311 6867 6959 6758 
1101 4074 4085 4084 6497 4468 4648 4440 6785 6905 6809 
1102 3995 3997 3998 6492 4510 4511 4512 6881 6960 6783 
1103 3949 6483 4101 6488 6819 6747 4288 6910 6748 6611 
1104 4092 4105 6479 6500 4311 6751 6866 6890 6672 6752 
1105 4052 4072 4101 6483 4708 4666 4292 6553 6747 6666 
1106 5869 5867 5863 6485 5898 5897 5875 6657 6828 6659 
1107 3986 3985 3984 6487 4460 4452 4459 6537 6631 6623 
1108 4080 4042 3948 6494 4286 4283 4237 6880 6961 6781 
1109 4106 4085 6480 6497 4650 6622 6949 6962 6661 6809 
1110 4109 6482 4033 6503 6729 6921 4688 6912 6963 6909 
1111 3996 4006 3997 6495 4514 4515 4509 6914 6847 6853 
1112 3995 3998 4066 6492 4512 4513 4504 6881 6800 6960 
1113 4019 4008 4069 6495 4574 4576 4577 6808 6750 6851 
1114 4095 6500 6479 6506 6825 6672 6759 6964 6941 6965 
1115 4118 4090 4086 6485 4698 4346 4374 6749 6645 6561 
1116 4040 4126 4110 6498 4687 4361 4319 6966 6721 6599 
1117 4020 4033 6482 6497 4637 6921 6794 6889 6582 6967 
1118 4005 6496 6481 6505 6956 6710 6790 6893 6895 6888 
1119 4040 4126 6498 6502 4687 6599 6966 6968 6546 6600 
1120 6479 6493 4038 6496 6923 6934 6932 6758 6969 6920 
1121 4105 6479 4037 6496 6751 6821 4668 6959 6970 6758 
1122 425 6481 3956 6493 6803 6957 4264 6833 6971 6834 
1123 4088 6479 4050 6493 6861 6924 4371 6930 6922 6923 
1124 4037 3961 4107 6501 4352 4354 4355 6822 6944 6900 
1125 4099 4092 4018 6496 4626 4624 4625 6757 6901 6867 
1126 4100 4093 4046 6491 4473 4347 4299 6586 6717 6566 
1127 4053 4102 4052 6489 4706 4707 4704 6665 6552 6635 
1128 4122 4088 6501 6506 4282 6863 6972 6973 6943 6942 
1129 4041 3962 4126 6502 4357 4359 4360 6740 6600 6545 
1130 5826 4096 5828 6501 6974 6734 5853 6975 6735 6674 
1131 4065 4017 4009 6490 4583 4581 4553 6746 6634 6510 
1132 4066 4056 3994 6484 4507 4506 4505 6799 6563 6698 
1133 4034 6499 4045 6502 6947 6681 4449 6976 6725 6726 
1134 3963 4103 4076 6498 4149 4363 4362 6954 6839 6838 
1135 3970 3971 3950 6504 4295 4296 4294 6977 6826 6797 
1136 418 4080 419 6503 4229 4230 434 6978 6908 6907 
1137 4096 3953 5828 6500 4189 6979 6734 6673 6733 6886 
1138 4128 4092 4105 6496 4627 4311 4670 6980 6959 6867 
1139 4039 6481 3956 6488 6686 6957 4327 6779 6981 6508 
1140 4050 6479 4088 6506 6924 6861 4371 6982 6942 6941 
1141 3980 4082 4078 6497 4442 4443 4432 6668 6589 6663 
1142 4030 4113 6481 6488 4676 6904 6678 6679 6508 6945 
1143 3966 4121 4087 6485 4143 4202 4376 6656 6720 6899 
1144 4033 6482 6497 6503 6921 6582 6967 6963 6916 6909 
1145 4070 4071 4010 6492 4586 4587 4533 6784 6692 6691 
1146 4106 4024 4081 6480 4653 4651 4652 6949 6813 6521 
1147 4015 4017 4030 6481 4582 4609 4610 6805 6678 6509 
1148 3948 4042 4055 6494 4283 4284 4285 6961 6568 6781 
1149 4118 4086 3965 6485 4374 4372 4373 6749 6702 6645 
1150 4077 4125 4087 6485 4719 4377 4350 6536 6720 6896 
1151 3956 6481 424 6488 6957 6804 4263 6981 6902 6508 
1152 4059 3970 6491 6504 4389 6983 6712 6632 6713 6977 
1153 4120 3965 4086 6485 4168 4372 4201 6842 6645 6702 
1154 4106 6480 4081 6497 6949 6813 4652 6962 6915 6661 
1155 3977 6487 3978 6504 6628 6715 4417 6763 6831 6646 
1156 4049 4030 6481 6505 4677 6678 6874 6939 6895 6984 
1157 4088 427 4122 6501 4277 4139 4282 6863 6972 6958 
1158 4054 4053 4051 6489 4705 4703 4250 6823 6985 6665 
1159 4037 6479 4038 6496 6821 6932 4660 6970 6969 6758 
1160 4095 6479 4117 6506 6759 6882 4326 6964 6986 6941 
1161 4101 4027 4039 6488 4664 4657 4663 6748 6779 6610 
1162 4092 3953 4105 6500 4308 4310 4311 6890 6752 6886 
1163 6498 6499 4040 6502 6987 6988 6966 6546 6968 6726 
1164 3961 4096 5826 6501 4192 6974 6989 6900 6975 6674 
1165 4117 6479 4050 6506 6882 6924 4702 6986 6982 6941 
1166 4079 6486 4080 6503 6844 6913 4232 6946 6907 6737 
1167 4107 3968 6479 6501 4387 6937 6933 6944 6676 6990 
1168 4030 4113 4049 6481 4676 4678 4677 6678 6874 6904 
1169 419 4080 3948 6494 4230 4237 4233 6936 6961 6880 
1170 3994 3993 3995 6495 4492 4499 4500 6564 6848 6685 
1171 3970 3950 6491 6504 4294 6787 6983 6977 6713 6826 
1172 4069 4109 4111 6494 4689 4717 4631 6731 6892 6730 
1173 4038 4037 4107 6479 4660 4355 4386 6932 6933 6821 
1174 3958 4062 4109 6494 4238 4339 4340 6871 6730 6991 
1175 5868 5864 4110 6498 5889 6992 6768 6571 6721 6993 
1176 4125 3966 4087 6485 4378 4376 4377 6896 6720 6656 
1177 4064 4012 4027 6490 4548 4597 4598 6739 6613 6719 
1178 3956 6481 4067 6493 6957 6918 4330 6971 6917 6834 
1179 4039 4025 4067 6481 4656 4655 4329 6686 6918 6650 
1180 4069 4008 4020 6495 4576 4570 4578 6750 6795 6851 
1181 3976 3977 3975 6504 4415 4416 4411 6619 6994 6763 
1182 3987 4076 4077 6499 4475 4476 4477 6789 6558 6950 
1183 4059 3970 3969 6491 4389 4293 4343 6712 6840 6983 
1184 4030 4031 4113 6488 4619 4675 4676 6679 6945 6577 
1185 4020 4022 4023 6497 4572 4634 4635 6889 6995 6670 
1186 4051 4052 3949 6489 4290 4291 4255 6985 6876 6552 
1187 426 6479 3968 6501 6862 6937 4275 6864 6990 6676 
1188 4079 4080 418 6503 4232 4229 4224 6946 6978 6907 
1189 4034 3983 3981 6499 4448 4445 4447 6947 6682 6810 
1190 3975 3977 3978 6504 4416 4417 4418 6994 6831 6763 
1191 3968 6479 426 6493 6937 6862 4275 6938 6929 6923 
1192 413 4087 4121 6485 4200 4202 4134 6857 6899 6720 
1193 413 4086 414 6485 4197 4198 429 6857 6533 6645 
1194 4117 4114 4050 6505 4642 4701 4702 6869 6925 6996 
1195 5828 5827 5826 6501 5859 5857 5853 6735 6975 6928 
1196 4127 6498 4076 6499 6997 6839 4364 6998 6950 6987 
1197 4057 3987 3984 6499 4463 4461 4456 6999 6818 6789 
1198 4035 4115 4116 6489 4630 4336 4694 6606 6773 6836 
1199 4066 4014 4102 6492 4528 4606 4607 6800 6591 6816 
1200 4038 4107 3968 6493 4386 4387 4384 6934 6938 6935 
1201 3973 4068 3990 6486 4401 4409 4407 6852 6626 6603 
1202 3977 3979 3978 6487 4425 4426 4417 6628 6715 6843 
1203 4067 4038 6493 6496 4662 6934 6917 6919 6920 6969 
1204 4011 4005 4009 6505 4560 4552 4559 7000 6894 6893 
1205 4122 6501 5829 6506 6972 7001 7002 6973 7003 6943 
1206 4020 4023 4033 6497 4635 4636 4637 6889 6967 6995 
1207 4112 4113 4031 6488 4307 4675 4683 6884 6577 6945 
1208 413 414 4087 6485 429 4199 4200 6857 6720 6533 
1209 3948 4055 4054 6494 4285 4287 4243 6961 6845 6568 
1210 4015 6481 4030 6505 6805 6678 4610 6948 6984 6895 
1211 3984 3985 3982 6487 4452 4453 4451 6631 6792 6623 
1212 4086 413 4120 6485 4197 4133 4201 6645 6842 6857 
1213 4112 3952 4113 6488 4305 4304 4307 6884 6945 7004 
1214 3957 4060 4116 6489 4256 4332 4333 7005 6773 6873 
1215 5827 6501 6500 6506 6928 6675 6927 7006 6965 6943 
1216 4115 3957 4116 6489 4334 4333 4336 6836 6773 7005 
1217 3958 418 419 6503 4228 434 4227 6911 6908 6978 
1218 4067 4026 4038 6496 4654 4661 4662 6919 6969 6711 
1219 3963 4076 4127 6498 4362 4364 4365 6954 6997 6839 
1220 4128 4018 4092 6496 4622 4624 4627 6980 6867 6901 
1221 421 4054 4051 6489 4240 4250 4247 6878 6985 6823 
1222 5823 5829 4122 6501 5835 7002 7007 7008 6972 7001 
1223 4059 3974 3970 6504 4394 4392 4389 6632 6977 6618 
1224 4062 4111 4109 6494 4716 4717 4339 6991 6730 6892 
1225 3956 4039 4067 6481 4327 4329 4330 6957 6918 6686 
1226 3964 4088 4050 6493 4279 4371 4369 7009 6922 6930 
1227 4065 4009 4003 6490 4553 4551 4542 6746 6854 6634 
1228 5823 4122 427 6501 7007 4139 7010 7008 6958 6972 
1229 4051 4053 4052 6489 4703 4704 4290 6985 6552 6665 
1230 3958 419 4062 6494 4227 4236 4238 6871 6991 6936 
1231 4064 4002 4012 6490 4536 4547 4548 6739 6719 6885 
1232 417 4079 418 6503 4223 4224 433 6696 6978 6946 
1233 5865 3963 5870 6498 6952 7011 5882 6815 7012 6954 
1234 4063 3957 4115 6489 4249 4334 4335 6877 6836 7005 
1235 3993 3996 3995 6495 4501 4502 4499 6685 6848 6914 
1236 4063 421 3957 6489 4241 4246 4249 6877 7005 6878 
1237 4106 6497 4081 6503 6962 6915 4652 7013 6814 6916 
1238 4070 4010 3999 6492 4533 4531 4522 6784 6858 6692 
1239 3952 4048 4113 6488 4267 4303 4304 7004 6945 6903 
1240 3949 4101 4043 6488 4288 4289 4261 6910 7014 6748 
1241 4034 4040 6498 6499 4316 6966 7015 6947 6987 6988 
1242 3975 3978 4068 6504 4418 4419 4404 6994 6744 6831 
1243 3951 4100 4046 6491 4298 4299 4220 6796 6717 6586 
1244 4018 4005 4011 6505 4562 4560 4561 7016 7000 6893 
1245 4018 6496 4005 6505 6901 6956 4562 7016 6893 6888 
1246 3976 4032 4045 6502 4423 4424 4420 6820 6725 7017 
1247 3952 424 4048 6488 4257 4266 4267 7004 6903 6902 
1248 4048 3964 4049 6493 4274 4367 4368 6832 6875 7009 
1249 3976 4029 4032 6502 4413 4422 4423 6820 7017 6680 
1250 6478 6491 6487 6504 6541 6524 6538 6620 6646 6713 
1251 3964 426 4088 6493 4269 4278 4279 7009 6930 6929 
1252 3957 422 4060 6489 4245 4254 4256 7005 6873 6872 
1253 3955 6500 4095 6506 7018 6825 4325 7019 6964 6965 
1254 4112 4060 3952 6488 4306 4262 4305 6884 7004 6859 
1255 3980 4084 4082 6497 4441 4444 4442 6668 6663 6905 
1256 4060 423 3952 6488 4253 4258 4262 6859 7004 6860 
1257 3983 4057 3984 6499 4455 4456 4450 6810 6818 6999 
1258 4106 4033 6497 6503 4647 6967 6962 7013 6916 6963 
1259 4028 4105 4037 6496 4667 4668 4658 7020 6970 6959 
1260 4051 3949 422 6489 4255 4251 4248 6985 6872 6876 
1261 4043 4039 3956 6488 4328 4327 4268 7014 6981 6779 
1262 3969 3970 3950 6491 4293 4294 4219 6840 6787 6983 
1263 5828 3953 5824 6500 6979 7021 5849 6733 7022 6886 
1264 3970 3972 3971 6504 4390 4391 4295 6977 6797 6742 
1265 4007 4020 4008 6495 4569 4570 4564 6891 6851 6795 
1266 4018 4119 6496 6505 4592 6756 6901 7016 6888 6760 
1267 4079 3988 4080 6486 4399 4480 4232 6844 6913 6940 
1268 4026 4037 4038 6496 4659 4660 4661 6711 6969 6970 
1269 4026 4028 4037 6496 4602 4658 4659 6711 6970 7020 
1270 3948 4054 420 6494 4243 4239 4234 6961 6830 6845 
1271 5829 6501 5827 6506 7001 6928 5858 7003 7006 6943 
1272 4091 5824 3953 6500 7023 7021 4186 7024 6886 7022 
1273 4089 4117 4050 6506 4322 4702 4383 7025 6982 6986 
1274 5823 5827 5829 6501 5856 5858 5835 7008 7001 6928 
1275 3949 4043 423 6488 4261 4259 4252 6910 6860 7014 
1276 3990 3989 3973 6486 4408 4405 4407 6626 6852 6653 
1277 4109 4033 4108 6503 4688 4691 4341 6912 7026 6963 
1278 4063 4111 4062 6494 4715 4716 4244 6829 6991 6892 
1279 3958 4109 4108 6503 4340 4341 4337 6911 7026 6912 
1280 4044 4038 3968 6493 4385 4384 4280 7027 6938 6934 
1281 4118 4041 4090 6502 4699 4674 4698 6951 6562 6740 
1282 3987 4057 4076 6499 4463 4474 4475 6789 6950 6999 
1283 5868 5867 5864 6498 5900 5899 5889 6571 6993 6660 
1284 4049 3964 4050 6493 4367 4369 4370 6875 6922 7009 
1285 3977 3981 3979 6487 4427 4428 4425 6628 6843 6629 
1286 4040 6499 4034 6502 6988 6947 4316 6968 6976 6726 
1287 4036 4034 6498 6499 4315 7015 7028 7029 6987 6947 
1288 3974 3976 3975 6504 4410 4411 4402 6618 6994 6619 
1289 4043 4101 4039 6488 4289 4663 4328 7014 6779 6748 
1290 416 3951 4046 6491 4218 4220 4211 6868 6717 6796 
1291 4110 5864 3954 6498 6992 7030 4158 6721 7031 6993 
1292 5830 6500 3955 6506 7032 7018 7033 7034 7019 6965 
1293 6493 6496 6479 6505 6920 6758 6923 6926 6761 6888 
1294 5830 3955 5825 6506 7033 7035 5842 7034 7036 7019 
1295 4012 4002 4004 6490 4547 4545 4546 6719 6775 6885 
1296 5828 5824 5827 6500 5849 5860 5859 6733 6927 7022 
1297 4048 425 3964 6493 4265 4270 4274 6832 7009 6833 
1298 4013 4028 4026 6496 4601 4602 4599 6709 6711 7020 
1299 6478 6499 6485 6502 6559 6560 6525 6528 6530 6726 
1300 4123 5823 427 6501 7037 7010 4140 7038 6958 7008 
1301 3982 3985 4074 6487 4453 4454 4439 6792 6649 6623 
1302 3956 4067 4044 6493 4330 4331 4273 6971 7027 6917 
1303 4066 3998 4014 6492 4513 4527 4528 6800 6816 6960 
1304 4063 4062 420 6494 4244 4235 4242 6829 6830 6991 
1305 4061 3996 3993 6495 4503 4501 4496 6732 6685 6914 
1306 4001 4065 4003 6490 4541 4542 4539 6745 6854 6746 
1307 5825 3955 4124 6506 7035 4177 7039 7036 7040 7019 
1308 6500 6501 6479 6506 6675 6676 6672 6965 6941 6943 
1309 4117 4021 4114 6505 4640 4612 4642 6869 6996 6824 
1310 4110 3954 4040 6498 4158 4317 4319 6721 6966 7031 
1311 4043 3956 424 6488 4268 4263 4260 7014 6902 6981 
1312 3997 4070 3999 6492 4521 4522 4519 6783 6858 6784 
1313 6480 6497 6486 6503 6661 6584 6604 6697 6737 6916 
1314 4106 4033 4023 6497 4647 4636 4646 6962 6995 6967 
1315 3955 4095 4117 6506 4325 4326 4321 7019 6986 6964 
1316 4014 3998 4000 6492 4527 4525 4526 6816 6817 6960 
1317 6485 6499 6498 6502 6560 6987 6542 6530 6546 6726 
1318 4106 4108 4033 6503 4690 4691 4647 7013 6963 7026 
1319 4028 4128 4105 6496 4669 4670 4667 7020 6959 6980 
1320 5830 4094 3955 6500 7041 4180 7033 7032 7018 7042 
1321 3969 3950 416 6491 4219 4215 4210 6840 6868 6787 
1322 4091 396 5824 6500 4182 5845 7023 7024 7022 7043 
1323 4029 4090 4041 6502 4673 4674 4671 6680 6740 6562 
1324 3988 3973 3989 6486 4397 4405 4406 6940 6653 6852 
1325 5870 5867 5865 6498 5901 5902 5882 7012 6815 6660 
1326 4079 3971 3988 6486 4297 4398 4399 6844 6940 6708 
1327 4122 16 5823 427 4136 5833 7007 4139 7010 443 
1328 3981 3982 3979 6487 4437 4438 4428 6629 6843 6792 
1329 4008 4006 4007 6495 4565 4517 4564 6851 6891 6853 
1330 426 3968 427 6501 4275 4276 442 6864 6958 6990 
1331 4082 4084 4022 6497 4444 4643 4645 6663 6670 6905 
1332 4018 4011 4119 6505 4561 4591 4592 7016 6760 7000 
1333 5827 5830 5825 6506 5861 5842 5862 7006 7036 7034 
1334 417 418 4058 6503 433 4221 4222 6696 6786 6978 
1335 4034 4040 3954 6498 4316 4317 4313 7015 7031 6966 
1336 4018 4047 4005 6496 4563 4554 4562 6901 6956 6955 
1337 5827 6500 5830 6506 6927 7032 5861 7006 7034 6965 
1338 394 4124 5825 3955 4172 7039 5837 4176 7035 4177 
1339 4002 4003 4004 6490 4540 4544 4545 6885 6775 6854 
1340 399 5828 5826 4096 5850 5853 5852 4187 6974 6734 
1341 4122 3967 4088 6506 4171 4381 4282 6973 6942 7044 
1342 3982 4074 3979 6487 4439 4435 4438 6792 6843 6649 
1343 4094 4095 3955 6500 4324 4325 4180 7042 7018 6825 
1344 3998 3999 4000 6492 4520 4524 4525 6960 6817 6858 
1345 4001 4003 4002 6490 4539 4540 4534 6745 6885 6854 
1346 3971 3973 3988 6486 4396 4397 4398 6708 6940 6852 
1347 3975 4068 3972 6504 4404 4400 4403 6994 6742 6744 
1348 5823 5829 16 4122 5835 5832 5833 7007 4136 7002 
1349 4127 4076 4057 6499 4364 4474 4697 6998 6999 6950 
1350 4044 3968 426 6493 4280 4275 4272 7027 6929 6938 
1351 5825 5830 394 3955 5842 5841 5837 7035 4176 7033 
1352 4034 3954 4036 6498 4313 4314 4315 7015 7028 7031 
1353 415 416 4046 6491 431 4211 4212 6753 6717 6868 
1354 4123 4097 5823 6501 4196 7045 7037 7038 7008 7046 
1355 375 4098 5866 3962 4162 6548 5891 4160 6547 4164 
1356 3997 3999 3998 6492 4519 4520 4511 6783 6960 6858 
1357 4067 4038 4044 6493 4662 4385 4331 6917 7027 6934 
1358 4061 4007 3996 6495 4518 4516 4503 6732 6914 6891 
1359 4050 4088 3967 6506 4371 4381 4380 6982 7044 6942 
1360 4091 4094 396 6500 4183 4178 4182 7024 7043 7042 
1361 5870 4104 5864 6498 7047 7048 5886 7012 6993 7049 
1362 415 3969 416 6491 4209 4210 431 6753 6868 6840 
1363 5826 3961 399 4096 6989 4191 5852 6974 4187 4192 
1364 4091 397 3953 5824 4181 4185 4186 7023 7021 5844 
1365 4108 4106 4081 6503 4690 4652 4713 7026 6814 7013 
1366 427 16 5823 4123 443 5833 7010 4140 7037 4137 
1367 4011 4009 4015 6505 4559 4579 4580 7000 6948 6894 
1368 4007 4006 3996 6495 4517 4514 4516 6891 6914 6853 
1369 5826 5823 4097 6501 5855 7045 7050 6975 7046 7008 
1370 5829 5827 5825 6506 5858 5862 5839 7003 7036 7006 
1371 4049 4015 4030 6505 7051 4610 4677 6939 6984 6948 
1372 4097 3961 5826 6501 4195 6989 7050 7046 6975 6900 
1373 4015 4049 4114 6505 7051 4679 4611 6948 6996 6939 
1374 425 3956 4044 6493 4264 4273 4271 6833 7027 6971 
1375 4089 4050 3967 6506 4383 4380 4382 7025 7044 6982 
1376 4123 401 5823 4097 4138 5834 7037 4196 7045 4193 
1377 5866 5868 375 3962 5893 5890 5891 6547 4160 6569 
1378 4099 4095 4094 6500 4722 4324 4721 6812 7042 6825 
1379 6486 6497 6482 6503 6584 6582 6579 6737 6909 6916 
1380 5863 15 413 4120 5874 428 6855 6841 4133 4132 
1381 4040 4034 4045 6502 4316 4449 4685 6968 6725 6976 
1382 4124 3967 5825 6506 4174 7052 7039 7040 7036 7044 
1383 6487 6491 6480 6504 6524 6522 6519 6646 6767 6713 
1384 3967 5829 5825 6506 7053 5839 7052 7044 7036 7003 
1385 4091 3953 4092 6500 4186 4308 4309 7024 6890 6886 
1386 421 4051 422 6489 4247 4248 437 6878 6872 6985 
1387 5864 5870 372 4104 5886 5883 5884 7048 4151 7047 
1388 5870 3963 4104 6498 7011 4152 7047 7012 7049 6954 
1389 5830 5827 5824 6500 5861 5860 5846 7032 7022 6927 
1390 4122 5829 3967 6506 7002 7053 4171 6973 7044 7003 
1391 4084 4085 4023 6497 4648 4649 4644 6905 6995 6809 
1392 3964 425 426 6493 4270 441 4269 7009 6929 6833 
1393 5868 4110 5864 373 6768 6992 5889 5887 5885 4156 
1394 3957 421 422 6489 4246 437 4245 7005 6872 6878 
1395 4103 5865 3963 370 6953 6952 4149 4145 4147 5878 
1396 4029 4041 4032 6502 4671 4672 4422 6680 7017 6740 
1397 4084 4023 4022 6497 4644 4634 4643 6905 6670 6995 
1398 5864 4104 3954 6498 7048 4155 7030 6993 7031 7049 
1399 4097 401 5823 5826 4193 5834 7045 7050 5855 5854 
1400 6481 6496 6493 6505 6710 6920 6834 6895 6926 6888 
1401 423 424 3952 6488 439 4257 4258 6860 7004 6902 
1402 4013 4047 4028 6496 4558 4603 4601 6709 7020 6955 
1403 4119 4011 4021 6505 4591 4590 4593 6760 6824 7000 
1404 3955 4117 4089 6506 4321 4322 4320 7019 7025 6986 
1405 397 5828 3953 5824 5848 6979 4185 5844 7021 5849 
1406 5826 5827 5823 6501 5857 5856 5855 6975 7008 6928 
1407 4032 4040 4045 6502 4684 4685 4424 7017 6725 6968 
1408 377 4120 5863 3965 4131 6841 5873 4166 6827 4168 
1409 419 3948 420 6494 4233 4234 435 6936 6830 6961 
1410 4104 3963 4127 6498 4152 4365 4366 7049 6997 6954 
1411 4062 419 420 6494 4236 435 4235 6991 6830 6936 
1412 4097 4107 3961 6501 4356 4354 4195 7046 6900 6944 
1413 423 4043 424 6488 4259 4260 439 6860 6902 7014 
1414 4036 6498 4127 6499 7028 6997 4696 7029 6998 6987 
1415 5825 4124 393 3967 7039 4173 5838 7052 4169 4174 
1416 4047 4018 4128 6496 4563 4622 4623 6955 6980 6901 
1417 4103 369 3966 5865 4144 4142 4146 6953 6654 5877 
1418 4058 4108 4081 6503 4338 4713 4300 6786 6814 7026 
1419 4106 4023 4085 6497 4646 4649 4650 6962 6809 6995 
1420 372 3954 5864 4104 4153 7030 5884 4151 7048 4155 
1421 5867 5870 5864 6498 5901 5886 5899 6660 6993 7012 
1422 5866 377 5863 3965 5894 5873 5895 6701 6827 4166 
1423 3954 5864 4110 373 7030 6992 4158 4154 4156 5885 
1424 393 5829 5825 3967 5836 5839 5838 4169 7052 7053 
1425 4032 4041 4126 6502 4672 4360 4686 7017 6600 6740 
1426 4091 4092 4099 6500 4309 4626 4720 7024 6812 6890 
1427 4094 5830 3955 395 7041 7033 4180 4179 4175 5840 
1428 4036 4057 3983 6499 4458 4455 4457 7029 6810 6999 
1429 3974 3972 3970 6504 4393 4390 4392 6618 6977 6742 
1430 418 3958 4058 6503 4228 4231 4221 6978 6786 6911 
1431 425 4044 426 6493 4271 4272 441 6833 6929 7027 
1432 5865 5870 3963 370 5882 7011 6952 5878 4147 5880 
1433 4099 4094 4091 6500 4721 4183 4720 6812 7024 7042 
1434 3975 3972 3974 6504 4403 4393 4402 6994 6618 6742 
1435 4124 3955 4089 6506 4177 4320 4323 7040 7025 7019 
1436 4036 3983 4034 6499 4457 4448 4315 7029 6947 6810 
1437 4114 4030 4049 4015 4613 4677 4679 4611 7051 4610 
1438 5865 369 3966 5869 5877 4142 6654 5879 6655 5876 
1439 4028 4047 4128 6496 4603 4623 4669 7020 6980 6955 
1440 4104 4127 4036 6498 4366 4696 4318 7049 7028 6997 
1441 5830 394 3955 395 5841 4176 7033 5840 4175 405 
1442 3954 4104 4036 6498 4155 4318 4314 7031 7028 7049 
1443 3961 400 4097 5826 4190 4194 4195 6989 7050 5851 
1444 4032 4126 4040 6502 4686 4687 4684 7017 6968 6600 
1445 396 397 4091 5824 407 4181 4182 5845 7023 5844 
1446 5866 4098 376 3965 6548 4163 5892 6701 4165 4167 
1447 3962 5868 374 4110 6569 5888 4159 4161 4157 6768 
1448 4036 4127 4057 6499 4696 4697 4458 7029 6999 6998 
1449 5830 4094 396 395 7041 4178 5843 5840 406 4179 
1450 374 373 4110 5868 384 4156 4157 5888 6768 5887 
1451 398 5828 4096 3953 5847 6734 4188 4184 4189 6979 
1452 4104 5870 371 3963 7047 5881 4150 4152 4148 7011 
1453 3958 4108 4058 6503 4337 4338 4231 6911 6786 7026 
1454 4015 4021 4011 6505 4589 4590 4580 6948 7000 6824 
1455 401 4097 400 5826 4193 4194 411 5854 5851 7050 
1456 398 5828 3953 397 5847 6979 4184 408 4185 5848 
1457 15 377 4120 5863 388 4131 4132 5874 6841 5873 
1458 4107 4097 3968 6501 4356 4388 4387 6944 6990 7046 
1459 392 16 5829 4122 402 5832 5831 4135 7002 4136 
1460 368 15 4121 5869 378 4129 4130 5872 6898 5871 
1461 5826 3961 400 399 6989 4190 5851 5852 410 4191 
1462 4089 3967 4124 6506 4382 4174 4323 7025 7040 7044 
1463 4123 427 3968 6501 4140 4276 4281 7038 6990 6958 
1464 3967 393 5829 392 4169 5836 7053 4170 5831 403 
1465 5829 3967 392 4122 7053 4170 5831 7002 4135 4171 
1466 4015 4114 4021 6505 4611 4612 4589 6948 6824 6996 
1467 401 5823 16 4123 5834 5833 412 4138 4137 7037 
1468 3966 368 4121 5869 4141 4130 4143 6655 6898 5872 
1469 372 371 4104 5870 382 4150 4151 5883 7047 5881 
1470 377 376 3965 5866 387 4165 4166 5894 6701 5892 
1471 376 375 4098 5866 386 4162 4163 5892 6548 5891 
1472 370 369 4103 5865 380 4144 4145 5878 6953 5877 
1473 4096 399 5828 398 4187 5850 6734 4188 5847 409 
1474 373 372 3954 5864 383 4153 4154 5885 7030 5884 
1475 375 374 3962 5868 385 4159 4160 5890 6569 5888 
1476 369 368 3966 5869 379 4141 4142 5876 6655 5872 
1477 371 370 3963 5870 381 4147 4148 5881 7011 5880 
1478 3968 4097 4123 6501 4388 4196 4281 6990 7038 7046 
1479 4124 5825 393 394 7039 5838 4173 4172 404 5837 
1480 6492 6483 4075 4071 6554 6772 7054 6691 4693 6689 
1481 4075 6483 6492 6489 6772 6554 7054 6774 6556 6551 
1482 4075 4035 6492 4071 4692 6609 7054 4693 6691 4616 
1483 6492 4035 4075 6489 6609 4692 7054 6556 6774 6606 
1484 6502 4098 4118 4041 6557 4375 6951 6740 4699 4358 
1485 6502 4118 4098 6485 6951 4375 6557 6530 6550 6749 
1486 6486 3950 417 4079 6707 4216 6736 6844 4223 4225 
1487 6486 417 3950 6480 6736 4216 6707 6604 6705 6694 
1488 5865 6498 3966 4103 6815 7055 6654 6953 4146 6838 
1489 5865 3966 6498 6485 6654 7055 6815 6658 6542 6656 
1490 4125 3966 6498 4103 4378 7055 6837 4379 6838 4146 
1491 4125 6498 3966 6485 6837 7055 4378 6896 6656 6542 
1492 413 5869 15 5863 6856 5871 428 6855 5874 5875 
1493 15 5869 413 4121 5871 6856 428 4129 4134 6898 
1494 6499 4125 6498 4076 6897 6837 6987 6950 6839 4718 
1495 6499 6498 4125 6485 6987 6837 6897 6560 6896 6542 
1496 6505 4050 4049 4114 6925 4370 6939 6996 4679 4701 
1497 6505 4049 4050 6493 6939 4370 6925 6926 6922 6875 
1498 6500 396 5830 4094 7043 5843 7032 7042 7041 4178 
1499 6500 5830 396 5824 7032 5843 7043 7022 5845 5846 
3 6 11 114
1500 183 182 4895 5744 193 4924 4925 5764 7056 5765 
1501 373 372 5864 4895 383 5884 5885 4933 7057 4928 
1502 185 184 4889 5748 195 4934 4935 5770 7058 5767 
1503 374 373 5868 4891 384 5887 5888 4938 7059 4932 
1504 371 370 5870 4893 381 5880 5881 4923 7060 4918 
1505 182 181 4890 5750 192 4919 4920 5763 7061 5760 
1506 368 15 5869 4886 378 5871 5872 4903 7062 4897 
1507 370 369 5865 4892 380 5877 5878 4917 7063 4912 
1508 375 374 5868 4889 385 5888 5890 4942 7064 4937 
1509 184 183 4891 5748 194 4929 4930 5767 7065 5768 
1510 181 180 4893 5750 191 4914 4915 5760 7066 5761 
1511 372 371 5870 4890 382 5881 5883 4927 7067 4922 
1512 8 187 4887 5743 198 4902 4899 5753 7068 5754 
1513 180 179 4892 5745 190 4909 4910 5757 7069 5758 
1514 15 377 5863 4887 388 5873 5874 4900 7070 4904 
1515 369 368 5869 4894 379 5872 5876 4913 7071 4908 
1516 377 376 5866 4888 387 5892 5894 4950 7072 4947 
1517 178 8 4886 5749 188 4898 4901 5751 7073 5752 
1518 376 375 5866 4896 386 5891 5892 4948 7074 4943 
1519 5870 4890 5744 5864 7067 7075 7076 5886 7077 7078 
1520 5865 5745 5750 4893 7079 5762 7080 7081 7066 7082 
1521 187 186 4888 5746 197 4944 4945 5774 7083 5771 
1522 186 185 4896 5746 196 4939 4940 5771 7084 5772 
1523 5749 5743 4886 5863 5755 7085 7073 7086 7087 7088 
1524 5745 4894 5865 5869 7089 7090 7079 7091 5879 7071 
1525 5864 4890 5744 372 7078 7075 7077 5884 7092 4927 
1526 179 178 4894 5749 189 4905 4906 5756 7093 5751 
1527 180 5745 5865 4893 5757 7079 7094 4914 7081 7082 
1528 4891 5868 5744 5864 7059 7095 7096 7097 7077 5889 
1529 5746 5863 4888 5743 7098 7099 7083 5775 7100 7088 
1530 5863 4886 5749 5869 7087 7073 7086 5875 7101 7062 
1531 4890 5744 5750 5870 7075 5766 7061 7067 7102 7076 
1532 4891 5744 183 5864 7096 5764 4929 7097 7103 7077 
1533 4886 5743 8 5863 7085 5753 4898 7087 7104 7088 
1534 5870 5865 5750 4893 5882 7080 7102 7060 7066 7081 
1535 4890 182 5744 372 4920 5765 7075 4927 7092 4926 
1536 5863 187 4888 5743 7105 4945 7099 7088 7100 5754 
1537 4894 5745 5749 5869 7089 5759 7093 7071 7101 7091 
1538 4893 5865 180 370 7081 7094 4914 4918 4916 5878 
1539 5864 5870 4890 372 5886 7067 7078 5884 4927 5883 
1540 5744 182 4890 5750 5765 4920 7075 5766 7061 5763 
1541 5745 4894 369 5865 7089 4913 7106 7079 5877 7090 
1542 5745 180 5750 4893 5757 5761 5762 7082 7066 4914 
1543 5870 5865 4893 370 5882 7081 7060 5880 4918 5878 
1544 5868 4889 185 375 7064 4935 7107 5890 4941 4942 
1545 5744 5748 5868 4891 5769 7108 7095 7096 7059 7065 
1546 5863 5746 4888 5866 7098 7083 7099 5895 7072 7109 
1547 8 5749 5743 4886 5752 5755 5753 4898 7085 7073 
1548 15 4886 5863 5869 4897 7087 5874 5871 5875 7062 
1549 5748 4889 185 5868 7058 4935 5770 7108 7107 7064 
1550 187 5863 4888 377 7105 7099 4945 4949 4950 5873 
1551 183 4891 5864 373 4929 7097 7103 4931 5885 4932 
1552 5748 5744 183 4891 5769 5764 5768 7065 4929 7096 
1553 5864 4891 5868 373 7097 7059 5889 5885 5887 4932 
1554 5743 5746 187 4888 5775 5774 5754 7100 4945 7083 
1555 185 4896 5866 375 4939 7074 7110 4941 5891 4943 
1556 5863 377 5866 4888 5873 5894 5895 7099 7072 4950 
1557 4886 8 15 5863 4898 450 4897 7087 5874 7104 
1558 4896 5746 185 5866 7084 5772 4939 7074 7110 7109 
1559 5745 5749 179 4894 5759 5756 5758 7089 4906 7093 
1560 5865 4894 369 5869 7090 4913 5877 5879 5876 7071 
1561 180 5745 4892 5865 5757 7069 4910 7094 7063 7079 
1562 5744 5867 5870 5864 7111 5901 7076 7077 5886 5899 
1563 5750 5747 5745 5865 5781 5782 5762 7080 7079 7112 
1564 5864 5744 4895 372 7077 7056 7057 5884 4928 7092 
1565 5868 185 5866 375 7107 7110 5893 5890 5891 4941 
1566 5747 5865 5869 5745 7112 5879 7113 5782 7091 7079 
1567 4887 5743 187 5863 7068 5754 4902 7070 7105 7088 
1568 4894 179 5745 369 4906 5758 7089 4913 7106 4911 
1569 5750 5867 5744 5747 7114 7111 5766 5781 5780 7115 
1570 185 5868 5866 5748 7107 5893 7110 5770 7116 7108 
1571 8 5743 4887 5863 5753 7068 4899 7104 7070 7088 
1572 5868 5866 5747 5867 5893 7117 7118 5900 7115 5896 
1573 5867 5744 5868 5864 7111 7095 5900 5899 5889 7077 
1574 5746 5748 185 5866 5773 5770 5772 7109 7110 7116 
1575 5750 5747 5865 5867 5781 7112 7080 7114 5902 7115 
1576 5865 5747 5869 5867 7112 7113 5879 5902 5898 7115 
1577 5864 183 4895 5744 7103 4925 7057 7077 7056 5764 
1578 5744 5867 5868 5747 7111 5900 7095 5780 7118 7115 
1579 5867 5750 5744 5870 7114 5766 7111 5901 7076 7102 
1580 5865 4892 180 370 7063 4910 7094 5878 4916 4917 
1581 5743 5749 5747 5863 5755 5778 5776 7088 7119 7086 
1582 5867 5865 5750 5870 5902 7080 7114 5901 7102 5882 
1583 5869 5747 5863 5867 7113 7119 5875 5898 5897 7115 
1584 5744 182 4895 372 5765 4924 7056 7092 4928 4926 
1585 5747 5748 5866 5868 5779 7116 7117 7118 5893 7108 
1586 5747 5749 5745 5869 5778 5759 5782 7113 7091 7101 
1587 4892 5745 369 5865 7069 7106 4912 7063 5877 7079 
1588 5747 5748 5746 5866 5779 5773 5777 7117 7109 7116 
1589 187 4887 5863 377 4902 7070 7105 4949 5873 4904 
1590 5747 5746 5743 5863 5777 5775 5776 7119 7088 7098 
1591 5747 5866 5863 5867 7117 5895 7119 7115 5897 5896 
1592 5744 5747 5868 5748 5780 7118 7095 5769 7108 5779 
1593 5863 5749 5747 5869 7086 5778 7119 5875 7113 7101 
1594 183 5864 4895 373 7103 7057 4925 4931 4933 5885 
1595 4887 15 8 5863 4900 450 4899 7070 7104 5874 
1596 5866 5747 5863 5746 7117 7119 5895 7109 7098 5777 
1597 368 5749 178 4886 7120 5751 4907 4903 4901 7073 
1598 4886 368 5749 5869 4903 7120 7073 7062 7101 5872 
1599 179 5745 369 4892 5758 7106 4911 4909 4912 7069 
1600 4894 5749 178 368 7093 5751 4905 4908 4907 7120 
1601 368 4894 5749 5869 4908 7093 7120 5872 7101 7071 
1602 184 374 5868 4891 4936 5888 7121 4930 7059 4938 
1603 5868 5748 184 4891 7108 5767 7121 7059 4930 7065 
1604 4889 184 374 5868 4934 4936 4937 7064 5888 7121 
1605 184 4889 5748 5868 4934 7058 5767 7121 7108 7064 
1606 5750 181 4890 5870 5760 4919 7061 7102 7067 7122 
1607 5870 5750 181 4893 7102 5760 7122 7060 4915 7066 
1608 5866 376 5746 4888 5892 7123 7109 7072 7083 4947 
1609 181 4890 5870 371 4919 7067 7122 4921 5881 4922 
1610 371 5870 181 4893 5881 7122 4921 4923 4915 7060 
1611 186 5746 376 4888 5771 7123 4946 4944 4947 7083 
1612 4896 376 5746 5866 4948 7123 7084 7074 7109 5892 
1613 376 5746 186 4896 7123 5771 4946 4948 4940 7084 
3 7 11 1612
1614 1766 92 181 2015 1788 1786 1789 7124 2101 7125 
1615 2032 65 825 1722 7126 1036 7127 7128 7129 1751 
1616 1898 691 703 1951 7130 1425 7131 2335 7132 7133 
1617 2032 160 65 1722 2079 1753 7126 7128 1751 1755 
1618 182 93 1766 2015 1790 1787 1792 2100 7124 7134 
1619 1896 691 1898 1951 7135 7130 2332 2334 2335 7133 
1620 1724 2021 645 853 7136 7137 7138 7139 1050 7140 
1621 691 700 703 1951 1423 1426 1425 7133 7132 7141 
1622 2021 1724 162 853 7136 1763 2085 7140 7142 7139 
1623 839 2004 1983 1914 7143 2420 7144 7145 2417 2419 
1624 2032 825 64 1722 7127 1037 7146 7128 1750 7129 
1625 64 159 2032 1722 1749 2078 7146 1750 7128 1752 
1626 1904 768 1906 1905 7147 7148 2373 2368 2372 7149 
1627 1982 1874 212 642 2184 2180 2175 7150 7151 7152 
1628 1766 846 92 2015 7153 1070 1788 7124 7125 7154 
1629 1897 1894 691 1896 2325 7155 7156 2324 7135 2315 
1630 1973 209 805 719 2161 7157 7158 7159 971 7160 
1631 1896 1951 1981 695 2334 2336 2316 7161 7162 7163 
1632 1894 691 654 1897 7155 1229 7164 2325 7165 7156 
1633 805 210 1973 718 7166 2162 7158 977 7167 7168 
1634 1724 161 67 2021 1760 1757 1758 7136 7169 2084 
1635 1968 787 205 651 7170 7171 2133 7172 7173 946 
1636 737 753 752 1954 1603 1602 1484 7174 7175 7176 
1637 754 1968 204 651 7177 2134 7178 940 7179 7172 
1638 1967 752 753 1954 7180 1602 7181 2346 7176 7175 
1639 1981 1951 700 695 2336 7141 7182 7162 1424 7163 
1640 1874 842 213 642 7183 7184 2179 7152 7185 994 
1641 806 1977 211 718 7186 2170 7187 983 7188 7189 
1642 1892 690 1894 695 7190 7191 2312 7192 7193 1419 
1643 700 691 1896 1951 1423 7135 7194 7141 2334 7133 
1644 709 813 1878 875 1126 7195 7196 1509 7197 1508 
1645 210 1977 1973 718 2169 2172 2162 7168 7167 7189 
1646 1970 842 213 1874 7198 7184 2188 2189 2179 7183 
1647 645 68 1724 853 1045 1759 7138 1050 7139 1049 
1648 1985 652 209 1984 7199 7200 2164 2166 2157 7201 
1649 641 206 1980 1873 7202 2144 7203 7204 2148 2139 
1650 873 709 814 1966 1510 1129 1511 7205 7206 7207 
1651 814 2029 137 704 7208 7209 1128 1132 1130 7210 
1652 205 1872 1891 674 2137 2141 2132 7211 7212 7213 
1653 1968 204 1882 754 2134 2127 2136 7177 7214 7178 
1654 1881 1981 2012 792 2264 2267 2266 7215 7216 7217 
1655 655 688 1899 1897 1235 7218 7219 7220 2338 7221 
1656 206 641 787 1873 7202 952 7222 2139 7223 7204 
1657 688 799 1899 1897 1236 7224 7218 7221 2338 7225 
1658 805 880 1973 719 1558 7226 7158 971 7159 1559 
1659 1873 787 205 1968 7223 7171 2140 2142 2133 7170 
1660 1973 879 805 718 7227 1552 7158 7167 977 1551 
1661 1872 205 832 674 2137 7228 7229 7213 947 7211 
1662 1879 210 1985 650 2168 2163 2171 7230 7231 7232 
1663 68 162 1724 853 1761 1763 1759 1049 7139 7142 
1664 795 768 1906 1904 1667 7148 7233 7234 2373 7147 
1665 28 27 204 651 43 7235 7236 937 7179 936 
1666 204 205 28 651 220 7237 7236 7179 937 7173 
1667 25 26 203 696 41 7238 7239 925 7240 924 
1668 213 36 35 642 7241 51 7242 7185 984 985 
1669 35 212 213 642 7243 228 7242 984 7185 7151 
1670 37 38 214 715 53 7244 7245 999 7246 998 
1671 1899 799 752 1898 7224 1407 7247 2337 7248 7249 
1672 799 688 655 1897 1236 1235 1227 7225 7220 7221 
1673 203 202 25 696 218 7250 7239 7240 925 7251 
1674 212 1965 806 716 2181 7252 7253 7254 989 7255 
1675 215 214 38 715 230 7244 7256 7257 998 7246 
1676 26 203 204 754 7238 219 7258 930 7178 7259 
1677 204 27 26 754 7235 42 7258 7178 930 931 
1678 1951 1896 700 695 2334 7194 7141 7163 1424 7161 
1679 212 1982 642 798 2175 7150 7151 7260 988 7261 
1680 213 35 36 716 7242 51 7241 7262 986 987 
1681 213 212 35 716 228 7243 7242 7262 987 7254 
1682 34 35 211 806 50 7263 7264 981 7187 980 
1683 212 211 35 806 227 7263 7243 7253 980 7187 
1684 209 32 33 805 7265 48 7266 7157 966 967 
1685 1879 1982 211 798 2178 2176 2167 7267 7268 7261 
1686 1891 1881 204 788 2135 2126 2131 7269 7270 7271 
1687 36 214 807 37 7272 7273 991 52 990 7245 
1688 214 36 807 213 7272 991 7273 229 7274 7241 
1689 879 1973 1977 718 7227 2172 7275 1551 7189 7167 
1690 1894 1896 1892 695 2315 2314 2312 7193 7192 7161 
1691 654 690 691 1894 1187 1230 1229 7164 7155 7191 
1692 211 210 34 718 226 7276 7264 7188 974 7168 
1693 210 33 34 718 7277 49 7276 7168 974 975 
1694 28 205 206 787 7237 221 7278 942 7222 7171 
1695 768 769 1979 1905 1681 7279 7280 7149 2377 7281 
1696 1880 826 207 1980 7282 7283 2150 2153 2143 7284 
1697 209 33 210 805 7266 7277 225 7157 7166 966 
1698 211 1871 1977 806 2173 2177 2170 7187 7186 7285 
1699 719 1973 209 1870 7159 2161 7160 7286 2156 2165 
1700 1908 757 760 759 7287 1639 7288 7289 1640 1637 
1701 826 641 207 1980 958 7290 7283 7284 2143 7203 
1702 652 1985 209 829 7199 2164 7200 970 7291 7292 
1703 1922 1924 824 1986 2457 7293 7294 2459 7295 2458 
1704 1907 1908 761 1946 2382 7296 7297 2387 7298 2386 
1705 65 825 667 2032 1036 1041 1040 7126 7299 7127 
1706 652 208 1984 1880 7300 2158 7201 7301 2160 2149 
1707 806 877 1977 718 1553 7302 7186 983 7189 1554 
1708 1996 795 1907 1904 7303 7304 2376 2361 2375 7234 
1709 28 204 27 674 7236 7235 43 938 939 7305 
1710 28 205 204 674 7237 220 7236 938 7305 7211 
1711 802 643 1876 886 1168 7306 7307 1170 7308 1169 
1712 1914 839 2004 699 7145 7143 2419 7309 7310 1464 
1713 674 1891 204 788 7212 2131 7305 941 7270 7269 
1714 829 1985 210 650 7292 2163 7311 976 7232 7231 
1715 1899 1901 810 657 2347 7312 7313 7314 1245 7315 
1716 206 29 28 787 7316 44 7278 7222 942 943 
1717 799 752 688 1899 1407 1408 1236 7224 7218 7247 
1718 1945 665 662 2006 7317 1270 7318 2566 7319 7320 
1719 870 842 1874 642 1165 7183 7321 1164 7152 994 
1720 740 1922 824 1986 7322 7294 1147 7323 7295 2459 
1721 1968 756 755 757 7324 1212 7325 7326 1628 1629 
1722 1723 157 851 2026 1744 7327 7328 7329 7330 2072 
1723 204 203 26 788 219 7238 7258 7270 933 7331 
1724 204 26 27 788 7258 42 7235 7270 932 933 
1725 212 1965 1871 806 2181 2183 2174 7253 7285 7252 
1726 1892 1893 856 1872 2217 7332 7333 2216 7334 2218 
1727 1939 682 1987 685 7335 7336 2505 7337 7338 1377 
1728 1965 1878 813 875 2190 7195 7339 7340 1508 7197 
1729 870 842 1970 1874 1165 7198 7341 7321 2189 7183 
1730 851 61 157 1723 1026 1741 7327 7328 1744 1742 
1731 208 652 826 1880 7300 964 7342 2149 7282 7301 
1732 1944 664 2004 694 7343 7344 2567 7345 7346 1279 
1733 1965 876 806 716 7347 1543 7252 7255 989 1542 
1734 665 666 1942 670 1278 7348 7349 1283 7350 1282 
1735 1914 1983 839 1915 2417 7144 7145 2412 7351 2418 
1736 1899 752 688 1967 7247 1408 7218 2343 7352 7180 
1737 704 814 2029 1890 1132 7208 7210 7353 2309 7354 
1738 733 1921 1923 1922 7355 2451 7356 7357 2452 2446 
1739 1899 1900 655 1897 2339 7358 7219 2338 7220 2340 
1740 646 1895 1990 1912 7359 2323 7360 7361 2331 2329 
1741 719 880 1973 1870 1559 7226 7159 7286 2165 7362 
1742 28 206 205 832 7278 221 7237 945 7228 7363 
1743 32 209 33 829 7265 7266 48 968 969 7291 
1744 1942 666 665 1944 7348 1278 7349 2494 7364 7365 
1745 651 1968 787 756 7172 7170 946 1213 1214 7324 
1746 31 207 30 804 7366 7367 46 954 955 7368 
1747 36 214 37 842 7272 7245 52 992 993 7369 
1748 36 213 214 842 7241 229 7272 992 7369 7184 
1749 1905 1904 768 857 2368 7147 7149 7370 1685 7371 
1750 1901 1899 1900 657 2347 2339 2348 7315 7372 7314 
1751 748 638 1915 1917 1140 7373 7374 7375 2421 7376 
1752 210 33 209 829 7277 7266 225 7311 7291 969 
1753 832 702 206 2001 953 7377 7363 7378 2145 7379 
1754 733 743 1921 1922 1592 7380 7355 7357 2446 7381 
1755 1923 1925 731 1924 2461 7382 7383 2456 7384 2462 
1756 650 1879 211 798 7230 2167 7385 982 7268 7267 
1757 1944 2004 1983 694 2567 2420 2495 7345 7386 7346 
1758 211 34 210 650 7264 7276 226 7385 7232 973 
1759 651 754 1968 755 940 7177 7172 1211 7325 1210 
1760 34 33 210 650 49 7277 7276 973 7232 972 
1761 38 39 215 809 54 7387 7256 1003 7388 1002 
1762 31 32 208 719 47 7389 7390 963 7391 962 
1763 209 208 32 719 224 7389 7265 7160 962 7391 
1764 39 216 215 809 7392 231 7387 1002 7388 7393 
1765 667 160 65 2032 7394 1753 1040 7299 7126 2079 
1766 1894 690 691 1896 7191 1230 7155 2315 7135 7395 
1767 1909 2017 794 760 2391 7396 7397 7398 1641 7399 
1768 35 211 798 34 7263 7268 979 50 978 7264 
1769 211 35 798 212 7263 979 7268 227 7260 7243 
1770 725 1925 1927 1926 7400 2471 7401 7402 2472 2466 
1771 2031 2033 1984 776 2639 2638 2261 7403 7404 7405 
1772 1901 1996 1904 687 2357 2361 2360 7406 7407 7408 
1773 877 1977 1871 806 7302 2177 7409 1553 7285 7186 
1774 1899 688 801 1967 7218 1409 7410 2343 7411 7352 
1775 1892 1894 690 698 2312 7191 7190 7412 1421 7413 
1776 206 832 2001 1872 7363 7378 2145 2138 2147 7229 
1777 31 30 207 826 46 7367 7366 957 7283 956 
1778 788 2008 203 696 7414 2120 7331 934 7240 7415 
1779 752 801 688 1967 1410 1409 1408 7180 7352 7411 
1780 28 29 206 832 44 7316 7278 945 7363 944 
1781 647 646 1990 1912 908 7360 7416 7417 2331 7361 
1782 1902 1901 1900 657 2352 2348 2353 7418 7372 7315 
1783 654 646 1894 1990 1186 7419 7164 7420 2322 7360 
1784 1882 1968 754 755 2136 7177 7214 7421 1210 7325 
1785 1996 661 1902 660 7422 7423 2358 7424 7425 1252 
1786 30 29 207 641 45 7426 7367 949 7290 948 
1787 1873 1980 641 815 2148 7203 7204 7427 1157 7428 
1788 815 756 1873 758 1636 7429 7427 1635 7430 1634 
1789 206 207 29 641 222 7426 7316 7202 948 7290 
1790 1968 1873 787 756 2142 7223 7170 7324 1214 7429 
1791 862 647 2000 1912 910 7431 7432 7433 2410 7417 
1792 1896 1894 690 695 2315 7191 7395 7161 1419 7193 
1793 155 58 1725 2025 1733 1734 1736 2066 7434 7435 
1794 682 680 2005 1932 1366 7436 7437 7438 2506 7439 
1795 724 726 1927 725 1570 7440 7441 1566 7401 1571 
1796 1980 1880 826 817 2153 7282 7284 7442 1160 7443 
1797 876 1871 1965 806 7444 2183 7347 1543 7252 7285 
1798 1873 641 787 815 7204 952 7223 7427 1156 1157 
1799 32 208 652 31 7389 7300 961 47 960 7390 
1800 2017 755 1882 794 7445 7421 2270 7396 7446 1630 
1801 817 815 1980 766 1158 7428 7442 1680 7447 1646 
1802 208 32 652 209 7389 961 7300 224 7200 7265 
1803 1766 93 846 2015 1787 1071 7153 7124 7154 7134 
1804 1902 2006 1996 660 2363 2362 2358 7425 7424 7448 
1805 1880 1984 652 785 2160 7201 7301 7449 1216 7450 
1806 804 719 208 1870 965 7391 7451 7452 2155 7286 
1807 719 804 885 1870 965 1557 1556 7286 7453 7452 
1808 823 1926 736 1934 7454 7455 1144 7456 7457 2468 
1809 725 731 1925 1926 1577 7382 7400 7402 2466 7458 
1810 207 29 30 702 7426 45 7367 7459 950 951 
1811 1954 703 717 1951 7460 1467 7461 2344 7462 7132 
1812 203 1881 2008 788 2125 2129 2120 7331 7414 7271 
1813 769 1979 1905 1958 7279 2377 7281 7463 2379 2380 
1814 768 769 1905 770 1681 7281 7149 1683 7464 1682 
1815 826 641 1980 817 958 7203 7284 1160 7442 1159 
1816 29 207 206 702 7426 222 7316 951 7377 7459 
1817 1997 845 2005 689 7465 7466 2603 7467 7468 1384 
1818 785 817 1880 774 1698 7443 7449 1697 7469 1679 
1819 26 25 203 713 41 7239 7238 927 7470 926 
1820 1917 748 638 747 7375 1140 7376 7471 1088 1139 
1821 1996 2006 661 660 2362 7472 7422 7424 1252 7448 
1822 808 2004 1983 839 7473 2420 7474 1442 7144 7143 
1823 25 202 203 713 7250 218 7239 926 7470 7475 
1824 67 1724 2021 645 1758 7136 7169 1046 7137 7138 
1825 1910 199 1895 816 7476 7477 2319 7478 7479 7480 
1826 794 1909 760 764 7397 7398 1641 1656 1654 7481 
1827 886 1876 802 1962 7308 7307 1170 7482 7483 2239 
1828 2006 2004 664 660 2366 7344 7484 7448 1259 7485 
1829 2017 1968 755 757 2269 7325 7445 7486 1628 7326 
1830 2031 785 1880 774 7487 7449 2262 7488 7469 1697 
1831 1945 662 665 818 7318 1270 7317 7489 1271 1267 
1832 845 683 2005 689 1369 7490 7466 1384 7468 1383 
1833 2050 820 724 722 7491 1565 7492 7493 1563 1454 
1834 823 1924 1926 1934 7494 2467 7454 7456 2468 2469 
1835 208 207 31 804 223 7366 7390 7451 954 7368 
1836 1967 1899 752 1898 2343 7247 7180 2342 7248 2337 
1837 1929 1983 1918 694 2440 2425 2438 7495 7496 7386 
1838 639 824 1924 1986 1146 7293 7497 7498 2458 7295 
1839 660 661 1902 659 1252 7423 7425 1248 7499 1253 
1840 1901 1902 659 657 2352 7499 7500 7315 1243 7418 
1841 827 67 161 2021 1042 1757 7501 7502 2084 7169 
1842 644 181 92 2015 7503 1786 1068 7504 7125 2101 
1843 58 783 1725 2025 1017 7505 1734 7435 7434 7506 
1844 757 2017 1908 760 7486 2392 7287 1639 7288 7399 
1845 828 1984 652 1985 7507 7201 1218 7508 7199 2166 
1846 2033 828 1984 776 7509 7507 2638 7405 7404 1703 
1847 685 1987 1939 1931 7338 2505 7337 7510 2503 2475 
1848 682 1939 684 685 7335 7511 1375 1377 1378 7337 
1849 652 826 1880 785 964 7282 7301 1216 7449 1215 
1850 1990 2000 647 1912 2356 7431 7416 2331 7417 2410 
1851 658 1902 2000 1900 7512 2354 7513 7514 2355 2353 
1852 1996 1902 661 659 2358 7423 7422 7515 1253 7499 
1853 1900 688 1899 655 7516 7218 2339 7358 7219 1235 
1854 2006 662 661 660 7319 1258 7472 7448 1252 1257 
1855 1908 2023 757 759 2393 7517 7287 7289 1637 7518 
1856 682 680 1932 681 1366 7439 7438 1365 7519 1351 
1857 2009 1882 203 754 2130 2128 2121 7520 7259 7214 
1858 736 1926 1935 1934 7455 2478 7521 7457 2479 2468 
1859 765 759 758 1946 1642 1638 1643 7522 7523 7524 
1860 768 1979 1906 1905 7280 2378 7148 7149 2372 2377 
1861 1923 731 733 1924 7383 1587 7356 2456 7525 7384 
1862 743 744 1919 1920 1607 7526 7527 7528 2433 7529 
1863 1892 849 1981 1891 7530 7531 2311 2215 2265 7532 
1864 694 664 2004 808 1279 7344 7346 1281 7473 1261 
1865 661 662 2006 1996 1258 7319 7472 7422 2362 7533 
1866 1895 646 1894 816 7359 7419 2317 7479 7534 1108 
1867 695 1892 690 698 7192 7190 1419 1420 1421 7412 
1868 839 808 2004 699 1442 7473 7143 1464 7310 1251 
1869 662 2007 2006 1996 7535 2570 7319 7533 2362 2390 
1870 207 208 31 826 223 7390 7366 7283 957 7342 
1871 1927 724 725 1969 7441 1566 7401 2476 7536 7537 
1872 1917 638 1915 1916 7376 7373 2421 2422 2414 7538 
1873 761 1908 759 1946 7296 7289 1648 7298 7524 2386 
1874 1908 1906 1907 761 2381 2374 2382 7296 7297 7539 
1875 2023 1873 756 758 2220 7429 7540 7541 1634 7430 
1876 213 807 1878 716 7274 7542 2185 7262 7543 995 
1877 1874 213 212 642 2179 228 2180 7152 7151 7185 
1878 1879 1985 784 650 2171 7544 7545 7230 1206 7231 
1879 814 704 872 1890 1132 1488 1490 7354 7546 7353 
1880 723 648 736 1935 1198 1103 1199 7547 7521 7548 
1881 795 768 1904 857 1667 7147 7234 1402 7371 1685 
1882 205 204 1968 651 220 2134 2133 7173 7172 7179 
1883 810 688 1899 657 1246 7218 7313 1245 7314 1234 
1884 738 669 2011 838 1306 7549 7550 1307 7551 1063 
1885 818 1945 662 2006 7489 7318 1267 7552 7319 2566 
1886 806 211 34 718 7187 7264 981 983 974 7188 
1887 1893 751 856 2001 7553 1621 7332 2219 7554 7555 
1888 1898 703 752 1954 7131 1483 7248 2345 7175 7460 
1889 801 1903 810 1899 7556 7557 1411 7410 7313 2349 
1890 1987 682 2005 1932 7336 7437 2507 2465 2506 7438 
1891 805 209 32 719 7157 7265 967 971 962 7160 
1892 807 213 36 716 7274 7241 991 995 986 7262 
1893 204 27 754 651 7235 931 7178 7179 940 936 
1894 664 665 1944 2006 1269 7364 7343 7484 2565 7320 
1895 37 214 807 715 7245 7273 990 999 1001 7246 
1896 806 35 212 716 980 7243 7253 989 7254 987 
1897 1919 744 1918 1917 7526 7558 2431 2432 2424 7559 
1898 1924 823 639 1934 7494 1145 7497 2469 7560 7456 
1899 1996 1901 661 687 2357 7561 7422 7408 1254 7406 
1900 1910 1895 1893 816 2319 2318 2320 7478 7562 7479 
1901 1882 204 203 754 2127 219 2128 7214 7259 7178 
1902 782 2034 2038 1982 7563 2636 7564 7565 2254 2228 
1903 830 782 2038 1982 1713 7564 7566 7567 2254 7565 
1904 746 854 1932 1921 1372 7568 7569 7570 2453 7571 
1905 1897 691 799 1898 7156 1231 7225 2333 7249 7130 
1906 822 1874 1982 642 7572 2184 7573 1162 7150 7152 
1907 653 214 1886 1970 7574 2192 7575 7576 2196 2187 
1908 756 1968 2023 757 7324 2221 7540 1629 7517 7326 
1909 1906 1907 795 1904 2374 7304 7233 2373 7234 2375 
1910 805 33 210 718 966 7277 7166 977 7168 975 
1911 646 690 1894 816 1188 7191 7419 1108 7534 1189 
1912 202 203 2008 696 218 2120 2119 7251 7415 7240 
1913 743 1919 1921 1920 7527 2441 7380 7528 2442 2433 
1914 839 1914 1915 750 7145 2412 7351 1463 7577 7578 
1915 804 208 2002 1870 7451 2152 7579 7452 2159 2155 
1916 1898 1897 691 1896 2333 7156 7130 2332 7135 2324 
1917 2003 1980 815 766 2222 7428 7580 7581 1646 7447 
1918 665 664 662 2006 1269 1260 1270 7320 7319 7484 
1919 824 639 740 1986 1146 1097 1147 7295 7323 7498 
1920 787 28 205 651 942 7237 7171 946 7173 937 
1921 210 211 1977 718 226 2170 2169 7168 7189 7188 
1922 214 653 842 1970 7574 1000 7369 2187 7198 7576 
1923 2002 885 804 1870 7582 1557 7579 2159 7452 7453 
1924 2017 1999 1909 794 2273 2399 2391 7396 7397 7583 
1925 709 813 1961 1878 1126 7584 7585 7196 2249 7195 
1926 1989 814 709 1966 7586 1129 7587 2253 7207 7206 
1927 89 2046 669 838 7588 7589 1061 1059 1063 7590 
1928 753 802 801 1967 1624 1623 1622 7181 7411 7591 
1929 1973 209 210 805 2161 225 2162 7158 7166 7157 
1930 1985 652 828 829 7199 1218 7508 7292 1219 970 
1931 1878 807 875 716 7542 1544 7197 7543 1545 995 
1932 1899 801 1903 1967 7410 7556 2349 2343 2351 7411 
1933 1881 1891 792 788 2135 7592 7215 7271 1332 7269 
1934 1901 1902 1996 659 2352 2358 2357 7500 7515 7499 
1935 1910 1893 882 816 2320 7593 7594 7478 920 7562 
1936 1979 1909 1998 771 2385 2397 2396 7595 7596 7597 
1937 694 2004 1983 808 7346 2420 7386 1281 7474 7473 
1938 848 679 1938 1957 1330 7598 7599 7600 2537 7601 
1939 702 804 207 2002 959 7368 7459 7602 2151 7579 
1940 1932 859 746 1923 7603 1374 7569 2454 7604 7605 
1941 1957 845 1993 1997 7606 7607 2538 2614 2615 7465 
1942 2036 692 705 693 7608 1428 7609 7610 1429 1399 
1943 656 655 1900 1990 1193 7358 7611 7612 2341 7613 
1944 701 2012 1981 792 7614 2267 7615 1474 7217 7216 
1945 205 206 787 1873 221 7222 7171 2140 7223 2139 
1946 752 1967 1898 1954 7180 2342 7248 7175 2345 2346 
1947 1891 204 205 674 2131 220 2132 7212 7211 7305 
1948 1904 1996 661 687 2361 7422 7616 7407 1254 7408 
1949 795 768 763 1906 1667 1666 1668 7233 7617 7148 
1950 861 1998 1885 2025 7618 2284 7619 7620 2071 2285 
1951 744 1919 1920 1917 7526 2433 7529 7559 2434 2432 
1952 1913 819 1914 1912 7621 7622 2409 2403 2408 7623 
1953 845 1993 679 1957 7607 7624 1359 7606 7601 2538 
1954 638 1917 747 1916 7376 7471 1088 7538 7625 2422 
1955 819 862 1914 1912 911 7626 7622 7623 2408 7433 
1956 29 206 641 787 7316 7202 948 943 952 7222 
1957 203 204 1881 788 219 2126 2125 7331 7271 7270 
1958 1928 1992 676 1919 2445 7627 7628 2437 7629 2443 
1959 854 1992 1932 1921 7630 2455 7568 7571 2453 2444 
1960 214 807 715 1966 7273 1001 7246 2193 7631 7632 
1961 205 28 832 674 7237 945 7228 7211 947 938 
1962 829 784 1985 650 1205 7544 7292 976 7231 1206 
1963 670 1942 671 1929 7350 7633 1288 7634 7635 2491 
1964 211 212 1871 806 227 2174 2173 7187 7285 7253 
1965 215 39 38 855 7387 54 7256 7636 1004 1005 
1966 2003 815 1873 758 7580 7427 2223 7637 7430 1635 
1967 1927 730 1925 725 7638 7639 2471 7401 7400 1575 
1968 215 216 39 855 231 7392 7387 7636 1005 7640 
1969 1965 213 1878 716 2182 2185 2190 7255 7543 7262 
1970 788 203 26 696 7331 7238 933 934 924 7240 
1971 789 1881 2012 792 7641 2266 7642 1473 7216 7215 
1972 1979 1909 771 762 2385 7597 7595 7643 1664 7644 
1973 677 1993 680 1932 7645 7646 1348 7647 7439 2509 
1974 1981 700 1951 701 7182 7141 2336 7615 7648 1445 
1975 1895 1894 646 1990 2317 7419 7359 2323 7360 2322 
1976 1893 1895 1894 816 2318 2317 2313 7562 7534 7479 
1977 1927 1940 726 724 2484 7649 7440 7441 1570 7650 
1978 212 213 1965 716 228 2182 2181 7254 7255 7262 
1979 786 1882 755 794 7651 7421 1627 1632 1630 7446 
1980 685 1939 684 1931 7337 7511 1378 7510 7652 2503 
1981 2017 1882 1999 794 2270 2271 2273 7396 7583 7446 
1982 2019 138 186 1810 7653 7654 2116 7655 7656 1822 
1983 1958 1905 769 770 2379 7281 7463 7657 1682 7464 
1984 1938 848 1957 1941 7599 7600 2537 2497 2536 7658 
1985 2004 658 2000 699 7659 7513 2365 7310 7660 1240 
1986 2013 183 850 1875 2103 7661 7662 2108 7663 2107 
1987 1992 677 1938 676 7664 7665 2490 7627 7666 1326 
1988 203 2009 754 713 2121 7520 7259 7470 935 7667 
1989 825 64 643 2032 1037 1033 1038 7127 7668 7146 
1990 873 709 1966 1878 1510 7207 7205 7669 2195 7196 
1991 1927 1933 844 726 2482 7670 7671 7440 1582 7672 
1992 1996 661 1901 659 7422 7561 2357 7515 7500 1253 
1993 832 206 205 1872 7363 221 7228 7229 2137 2138 
1994 1900 658 1902 657 7514 7512 2353 7372 7418 1238 
1995 206 207 641 1980 222 7290 7202 2144 7203 2143 
1996 816 1894 1893 698 7534 2313 7562 1422 7673 7413 
1997 36 213 842 642 7241 7184 992 985 994 7185 
1998 639 823 736 1934 1145 1144 1100 7560 7457 7456 
1999 758 2003 765 1946 7637 7674 1643 7523 7522 2573 
2000 842 213 214 1970 7184 229 7369 7198 2187 2188 
2001 1942 1930 671 1929 2492 7675 7633 2491 7635 2486 
2002 830 1982 1879 798 7567 2178 7676 1209 7267 7261 
2003 5 199 1910 816 201 7476 7677 913 7478 7480 
2004 666 1942 670 1929 7348 7350 1282 7678 7634 2491 
2005 702 206 29 832 7377 7316 951 953 944 7363 
2006 1985 210 209 829 2163 225 2164 7292 7291 7311 
2007 674 792 1891 788 1331 7592 7212 941 7269 1332 
2008 848 1957 1941 779 7600 2536 7658 1363 7679 7680 
2009 1963 883 827 2021 7681 1183 7682 2280 7502 7683 
2010 703 737 752 1954 1481 1484 1483 7460 7175 7174 
2011 654 646 690 1894 1186 1188 1187 7164 7191 7419 
2012 1879 211 210 650 2167 226 2168 7230 7232 7385 
2013 1913 4 1911 1811 7684 7685 2404 7686 7687 1815 
2014 214 38 37 653 7244 53 7245 7574 996 997 
2015 714 885 1964 811 1535 7688 7689 1111 7690 1536 
2016 186 138 2019 867 7654 7653 2116 7691 7692 921 
2017 64 159 643 2032 1749 7693 1033 7146 7668 2078 
2018 794 1999 1909 764 7583 2399 7397 1656 7481 7694 
2019 1921 1923 746 733 2451 7604 7570 7355 1591 7356 
2020 1982 212 211 798 2175 227 2176 7261 7268 7260 
2021 818 662 2007 2006 1267 7535 7695 7552 2570 7319 
2022 38 214 215 653 7244 230 7256 997 7696 7574 
2023 39 2 8 868 55 1767 7697 897 7698 896 
2024 843 1928 676 1919 7699 7628 1343 7700 7629 2437 
2025 39 8 216 868 7697 232 7392 897 7701 7698 
2026 39 8 2 865 7697 1767 55 894 895 7702 
2027 1990 654 655 1897 7420 1191 7613 2326 7220 7165 
2028 856 793 1892 1872 1457 7703 7333 7334 2216 7704 
2029 715 807 873 1966 1001 1539 1538 7631 7205 7632 
2030 1957 848 679 779 7600 1330 7601 7680 1362 1363 
2031 883 827 881 1963 1183 1294 1550 7681 7705 7682 
2032 39 216 8 865 7392 232 7697 894 7702 7706 
2033 715 38 215 809 998 7256 7257 1007 7388 1003 
2034 1996 661 795 1904 7422 1265 7303 2361 7234 7616 
2035 1942 671 1930 670 7633 7675 2492 7350 7707 1288 
2036 1895 199 1911 1912 7477 7708 2327 2329 2330 7709 
2037 1932 1987 682 859 2465 7336 7438 7603 1371 7710 
2038 1 25 202 863 40 7250 7711 889 7712 888 
2039 642 35 212 798 984 7243 7151 988 7260 979 
2040 2014 724 1940 2050 7713 7650 2546 2549 2544 7492 
2041 670 671 666 1929 1288 1287 1282 7634 7678 7635 
2042 1986 1924 639 1934 2458 7497 7498 2470 7560 2469 
2043 1900 1899 688 657 2339 7218 7516 7372 1234 7314 
2044 778 2033 828 784 7714 7509 1702 1709 1710 7715 
2045 875 1965 1878 716 7340 2190 7197 1545 7543 7255 
2046 745 676 1992 1919 1345 7627 7716 7717 2443 7629 
2047 740 741 1922 1936 1200 7718 7322 7719 2448 7720 
2048 1903 1904 1905 857 2359 2368 2367 7721 7370 7371 
2049 1897 799 1899 1898 7225 7224 2338 2333 2337 7249 
2050 4 199 1895 1912 200 7477 7722 7723 2329 7709 
2051 1895 646 4 1912 7359 905 7722 2329 7723 7361 
2052 674 204 27 788 7305 7235 939 941 932 7270 
2053 1982 822 642 798 7573 1162 7150 7261 988 1161 
2054 685 1987 1931 1925 7338 2475 7510 7724 2473 2464 
2055 1990 655 1900 1897 7613 7358 2341 2326 2340 7220 
2056 1987 685 732 1925 7338 1390 7725 2464 7726 7724 
2057 846 644 92 2015 1072 1068 1070 7154 7125 7504 
2058 1907 663 795 1996 7727 1264 7304 2376 7303 7728 
2059 849 1981 1891 792 7531 2265 7532 1475 7592 7217 
2060 730 685 1931 1925 1392 7510 7729 7639 2473 7724 
2061 1927 1940 724 1969 2484 7650 7441 2476 7537 2485 
2062 1947 114 1948 1935 7730 7731 2522 2516 2521 7732 
2063 859 1932 1987 1923 7603 2465 7710 7605 2463 2454 
2064 2014 820 724 2050 7733 1565 7713 2549 7492 7491 
2065 1932 677 1993 1992 7647 7645 2509 2455 2508 7664 
2066 1920 1921 743 1922 2442 7380 7528 2447 7381 2446 
2067 2005 1939 683 682 2542 7734 7490 7437 1367 7335 
2068 1954 1898 703 1951 2345 7131 7460 2344 7132 2335 
2069 695 700 1981 701 1424 7182 7162 1446 7615 1445 
2070 849 1892 793 1891 7530 7703 1455 7532 7735 2215 
2071 759 2023 758 1946 7518 7541 1638 7524 7523 2394 
2072 800 1907 761 1946 7736 7297 1649 7737 7298 2387 
2073 844 1931 1927 730 7738 2474 7671 1393 7638 7729 
2074 1931 1933 844 1927 2481 7670 7738 2474 7671 2482 
2075 1878 813 1961 1965 7195 7584 2249 2190 2250 7339 
2076 1891 1872 793 674 2141 7704 7735 7212 1333 7213 
2077 841 1943 2016 2041 7739 2561 7740 7741 2563 2515 
2078 2042 7 202 863 2054 217 2055 7742 7712 7743 
2079 1907 795 860 1906 7304 1273 7744 2374 7745 7233 
2080 811 885 1964 1870 1536 7688 7690 7746 2205 7453 
2081 1908 2023 2017 757 2393 2395 2392 7287 7486 7517 
2082 652 208 209 1984 7300 224 7200 7201 2157 2158 
2083 202 25 1 866 7250 40 7711 7747 890 891 
2084 1914 2004 2000 699 2419 2365 2411 7309 7660 7310 
2085 1924 1925 731 1926 2462 7382 7384 2467 7458 2466 
2086 1877 181 644 2015 2097 7503 7748 2102 7504 2101 
2087 784 2033 828 1985 7715 7509 1710 7544 7508 2637 
2088 2034 782 822 1982 7563 1716 7749 2228 7573 7565 
2089 2000 1914 862 1912 2411 7626 7432 2410 7433 2408 
2090 1924 824 733 1922 7293 1588 7525 2457 7357 7294 
2091 2002 751 1910 2001 7750 7751 2402 2154 2321 7555 
2092 2017 2023 1968 757 2395 2221 2269 7486 7326 7517 
2093 207 206 702 2001 222 7377 7459 2146 7379 2145 
2094 1973 1977 1975 879 2172 2627 2626 7227 7752 7275 
2095 646 647 4 1912 908 907 905 7361 7723 7417 
2096 782 830 822 1982 1713 1715 1716 7565 7573 7567 
2097 1928 1992 1938 676 2445 2490 2489 7628 7666 7627 
2098 1873 2023 2003 758 2220 2224 2223 7430 7637 7541 
2099 682 2005 1939 1987 7437 2542 7335 7336 2505 2507 
2100 2002 207 702 2001 2151 7459 7602 2154 7379 2146 
2101 641 207 30 826 7290 7367 949 958 956 7283 
2102 137 1960 2029 814 7753 2308 7209 1128 7208 7754 
2103 2033 778 2037 784 7714 7755 2555 7715 7756 1709 
2104 1888 675 155 2025 7757 7758 2064 2068 2066 7759 
2105 209 32 652 829 7265 961 7200 7291 970 968 
2106 740 1922 1986 1936 7322 2459 7323 7719 2460 2448 
2107 1977 812 1975 879 7760 7761 2627 7275 7752 1521 
2108 743 1921 746 733 7380 7570 1596 1592 1591 7355 
2109 210 33 829 650 7277 969 7311 7232 976 972 
2110 860 1907 1906 761 7744 2374 7745 1660 7539 7297 
2111 5 199 1911 1910 201 7708 7762 7677 2328 7476 
2112 1900 2000 656 1990 2355 7763 7611 2341 7612 2356 
2113 731 1925 730 725 7382 7639 1576 1577 1575 7400 
2114 703 700 717 1951 1426 1468 1467 7132 7462 7141 
2115 719 208 31 804 7391 7390 963 965 954 7451 
2116 653 215 855 2010 7696 7636 1006 7764 7765 2200 
2117 1871 710 1978 877 7766 7767 2213 7409 7768 1514 
2118 710 812 1978 877 1120 7769 7767 1514 7768 1513 
2119 732 1923 1925 731 7770 2461 7726 1585 7382 7383 
2120 1967 753 1962 1954 7181 7771 2607 2346 2606 7176 
2121 1943 708 1933 2041 7772 7773 2512 2515 2513 7774 
2122 754 26 203 713 930 7238 7259 935 7470 927 
2123 1998 861 783 2025 7618 1021 7775 2285 7506 7620 
2124 1910 1911 5 1809 2328 7762 7677 7776 1819 7777 
2125 2007 1945 818 2006 2571 7489 7695 2570 7552 2566 
2126 1932 680 677 681 7439 1348 7647 7519 1350 1351 
2127 702 832 871 2001 953 1479 1478 7379 7778 7378 
2128 832 793 1872 674 1335 7704 7229 947 7213 1333 
2129 1924 733 1923 1922 7525 7356 2456 2457 2452 7357 
2130 1944 2004 664 2006 2567 7344 7343 2565 7484 2366 
2131 650 830 1879 798 1208 7676 7230 982 7267 1209 
2132 652 31 208 826 960 7390 7300 964 7342 957 
2133 1942 666 1944 1929 7348 7365 2494 2491 2493 7678 
2134 4 1913 1911 1912 7684 2404 7685 7723 2330 2403 
2135 665 1945 1944 2006 7317 2556 7364 7320 2565 2566 
2136 2010 653 215 1886 7764 7696 2200 2201 2191 7575 
2137 2021 827 67 645 7502 1042 7169 7137 1046 1047 
2138 690 1894 816 698 7191 7534 1189 1421 1422 7413 
2139 739 2016 1877 644 7779 2247 7780 1174 7748 7781 
2140 812 711 1975 879 1117 7782 7761 1521 7752 1520 
2141 1979 767 768 1906 7783 1665 7280 2378 7148 7784 
2142 741 740 649 1936 1200 1094 1201 7720 7785 7719 
2143 2050 2014 820 722 2549 7733 7491 7493 1454 7786 
2144 784 2037 2033 1985 7756 2555 7715 7544 2637 2257 
2145 665 1942 678 670 7349 7787 1285 1283 1284 7350 
2146 777 776 2033 1991 1699 7405 7788 7789 2553 7790 
2147 1983 749 839 1915 7791 1441 7144 2418 7351 7792 
2148 820 724 1940 2014 1565 7650 7793 7733 2546 7713 
2149 1964 885 714 2002 7688 1535 7689 2208 7794 7582 
2150 655 1900 688 657 7358 7516 1235 1233 1234 7372 
2151 4 199 646 1895 200 7795 905 7722 7359 7477 
2152 660 2004 664 808 7485 7344 1259 1250 1261 7473 
2153 723 823 1926 736 1569 7454 7796 1199 7455 1144 
2154 1900 2000 658 656 2355 7513 7514 7611 1237 7763 
2155 1973 1975 711 879 2626 7782 7797 7227 1520 7752 
2156 820 2024 668 2013 7798 7799 1301 7800 7801 2642 
2157 2033 776 777 778 7405 1699 7788 7714 1700 1701 
2158 1892 1896 1981 695 2314 2316 2311 7192 7162 7161 
2159 882 1893 1910 751 7593 2320 7594 919 7751 7553 
2160 1765 96 95 637 1795 106 1796 7802 1079 900 
2161 814 136 1989 709 1127 7803 7586 1129 7587 1125 
2162 209 208 719 1870 224 7391 7160 2156 7286 2155 
2163 2012 2040 2008 789 2620 2296 2268 7642 7804 7805 
2164 207 208 826 1880 223 7342 7283 2150 7282 2149 
2165 731 823 1924 1926 1578 7494 7384 7458 2467 7454 
2166 65 64 825 1722 80 1037 1036 1751 7129 1750 
2167 1957 679 845 781 7601 1359 7606 7806 1364 1360 
2168 1875 1765 697 637 7807 7808 7809 7810 1081 7802 
2169 649 742 1920 1988 1203 7811 7812 7813 2435 7814 
2170 1911 1910 1964 1809 2328 2401 2400 7777 7815 7776 
2171 1901 661 687 659 7561 1254 7406 7500 1255 1253 
2172 2046 89 179 838 7588 1780 2095 7590 7816 1059 
2173 211 34 650 798 7264 973 7385 7268 982 978 
2174 1990 1894 654 1897 2322 7164 7420 2326 7165 2325 
2175 1937 692 2036 693 7817 7608 2533 7818 7610 1399 
2176 832 871 2001 1872 1479 7778 7378 7229 2147 7819 
2177 681 1932 682 859 7519 7438 1365 1370 1371 7603 
2178 804 207 30 702 7368 7367 955 959 950 7459 
2179 676 745 843 1919 1345 1344 1343 7629 7700 7717 
2180 2022 110 111 1936 7820 120 7821 2528 7822 7823 
2181 1997 1957 845 781 2614 7606 7465 7824 1364 7806 
2182 6 186 138 1810 1775 7654 148 1821 1822 7656 
2183 1962 802 753 1967 7483 1624 7771 2607 7181 7591 
2184 886 643 1876 2032 1169 7306 7308 7825 2080 7668 
2185 2010 1972 831 1886 2293 7826 7827 2201 7828 2291 
2186 1725 783 59 2025 7505 1016 1735 7434 7829 7506 
2187 199 5 1911 1809 201 7762 7708 1820 7777 1819 
2188 820 1940 2024 2014 7793 2547 7798 7733 2548 2546 
2189 1977 1871 1978 877 2177 2213 2212 7302 7768 7409 
2190 1917 1920 742 1988 2434 7811 7830 2426 7814 2435 
2191 1953 1997 2005 689 2602 2603 2543 7831 7468 7467 
2192 2030 1880 817 774 2259 7443 7832 7833 1679 7469 
2193 717 881 1954 1963 1548 7834 7461 7835 2594 7705 
2194 732 685 730 1925 1390 1392 1391 7726 7639 7724 
2195 822 735 2034 1874 1601 7836 7749 7572 2227 7837 
2196 647 655 656 1990 1190 1193 1192 7416 7612 7613 
2197 2005 1993 845 1997 2510 7607 7466 2603 7465 2615 
2198 1979 1906 1909 762 2378 2383 2385 7643 7644 7838 
2199 2006 1902 2004 660 2363 2364 2366 7448 7485 7425 
2200 1887 2021 162 853 2089 2085 2087 7839 7142 7140 
2201 850 2014 2013 1875 7840 2231 7662 7663 2108 2230 
2202 688 801 810 1899 1409 1411 1246 7218 7313 7410 
2203 786 874 2009 1999 1531 7841 7842 7843 2272 7844 
2204 1964 885 2002 1870 7688 7582 2208 2205 2159 7453 
2205 138 186 6 867 7654 1775 148 921 922 7691 
2206 753 737 1962 1954 1603 7845 7771 7176 2606 7174 
2207 208 207 804 2002 223 7368 7451 2152 7579 2151 
2208 1947 113 114 1935 7846 123 7730 2516 7732 7847 
2209 2047 2009 874 1999 2299 7841 7848 2641 7844 2272 
2210 1889 738 2011 838 7849 7550 2304 7850 7551 1307 
2211 1977 1978 812 877 2212 7769 7760 7302 1513 7768 
2212 1992 1932 677 854 2455 7647 7664 7630 1342 7568 
2213 1931 1927 730 1925 2474 7638 7729 2473 7639 2471 
2214 1914 1915 819 1913 2412 7851 7622 2409 7621 2413 
2215 2050 2014 722 2027 2549 7786 7493 2592 7852 2233 
2216 691 703 799 1898 1425 1427 1231 7130 7249 7131 
2217 782 689 1997 2034 1412 7467 7853 7563 2604 7854 
2218 666 1944 1929 694 7365 2493 7678 1280 7495 7345 
2219 1981 849 1892 695 7531 7530 2311 7162 7192 1443 
2220 1882 786 1999 794 7651 7843 2271 7446 7583 1632 
2221 2035 2034 735 1874 2229 7836 7855 2226 7837 2227 
2222 751 1893 1910 2001 7553 2320 7751 7555 2321 2219 
2223 648 723 2050 1950 1198 7856 7857 7858 2591 7859 
2224 58 155 675 2025 1733 7758 1013 7435 7759 2066 
2225 813 2020 1965 876 7860 2211 7339 1516 7347 7861 
2226 2023 2003 758 1946 2224 7637 7541 2394 7523 2573 
2227 2043 202 7 866 2056 217 2051 7862 7863 7747 
2228 801 1956 1903 1967 7864 2369 7556 7411 2351 2371 
2229 767 763 768 1906 1662 1666 1665 7784 7148 7617 
2230 1974 130 1995 1964 7865 7866 2622 2206 2407 7867 
2231 2007 662 663 1996 7535 1262 7868 2390 7728 7533 
2232 2030 2031 1880 774 2263 2262 2259 7833 7469 7488 
2233 643 1876 864 802 7306 7869 1167 1168 1166 7307 
2234 8 216 868 2045 232 7701 7698 2059 7870 2062 
2235 2020 813 710 876 7860 1123 7871 7861 1515 1516 
2236 1875 183 95 1765 2107 1794 7872 7807 1796 1797 
2237 2032 667 160 1884 7299 7394 2079 2083 2081 7873 
2238 1953 2005 683 689 2543 7490 7874 7831 1383 7468 
2239 2034 847 735 822 7875 1599 7836 7749 1601 1600 
2240 1945 1942 665 1944 2557 7349 7317 2556 7364 2494 
2241 2028 766 765 773 7876 1644 7877 7878 1673 1674 
2242 1974 130 1803 1995 7865 1850 7879 2622 7880 7866 
2243 1877 181 91 644 2097 1785 7881 7748 1067 7503 
2244 862 2000 647 656 7432 7431 910 1194 1192 7763 
2245 65 66 160 667 81 1754 1753 1040 7394 1039 
2246 656 658 1900 657 1237 7514 7611 1232 7372 1238 
2247 95 1875 1765 697 7872 7807 1796 1080 7808 7809 
2248 1884 881 827 1963 7882 1294 7883 2279 7682 7705 
2249 2042 1887 163 790 2090 2088 2053 7884 7885 7886 
2250 673 1938 677 676 7887 7665 1327 1317 1326 7666 
2251 1929 1944 1983 694 2493 2495 2440 7495 7386 7345 
2252 5 714 751 1910 914 917 916 7677 7751 7888 
2253 1903 1901 810 1899 2350 7312 7557 2349 7313 2347 
2254 727 1940 2024 820 7889 2547 7890 1300 7798 7793 
2255 1918 749 1915 1917 7891 7792 2423 2424 2421 7892 
2256 1919 1921 745 743 2441 7893 7717 7527 1611 7380 
2257 872 814 1890 1966 1490 7354 7546 7894 2202 7206 
2258 843 1919 744 1918 7700 7526 1614 7895 7558 2431 
2259 7 1 202 863 1726 7711 217 7743 7712 889 
2260 2003 2028 766 765 2574 7876 7581 7674 1644 7877 
2261 649 747 742 1988 1091 1204 1203 7813 7814 7896 
2262 847 2035 2034 735 7897 2229 7875 1599 7836 7855 
2263 778 779 1941 2037 1705 7679 7898 7755 2551 7899 
2264 2009 203 202 713 2121 218 2122 7667 7475 7470 
2265 182 93 2015 668 1790 7134 2100 7900 7901 1073 
2266 697 722 2014 2027 1452 7786 7902 7903 2233 7852 
2267 747 1917 742 1988 7471 7830 1204 7896 7814 2426 
2268 754 2009 1882 786 7520 2130 7214 1529 7651 7842 
2269 795 763 860 1906 1668 1659 1273 7233 7745 7617 
2270 882 1893 751 856 7593 7553 919 1460 1621 7332 
2271 2030 817 1980 766 7832 7442 2260 7904 7447 1680 
2272 215 216 855 2010 231 7640 7636 2200 7765 2199 
2273 644 2016 1877 2015 7781 2247 7748 7504 2102 2246 
2274 857 1903 1904 687 7721 2359 7371 1403 7407 7905 
2275 94 183 850 2013 1793 7661 1076 7906 7662 2103 
2276 1935 113 736 1934 7847 1099 7521 2479 7457 7907 
2277 749 1918 744 1917 7891 7558 1615 7892 7559 2424 
2278 833 2043 2009 1888 7908 2124 7909 7910 2298 2065 
2279 1891 793 849 792 7735 1455 7532 7592 1475 1334 
2280 1919 843 1928 1918 7700 7699 2437 2431 2436 7895 
2281 4 1913 1912 819 7684 2403 7723 904 7623 7621 
2282 1964 1910 5 1809 2401 7677 7911 7815 1819 7776 
2283 1926 725 823 723 7402 1568 7454 7796 1569 1567 
2284 782 847 689 2034 1416 1415 1412 7563 7854 7875 
2285 2028 2030 2003 766 2612 2635 2574 7876 7581 7904 
2286 671 1930 673 1928 7675 7912 1314 7913 7914 2487 
2287 868 216 809 2045 7701 7393 1008 7870 7915 2062 
2288 780 2038 2037 830 7916 2258 7917 1714 7918 7566 
2289 748 1915 749 1917 7374 7792 1616 7375 7892 2421 
2290 783 58 675 2025 1017 1013 1018 7506 7759 7435 
2291 780 781 1957 2038 1711 7806 7919 7916 2616 7920 
2292 1971 734 1886 1970 7921 7922 2289 2290 2196 7923 
2293 1938 673 1930 1928 7887 7912 2488 2489 2487 7914 
2294 1892 1893 698 856 2217 7673 7412 7333 1458 7332 
2295 1929 1918 797 694 2438 7924 7925 7495 1291 7496 
2296 1935 1947 113 1934 2516 7846 7847 2479 7907 2517 
2297 1976 1806 131 1975 7926 1853 7927 2629 7928 7929 
2298 831 878 1972 2010 1525 7930 7826 7827 2293 7931 
2299 825 884 667 2032 1293 1292 1041 7127 7299 7932 
2300 743 741 1920 1922 1593 7933 7528 7381 2447 7718 
2301 67 161 66 827 1757 1756 82 1042 1043 7501 
2302 1937 1943 708 1933 2511 7772 7934 2502 7773 2512 
2303 1963 827 1884 2021 7682 7883 2279 2280 2086 7502 
2304 732 1923 731 733 7770 7383 1585 1586 1587 7356 
2305 2016 644 846 2015 7781 1072 7935 2246 7154 7504 
2306 722 697 721 2027 1452 1138 1195 7852 7936 7903 
2307 1930 672 848 1941 7937 1320 7938 2496 7658 7939 
2308 1993 2005 680 1932 2510 7436 7646 2509 7439 2506 
2309 1909 1998 771 764 2397 7596 7597 7481 1663 7940 
2310 1921 745 1992 1919 7893 7716 2444 2441 2443 7717 
2311 1954 881 2048 1963 7834 7941 2608 2594 2282 7705 
2312 665 1942 1945 678 7349 2557 7317 1285 7942 7787 
2313 779 778 780 2037 1705 1707 1706 7899 7917 7755 
2314 653 855 831 2010 1006 1226 1224 7764 7827 7765 
2315 1 7 202 866 1726 217 7711 890 7747 7863 
2316 1896 690 691 695 7395 1230 7135 7161 1418 1419 
2317 1801 1949 2020 1807 7943 2586 7944 1838 7945 7946 
2318 653 214 215 1886 7574 230 7696 7575 2191 2192 
2319 809 215 715 1890 7388 7257 1007 7947 7948 2197 
2320 684 683 1939 682 1376 7734 7511 1375 7335 1367 
2321 1924 823 824 639 7494 1148 7293 7497 1146 1145 
2322 2028 2030 766 773 2612 7904 7876 7878 1674 7949 
2323 656 2000 647 1990 7763 7431 1192 7612 7416 2356 
2324 1802 110 111 2022 1830 120 1831 7950 7821 7820 
2325 1933 708 728 2041 7773 1505 7951 2513 7952 7774 
2326 749 1983 1918 1915 7791 2425 7891 7792 2423 2418 
2327 810 1901 659 657 7312 7500 1244 1245 1243 7315 
2328 807 214 213 1878 7273 229 7274 7542 2185 2186 
2329 1938 673 1928 676 7887 7914 2489 7666 7628 1317 
2330 1962 886 1876 2032 7482 7308 2239 2241 2080 7825 
2331 2024 2015 846 668 2643 7154 7953 7799 1075 7901 
2332 799 654 691 1897 1228 1229 1231 7225 7156 7165 
2333 1964 714 5 1910 7689 914 7911 2401 7677 7888 
2334 1916 638 1915 1913 7538 7373 2414 2415 2413 7954 
2335 2040 2021 1887 853 2297 2089 2295 7955 7839 7140 
2336 854 1932 677 681 7568 7647 1342 1352 1350 7519 
2337 1920 742 744 1917 7811 1608 7529 2434 7559 7830 
2338 1933 1927 1940 726 2482 2484 2483 7672 7649 7440 
2339 1910 882 5 816 7594 918 7677 7478 913 920 
2340 813 1961 135 709 7584 7956 1122 1126 1124 7585 
2341 1939 683 686 1953 7734 1381 7957 2540 7958 7874 
2342 1938 1993 679 677 2539 7624 7598 7665 1328 7645 
2343 1886 734 653 1970 7922 1220 7575 2196 7576 7923 
2344 1953 847 821 2035 7959 1417 7960 2597 7961 7897 
2345 1973 711 1974 880 7797 7962 2209 7226 7963 1519 
2346 1923 746 1932 1921 7604 7569 2454 2451 2453 7570 
2347 734 1971 2035 1970 7921 2600 7964 7923 2225 2290 
2348 771 767 1979 762 1152 7783 7595 1664 7643 1661 
2349 2012 701 789 792 7614 1472 7642 7216 1473 1474 
2350 734 720 1971 1886 1221 7965 7921 7922 2289 7966 
2351 811 1964 1974 1870 7690 2206 7967 7746 2207 2205 
2352 677 1938 1993 1992 7665 2539 7645 7664 2508 2490 
2353 180 181 91 1877 191 1785 1784 2098 7881 2097 
2354 857 1905 1903 803 7370 2367 7721 1406 7968 7969 
2355 199 4 1911 1912 200 7685 7708 7709 2330 7723 
2356 1903 1901 1904 687 2350 2360 2359 7905 7407 7406 
2357 865 216 8 2044 7706 232 7702 7970 2058 2061 
2358 809 715 872 1890 1007 1540 1489 7947 7546 7948 
2359 862 1914 2000 699 7626 2411 7432 1241 7660 7309 
2360 2032 884 667 2048 7932 1292 7299 2283 7971 7972 
2361 2026 62 158 869 7973 1745 2073 7974 7975 1029 
2362 745 1992 854 1921 7716 7630 1346 7893 7571 2444 
2363 880 711 1974 811 1519 7962 7963 1518 7967 1114 
2364 1978 1994 1802 1807 2634 7976 7977 7978 1835 7979 
2365 780 782 781 2038 1712 1413 1711 7916 7920 7564 
2366 660 1902 2004 658 7425 2364 7485 1247 7659 7512 
2367 819 4 862 1912 904 909 911 7623 7433 7723 
2368 2038 2037 830 1879 2258 7918 7566 2255 7676 2256 
2369 744 1919 745 743 7526 7717 1612 1607 1611 7527 
2370 680 2005 1993 845 7436 2510 7646 1358 7607 7466 
2371 856 751 871 2001 1621 1620 1619 7554 7778 7555 
2372 1974 1976 131 1975 2628 7927 7980 2625 7928 2629 
2373 842 653 734 1970 1000 1220 1225 7198 7923 7576 
2374 132 131 1806 1975 141 1853 1852 7981 7929 7928 
2375 1723 851 62 2026 7328 1025 1743 7329 7973 7330 
2376 658 2004 808 699 7659 7473 1249 1240 1251 7310 
2377 1904 661 795 687 7616 1265 7234 7407 1266 1254 
2378 681 854 1932 746 1352 7568 7519 1373 7569 1372 
2379 827 161 1884 2021 7501 2082 7883 7502 2086 2084 
2380 1966 709 1989 1878 7207 7587 2253 2195 2252 7196 
2381 874 2047 1999 840 7848 2641 7844 1340 7982 7983 
2382 2024 820 2014 2013 7798 7733 2548 2642 2231 7800 
2383 848 1938 1930 1941 7599 2488 7938 7658 2496 2497 
2384 689 1953 1997 2034 7831 2602 7467 7854 2604 2605 
2385 1871 1965 2020 876 2183 2211 2210 7444 7861 7347 
2386 1723 62 158 2026 1743 1745 1747 7329 2073 7973 
2387 759 800 761 1946 1650 1649 1648 7524 7298 7737 
2388 831 653 2010 1886 1224 7764 7827 7828 2201 7575 
2389 1889 2011 669 838 2304 7549 7984 7850 1063 7551 
2390 1906 1979 767 762 2378 7783 7784 7838 1661 7643 
2391 37 214 653 842 7245 7574 996 993 1000 7369 
2392 654 655 647 1990 1191 1190 1185 7420 7416 7613 
2393 1951 717 1954 1963 7462 7461 2344 2593 2594 7835 
2394 684 1939 1937 1931 7511 2504 7985 7652 2501 2503 
2395 2021 2040 645 853 2297 7986 7137 7140 1050 7955 
2396 69 163 1887 790 1764 2088 7987 1052 7886 7885 
2397 800 663 1907 2007 1275 7727 7736 7988 2389 7868 
2398 182 183 94 2013 193 1793 1791 2104 7906 2103 
2399 761 1908 1906 762 7296 2381 7539 1653 7838 7989 
2400 130 1974 1803 131 7865 7879 1850 140 1849 7980 
2401 214 807 1966 1878 7273 7632 2193 2186 2195 7542 
2402 158 1876 2026 869 2075 2077 2073 7975 7974 7990 
2403 664 662 2006 660 1260 7319 7484 1259 7448 1257 
2404 1951 700 717 837 7141 1468 7462 7991 1469 1465 
2405 854 746 745 1921 1372 1613 1346 7571 7893 7570 
2406 783 59 58 1725 1016 74 1017 7505 1734 1735 
2407 2020 133 1807 1978 7992 1857 7945 2214 7978 7993 
2408 215 214 715 1966 230 7246 7257 2194 7631 2193 
2409 737 884 753 1962 1605 1604 1603 7845 7771 7994 
2410 638 819 1915 1913 1085 7851 7373 7954 2413 7621 
2411 1876 1956 802 1962 2235 7995 7307 2239 7483 2238 
2412 1999 786 874 840 7843 1531 7844 7982 1340 1717 
2413 841 708 1943 2041 1507 7772 7739 7741 2515 7774 
2414 770 1905 857 803 7464 7370 1684 1690 1406 7969 
2415 859 681 1932 746 1370 7519 7603 1374 7569 1373 
2416 1947 1948 114 1804 2522 7731 7730 7996 1840 7997 
2417 1969 2050 723 1950 2545 7856 7998 2525 7859 2591 
2418 159 63 64 643 1748 79 1749 7693 1033 1034 
2419 1894 1892 1893 698 2312 2217 2313 7413 7673 7412 
2420 1922 824 741 740 7294 1595 7718 7322 1200 1147 
2421 2020 134 1801 1807 7999 1859 7944 7945 1838 1856 
2422 92 91 181 644 102 1785 1786 1068 7503 1067 
2423 1974 1973 880 1870 2209 7226 7963 2207 7362 2165 
2424 1978 132 2022 1975 8000 8001 2633 2632 2631 7981 
2425 661 795 663 1996 1265 1264 1263 7422 7728 7303 
2426 1882 1968 755 2017 2136 7325 7421 2270 7445 2269 
2427 1871 2020 710 876 2210 7871 7766 7444 1515 7861 
2428 1978 1802 133 1807 7977 1854 7993 7978 1857 1835 
2429 2015 182 668 2013 2100 7900 7901 2105 7801 2104 
2430 1938 1930 673 848 2488 7912 7887 7599 1319 7938 
2431 834 2019 187 2045 8002 2115 8003 8004 2060 2118 
2432 1883 2019 186 1810 2117 2116 2112 8005 7656 7655 
2433 874 833 2009 1888 1339 7909 7841 8006 2298 7910 
2434 2003 2030 1980 766 2635 2260 2222 7581 7447 7904 
2435 2019 149 834 187 8007 1134 8002 2115 8003 1799 
2436 678 1945 2028 1955 7942 2568 8008 8009 2569 2558 
2437 776 2031 2033 1991 7403 2639 7405 7790 2553 2611 
2438 713 202 2043 866 7475 2056 8010 929 7862 7747 
2439 2009 754 713 786 7520 935 7667 7842 1528 1529 
2440 784 780 2037 830 1708 7917 7756 1207 7918 1714 
2441 777 848 672 1941 1325 1320 1321 8011 7939 7658 
2442 683 1939 2005 1953 7734 2542 7490 7874 2543 2540 
2443 639 112 1986 1934 1096 8012 7498 7560 2470 8013 
2444 1909 771 762 764 7597 1664 7644 7481 1655 1663 
2445 2040 2012 791 789 2620 8014 8015 7805 1471 7642 
2446 1974 130 1964 811 7865 7867 2206 7967 7690 1109 
2447 684 1939 686 1937 7511 7957 1380 7985 8016 2504 
2448 694 1983 1918 749 7386 2425 7496 1439 7891 7791 
2449 703 752 799 1898 1483 1407 1427 7131 7249 7248 
2450 1987 732 1923 1925 7725 7770 2463 2464 2461 7726 
2451 2008 2042 202 696 2123 2055 2119 7415 7251 8017 
2452 743 733 741 1922 1592 1594 1593 7381 7718 7357 
2453 731 725 823 1926 1577 1568 1578 7458 7454 7402 
2454 2008 2040 791 789 2296 8015 8018 7804 1471 7805 
2455 149 2019 834 867 8007 8002 1134 923 1136 7692 
2456 697 1765 95 637 7808 1796 1080 1081 1079 7802 
2457 1903 1901 687 810 2350 7406 7905 7557 1256 7312 
2458 811 1974 880 1870 7967 7963 1518 7746 7362 2207 
2459 1978 2020 1994 1807 2214 2588 2634 7978 7979 7945 
2460 1889 669 2046 838 7984 7589 2096 7850 7590 1063 
2461 737 703 717 1954 1481 1467 1482 7174 7461 7460 
2462 1916 108 638 1913 8019 1084 7538 2415 7954 8020 
2463 1994 111 112 1986 8021 121 8022 2526 8012 8023 
2464 2017 1909 1908 760 2391 2384 2392 7399 7288 7398 
2465 819 1915 1914 750 7851 2412 7622 1143 7578 7577 
2466 823 824 731 1924 1148 1589 1578 7494 7384 7293 
2467 824 733 731 1924 1588 1587 1589 7293 7384 7525 
2468 640 851 157 2026 1027 7327 8024 8025 2072 7330 
2469 2022 1802 132 1978 7950 1855 8001 2633 8000 7977 
2470 111 1994 2022 1936 8021 2530 7821 7822 2528 2527 
2471 1971 2035 707 734 2600 8026 8027 7921 1500 7964 
2472 1724 67 68 645 1758 83 1759 7138 1045 1046 
2473 1947 1949 113 1934 2518 8028 7846 2517 7907 2519 
2474 2022 110 1936 1988 7820 7823 2528 2529 2450 8029 
2475 1910 1964 714 2002 2401 7689 7888 2402 7794 2208 
2476 666 664 665 1944 1277 1269 1278 7365 7364 7343 
2477 1966 807 873 1878 7632 1539 7205 2195 7669 7542 
2478 776 774 2031 775 1695 7488 7403 1694 8030 1693 
2479 760 761 1908 759 1647 7296 7288 1640 7289 1648 
2480 1876 1956 864 802 2235 8031 7869 7307 1166 7995 
2481 138 2019 1883 1810 7653 2117 8032 1822 8005 7655 
2482 658 659 1902 657 1242 7499 7512 1238 7418 1243 
2483 1998 1885 2049 771 2284 2287 2286 7596 8033 8034 
2484 1953 847 2035 2034 7959 7897 2597 2605 2229 7875 
2485 678 2028 852 773 8008 8035 1354 1355 1353 7878 
2486 763 860 1906 761 1659 7745 7617 1658 7539 1660 
2487 812 1975 1978 1977 7761 2632 7769 7760 2212 2627 
2488 1884 2048 881 1963 2281 7941 7882 2279 7705 2282 
2489 658 1902 2004 2000 7512 2364 7659 7513 2365 2354 
2490 1937 686 684 692 8016 1380 7985 7817 1387 1388 
2491 741 742 1920 649 1202 7811 7933 1201 7812 1203 
2492 1963 1951 717 837 2593 7462 7835 8036 1469 7991 
2493 113 639 736 1934 1095 1100 1099 7907 7457 7560 
2494 112 113 1949 1934 122 8028 8037 8013 2519 7907 
2495 2007 1907 800 1946 2389 7736 7988 2388 7737 2387 
2496 671 1930 1928 1929 7675 2487 7913 7635 2439 2486 
2497 1940 727 724 820 7889 1572 7650 7793 1565 1300 
2498 1896 691 700 695 7135 1423 7194 7161 1424 1418 
2499 748 749 744 1917 1616 1615 1609 7375 7559 7892 
2500 646 654 647 1990 1186 1185 908 7360 7416 7420 
2501 1926 1969 725 723 2477 7536 7402 7796 1567 7998 
2502 757 755 2017 794 1628 7445 7486 1631 7396 1630 
2503 744 743 742 1920 1607 1606 1608 7529 7811 7528 
2504 2010 855 712 2044 7765 1523 8038 2204 8039 8040 
2505 1887 162 69 853 2087 1762 7987 7839 1048 7142 
2506 1994 112 1949 1986 8022 8037 2587 2526 2520 8012 
2507 1976 109 110 1988 8041 119 8042 2429 8029 8043 
2508 803 1956 1903 801 8044 2369 7968 1720 7556 7864 
2509 750 638 1915 748 1142 7373 7577 1141 7374 1140 
2510 729 2016 2015 2024 8045 2246 8046 8047 2643 2644 
2511 802 1956 801 1967 7995 7864 1623 7591 7411 2371 
2512 2016 739 841 644 7779 1175 7740 7781 1176 1174 
2513 799 655 654 1897 1227 1191 1228 7225 7165 7220 
2514 2011 739 835 836 8048 1173 8049 8050 1308 1495 
2515 131 1803 1976 1974 1849 8051 7927 7980 2628 7879 
2516 887 751 2002 2001 1533 7750 8052 8053 2154 7555 
2517 684 796 685 1931 1386 1385 1378 7652 7510 8054 
2518 756 1968 1873 2023 7324 2142 7429 7540 2220 2221 
2519 1927 844 730 726 7671 1393 7638 7440 1574 1582 
2520 2022 132 1806 1975 8001 1852 8055 2631 7929 7981 
2521 2037 784 830 1879 7756 1207 7918 2256 7676 7545 
2522 707 706 693 1971 1435 1434 1436 8027 8056 8057 
2523 1986 111 740 1936 8023 1093 7323 2460 7719 7822 
2524 793 1892 698 856 7703 7412 1456 1457 1458 7333 
2525 771 1998 1885 861 7596 2284 8034 1155 7619 7618 
2526 789 2008 788 696 7804 7414 1448 1449 934 7415 
2527 773 678 2028 1955 1355 8008 7878 8058 2569 8009 
2528 1969 1940 724 2050 2485 7650 7537 2545 7492 2544 
2529 804 702 887 2002 959 1477 1476 7579 8052 7602 
2530 1948 114 115 1950 7731 124 8059 2524 8060 8061 
2531 868 809 834 2045 1008 1485 1137 7870 8004 7915 
2532 1974 1975 711 1973 2625 7782 7962 2209 7797 2626 
2533 668 182 94 2013 7900 1791 1074 7801 7906 2104 
2534 667 66 160 1884 1039 1754 7394 7873 2081 8062 
2535 789 2008 1881 788 7804 2129 7641 1448 7271 7414 
2536 1931 844 685 730 7738 1394 7510 7729 1392 1393 
2537 1962 737 2048 1954 7845 8063 2609 2606 2608 7174 
2538 851 157 61 640 7327 1741 1026 1027 1022 8024 
2539 2017 757 794 760 7486 1631 7396 7399 1641 1639 
2540 1936 649 1920 1988 7785 7812 2449 2450 2435 7813 
2541 2021 1963 883 645 2280 7681 7683 7137 1182 8064 
2542 727 2024 668 820 7890 7799 1299 1300 1301 7798 
2543 1986 112 1949 1934 8012 8037 2520 2470 2519 8013 
2544 1908 1909 1906 762 2384 2383 2381 7989 7838 7644 
2545 756 651 1968 755 1213 7172 7324 1212 7325 1211 
2546 1806 131 1803 1976 1853 1849 1829 7926 8051 7927 
2547 2008 791 2040 790 8018 8015 2296 8065 8066 1718 
2548 1891 1981 1881 792 2265 2264 2135 7592 7215 7217 
2549 850 183 95 1875 7661 1794 1077 7663 7872 2107 
2550 704 2019 138 867 8067 7653 1131 1133 921 7692 
2551 796 1937 708 1933 8068 7934 1432 8069 7773 2502 
2552 673 671 1928 676 1314 7913 7914 1317 7628 1316 
2553 724 2050 722 723 7492 7493 1563 1564 1197 7856 
2554 815 1873 1980 2003 7427 2148 7428 7580 2222 2223 
2555 1953 689 847 2034 7831 1415 7959 2605 7875 7854 
2556 668 2024 2015 2013 7799 2643 7901 7801 2105 2642 
2557 846 729 2015 2024 1302 8046 7154 7953 2643 8047 
2558 1895 1911 199 1910 2327 7708 7477 2319 7476 2328 
2559 837 2012 1951 701 8070 2595 7991 1466 7648 7614 
2560 1975 711 131 1974 7782 1112 7928 2625 7980 7962 
2561 1906 767 763 762 7784 1662 7617 7838 1657 1661 
2562 855 38 215 653 1004 7256 7636 1006 7696 997 
2563 796 684 1937 1931 1386 7985 8068 8054 2501 7652 
2564 110 2022 1976 1988 7820 2630 8042 8029 2429 2529 
2565 713 2043 2009 833 8010 2124 7667 1532 7909 7908 
2566 1978 812 132 1975 7769 1115 8000 2632 7981 7761 
2567 710 1978 2020 1871 7767 2214 7871 7766 2210 2213 
2568 1962 737 884 2048 7845 1605 7994 2609 7972 8063 
2569 133 132 1802 1978 142 1855 1854 7993 7977 8000 
2570 809 39 216 868 1002 7392 7393 1008 7701 897 
2571 184 96 1765 637 1771 1795 1798 8071 7802 900 
2572 669 2046 2011 1889 7589 2245 7549 7984 2304 2096 
2573 108 1916 1995 1913 8019 2416 8072 8020 2405 2415 
2574 1944 666 664 694 7365 1277 7343 7345 1279 1280 
2575 1913 4 1811 108 7684 1815 7686 8020 1816 117 
2576 1765 1875 184 637 7807 2106 1798 7802 8071 7810 
2577 150 2045 8 868 8073 2059 1769 899 7698 7870 
2578 717 881 737 1954 1548 1547 1482 7461 7174 7834 
2579 8 2044 87 865 2058 8074 1768 7702 898 7970 
2580 672 1930 1991 1941 7937 2498 8075 7939 2499 2496 
2581 736 648 114 1935 1103 1102 1098 7521 7732 7548 
2582 743 741 742 1920 1593 1202 1606 7528 7811 7933 
2583 2043 7 56 866 2051 1727 8076 7862 892 7863 
2584 758 756 2023 757 1634 7540 7541 1633 7517 1629 
2585 2050 724 1969 723 7492 7537 2545 7856 7998 1564 
2586 216 855 2010 2044 7640 7765 2199 2061 2204 8040 
2587 2019 149 186 867 8007 1774 2116 7692 7691 923 
2588 860 1907 761 800 7744 7297 1660 1276 1649 7736 
2589 1908 2023 759 1946 2393 7518 7289 2386 7524 2394 
2590 855 712 831 2010 1523 1524 1226 7765 7827 8038 
2591 2049 1979 1998 771 2619 2396 2286 8033 7596 7595 
2592 162 68 69 853 1761 84 1762 7142 1048 1049 
2593 1994 1802 111 2022 7976 1831 8021 2530 7821 7950 
2594 1930 672 673 848 7937 1315 7912 7938 1319 1320 
2595 732 746 859 1923 1590 1374 1395 7770 7605 7604 
2596 1803 1976 1995 1916 8051 2430 7880 8077 2416 2428 
2597 675 155 57 1888 7758 1732 1014 7757 8078 2064 
2598 1872 793 1892 1891 7704 7703 2216 2141 2215 7735 
2599 1976 1803 109 1916 8051 1825 8041 2428 8079 8077 
2600 711 132 812 1975 1113 1115 1117 7782 7761 7981 
2601 2043 2009 202 713 2124 2122 2056 8010 7475 7667 
2602 656 862 2000 699 1194 7432 7763 1239 7660 1241 
2603 114 113 1947 1804 123 7846 7730 1840 7996 1839 
2604 768 769 767 1979 1681 1150 1665 7280 7783 7279 
2605 679 673 1938 677 1329 7887 7598 1328 7665 1327 
2606 1877 2039 835 2011 2243 8080 8081 2242 8049 2244 
2607 1930 1942 672 1991 2492 8082 7937 2498 8075 2500 
2608 686 692 1952 693 1388 8083 8084 1400 8085 1399 
2609 108 1916 1803 1995 8019 8077 1824 8072 7880 2416 
2610 1933 844 796 1931 7670 1396 8069 2481 8054 7738 
2611 1941 2033 777 778 2554 7788 8011 7898 1700 7714 
2612 757 2023 758 759 7517 7541 1633 1637 1638 7518 
2613 1969 724 725 723 7537 1566 7536 7998 1567 1564 
2614 827 161 66 1884 7501 1756 1043 7883 8062 2082 
2615 133 710 812 1978 1118 1120 1116 7993 7769 7767 
2616 752 753 801 1967 1602 1622 1410 7180 7411 7181 
2617 1950 114 648 1935 8061 1102 7858 2523 7548 7732 
2618 778 1941 2033 2037 7898 2554 7714 7755 2555 2551 
2619 1988 747 1917 1916 7896 7471 2426 2427 2422 7625 
2620 2040 1887 2008 790 2295 2294 2296 8066 8065 7886 
2621 881 717 883 1963 1548 1549 1550 7705 7681 7835 
2622 1959 1948 115 1950 2581 8059 8086 2580 8060 2524 
2623 786 2009 1882 1999 7842 2130 7651 7843 2271 2272 
2624 835 2039 739 2011 8080 8087 1173 8049 8048 2244 
2625 2000 658 656 699 7513 1237 7763 7660 1239 1240 
2626 855 865 712 2044 1009 1057 1523 8040 8039 7970 
2627 1972 720 831 1886 8088 1223 7826 2291 7828 7966 
2628 1951 1963 2012 837 2593 2596 2595 7991 8070 8036 
2629 781 1997 1957 2038 7824 2614 7806 7920 2616 2617 
2630 1988 1976 109 1916 2429 8041 8043 2427 8079 2428 
2631 714 130 811 1964 915 1109 1111 7689 7690 7867 
2632 1806 109 110 1976 1827 119 1828 7926 8042 8041 
2633 643 886 825 2032 1169 1171 1038 7668 7127 7825 
2634 728 796 708 1933 1504 1432 1505 7951 7773 8069 
2635 824 741 733 1922 1595 1594 1588 7294 7357 7718 
2636 675 1888 2047 2025 7757 2300 8089 7759 2301 2068 
2637 1991 777 672 1941 7789 1321 8075 2499 7939 8011 
2638 2029 2019 138 704 2278 7653 8090 7210 1131 8067 
2639 735 707 2035 734 1502 8026 7855 1501 7964 1500 
2640 774 2031 785 776 7488 7487 1697 1695 1696 7403 
2641 867 704 2019 834 1133 8067 7692 1136 8002 1486 
2642 732 859 1987 1923 1395 7710 7725 7770 2463 7605 
2643 728 844 1933 726 1581 7670 7951 1580 7672 1582 
2644 855 216 865 2044 7640 7706 1009 8040 7970 2061 
2645 2022 1806 110 1976 8055 1828 7820 2630 8042 7926 
2646 2031 776 775 1991 7403 1694 8030 2611 8091 7790 
2647 749 694 1983 839 1439 7386 7791 1441 7144 1440 
2648 708 841 728 2041 1507 1506 1505 7774 7952 7741 
2649 1953 683 686 689 7874 1381 7958 7831 1382 1383 
2650 808 660 2004 658 1250 7485 7473 1249 7659 1247 
2651 756 1873 787 815 7429 7223 1214 1636 1156 7427 
2652 2021 883 827 645 7683 1183 7502 7137 1047 1182 
2653 1959 116 2018 2027 8092 8093 2275 2590 2234 8094 
2654 758 2003 815 766 7637 7580 1635 1645 1646 7581 
2655 1903 810 803 801 7557 1404 7968 7556 1720 1411 
2656 2039 739 2011 836 8087 8048 2244 8095 8050 1495 
2657 644 841 2016 846 1176 7740 7781 1072 7935 1177 
2658 1986 1994 111 1936 2526 8021 8023 2460 7822 2527 
2659 878 1889 1972 2010 8096 2302 7930 7931 2293 2303 
2660 2050 722 723 648 7493 1197 7856 7857 1198 1196 
2661 672 1942 1930 670 8082 2492 7937 1310 7707 7350 
2662 749 839 1915 750 1441 7351 7792 1618 7577 1463 
2663 810 687 1903 803 1256 7905 7557 1404 7968 1405 
2664 708 705 1943 692 1431 8097 7772 1430 8098 1428 
2665 815 1980 641 817 7428 7203 1157 1158 1159 7442 
2666 711 1975 131 132 7782 7928 1112 1113 141 7981 
2667 1999 2047 1998 764 2641 2640 2398 7694 7940 8099 
2668 1940 728 1933 726 8100 7951 2483 7649 7672 1580 
2669 861 771 1998 783 1155 7596 7618 1021 7775 1670 
2670 1957 1941 779 2037 2536 7679 7680 2552 7899 2551 
2671 2009 874 1888 2047 7841 8006 2298 2299 2300 7848 
2672 692 1937 1952 693 7817 2532 8083 1399 8085 7818 
2673 1885 640 157 2026 8101 8024 2070 2074 2072 8025 
2674 2043 713 866 833 8010 929 7862 7908 1012 1532 
2675 1916 108 1803 109 8019 1824 8077 8079 1825 118 
2676 846 729 2024 668 1302 8047 7953 1075 7799 1297 
2677 839 1914 750 699 7145 7578 1463 1464 1462 7309 
2678 667 2032 2048 1884 7299 2283 7971 7873 2281 2083 
2679 1943 2039 739 841 2562 8087 8102 7739 1175 8103 
2680 776 2033 828 778 7405 7509 1703 1701 1702 7714 
2681 766 758 2003 765 1645 7637 7581 1644 7674 1643 
2682 1987 685 859 732 7338 1379 7710 7725 1395 1390 
2683 668 850 820 2013 1078 1303 1301 7801 7800 7662 
2684 761 1906 763 762 7539 7617 1658 1653 1657 7838 
2685 215 715 1890 1966 7257 7948 2197 2194 2202 7631 
2686 1875 850 2014 697 7663 7840 2230 7809 7902 1082 
2687 2039 1943 2016 841 2562 2561 2248 8103 7740 7739 
2688 93 846 2015 668 1071 7154 7134 1073 7901 1075 
2689 640 2049 1885 771 8104 2287 8101 1153 8034 8033 
2690 817 1880 826 785 7443 7282 1160 1698 1215 7449 
2691 746 745 1921 743 1613 7893 7570 1596 7380 1611 
2692 93 92 1766 846 103 1788 1787 1071 7153 1070 
2693 95 850 1875 697 1077 7663 7872 1080 7809 1082 
2694 2020 133 1978 710 7992 7993 2214 7871 7767 1118 
2695 697 2014 1875 2027 7902 2230 7809 7903 2232 2233 
2696 862 4 647 1912 909 907 910 7433 7417 7723 
2697 56 154 7 2043 1729 164 1727 8076 2051 2052 
2698 835 2039 1877 739 8080 2243 8081 1173 7780 8087 
2699 694 1918 797 749 7496 7924 1291 1439 1438 7891 
2700 2002 702 887 2001 7602 1477 8052 2154 8053 7379 
2701 25 202 713 866 7250 7475 926 891 929 7747 
2702 1889 88 178 712 8105 1779 2092 8106 8107 1056 
2703 835 180 91 1877 8108 1784 1065 8081 7881 2098 
2704 687 857 1903 803 1403 7721 7905 1405 7968 1406 
2705 1907 860 663 800 7744 1272 7727 7736 1275 1276 
2706 1963 2021 2040 645 2280 2297 2621 8064 7986 7137 
2707 1997 781 782 2038 7824 1413 7853 2617 7564 7920 
2708 736 114 113 1935 1098 123 1099 7521 7847 7732 
2709 2044 8 87 178 2058 1768 8074 2057 1777 188 
2710 2033 777 1991 1941 7788 7789 2553 2554 2499 8011 
2711 775 774 2031 1955 1693 7488 8030 8109 2610 8110 
2712 1972 738 2011 1889 8111 7550 2305 2302 2304 7849 
2713 780 1957 779 2037 7919 7680 1706 7917 7899 2552 
2714 830 822 1982 798 1715 7573 7567 1209 7261 1161 
2715 1890 715 872 1966 7948 1540 7546 2202 7894 7631 
2716 710 134 813 2020 1119 1121 1123 7871 7860 7999 
2717 94 93 182 668 104 1790 1791 1074 7900 1073 
2718 1895 199 646 816 7477 7795 7359 7479 1108 7480 
2719 1956 1905 770 803 2370 7464 8112 8044 1690 7969 
2720 639 112 740 1986 1096 1092 1097 7498 7323 8012 
2721 1806 1802 132 2022 1832 1855 1852 8055 8001 7950 
2722 672 1930 671 670 7937 7675 1309 1310 1288 7707 
2723 721 2050 722 2027 8113 7493 1195 7936 7852 2592 
2724 813 2020 1961 1965 7860 2585 7584 7339 2250 2211 
2725 1995 1976 1803 1974 2430 8051 7880 2622 7879 2628 
2726 720 734 653 1886 1221 1220 1222 7966 7575 7922 
2727 1952 1937 2036 693 2532 2533 2535 8085 7610 7818 
2728 3 96 184 637 107 1771 1770 901 8071 900 
2729 679 1993 1938 1957 7624 2539 7598 7601 2537 2538 
2730 2042 70 7 863 8114 1728 2054 7742 7743 893 
2731 111 649 740 1936 1089 1094 1093 7822 7719 7785 
2732 837 1951 700 701 7991 7141 1465 1466 1445 7648 
2733 675 2047 783 2025 8089 8115 1018 7759 7506 2301 
2734 2050 721 648 1950 8113 1106 7857 2591 7858 8116 
2735 115 116 1959 2027 125 8092 8086 8117 2590 8094 
2736 726 730 1927 725 1574 7638 7440 1571 7401 1575 
2737 709 1961 1989 1878 7585 2251 7587 7196 2252 2249 
2738 2005 683 680 682 7490 1368 7436 7437 1366 1367 
2739 1971 707 720 734 8027 1497 7965 7921 1221 1500 
2740 764 2047 1998 783 8099 2640 7940 1669 7775 8115 
2741 2016 1877 2039 739 2247 2243 2248 7779 8087 7780 
2742 1995 1911 1811 1913 2406 7687 8118 2405 7686 2404 
2743 87 2 8 865 97 1767 1768 898 7702 895 
2744 1956 802 1962 1967 7995 7483 2238 2371 2607 7591 
2745 89 88 179 838 99 1781 1780 1059 7816 1058 
2746 1801 1949 1961 2020 7943 2579 8119 7944 2585 2586 
2747 828 652 1984 785 1218 7201 7507 1217 7450 1216 
2748 783 861 59 2025 1021 1020 1016 7506 7829 7620 
2749 1994 1949 112 1807 2587 8037 8022 7979 1834 7946 
2750 4 1913 819 108 7684 7621 904 117 903 8020 
2751 696 2042 202 863 8017 2055 7251 928 7712 7742 
2752 735 870 734 1970 1598 1597 1501 8120 7923 7341 
2753 861 1885 156 2025 7619 2069 8121 7620 2067 2071 
2754 663 1907 2007 1996 7727 2389 7868 7728 2390 2376 
2755 721 2050 2027 1950 8113 2592 7936 8116 2589 2591 
2756 1918 797 1928 1929 7924 8122 2436 2438 2439 7925 
2757 750 1915 749 748 7577 7792 1618 1141 1616 7374 
2758 1997 781 689 782 7824 1414 7467 7853 1412 1413 
2759 722 2050 721 648 7493 8113 1195 1196 1106 7857 
2760 181 182 1766 2015 192 1792 1789 2101 7124 2100 
2761 1889 1972 738 878 2302 8111 7849 8096 1561 7930 
2762 2 150 8 868 153 1769 1767 896 7698 899 
2763 1957 780 2038 2037 7919 7916 2616 2552 2258 7917 
2764 707 693 1952 1971 1436 8085 8123 8027 2599 8056 
2765 822 870 735 1874 1163 1598 1601 7572 7837 7321 
2766 113 112 639 1934 122 1096 1095 7907 7560 8013 
2767 1993 679 680 845 7624 1349 7646 7607 1358 1359 
2768 762 1908 1909 760 7989 2384 7644 1652 7398 7288 
2769 1972 720 878 831 8088 1562 7930 7826 1525 1223 
2770 157 60 61 640 1740 76 1741 8024 1022 1023 
2771 1905 1956 1903 803 2370 2369 2367 7969 7968 8044 
2772 1943 2039 705 739 2562 8124 8097 8102 1494 8087 
2773 2009 713 833 874 7667 1532 7909 7841 1339 1530 
2774 112 111 740 1986 121 1093 1092 8012 7323 8023 
2775 809 216 215 1890 7393 231 7388 7947 2197 2198 
2776 2019 149 187 186 8007 1799 2115 2116 197 1774 
2777 133 2020 1807 134 7992 7945 1857 143 1856 7999 
2778 2012 1981 1951 701 2267 2336 2595 7614 7648 7615 
2779 785 1880 1984 2031 7449 2160 7450 7487 2261 2262 
2780 1979 2049 767 771 2619 8125 7783 7595 1152 8033 
2781 159 1876 643 2032 2076 7306 7693 2078 7668 2080 
2782 1994 112 111 1807 8022 121 8021 7979 1833 1834 
2783 672 1942 858 1991 8082 8126 1311 8075 8127 2500 
2784 697 1875 637 2027 7809 7810 1081 7903 8128 2232 
2785 1993 680 679 677 7646 1349 7624 7645 1328 1348 
2786 1995 1811 108 1913 8118 1816 8072 2405 8020 7686 
2787 844 685 796 1931 1394 1385 1396 7738 8054 7510 
2788 668 729 2024 727 1297 8047 7799 1299 7890 1298 
2789 797 1928 843 1918 8122 7699 1347 7924 7895 2436 
2790 659 687 1901 810 1255 7406 7500 1244 7312 1256 
2791 66 667 827 1884 1039 1044 1043 8062 7883 7873 
2792 1889 2046 179 838 2096 2095 2091 7850 7816 7590 
2793 828 784 1985 829 1710 7544 7508 1219 7292 1205 
2794 819 1914 862 699 7622 7626 911 1461 1241 7309 
2795 779 1941 777 778 7679 8011 1704 1705 1700 7898 
2796 2007 2028 852 818 2572 8035 8129 7695 1357 8130 
2797 870 735 2035 1970 1598 7855 8131 7341 2225 8120 
2798 676 1992 854 745 7627 7630 1341 1345 1346 7716 
2799 2007 800 663 818 7988 1275 7868 7695 1268 1274 
2800 1961 134 1801 2020 8132 1859 8119 2585 7944 7999 
2801 1976 2022 1806 1975 2630 8055 7926 2629 7929 2631 
2802 662 661 663 1996 1258 1263 1262 7533 7728 7422 
2803 2049 640 767 771 8104 1151 8125 8033 1152 1153 
2804 90 89 2046 669 100 7588 8133 1062 7589 1061 
2805 1877 835 180 2046 8081 8108 2098 2099 2094 8134 
2806 1984 828 2033 1985 7507 7509 2638 2166 2637 7508 
2807 1800 114 115 1948 1842 124 1843 8135 8059 7731 
2808 734 2035 735 1970 7964 7855 1501 7923 8120 2225 
2809 1956 803 802 801 8044 1721 7995 7864 1623 1720 
2810 63 159 1876 643 1748 2076 8136 1034 7306 7693 
2811 884 825 886 1962 1293 1171 1626 7994 7482 8137 
2812 110 1802 1806 2022 1830 1832 1828 7820 8055 7950 
2813 698 849 1892 793 1444 7530 7412 1456 7703 1455 
2814 640 767 769 2049 1151 1150 1149 8104 8138 8125 
2815 835 1877 2011 2046 8081 2242 8049 8134 2245 2099 
2816 812 1978 132 133 7769 8000 1115 1116 142 7993 
2817 2036 1952 693 1971 2535 8085 7610 2601 8056 2599 
2818 1974 130 811 131 7865 1109 7967 7980 1110 140 
2819 712 178 1889 2044 8107 2092 8106 8039 2093 2057 
2820 1887 791 2040 853 8139 8015 2295 7839 7955 1181 
2821 149 6 186 867 151 1775 1774 923 7691 922 
2822 57 58 155 675 73 1733 1732 1014 7758 1013 
2823 1961 1989 135 709 2251 8140 7956 7585 1124 7587 
2824 850 668 94 2013 1078 1074 1076 7662 7906 7801 
2825 884 825 1962 2032 1293 8137 7994 7932 2241 7127 
2826 645 791 2040 837 1180 8015 7986 1179 8141 1178 
2827 847 821 2035 735 1417 7961 7897 1599 7855 1503 
2828 113 1801 1949 1947 1837 7943 8028 7846 2518 8142 
2829 778 780 2037 784 1707 7917 7755 1709 7756 1708 
2830 2018 1808 116 1805 8143 1812 8093 8144 1846 1848 
2831 1964 130 1995 1809 7867 7866 2407 7815 8145 1818 
2832 1950 1948 114 1935 2524 7731 8061 2523 7732 2521 
2833 2047 1999 840 764 2641 7982 7983 8099 1671 7694 
2834 1998 1909 1999 764 2397 2399 2398 7940 7694 7481 
2835 689 686 1953 821 1382 7958 7831 1398 7960 1397 
2836 202 25 696 863 7250 925 7251 7712 928 888 
2837 1936 110 649 1988 7823 1090 7785 2450 7813 8029 
2838 739 708 1943 841 1493 7772 8102 1175 7739 1507 
2839 2016 846 729 2015 7935 1302 8045 2246 8046 7154 
2840 187 150 834 2045 1778 1135 8003 2060 8004 8073 
2841 1979 769 2049 1958 7279 8138 2619 2380 2618 7463 
2842 816 1893 882 698 7562 7593 920 1422 1459 7673 
2843 1918 744 843 749 7558 1614 7895 7891 1617 1615 
2844 777 775 776 1991 1322 1694 1699 7789 7790 8091 
2845 1988 109 747 1916 8043 1087 7896 2427 7625 8079 
2846 714 1964 5 130 7689 7911 914 915 139 7867 
2847 878 831 712 2010 1525 1524 1526 7931 8038 7827 
2848 708 1943 705 739 7772 8097 1431 1493 1494 8102 
2849 2005 680 683 845 7436 1368 7490 7466 1369 1358 
2850 796 1937 1933 1931 8068 2502 8069 8054 2481 2501 
2851 712 87 178 2044 1055 1777 8107 8039 2057 8074 
2852 1969 725 1927 1926 7536 7401 2476 2477 2472 7402 
2853 663 662 2007 818 1262 7535 7868 1268 7695 1267 
2854 792 1891 793 674 7592 7735 1334 1331 1333 7212 
2855 1916 108 109 638 8019 118 8079 7538 1083 1084 
2856 2011 836 669 738 8050 1305 7549 7550 1306 1304 
2857 2035 821 707 735 7961 1437 8026 7855 1502 1503 
2858 683 684 1939 686 1376 7511 7734 1381 7957 1380 
2859 2048 737 881 1954 8063 1547 7941 2608 7834 7174 
2860 1915 819 638 750 7851 1085 7373 7577 1142 1143 
2861 1949 1994 2020 1807 2587 2588 2586 7946 7945 7979 
2862 649 110 747 1988 1090 1086 1091 7813 7896 8029 
2863 1971 707 706 720 8027 1435 8057 7965 1496 1497 
2864 762 761 1908 760 1653 7296 7989 1652 7288 1647 
2865 57 154 833 1888 1731 8146 1010 8078 7910 2063 
2866 781 1957 679 779 7806 7601 1360 1361 1362 7680 
2867 1942 1945 678 1955 2557 7942 7787 2559 8009 2558 
2868 2032 159 160 1722 2078 170 2079 7128 1755 1752 
2869 1952 693 707 821 8085 1436 8123 8147 1437 1401 
2870 836 835 2011 669 1308 8049 8050 1305 7549 1066 
2871 766 2030 774 773 7904 7833 1678 1674 1677 7949 
2872 1943 1937 708 692 2511 7934 7772 8098 1430 7817 
2873 706 2036 693 1971 8148 7610 1434 8057 8056 2601 
2874 1962 825 886 2032 8137 1171 7482 2241 7825 7127 
2875 852 800 2007 818 1676 7988 8129 1357 7695 1274 
2876 838 88 1889 712 1058 8105 7850 1060 8106 1056 
2877 748 744 742 1917 1609 1608 1610 7375 7830 7559 
2878 701 791 2012 789 1470 8014 7614 1472 7642 1471 
2879 131 711 811 1974 1112 1114 1110 7980 7967 7962 
2880 39 216 865 855 7392 7706 894 1005 1009 7640 
2881 637 184 3 2018 8071 1770 901 8149 8150 2110 
2882 764 840 2047 783 1671 7983 8099 1669 8115 1336 
2883 777 672 775 1991 1321 1323 1322 7789 8091 8075 
2884 789 791 2008 790 1471 8018 7804 1450 8065 1718 
2885 857 1904 795 687 7371 7234 1402 1403 1266 7407 
2886 154 57 155 1888 1731 1732 165 2063 2064 8078 
2887 742 748 1917 747 1610 7375 7830 1204 7471 1139 
2888 784 830 1879 650 1207 7676 7545 1206 7230 1208 
2889 157 60 640 1885 1740 1023 8024 2070 8101 8151 
2890 874 2009 713 786 7841 7667 1530 1531 1528 7842 
2891 69 163 162 1887 1764 173 1762 7987 2087 2088 
2892 2038 830 1982 1879 7566 7567 2254 2255 2178 7676 
2893 2014 820 850 2013 7733 1303 7840 2231 7662 7800 
2894 199 4 1811 1911 200 1815 1817 7708 7687 7685 
2895 2028 2007 1945 818 2572 2571 2568 8130 7489 7695 
2896 851 640 2049 2026 1027 8104 8152 7330 2288 8025 
2897 111 110 649 1936 120 1090 1089 7822 7785 7823 
2898 739 1877 835 644 7780 8081 1173 1174 1069 7748 
2899 790 70 2042 863 1051 8114 7884 1054 7742 893 
2900 179 88 1889 838 1781 8105 2091 7816 7850 1058 
2901 1948 115 1800 1959 8059 1843 8135 2581 8153 8086 
2902 860 663 795 1907 1272 1264 1273 7744 7304 7727 
2903 847 689 1953 821 1415 7831 7959 1417 7960 1398 
2904 1959 2018 116 1805 2275 8093 8092 8154 1846 8144 
2905 1902 660 659 658 7425 1248 7499 7512 1242 1247 
2906 2034 1997 782 2038 2604 7853 7563 2636 7564 2617 
2907 2045 150 8 187 8073 1769 2059 2060 198 1778 
2908 738 2011 836 1972 7550 8050 1304 8111 8155 2305 
2909 159 158 63 1876 169 1746 1748 2076 8136 2075 
2910 786 1999 794 840 7843 7583 1632 1717 1672 7982 
2911 1877 91 835 644 7881 1065 8081 7748 1069 1067 
2912 88 87 178 712 98 1777 1779 1056 8107 1055 
2913 2028 2030 773 1955 2612 7949 7878 2569 8058 2613 
2914 653 831 720 1886 1224 1223 1222 7575 7966 7828 
2915 1945 2028 852 678 2568 8035 8156 7942 1354 8008 
2916 1989 1960 814 1966 2584 7754 7586 2253 7206 2307 
2917 2008 1881 2012 789 2129 2266 2268 7804 7642 7641 
2918 1995 130 1803 1809 7866 1850 7880 8145 1851 1818 
2919 2022 1994 1802 1978 2530 7976 7950 2633 7977 2634 
2920 183 184 1765 1875 194 1798 1797 2107 7807 2106 
2921 1928 797 671 1929 8122 1290 7913 2439 7635 7925 
2922 2011 2039 836 1972 2244 8095 8050 2305 8155 2624 
2923 1 7 70 863 1726 1728 86 889 893 7743 
2924 1801 112 113 1949 1836 122 1837 7943 8028 8037 
2925 1981 849 695 701 7531 1443 7162 7615 1446 1447 
2926 869 1876 2026 772 7990 2077 7974 1032 8157 8158 
2927 781 845 1997 689 1364 7465 7824 1414 7467 1384 
2928 771 1885 640 861 8034 8101 1153 1155 1024 7619 
2929 1956 1905 1958 770 2370 2379 2237 8112 7657 7464 
2930 1910 5 882 751 7677 918 7594 7751 919 916 
2931 692 1937 686 1952 7817 8016 1388 8083 8084 2532 
2932 2046 2011 835 669 2245 8049 8134 7589 1066 7549 
2933 2020 1961 134 813 2585 8132 7999 7860 1121 7584 
2934 154 2043 833 1888 2052 7908 8146 2063 7910 2065 
2935 1883 1808 2018 1805 8159 8143 2114 8160 8144 1848 
2936 671 1930 672 673 7675 7937 1309 1314 1315 7912 
2937 1945 852 2028 818 8156 8035 2568 7489 8130 1357 
2938 1900 655 656 657 7358 1193 7611 7372 1232 1233 
2939 1937 708 692 796 7934 1430 7817 8068 1389 1432 
2940 2042 2008 790 696 2123 8065 7884 8017 1451 7415 
2941 698 1893 882 856 7673 7593 1459 1458 1460 7332 
2942 1724 162 161 2021 1763 172 1760 7136 2084 2085 
2943 849 1892 695 698 7530 7192 1443 1444 1420 7412 
2944 110 109 747 1988 119 1087 1086 8029 7896 8043 
2945 1914 819 750 699 7622 1143 7578 7309 1462 1461 
2946 2020 133 710 134 7992 1118 7871 7999 1119 143 
2947 1876 1956 1958 864 2235 2237 2236 7869 8161 8031 
2948 1961 1947 1801 1804 2578 8142 8119 8162 1841 7996 
2949 88 178 179 1889 1779 189 1781 8105 2091 2092 
2950 1806 1803 109 1976 1829 1825 1827 7926 8041 8051 
2951 784 2037 1985 1879 7756 2257 7544 7545 2171 2256 
2952 1948 1800 114 1804 8135 1842 7731 7997 1840 1844 
2953 108 819 638 1913 903 1085 1084 8020 7954 7621 
2954 779 781 1957 780 1361 7806 7680 1706 7919 1711 
2955 637 721 697 2027 1107 1138 1081 8128 7903 7936 
2956 7 1 56 866 1726 71 1727 7863 892 890 
2957 1885 2049 640 2026 2287 8104 8101 2074 8025 2288 
2958 1918 843 797 749 7895 1347 7924 7891 1438 1617 
2959 648 115 114 1950 1101 124 1102 7858 8061 8060 
2960 645 2040 791 853 7986 8015 1180 1050 1181 7955 
2961 730 732 1925 731 1391 7726 7639 1576 7382 1585 
2962 844 796 728 1933 1396 1504 1581 7670 7951 8069 
2963 1947 113 1801 1804 7846 1837 8142 7996 1841 1839 
2964 739 2039 2016 841 8087 2248 7779 1175 7740 8103 
2965 1960 136 1989 814 8163 7803 2584 7754 7586 1127 
2966 60 157 156 1885 1740 167 1738 8151 2069 2070 
2967 66 161 160 1884 1756 171 1754 8062 2081 2082 
2968 868 834 150 2045 1137 1135 899 7870 8073 8004 
2969 1939 686 1937 1952 7957 8016 2504 2531 2532 8084 
2970 158 63 1876 869 1746 8136 2075 7975 7990 1028 
2971 808 1983 694 839 7474 7386 1281 1442 1440 7144 
2972 2041 728 1933 1940 7952 7951 2513 2514 2483 8100 
2973 857 768 1905 770 1685 7149 7370 1684 7464 1683 
2974 852 800 2028 2007 1676 8164 8035 8129 2572 7988 
2975 2018 637 1875 2027 8149 7810 2111 2234 2232 8128 
2976 150 149 187 834 152 1799 1778 1135 8003 1134 
2977 179 90 89 2046 1782 100 1780 2095 7588 8133 
2978 2018 1959 1883 1805 2275 2274 2114 8144 8160 8154 
2979 2038 780 782 830 7916 1712 7564 7566 1713 1714 
2980 721 116 115 2027 1104 125 1105 7936 8117 8094 
2981 1989 1800 1948 1804 8165 8135 2576 8166 7997 1844 
2982 753 886 802 1962 1625 1170 1624 7771 7483 7482 
2983 836 706 738 1972 1492 1498 1304 8155 8111 8167 
2984 1874 822 870 642 7572 1163 7321 7152 1164 1162 
2985 1928 671 797 676 7913 1290 8122 7628 1318 1316 
2986 3 184 185 2018 1770 195 1773 8150 2109 2110 
2987 109 638 747 1916 1083 1088 1087 8079 7625 7538 
2988 673 679 1938 848 1329 7598 7887 1319 7599 1330 
2989 797 666 1929 694 1289 7678 7925 1291 7495 1280 
2990 2043 56 154 833 8076 1729 2052 7908 8146 1011 
2991 1964 5 130 1809 7911 139 7867 7815 1818 1819 
2992 841 2016 846 729 7740 7935 1177 1584 1302 8045 
2993 774 2030 2031 1955 7833 2263 7488 8110 2610 2613 
2994 774 817 2030 766 1679 7832 7833 1678 7904 1680 
2995 1994 111 1802 1807 8021 1831 7976 7979 1835 1833 
2996 2027 115 721 1950 8117 1105 7936 2589 8116 8060 
2997 791 2012 837 701 8014 8070 1178 1470 1466 7614 
2998 1981 849 701 792 7531 1447 7615 7217 1474 1475 
2999 1991 1942 858 1955 2500 8126 8127 2560 8168 2559 
3000 706 1972 1971 720 8167 2292 8057 1496 7965 8088 
3001 138 137 2029 704 147 7209 8090 1131 7210 1130 
3002 1961 1801 135 1804 8119 1858 7956 8162 1861 1841 
3003 821 707 1952 2035 1437 8123 8147 7961 2598 8026 
3004 3 185 1808 2018 1773 8169 1813 8150 8143 2109 
3005 7 163 70 2042 174 1730 1728 2054 8114 2053 
3006 764 1998 771 783 7940 7596 1663 1669 1670 7775 
3007 760 1909 762 764 7398 7644 1652 1654 1655 7481 
3008 800 2028 2007 1946 8164 2572 7988 7737 2388 2575 
3009 864 1956 1958 770 8031 2237 8161 1689 7657 8112 
3010 648 721 115 1950 1106 1105 1101 7858 8060 8116 
3011 678 858 1942 1955 1313 8126 7787 8009 2559 8168 
3012 158 157 1723 2026 168 1744 1747 2073 7329 2072 
3013 1883 2019 138 2029 2117 7653 8032 2276 8090 2278 
3014 834 704 2019 1890 1486 8067 8002 8170 2310 7353 
3015 675 57 833 1888 1014 1010 1015 7757 7910 8078 
3016 2035 707 1952 1971 8026 8123 2598 2600 2599 8027 
3017 712 1889 878 2010 8106 8096 1526 8038 7931 2303 
3018 1890 809 216 2045 7947 7393 2198 2203 2062 7915 
3019 874 675 1888 2047 1338 7757 8006 7848 2300 8089 
3020 879 1977 812 877 7275 7760 1521 1555 1513 7302 
3021 2035 870 1970 1874 8131 7341 2225 2226 2189 7321 
3022 769 851 640 2049 1154 1027 1149 8138 8104 8152 
3023 692 684 1937 796 1387 7985 7817 1389 8068 1386 
3024 116 115 1959 1805 125 8086 8092 1846 8154 1845 
3025 1991 775 2031 1955 8091 8030 2611 2560 2610 8109 
3026 1989 136 1800 1804 7803 1863 8165 8166 1844 1860 
3027 858 678 773 1955 1313 1355 1356 8168 8058 8009 
3028 792 789 1881 788 1473 7641 7215 1332 7271 1448 
3029 2032 1962 884 2048 2241 7994 7932 2283 7972 2609 
3030 877 879 1977 718 1555 7275 7302 1554 7189 1551 
3031 1972 1971 720 1886 2292 7965 8088 2291 7966 2289 
3032 739 2039 705 836 8087 8124 1494 1495 1491 8095 
3033 87 712 865 2044 1055 1057 898 8074 7970 8039 
3034 2049 767 769 1979 8125 1150 8138 2619 7279 7783 
3035 1725 156 155 2025 1739 166 1736 7434 2066 2067 
3036 765 800 759 1946 1651 1650 1642 7522 7524 7737 
3037 1949 1801 112 1807 7943 1836 8037 7946 1834 1838 
3038 853 69 1887 790 1048 7987 7839 1053 7886 1052 
3039 711 1973 879 880 7797 7227 1520 1519 1522 7226 
3040 871 793 856 1872 1719 1457 1619 7819 7334 7704 
3041 727 726 1940 724 1573 7649 7889 1572 7650 1570 
3042 156 60 1885 861 1738 8151 2069 8121 7619 1019 
3043 817 1980 1880 2030 7442 2153 7443 7832 2259 2260 
3044 1923 732 746 733 7770 1590 7604 7356 1591 1586 
3045 2034 782 847 822 7563 1416 7875 7749 1600 1716 
3046 1963 2040 2012 837 2621 2620 2596 8036 8070 8141 
3047 791 2012 2040 837 8014 2620 8015 1178 8141 8070 
3048 676 797 1928 843 1318 8122 7628 1343 7699 1347 
3049 1973 879 880 805 7227 1522 7226 7158 1558 1552 
3050 693 705 2036 706 1429 7609 7610 1434 8148 1433 
3051 2027 1959 115 1950 2590 8086 8117 2589 8060 2580 
3052 1887 791 853 790 8139 1181 7839 7886 1053 1718 
3053 851 2026 1958 772 7330 2240 8171 1030 8172 8157 
3054 881 667 884 2048 1295 1292 1296 7941 7972 7971 
3055 881 884 737 2048 1296 1605 1547 7941 8063 7972 
3056 838 1889 738 878 7850 7849 1307 1527 1561 8096 
3057 135 134 1801 1961 144 1859 1858 7956 8119 8132 
3058 875 813 1965 876 1508 7339 7340 1546 7347 1516 
3059 2029 1960 137 1805 2308 7753 7209 8173 1865 8174 
3060 870 2035 735 1874 8131 7855 1598 7321 7837 2226 
3061 1874 2034 822 1982 2227 7749 7572 2184 7573 2228 
3062 720 738 1972 878 1499 8111 8088 1562 7930 1561 
3063 2030 774 773 1955 7833 1677 7949 2613 8058 8110 
3064 135 134 1961 813 144 8132 7956 1122 7584 1121 
3065 765 2003 2028 1946 7674 2574 7877 7522 2575 2573 
3066 63 1876 869 643 8136 7990 1028 1034 1035 7306 
3067 2010 712 1889 2044 8038 8106 2303 2204 2093 8039 
3068 1965 875 876 716 7340 1546 7347 7255 1542 1545 
3069 835 90 180 2046 1064 1783 8108 8134 2094 8133 
3070 1959 1960 2029 1805 2582 2308 2277 8154 8173 8174 
3071 1941 777 848 779 8011 1325 7658 7679 1363 1704 
3072 1958 2026 1876 772 2240 2077 2236 8172 8158 8157 
3073 2016 729 2041 2024 8045 8175 2563 2644 2550 8047 
3074 811 880 885 1870 1518 1560 1536 7746 7453 7362 
3075 180 90 179 2046 1783 1782 190 2094 2095 8133 
3076 770 864 1956 803 1689 8031 8112 1690 8044 1691 
3077 880 719 885 1870 1559 1556 1560 7362 7453 7286 
3078 818 1945 852 678 7489 8156 1357 1286 1354 7942 
3079 696 790 2042 863 1451 7884 8017 928 7742 1054 
3080 710 1871 876 877 7766 7444 1515 1514 1517 7409 
3081 775 773 774 1955 1692 1677 1693 8109 8110 8058 
3082 1887 2040 791 790 2295 8015 8139 7886 1718 8066 
3083 136 135 1989 709 145 8140 7803 1125 7587 1124 
3084 1871 876 877 806 7444 1517 7409 7285 1553 1543 
3085 637 1875 184 2018 7810 2106 8071 8149 2110 2111 
3086 1890 834 809 2045 8170 1485 7947 2203 7915 8004 
3087 726 1940 728 727 7649 8100 1580 1573 1579 7889 
3088 1890 2019 834 2045 2310 8002 8170 2203 8004 2118 
3089 637 116 721 2027 902 1104 1107 8128 7936 8094 
3090 116 637 2018 2027 902 8149 8093 8094 2234 8128 
3091 1999 794 840 764 7583 1672 7982 7694 1671 1656 
3092 95 94 183 850 105 1793 1794 1077 7661 1076 
3093 765 852 2028 773 1675 8035 7877 1673 7878 1353 
3094 775 672 858 1991 1323 1311 1324 8091 8127 8075 
3095 1800 137 1960 1805 1862 7753 8176 1847 8174 1865 
3096 665 1945 818 678 7317 7489 1271 1285 1286 7942 
3097 678 1942 858 670 7787 8126 1313 1284 1312 7350 
3098 729 728 841 2041 1583 1506 1584 8175 7741 7952 
3099 63 158 62 869 1746 1745 78 1028 1029 7975 
3100 137 138 2029 1805 147 8090 7209 1865 8173 1864 
3101 671 797 666 1929 1290 1289 1287 7635 7678 7925 
3102 2028 800 765 1946 8164 1651 7877 2575 7522 7737 
3103 672 858 1942 670 1311 8126 8082 1310 7350 1312 
3104 1959 115 1800 1805 8086 1843 8153 8154 1847 1845 
3105 755 754 1882 786 1210 7214 7421 1627 7651 1529 
3106 2046 835 90 669 8134 1064 8133 7589 1062 1066 
3107 841 2016 729 2041 7740 8045 1584 7741 8175 2563 
3108 175 6 1810 186 177 1821 1823 1776 7656 1775 
3109 62 61 851 1723 77 1026 1025 1743 7328 1742 
3110 2047 874 675 840 7848 1338 8089 7983 1337 1340 
3111 850 820 2014 697 1303 7733 7840 1082 7902 1453 
3112 2028 800 852 765 8164 1676 8035 7877 1675 1651 
3113 56 57 154 833 72 1731 1729 1011 8146 1010 
3114 1960 1959 1800 1805 2582 8153 8176 8174 1847 8154 
3115 881 667 2048 1884 1295 7971 7941 7882 2281 7873 
3116 667 881 827 1884 1295 1294 1044 7873 7883 7882 
3117 1964 1995 1911 1809 2407 2406 2400 7815 7777 8145 
3118 729 2041 2024 727 8175 2550 8047 1298 7890 8177 
3119 745 843 1919 744 1344 7700 7717 1612 7526 1614 
3120 1952 1939 686 1953 2531 7957 8084 2541 7958 2540 
3121 833 874 675 1888 1339 1338 1015 7910 7757 8006 
3122 886 753 884 1962 1625 1604 1626 7482 7994 7771 
3123 821 1952 1953 2035 8147 2541 7960 7961 2597 2598 
3124 769 851 1958 772 1154 8171 7463 1686 8172 1030 
3125 836 2036 705 706 8178 7609 1491 1492 1433 8148 
3126 722 2014 820 697 7786 7733 1454 1452 1453 7902 
3127 675 2047 840 783 8089 7983 1337 1018 1336 8115 
3128 1887 2042 2008 790 2090 2123 2294 7886 8065 7884 
3129 199 127 646 816 1869 906 7795 7480 1108 912 
3130 866 56 2043 833 892 8076 7862 1012 7908 1011 
3131 836 2039 2036 1972 8095 2564 8178 8155 2623 2624 
3132 3 175 1808 185 176 1814 1813 1773 8169 1772 
3133 2036 705 2039 836 7609 8124 2564 8178 8095 1491 
3134 1961 1989 1947 1804 2251 2577 2578 8162 7996 8166 
3135 91 90 180 835 101 1783 1784 1065 8108 1064 
3136 706 836 2036 1972 1492 8178 8148 8167 2623 8155 
3137 717 883 1963 837 1549 7681 7835 1469 8036 1184 
3138 127 199 5 816 1869 201 129 912 913 7480 
3139 803 864 1956 802 1691 8031 8044 1721 7995 1166 
3140 854 677 1992 676 1342 7664 7630 1341 7627 1326 
3141 637 3 116 2018 901 126 902 8149 8093 8150 
3142 685 682 1987 859 1377 7336 7338 1379 7710 1371 
3143 686 1952 1953 821 8084 2541 7958 1397 7960 8147 
3144 704 834 809 1890 1486 1485 1487 7353 7947 8170 
3145 60 640 1885 861 1023 8101 8151 1019 7619 1024 
3146 1940 2024 2041 727 2547 2550 2514 7889 8177 7890 
3147 135 136 1989 1804 145 7803 8140 1861 8166 1860 
3148 704 2029 2019 1890 7210 2278 8067 7353 2310 2309 
3149 135 1989 1961 1804 8140 2251 7956 1861 8162 8166 
3150 858 775 1991 1955 1324 8091 8127 8168 2560 8109 
3151 60 156 59 861 1738 1737 75 1019 1020 8121 
3152 1940 2041 728 727 2514 7952 8100 7889 1579 8177 
3153 4 199 127 646 200 1869 128 905 906 7795 
3154 873 709 1878 875 1510 7196 7669 1512 7197 1509 
3155 1803 1811 108 1995 1826 1816 1824 7880 8072 8118 
3156 1995 1811 1911 1809 8118 7687 2406 8145 7777 1868 
3157 2008 789 790 696 7804 1450 8065 7415 1451 1449 
3158 1878 807 873 875 7542 1539 7669 7197 1512 1544 
3159 175 1808 1883 1810 1814 8159 8179 1823 8005 1867 
3160 1948 1947 1989 1804 2522 2577 2576 7997 8166 7996 
3161 137 136 1960 814 146 8163 7753 1128 7754 1127 
3162 772 864 1958 770 1688 8161 8172 1687 7657 1689 
3163 138 1883 2029 1805 8032 2276 8090 1864 8173 8160 
3164 783 2047 1998 2025 8115 2640 7775 7506 2285 2301 
3165 864 1958 1876 772 8161 2236 7869 1688 8158 8172 
3166 693 1952 686 821 8085 8084 1400 1401 1397 8147 
3167 1800 137 136 1960 1862 146 1863 8176 8163 7753 
3168 2029 1883 1959 1805 2276 2274 2277 8173 8154 8160 
3169 1883 138 1810 1805 8032 1822 8005 8160 1866 1864 
3170 793 871 832 1872 1719 1479 1335 7704 7229 7819 
3171 1972 706 738 720 8167 1498 8111 8088 1499 1496 
3172 1808 185 175 1883 8169 1772 1814 8159 8179 2113 
3173 814 872 873 1966 1490 1541 1511 7206 7205 7894 
3174 1808 116 3 2018 1812 126 1813 8143 8150 8093 
3175 715 873 872 1966 1538 1541 1540 7631 7894 7205 
3176 858 773 775 1955 1356 1692 1324 8168 8109 8058 
3177 887 885 804 2002 1537 1557 1476 8052 7579 7582 
3178 1801 1949 1947 1961 7943 2518 8142 8119 2578 2579 
3179 885 887 714 2002 1537 1534 1535 7582 7794 8052 
3180 705 2039 1943 2036 8124 2562 8097 7609 2534 2564 
3181 1989 1948 1800 1960 2576 8135 8165 2584 8176 2583 
3182 878 838 1889 712 1527 7850 8096 1526 8106 1060 
3183 185 1808 2018 1883 8169 8143 2109 2113 2114 8159 
3184 1989 1800 136 1960 8165 1863 7803 2584 8163 8176 
3185 2036 706 1972 1971 8148 8167 2623 2601 2292 8057 
3186 864 869 1876 643 1172 7990 7869 1167 7306 1035 
3187 1876 869 864 772 7990 1172 7869 8158 1688 1032 
3188 2041 729 728 727 8175 1583 7952 8177 1579 1298 
3189 809 872 704 1890 1489 1488 1487 7947 7353 7546 
3190 772 1958 769 770 8172 7463 1686 1687 1682 7657 
3191 842 734 870 1970 1225 1597 1165 7198 7341 7923 
3192 1959 1800 1948 1960 8153 8135 2581 2582 2583 8176 
3193 1995 1803 1811 1809 7880 1826 8118 8145 1868 1851 
3194 1810 1808 1883 1805 1867 8159 8005 1866 8160 1848 
3195 1911 1811 199 1809 7687 1817 7708 7777 1820 1868 
3196 1984 776 785 2031 7404 1696 7450 2261 7487 7403 
3197 785 776 1984 828 1696 7404 7450 1217 7507 1703 
3198 2001 856 1872 871 7554 7334 2147 7778 7819 1619 
3199 2001 1872 856 1893 2147 7334 7554 2219 7332 2218 
3200 59 2025 156 1725 7829 2067 1737 1735 1739 7434 
3201 156 2025 59 861 2067 7829 1737 8121 1020 7620 
3202 1936 741 1920 649 7720 7933 2449 7785 7812 1201 
3203 1936 1920 741 1922 2449 7933 7720 2448 7718 2447 
3204 790 163 70 69 7885 1730 1051 1052 85 1764 
3205 790 70 163 2042 1051 1730 7885 7884 2053 8114 
3206 2002 751 714 1910 7750 917 7794 2402 7888 7751 
3207 2002 714 751 887 7794 917 7750 8052 1533 1534 
3208 1935 723 1926 736 7547 7796 2478 7521 7455 1199 
3209 1935 1926 723 1969 2478 7796 7547 2480 7998 2477 
3210 2036 692 1943 705 7608 8098 2534 7609 8097 1428 
3211 2036 1943 692 1937 2534 8098 7608 2533 7817 2511 
3212 1950 723 1935 648 7859 7547 2523 7858 7548 1198 
3213 1950 1935 723 1969 2523 7547 7859 2525 7998 2480 
3214 887 871 2001 702 1480 7778 8053 1477 7379 1478 
3215 887 2001 871 751 8053 7778 1480 1533 1620 7555 
3216 645 1963 837 2040 8064 8036 1179 7986 8141 2621 
3217 645 837 1963 883 1179 8036 8064 1182 7681 1184 
3218 851 1958 2049 769 8171 2618 8152 1154 8138 7463 
3219 2049 1958 851 2026 2618 8171 8152 2288 7330 2240 
3220 772 62 2026 869 1031 7973 8157 1032 7974 1029 
3221 772 2026 62 851 8157 7973 1031 1030 1025 7330 
3222 1890 1960 814 2029 2306 7754 7354 2309 7208 2308 
3223 1890 814 1960 1966 7354 7754 2306 2202 2307 7206 
3224 175 1883 186 1810 8179 2112 1776 1823 7656 8005 
3225 175 186 1883 185 1776 2112 8179 1772 2113 196 
3 8 11 76
3226 110 109 1806 2652 119 1827 1828 2673 8180 2672 
3227 1802 132 133 2647 1855 142 1854 8181 2700 2701 
3228 1806 109 2648 2652 1827 2670 8182 8180 2674 2672 
3229 113 114 2649 1804 123 2685 2684 1839 8183 1840 
3230 115 116 2650 1805 125 2691 2690 1845 8184 1846 
3231 2651 111 112 1807 2678 121 2679 8185 1834 1833 
3232 1801 134 135 2646 1859 144 1858 8186 2704 2705 
3233 136 137 1800 2645 146 1862 1863 2709 8187 2708 
3234 2649 135 1801 1804 2707 1858 8188 8183 1841 1861 
3235 2648 131 1806 2652 2695 1853 8182 2674 8180 2699 
3236 2647 1802 111 1807 8181 1831 2676 8189 1833 1835 
3237 2651 2646 134 1807 2683 2705 2702 8185 1856 8190 
3238 1806 132 1802 2652 1852 1855 1832 8180 8191 2698 
3239 135 1801 2646 2649 1858 8186 2704 2707 2686 8188 
3240 2646 1801 134 1807 8186 1859 2705 8190 1856 1838 
3241 131 1803 2648 1806 1849 8192 2695 1853 8182 1829 
3242 2649 2645 136 1804 2689 2709 2706 8183 1860 8193 
3243 2651 2647 111 1807 2680 2676 2678 8185 1833 8189 
3244 2649 1801 113 1804 8188 1837 2684 8183 1839 1841 
3245 2645 1800 136 1804 8187 1863 2709 8193 1860 1844 
3246 130 131 1803 2648 140 1849 1850 2696 8192 2695 
3247 136 135 2649 1804 145 2707 2706 1860 8183 1861 
3248 134 133 2651 1807 143 2703 2702 1856 8185 1857 
3249 1802 111 110 2647 1831 120 1830 8181 2675 2676 
3250 2646 1801 113 2649 8186 1837 2682 2686 2684 8188 
3251 114 2645 2649 1804 2687 2689 2685 1840 8183 8193 
3252 2645 1800 115 2650 8187 1843 2688 2692 2690 8194 
3253 2645 114 1800 1804 2687 1842 8187 8193 1844 1840 
3254 2647 1802 132 2652 8181 1855 2701 2677 2698 8191 
3255 1806 131 132 2652 1853 141 1852 8180 2698 2699 
3256 1801 113 112 2646 1837 122 1836 8186 2681 2682 
3257 116 2654 2650 1805 2657 2693 2691 1846 8184 8195 
3258 2650 1800 115 1805 8194 1843 2690 8184 1845 1847 
3259 137 1800 2650 1805 1862 8194 2711 1865 8184 1847 
3260 2653 130 5 1809 2665 139 2663 8196 1819 1818 
3261 115 114 1800 2645 124 1842 1843 2688 8187 2687 
3262 4 108 2656 1811 117 2661 2660 1815 8197 1816 
3263 1803 109 108 2648 1825 118 1824 8192 2669 2670 
3264 2653 2648 130 1809 2697 2696 2665 8196 1818 8198 
3265 2648 1803 109 1806 8192 1825 2670 8182 1827 1829 
3266 137 1800 2645 2650 1862 8187 2708 2711 2692 8194 
3267 233 6 2655 1810 235 2666 2668 8199 8200 1821 
3268 127 4 2656 1811 128 2660 2662 8201 8197 1815 
3269 2654 116 1808 1805 2657 1812 8202 8195 1848 1846 
3270 108 2656 1811 1803 2661 8197 1816 1824 1826 8203 
3271 2648 1803 130 1809 8192 1850 2696 8198 1818 1851 
3272 175 6 233 1810 177 235 2714 1823 8199 1821 
3273 5 199 127 1809 201 1869 129 1819 8204 1820 
3274 3 116 1808 2654 126 1812 1813 2658 8202 2657 
3275 2653 5 127 1809 2663 129 2664 8196 8204 1819 
3276 2655 6 138 1810 2666 148 2667 8200 1822 1821 
3277 138 137 2650 1805 147 2711 2710 1864 8184 1865 
3278 1810 138 2655 1805 1822 2667 8200 1866 8205 1864 
3279 1803 108 2656 2648 1824 2661 8203 8192 2671 2669 
3280 2650 2655 138 1805 2712 2667 2710 8184 1864 8205 
3281 127 199 4 1811 1869 200 128 8201 1815 1817 
3282 2656 1811 1803 1809 8197 1826 8203 8206 1851 1868 
3283 1810 2655 2654 1805 8200 2713 8207 1866 8195 8205 
3284 2654 1808 1810 1805 8202 1867 8207 8195 1866 1848 
3285 2650 2654 2655 1805 2693 2713 2712 8184 8205 8195 
3286 2655 2654 233 1810 2713 2659 2668 8200 8199 8207 
3287 175 233 2654 1810 2714 2659 8208 1823 8207 8199 
3288 2654 1808 175 1810 8202 1814 8208 8207 1823 1867 
3289 2648 1809 2656 1803 8198 8206 2671 8192 8203 1851 
3290 2656 1809 2648 2653 8206 8198 2671 2694 2697 8196 
3291 2647 1807 133 1802 8189 1857 2700 8181 1854 1835 
3292 133 1807 2647 2651 1857 8189 2700 2703 2680 8185 
3293 2646 1807 112 1801 8190 1834 2681 8186 1836 1838 
3294 112 1807 2646 2651 1834 8190 2681 2679 2683 8185 
3295 2652 1802 110 2647 8191 1830 2673 2677 2675 8181 
3296 2652 110 1802 1806 2673 1830 8191 8180 1832 1828 
3297 2654 175 3 233 8208 176 2658 2659 234 2714 
3298 2654 3 175 1808 2658 176 8208 8202 1814 1813 
3299 1811 1809 127 199 1868 8204 8201 1817 1869 1820 
3300 2656 1809 127 1811 8206 8204 2662 8197 8201 1868 
3301 127 1809 2656 2653 8204 8206 2662 2664 2694 8196 
3 9 11 1615
3302 343 3905 3953 2902 3933 8209 8210 3198 8211 8212 
3303 3905 398 343 3953 3938 3936 3933 8209 8210 4184 
3304 3977 2717 3975 3978 8213 8214 4416 4417 4418 8215 
3305 4045 2869 3976 3977 8216 8217 4420 4421 4415 8218 
3306 3972 3970 3971 3840 4390 4295 4391 8219 8220 8221 
3307 2762 4085 4024 2761 8222 4466 8223 3456 8224 8225 
3308 4078 4068 2815 3978 4434 8226 8227 4433 8228 4419 
3309 4013 4012 2877 2766 4557 8229 8230 8231 3316 8232 
3310 4085 4024 3985 2762 4466 4465 4467 8222 8233 8223 
3311 416 2794 3969 2884 8234 8235 4210 8236 8237 3025 
3312 2719 3952 4060 423 8238 4262 8239 8240 4253 4258 
3313 416 2794 3950 3969 8234 8241 4215 4210 4219 8235 
3314 3952 2719 2862 423 8238 3066 8242 4258 8243 8240 
3315 2760 4074 3985 4085 8244 4454 8245 8246 4467 4468 
3316 4084 3980 4082 2901 4441 4442 4444 8247 8248 8249 
3317 4048 2729 2829 425 8250 3078 8251 4265 8252 8253 
3318 4012 4013 4004 2766 4557 4556 4546 8232 8254 8231 
3319 4048 2829 3964 425 8251 8255 4274 4265 4270 8252 
3320 3976 2727 2869 4045 8256 3126 8217 4420 8216 8257 
3321 3969 3959 415 2793 4213 4204 4209 8258 8259 8260 
3322 415 3969 2793 2884 4209 8258 8259 8261 3019 8237 
3323 3969 2794 2953 2884 8235 3621 8262 8237 3622 3025 
3324 3950 2794 2953 3969 8241 3621 8263 4219 8262 8235 
3325 4104 3801 2934 371 8264 8265 8266 4150 8267 3825 
3326 4060 3957 2903 422 4256 8268 8269 4254 8270 4245 
3327 3907 2929 2723 3961 8271 3211 8272 8273 8274 8275 
3328 3957 4063 2730 421 4249 8276 8277 4246 8278 4241 
3329 2723 346 2929 3907 3207 3209 3211 8272 8271 3941 
3330 4060 2903 2719 422 8269 3060 8239 4254 8279 8270 
3331 3999 4001 4010 2742 4529 4532 4531 8280 8281 8282 
3332 2877 4012 2733 2766 8229 8283 3308 3316 3314 8232 
3333 2797 421 4054 2882 8284 4240 8285 3055 8286 8287 
3334 3971 3988 3973 3836 4398 4397 4396 8288 8289 8290 
3335 4005 2765 4011 4009 8291 8292 4560 4552 4559 8293 
3336 2869 2717 3975 3977 3129 8214 8294 8218 4416 8213 
3337 4052 2895 12 2960 8295 2983 8296 8297 2988 2989 
3338 3951 417 2720 4058 4217 8298 8299 4226 8300 4222 
3339 3998 2825 2917 3997 8301 3543 8302 4511 8303 8304 
3340 2730 2903 3957 421 3054 8268 8277 8278 4246 8305 
3341 3907 400 2929 3961 3946 8306 8271 8273 8275 4190 
3342 3953 3905 342 2902 8209 3934 8307 8211 3197 8212 
3343 4045 2801 2869 3977 8308 3284 8216 4421 8218 8309 
3344 2729 4048 2862 424 8250 8310 3072 8311 8312 4266 
3345 3953 342 3905 397 8307 3934 8209 4185 3935 3932 
3346 4051 4054 421 2882 4250 4240 4247 8313 8287 8286 
3347 400 2929 346 3907 8306 3209 3944 3946 3941 8271 
3348 2883 2797 420 3948 3049 8314 8315 8316 4234 8317 
3349 4001 2738 4003 4065 8318 8319 4539 4541 4542 8320 
3350 2793 3969 3959 2952 8258 4213 8260 3618 8321 8322 
3351 237 238 415 2793 253 8323 8324 3011 8259 3010 
3352 415 414 237 2793 430 8325 8324 8259 3011 8326 
3353 2794 2885 417 4079 3031 8327 8328 8329 4223 8330 
3354 4048 3952 2862 424 4267 8242 8310 4266 8312 4257 
3355 2769 4026 4013 2781 8331 4599 8332 3505 8333 8334 
3356 249 250 427 2774 265 8335 8336 3081 8337 3080 
3357 3951 2720 416 2920 8299 8338 4218 8339 8340 3024 
3358 4065 4010 2738 2740 4543 8341 8320 8342 3338 8343 
3359 420 243 244 2797 8344 259 8345 8314 3046 3047 
3360 3969 2793 2884 2952 8258 3019 8237 8322 3617 3618 
3361 421 420 244 2797 436 8345 8346 8284 3046 8314 
3362 4085 2760 4084 4023 8246 8347 4648 4649 4644 8348 
3363 427 426 249 2774 442 8349 8336 8337 3081 8350 
3364 2797 4054 420 3948 8285 4239 8314 8317 4234 4243 
3365 425 248 2829 426 8351 3074 8252 441 8352 8353 
3366 248 249 2829 426 264 3075 3074 8353 8352 8349 
3367 4104 372 319 3801 4151 3827 8354 8264 3824 3828 
3368 417 240 239 2720 8355 255 8356 8298 3020 3021 
3369 416 417 239 2720 432 8356 8357 8338 3020 8298 
3370 2738 4001 4010 4065 8318 4532 8341 8320 4543 4541 
3371 4063 4062 2906 420 4244 8358 8359 4242 8360 4235 
3372 4007 4008 2749 4006 4564 8361 8362 4517 8363 4565 
3373 4079 417 2794 3950 4223 8328 8329 4225 8241 4216 
3374 416 238 239 2884 8364 254 8357 8236 3014 3015 
3375 416 415 238 2884 431 8323 8364 8236 3015 8261 
3376 4074 2763 2760 3985 8365 3459 8244 4454 8245 8366 
3377 2876 2720 417 4058 3030 8298 8367 8368 4222 8300 
3378 2732 4025 4012 2877 8369 4595 8370 3307 8229 8371 
3379 417 240 241 2885 8355 256 8372 8327 3028 3029 
3380 3987 2814 4057 2783 8373 8374 4463 8375 8376 3572 
3381 3993 3992 3991 2817 4490 4487 4491 8377 8378 8379 
3382 422 421 245 2882 437 8380 8381 8382 3050 8287 
3383 239 417 2794 240 8356 8328 3023 255 3022 8355 
3384 244 245 421 2882 260 8380 8346 3051 8287 3050 
3385 417 239 2794 416 8356 3023 8328 432 8234 8357 
3386 4001 3999 2887 2742 4529 8383 8384 8282 3341 8280 
3387 4001 2887 2738 2742 8384 3329 8318 8282 3340 3341 
3388 2934 3801 318 371 8265 3823 3159 8267 3822 3825 
3389 3977 2805 2717 3978 8385 3223 8213 4417 8215 8386 
3390 345 3907 3961 399 3942 8273 8387 3939 4191 3943 
3391 2737 4004 2735 4003 8388 8389 3322 8390 8391 4544 
3392 2801 2869 2727 4045 3284 3126 3282 8308 8257 8216 
3393 243 244 2730 420 259 3045 3044 8344 8392 8345 
3394 2737 2886 4004 4003 3325 8393 8388 8390 4544 8394 
3395 245 2903 421 422 3053 8305 8380 8381 437 8270 
3396 244 245 2903 421 260 3053 3052 8346 8305 8380 
3397 424 248 2729 425 8395 3069 8311 440 8253 8351 
3398 246 2719 422 423 3057 8279 8396 8397 438 8240 
3399 4010 4001 2738 2742 4532 8318 8341 8281 3340 8282 
3400 2729 247 248 424 3068 263 3069 8311 8395 8398 
3401 244 2730 420 421 3045 8392 8345 8346 436 8278 
3402 4046 3951 416 2920 4220 4218 4211 8399 8340 8339 
3403 2797 4054 2962 2882 8285 8400 3636 3055 3635 8286 
3404 2730 4063 2906 420 8276 8359 3048 8392 8360 4242 
3405 3993 3991 2822 2817 4491 8401 8402 8377 3279 8378 
3406 4065 2738 4003 2739 8320 8319 4542 8403 8404 3333 
3407 2717 2815 4068 3978 3132 8226 8405 8215 4419 8228 
3408 2885 2794 2954 4079 3031 3624 3623 8330 8406 8329 
3409 2823 3993 2819 3996 8407 8408 3686 8409 8410 4501 
3410 245 246 2719 422 261 3057 3056 8381 8279 8396 
3411 2957 2883 2796 3948 3630 3043 3631 8411 8412 8316 
3412 2818 2817 3992 4061 3679 8379 8413 8414 4495 8415 
3413 3986 3984 2770 3987 4459 8416 8417 4462 8418 4461 
3414 2733 4012 4064 4002 8283 4548 8419 8420 4536 4547 
3415 2797 2883 2959 3948 3049 3638 3637 8317 8421 8316 
3416 3958 2876 418 4058 8422 8423 4228 4231 4221 8368 
3417 3906 339 395 2927 3926 3923 3927 8424 8425 3186 
3418 2831 2830 2832 4048 3293 3707 3706 8426 8427 8428 
3419 426 425 248 2863 441 8351 8353 8429 3077 8430 
3420 248 249 426 2863 264 8349 8353 3077 8429 3076 
3421 4004 2733 4012 2766 8431 8283 4546 8254 8232 3314 
3422 4054 4051 2962 2882 4250 8432 8400 8286 3635 8313 
3423 4025 4013 4012 2877 4594 4557 4595 8371 8229 8230 
3424 2829 4088 3964 426 8433 4279 8255 8352 4269 4278 
3425 4079 2794 2954 3950 8329 3624 8406 4225 8434 8241 
3426 2765 4011 4009 2873 8292 4559 8293 3346 8435 8436 
3427 3906 395 4094 2927 3927 4179 8437 8424 8438 8425 
3428 4094 396 2947 4091 4178 8439 8440 4183 8441 4182 
3429 246 422 2780 423 8396 8442 3058 8397 8443 438 
3430 2959 4054 2797 3948 8444 8285 3637 8421 8317 4243 
3431 2886 4004 2735 2737 8393 8389 3324 3325 3322 8388 
3432 2765 2933 4005 4011 3481 8445 8291 8292 4560 8446 
3433 418 417 241 2885 433 8372 8447 8448 3028 8327 
3434 2749 4006 4070 2744 8363 4523 8449 3368 8450 8451 
3435 4026 4025 2773 2769 4600 8452 8453 8331 3498 8454 
3436 416 239 238 2920 8357 254 8364 8340 3016 3017 
3437 238 415 416 2920 8323 431 8364 3016 8340 8455 
3438 2895 4052 4101 2960 8295 4292 8456 2989 8457 8297 
3439 3952 4060 2893 2719 4262 8458 8459 8238 3234 8239 
3440 319 4104 3801 2934 8354 8264 3824 3158 8265 8266 
3441 4085 3985 2760 2762 4467 8245 8246 8222 3457 8233 
3442 414 3959 4086 2793 4203 4207 4198 8326 8460 8260 
3443 4023 2760 4084 2758 8348 8347 4644 8461 8462 3444 
3444 3985 2763 2760 2762 8366 3459 8245 8233 3457 3458 
3445 2883 419 2796 3948 8463 8464 3043 8316 8412 4233 
3446 3964 2830 2829 4048 8465 3291 8255 4274 8251 8428 
3447 2729 2829 2830 4048 3078 3291 3290 8250 8428 8251 
3448 4057 2786 3983 3984 8466 8467 4455 4456 4450 8468 
3449 4062 2728 419 3958 8469 8470 4236 4238 4227 8471 
3450 2770 3986 3987 2783 8417 4462 8418 3508 8375 8472 
3451 422 246 2780 245 8396 3058 8442 8381 3059 261 
3452 343 3953 2745 2902 8210 8473 3200 3198 3202 8211 
3453 4123 347 401 4097 8474 3947 4138 4196 4193 8475 
3454 2825 3998 3995 3997 8301 4512 8476 8304 4510 4511 
3455 3993 2823 3995 3996 8407 8477 4499 4501 4502 8409 
3456 424 2862 246 423 8312 3062 8478 439 8397 8243 
3457 2831 2729 4048 2862 3292 8250 8426 3294 8310 3072 
3458 246 247 2862 424 262 3063 3062 8478 8312 8398 
3459 2747 315 2916 4103 3150 3146 3151 8479 8480 8481 
3460 3987 3984 2770 2783 4461 8416 8418 8375 3508 8482 
3461 2732 2769 4025 2877 3310 8454 8369 3307 8371 3311 
3462 2833 2893 2831 3952 3714 3713 3711 8483 8484 8459 
3463 241 242 419 2796 257 8485 8486 3035 8464 3034 
3464 2885 2796 418 4080 3037 8487 8448 8488 4229 8489 
3465 425 424 248 2752 440 8395 8351 8490 3070 8491 
3466 247 248 424 2752 263 8395 8398 3071 8491 3070 
3467 414 413 237 2888 429 8492 8325 8493 3002 8494 
3468 236 237 413 2888 252 8492 8495 3003 8494 3002 
3469 4007 4008 2751 2749 4564 8496 8497 8362 3394 8361 
3470 2719 2893 3952 2862 3234 8459 8238 3066 8242 3235 
3471 419 242 243 2883 8485 258 8498 8463 3038 3039 
3472 2961 3953 4105 2964 8499 4310 8500 3704 8501 8502 
3473 2780 4051 422 2882 8503 4248 8442 3061 8382 8313 
3474 3952 2831 4048 2862 8484 8426 4267 8242 8310 3294 
3475 2743 2748 4071 4070 3362 8504 8505 8506 4586 8507 
3476 420 419 243 2883 435 8498 8344 8315 3038 8463 
3477 3970 276 3971 3840 8508 8509 4295 8221 8220 3868 
3478 12 2895 4072 389 2983 8510 8511 391 8512 8513 
3479 2910 3949 423 2780 8514 4252 8515 3067 8443 8516 
3480 3972 3974 3970 3840 4393 4392 4390 8219 8221 8517 
3481 2818 2819 2817 4061 3684 3683 3679 8414 8415 8518 
3482 3998 2940 4014 4000 8519 8520 4527 4525 4526 8521 
3483 2781 4013 2769 2877 8333 8332 3505 3506 3311 8230 
3484 3951 2720 2920 2948 8299 3024 8339 8522 3243 3241 
3485 241 240 417 2876 256 8355 8372 3027 8367 3026 
3486 2904 4096 2963 2958 8523 8524 3262 3375 3629 8525 
3487 4024 2764 2762 2761 8526 3462 8223 8224 3456 3461 
3488 3987 4057 2814 4076 4463 8374 8373 4475 8527 4474 
3489 2817 3993 3992 4061 8377 4490 8379 8415 4495 4496 
3490 4011 4021 2838 2843 4590 8528 8529 8530 3743 8531 
3491 2781 2795 4037 2812 3547 8532 8533 3561 8534 3560 
3492 3978 2815 4078 2871 8228 8227 4433 8535 8536 3226 
3493 2894 4060 3957 2903 8537 4256 8538 3238 8268 8269 
3494 3972 3971 3973 3840 4391 4396 4395 8219 8539 8220 
3495 2717 2869 2805 3977 3129 3222 3223 8213 8385 8218 
3496 2726 3991 3992 2817 8540 4487 8541 3277 8379 8378 
3497 4068 297 3975 3972 8542 8543 4404 4400 4403 8544 
3498 3988 3971 276 3836 4398 8509 8545 8290 3872 8288 
3499 2796 2885 2955 4080 3037 3633 3632 8489 8546 8488 
3500 4025 4026 4013 2769 4600 4599 4594 8454 8332 8331 
3501 2894 4060 2903 2719 8537 8269 3238 3236 3060 8239 
3502 4005 4004 2886 4003 4550 8393 8547 4549 8394 4544 
3503 4011 2765 2933 2873 8292 3481 8446 8436 3482 3346 
3504 3982 3983 2923 2874 4446 8548 8549 8550 3471 8551 
3505 2888 414 4086 2793 8493 4198 8552 3013 8460 8326 
3506 3976 297 3974 3975 8553 8554 4410 4411 4402 8543 
3507 4080 2957 2796 3948 8555 3631 8489 4237 8412 8411 
3508 419 2906 2728 4062 8556 3042 8470 4236 8469 8358 
3509 3993 2817 2819 4061 8377 3683 8408 4496 8518 8415 
3510 2830 4049 2832 4048 8557 8558 3707 8428 8427 4368 
3511 3999 2887 4000 4001 8383 8559 4524 4529 4530 8384 
3512 2728 2876 418 3958 3036 8423 8560 8471 4228 8422 
3513 423 246 424 2910 8397 8478 439 8515 8561 3065 
3514 2860 3957 4063 2730 8562 4249 8563 3296 8276 8277 
3515 424 246 247 2910 8478 262 8398 8561 3064 3065 
3516 3953 398 343 2745 4184 3936 8210 8473 3200 8564 
3517 4002 2733 4012 4004 8420 8283 4547 4545 4546 8431 
3518 418 241 419 2796 8447 8486 434 8487 8464 3035 
3519 3982 3983 2874 3984 4446 8551 8550 4451 8565 4450 
3520 2735 2733 4002 4004 3312 8420 8566 8389 4545 8431 
3521 249 250 2791 427 265 3083 3082 8336 8567 8335 
3522 2920 4046 3951 2948 8399 4220 8339 3243 8522 8568 
3523 419 243 242 2906 8498 258 8485 8556 3040 3041 
3524 2769 2773 4026 2778 3498 8453 8331 3503 8569 3502 
3525 2906 419 243 420 8556 8498 3041 8360 8344 435 
3526 423 4043 3949 2910 4259 4261 4252 8515 8514 8570 
3527 2771 2784 4093 3987 3512 8571 8572 8573 4469 8574 
3528 426 249 2791 427 8349 3082 8575 442 8567 8336 
3529 3991 2726 2822 2817 8540 3138 8401 8378 3279 3277 
3530 419 242 241 2728 8485 257 8486 8470 3032 3033 
3531 4080 2796 419 3948 8489 8464 4230 4237 4233 8412 
3532 2743 2748 4070 2744 3362 8507 8506 3357 8450 3363 
3533 4007 4061 3996 2921 4518 4503 4516 8576 8577 8578 
3534 3957 2860 2903 2730 8562 3295 8268 8277 3054 3296 
3535 3986 2770 2771 2783 8417 3479 8579 8472 3507 3508 
3536 12 2895 4052 4072 2983 8295 8296 8511 4708 8510 
3537 241 417 418 2876 8372 433 8447 3027 8423 8367 
3538 298 3990 3973 4068 8580 4407 8581 8582 4401 4409 
3539 2820 4007 4022 2930 8583 4571 8584 3425 8585 8586 
3540 3992 4078 3990 2816 4489 4488 4486 8587 8588 8589 
3541 4003 4002 2736 4001 4540 8590 8591 4539 8592 4534 
3542 418 2885 4080 4079 8448 8488 4229 4224 4232 8330 
3543 4070 2748 4016 2744 8507 8593 4568 8450 8594 3363 
3544 4087 2909 2956 4077 8595 3605 8596 4350 8597 8598 
3545 2743 4071 4083 4010 8505 4588 8599 8600 4584 4587 
3546 414 415 3959 2793 430 4204 4203 8326 8260 8259 
3547 4016 2749 4070 2744 8601 8449 4568 8594 8450 3368 
3548 3974 4029 4059 3838 4412 4414 4394 8602 8603 8604 
3549 3986 2771 4093 3987 8579 8572 4470 4462 4469 8573 
3550 2814 3987 4076 2783 8373 4475 8527 3572 8605 8375 
3551 4088 2829 2791 426 8433 3085 8606 4278 8575 8352 
3552 2829 3964 425 426 8255 4270 8252 8352 441 4269 
3553 3840 3974 3970 3838 8517 4392 8221 3870 8607 8602 
3554 2781 4037 4028 2812 8533 4658 8608 3561 8609 8534 
3555 422 2719 4060 423 8279 8239 4254 438 4253 8240 
3556 4016 2749 4006 4070 8601 8363 4567 4568 4523 8449 
3557 16 427 2941 4123 443 8610 8611 4137 8612 4140 
3558 422 3949 4051 2780 4251 4255 4248 8442 8503 8516 
3559 2797 420 243 2883 8314 8344 3047 3049 3038 8315 
3560 248 2829 2729 425 3074 3078 3069 8351 8253 8252 
3561 2905 4062 2906 4063 8613 8358 3299 8614 8359 4244 
3562 4007 4022 4061 2820 4571 4573 4518 8583 8615 8584 
3563 420 421 4054 2797 436 4240 4239 8314 8285 8284 
3564 2841 2840 4075 4112 3723 8616 8617 8618 4682 8619 
3565 2794 416 239 2884 8234 8357 3023 3025 3014 8236 
3566 3958 4062 2728 2859 4238 8469 8471 8620 3286 8621 
3567 2742 2738 4010 2740 3340 8341 8281 3339 8343 3338 
3568 3980 4084 2872 2901 4441 8622 8623 8249 3451 8247 
3569 4072 4052 12 389 4708 8296 8511 8512 391 8624 
3570 4065 4083 4010 2740 4585 4584 4543 8342 8343 8625 
3571 2743 4070 4010 2742 8506 4533 8600 3350 8281 8626 
3572 4005 2886 2765 4003 8547 3336 8291 4549 8627 8394 
3573 415 416 3969 2884 431 4210 4209 8261 8237 8236 
3574 421 422 4051 2882 437 4248 4247 8287 8313 8382 
3575 3981 4045 2801 2802 4429 8308 8628 8629 3642 8630 
3576 4032 296 4029 3976 8631 8632 4422 4423 4413 8633 
3577 4013 4025 2769 2877 4594 8454 8332 8230 3311 8371 
3578 2737 4002 2736 4003 8634 8590 3323 8390 8591 4540 
3579 4064 2734 2733 4002 8635 3272 8419 4536 8420 8636 
3580 417 416 2794 3950 432 8234 8328 4216 8241 4215 
3581 3987 3986 2771 2783 4462 8579 8573 8375 3507 8472 
3582 4024 2764 3985 2762 8526 8637 4465 8223 8233 3462 
3583 2793 238 415 2884 3010 8323 8259 3019 8261 3015 
3584 418 419 241 2728 434 8486 8447 8560 3032 8470 
3585 3974 4029 296 3976 4412 8632 8638 4410 8633 4413 
3586 4090 274 4059 4029 8639 8640 4345 4673 4414 8641 
3587 417 240 2885 2794 8355 3029 8327 8328 3031 3022 
3588 3959 4086 2793 2951 4207 8460 8260 8642 3619 8643 
3589 421 2903 3957 422 8305 8268 4246 437 4245 8270 
3590 2895 2776 4027 2768 3501 8644 8645 3269 8646 3499 
3591 369 2916 315 4103 8647 3146 3816 4144 8481 8480 
3592 4101 4052 2895 4072 4292 8295 8456 4666 8510 4708 
3593 2749 2754 4007 4006 3396 8648 8362 8363 4517 8649 
3594 3960 4046 415 2731 4214 4212 4205 8650 8651 8652 
3595 2862 2719 246 423 3066 3057 3062 8243 8397 8240 
3596 2737 2735 4002 4003 3322 8566 8634 8390 4540 8391 
3597 4023 4085 2760 2758 4649 8246 8348 8461 3444 8653 
3598 2821 4082 3980 2901 8654 4442 8655 3691 8249 8248 
3599 4080 2885 2955 4079 8488 3633 8546 4232 8656 8330 
3600 4116 4115 2849 3957 4336 8657 8658 4333 8659 4334 
3601 2828 2961 4105 2964 3677 8500 8660 3703 8501 3704 
3602 2899 2924 2767 4024 3496 3495 3476 8661 8662 8663 
3603 4070 4006 3997 2875 4523 4515 4521 8664 8665 8666 
3604 2731 4046 415 2920 8652 4212 8651 3018 8455 8399 
3605 4071 4083 2756 2743 4588 8667 8668 8505 3364 8599 
3606 2742 2743 4070 2744 3350 8506 8626 3358 8450 3357 
3607 420 2730 4063 421 8392 8276 4242 436 4241 8278 
3608 2770 3986 2764 3985 8417 8669 3468 8670 8637 4460 
3609 2724 4027 4064 2725 8671 4598 8672 2994 8673 8674 
3610 2853 4109 2859 4111 8675 8676 3786 8677 8678 4717 
3611 2732 4064 4027 2725 8679 4598 8680 3266 8674 8673 
3612 340 396 4094 3906 3928 4178 8681 3925 8437 3930 
3613 2921 4007 4061 2820 8576 4518 8578 3422 8615 8583 
3614 2891 2955 2788 3988 3595 3594 3109 8682 8683 8684 
3615 2831 2832 4113 4048 3706 8685 8686 8426 4303 8427 
3616 4082 4061 4022 2901 4498 4573 4645 8248 8687 8688 
3617 4034 2908 2807 4036 8689 3381 8690 4315 8691 8692 
3618 2831 4113 2833 3952 8686 8693 3711 8484 8483 4304 
3619 2729 4048 424 425 8250 4266 8311 8253 440 4265 
3620 4078 2815 3990 2816 8227 8694 4488 8589 8588 3276 
3621 3988 3989 3973 3836 4406 4405 4397 8290 8289 8695 
3622 3836 3973 3971 3840 8289 4396 8288 3873 8220 8539 
3623 299 3991 3989 3990 8696 4482 8697 8698 4408 4481 
3624 3952 2862 424 423 8242 8312 4257 4258 439 8243 
3625 2808 3983 2786 3984 8699 8467 3584 8700 8468 4450 
3626 2917 2777 3998 3999 3542 8701 8302 8702 4520 8703 
3627 2906 2905 4063 2730 3299 8614 8359 3048 8276 3297 
3628 3992 3990 2726 2816 4486 8704 8541 8587 3275 8588 
3629 2833 4112 2893 3952 8705 8706 3714 8483 8459 4305 
3630 2723 345 3907 3961 3206 3942 8272 8274 8273 8387 
3631 3989 3988 4042 3841 4406 4479 4478 8707 8708 8709 
3632 4004 4002 2735 4003 4545 8566 8389 4544 8391 4540 
3633 237 413 414 2931 8492 429 8325 3005 8710 8711 
3634 413 237 236 2931 8492 252 8495 8711 3004 3005 
3635 2797 244 421 2882 3046 8346 8284 3055 8287 3051 
3636 3970 275 276 3840 8712 285 8508 8221 3868 3869 
3637 4003 2736 2737 4001 8591 3323 8390 4539 8713 8592 
3638 4107 2915 2723 2963 8714 3258 8715 8716 3263 3264 
3639 4096 4037 2963 2958 4353 8717 8524 8525 3629 8718 
3640 2717 2815 3978 2871 3132 8228 8215 3224 8535 3226 
3641 2760 2759 4084 2758 3445 8719 8347 3444 8462 3429 
3642 4027 2724 2732 2725 8671 3265 8680 8674 3266 2994 
3643 276 3988 2788 3971 8545 8683 3104 8509 8720 4398 
3644 244 2903 2730 421 3052 3054 3045 8346 8278 8305 
3645 2720 416 417 3951 8338 432 8298 8299 4217 4218 
3646 2796 418 241 2885 8487 8447 3035 3037 3028 8448 
3647 3975 297 3974 3972 8543 8554 4402 4403 4393 8544 
3648 2910 423 246 2780 8515 8397 3065 3067 3058 8443 
3649 2777 2940 3998 4000 3321 8519 8701 8721 4525 8521 
3650 3983 2808 2874 3984 8699 3583 8551 4450 8565 8700 
3651 2774 426 249 2863 8350 8349 3081 3084 3076 8429 
3652 4058 2720 3951 2900 8300 8299 4226 8722 8723 3239 
3653 3956 424 2752 2910 4263 8491 8724 8725 3073 8561 
3654 2751 2754 4007 2749 3395 8648 8497 3394 8362 3396 
3655 4084 4074 2760 4085 4440 8244 8347 4648 8246 4468 
3656 4062 2859 4109 4111 8621 8676 4339 4716 4717 8678 
3657 4058 3958 2876 2907 4231 8422 8368 8726 3289 8727 
3658 2716 3994 2823 3995 8728 8729 3217 8730 8477 4500 
3659 4011 4119 4021 2843 4591 4593 4590 8530 8531 8731 
3660 239 416 2720 2920 8357 8338 3020 3017 3024 8340 
3661 2719 2903 245 422 3060 3053 3056 8279 8381 8270 
3662 4023 4022 2755 2758 4634 8732 8733 8461 3428 8734 
3663 2906 2728 4062 2859 3042 8469 8358 3285 8621 3286 
3664 4020 2925 4069 2757 8735 8736 4578 8737 8738 3409 
3665 2862 247 2729 424 3063 3068 3072 8312 8311 8398 
3666 3992 2816 2818 4082 8587 3680 8413 4497 8739 8740 
3667 3981 2804 3982 3983 8741 8742 4437 4445 4446 8743 
3668 2860 2849 4115 3957 3774 8657 8744 8562 4334 8659 
3669 298 4068 3973 3972 8582 4401 8581 8745 4395 4400 
3670 3971 2890 276 3970 8746 3102 8509 4295 8508 8747 
3671 3906 4094 340 2927 8437 8681 3925 8424 3187 8438 
3672 2886 2737 2765 4003 3325 3334 3336 8394 8627 8390 
3673 4086 2888 2793 2951 8552 3013 8460 8643 3619 3567 
3674 415 238 237 2731 8323 253 8324 8651 3008 3009 
3675 415 237 414 2731 8324 8325 430 8651 8748 3008 
3676 2837 2835 4114 2836 3731 8749 8750 3730 8751 3726 
3677 11 272 2945 3965 281 2980 2979 8752 8753 8754 
3678 4010 2896 2743 2740 8755 3351 8600 8343 3349 3348 
3679 4027 4012 4064 2732 4597 4548 4598 8680 8679 8370 
3680 2803 3977 3981 3979 8756 4427 8757 8758 4428 4425 
3681 4030 2835 2836 4015 8759 3726 8760 4610 8761 8762 
3682 4083 2896 4010 2740 8763 8755 4584 8625 8343 3348 
3683 3998 2917 3999 3997 8302 8702 4520 4511 4519 8303 
3684 15 236 2946 9 8764 2968 8765 3803 2969 251 
3685 2749 4016 2748 2744 8601 8593 3367 3368 3363 8594 
3686 2738 2737 4003 2739 3327 8390 8319 3333 8404 3332 
3687 336 4124 3908 2858 8766 8767 3918 3177 8768 8769 
3688 236 15 2946 413 8764 8765 2968 8495 8770 428 
3689 2888 237 414 2793 3002 8325 8493 3013 8326 3011 
3690 236 9 15 2943 251 3803 8764 2967 8771 2966 
3691 2803 2805 3977 3979 3648 8385 8756 8758 4425 8772 
3692 236 15 413 2943 8764 428 8495 2967 8773 8771 
3693 427 250 10 2941 8335 266 8774 8610 2972 2973 
3694 2796 242 419 2883 3034 8485 8464 3043 8463 3039 
3695 2823 3994 3993 3995 8729 4492 8407 8477 4499 4500 
3696 2890 2788 2954 3971 3106 3593 3592 8746 8775 8720 
3697 2737 2738 4003 4001 3327 8319 8390 8713 4539 8318 
3698 2953 3950 3969 3970 8263 4219 8262 8776 4293 4294 
3699 2885 418 417 4079 8448 433 8327 8330 4223 4224 
3700 3989 3988 3841 3836 4406 8709 8707 8695 3876 8290 
3701 2752 424 247 2910 8491 8398 3071 3073 3064 8561 
3702 2887 2736 4000 4001 3330 8777 8559 8384 4530 8592 
3703 2823 2822 3994 2716 3218 8778 8729 3217 8728 3141 
3704 2890 2954 3950 3971 3592 8434 8779 8746 4296 8775 
3705 2732 4012 4064 2725 8370 4548 8679 3266 8673 8780 
3706 4058 2876 2720 2900 8368 3030 8300 8722 3239 3240 
3707 3953 2961 2902 2964 8499 3372 8211 8502 3249 3704 
3708 2863 425 248 2752 8430 8351 3077 3079 3070 8490 
3709 2814 4127 3963 4076 8781 4365 8782 8527 4362 4364 
3710 2788 2955 4079 3988 3594 8656 8783 8683 4399 8684 
3711 4071 2743 4070 4010 8505 8506 4586 4587 4533 8600 
3712 3842 274 4090 4029 3862 8639 8784 8785 4673 8641 
3713 3846 376 4098 3965 8786 4163 8787 8788 4167 4165 
3714 2759 4022 4023 2758 8789 4634 8790 3429 8461 8734 
3715 2952 3969 3959 4059 8322 4213 8321 8791 4342 4343 
3716 413 414 4086 2888 429 4198 4197 8494 8552 8493 
3717 2720 417 240 2876 8298 8355 3021 3030 3026 8367 
3718 4046 416 415 2920 4211 431 4212 8399 8455 8340 
3719 2925 2854 4069 2757 3442 8792 8736 3409 8738 3441 
3720 3970 2787 275 4059 8793 3099 8712 4389 8794 8795 
3721 3800 2775 2715 4110 8796 3168 8797 8798 8799 8800 
3722 4115 4111 2851 2905 4633 8801 8802 8803 3780 8804 
3723 422 423 3949 2780 438 4252 4251 8442 8516 8443 
3724 2724 4064 13 2725 8672 8805 2991 2994 2995 8673 
3725 2770 3984 3986 3985 8416 4459 8417 8670 4460 4452 
3726 2892 2952 3959 4059 3589 8321 8806 8807 4342 8791 
3727 376 3846 272 3965 8786 3847 8808 4165 8754 8788 
3728 2836 2835 4114 4015 3726 8749 8751 8761 4611 8762 
3729 4010 4070 3999 2742 4533 4522 4531 8281 8280 8626 
3730 2767 2924 4081 4024 3495 8809 8810 8662 4651 8663 
3731 2804 3982 3983 2923 8742 4446 8743 3660 8548 8549 
3732 13 4064 4014 2940 8805 4538 8811 2997 8520 8812 
3733 4110 3800 321 373 8798 3831 8813 4156 3829 3833 
3734 4111 2859 2853 2905 8678 3786 8677 8804 3781 3788 
3735 3993 2822 3994 2823 8402 8778 4492 8407 8729 3218 
3736 2815 2726 3990 2816 3135 8704 8694 3276 8588 3275 
3737 2964 3953 4105 4092 8502 4310 8501 8814 4311 4308 
3738 2780 422 245 2882 8442 8381 3059 3061 3050 8382 
3739 4029 274 4059 3838 8641 8640 4414 8604 8603 3866 
3740 3983 2808 2786 4057 8699 3584 8467 4455 8466 8815 
3741 2816 3992 4078 4082 8587 4489 8589 8740 4443 4497 
3742 424 3956 4043 2910 4263 4268 4260 8561 8570 8725 
3743 2820 4022 4061 2901 8584 4573 8615 3689 8688 8687 
3744 2944 250 10 427 2974 266 2975 8816 8774 8335 
3745 2898 3981 2804 3982 8817 8741 3654 8818 8742 4437 
3746 13 4064 2940 2725 8805 8812 2997 2995 2996 8673 
3747 2886 2881 4047 4005 3483 8819 8820 8547 4554 8821 
3748 3950 2953 2890 3970 8263 3588 8779 4294 8747 8776 
3749 4009 4003 2765 2739 4551 8627 8293 8822 3335 8404 
3750 4098 272 3846 3965 8823 3847 8787 4167 8788 8754 
3751 2900 4058 2907 2857 8722 8726 3793 3794 3792 8824 
3752 3989 299 3990 3973 8697 8698 4408 4405 4407 8825 
3753 2861 2829 4088 3964 3607 8433 8826 8827 4279 8255 
3754 2799 2727 4032 4045 3123 8828 8829 8830 4424 8257 
3755 2787 2953 3969 3970 3587 8262 8831 8793 4293 8776 
3756 4080 2955 2891 3988 8546 3595 8832 4480 8682 8684 
3757 4055 4042 279 3839 4284 8833 8834 8835 3877 8836 
3758 2730 2906 243 420 3048 3041 3044 8392 8344 8360 
3759 4093 2785 2771 3986 8837 3514 8572 4470 8579 8838 
3760 2905 4115 4111 4063 8803 4633 8804 8614 4715 4335 
3761 4051 4054 2962 4053 4250 8400 8432 4703 8839 4705 
3762 4049 4113 2832 4048 4678 8685 8558 4368 8427 4303 
3763 4004 2735 2733 2766 8389 3312 8431 8254 3314 3315 
3764 276 277 3988 3836 286 8840 8545 3872 8290 3871 
3765 399 3961 345 2904 4191 8387 3939 8841 3204 8842 
3766 2771 2785 4100 3986 3514 8843 8844 8579 4471 8838 
3767 2852 4069 2853 4111 8845 8846 3779 8847 8677 4631 
3768 3961 4096 2963 2904 4192 8524 8848 8842 3262 8523 
3769 3958 2728 2876 2907 8471 3036 8422 8727 3289 3287 
3770 2902 342 3953 2721 3197 8307 8211 3199 8849 3195 
3771 2789 3948 2957 4042 8850 8411 3600 8851 8852 4283 
3772 2752 2863 425 4044 3079 8430 8490 8853 4271 8854 
3773 4062 2859 4111 2905 8621 8678 4716 8613 8804 3788 
3774 3961 4107 2723 2963 4354 8715 8274 8848 3263 8716 
3775 2940 2734 4064 4000 3274 8635 8812 8521 4537 8855 
3776 2879 4128 4047 4018 8856 4623 8857 8858 4563 4622 
3777 2952 2892 2787 4059 3589 3100 3590 8791 8795 8807 
3778 3840 3970 275 3838 8221 8712 3869 3870 3865 8607 
3779 2795 4037 4026 2781 8532 4659 8859 3547 8334 8533 
3780 2953 2787 2890 3970 3587 3103 3588 8776 8747 8793 
3781 2743 4083 2896 4010 8599 8763 3351 8600 8755 4584 
3782 2765 4005 4003 4009 8291 4549 8627 8293 4551 4552 
3783 2954 4079 3950 3971 8406 4225 8434 8775 4296 4297 
3784 4059 274 275 3838 8640 284 8794 8603 3865 3866 
3785 277 4042 3988 3841 8860 4479 8840 3875 8709 8708 
3786 419 2906 4062 420 8556 8358 4236 435 4235 8360 
3787 2891 2789 2957 4042 3112 3600 3599 8861 8852 8851 
3788 4046 2809 4093 2785 8862 8863 4347 8864 8837 3579 
3789 2795 4026 2778 2781 8859 8569 3546 3547 3504 8334 
3790 2733 4064 4012 2725 8419 4548 8283 3271 8780 8673 
3791 2915 4107 4037 2963 8714 4355 8865 3264 8717 8716 
3792 4023 4084 2759 2758 4644 8719 8790 8461 3429 8462 
3793 396 2947 340 4094 8439 3189 3928 4178 8681 8440 
3794 4079 2954 2788 3971 8406 3593 8783 4297 8720 8775 
3795 4081 4058 2900 2857 4300 8722 8866 8867 3794 8824 
3796 3969 2952 2787 4059 8322 3590 8831 4343 8795 8791 
3797 4074 3979 3980 2872 4435 4430 4436 8868 8623 8869 
3798 3959 4086 2951 4090 4207 8643 8642 4344 8870 4346 
3799 3977 4045 2801 3981 4421 8308 8309 4427 8628 4429 
3800 321 2775 3800 4110 3169 8796 3831 8813 8798 8800 
3801 4020 4069 2925 4008 4578 8736 8735 4570 8871 4576 
3802 4042 4055 4073 3839 4284 4700 4485 8836 8872 8835 
3803 2721 342 3953 397 3195 8307 8849 8873 4185 3932 
3804 417 418 2876 4058 433 8423 8367 4222 8368 4221 
3805 4028 4026 4037 2781 4602 4659 4658 8608 8533 8334 
3806 2829 249 2791 426 3075 3082 3085 8352 8575 8349 
3807 4083 4017 2741 4065 4620 8874 8875 4585 8876 4583 
3808 2896 4083 4065 2740 8763 4585 8877 3348 8342 8625 
3809 2827 2812 4028 2828 3562 8609 8878 3675 8879 3674 
3810 4083 2896 2756 2743 8763 3366 8667 8599 3364 3351 
3811 319 2746 372 4104 3162 8880 3827 8354 4151 8881 
3812 2801 3977 3981 2803 8309 4427 8628 3645 8757 8756 
3813 4014 2897 2940 3998 8882 2998 8520 4527 8519 8883 
3814 2898 3979 3981 3982 8884 4428 8817 8818 4437 4438 
3815 3985 2764 2770 2762 8637 3468 8670 8233 3469 3462 
3816 2851 2852 2853 4111 3777 3779 3778 8801 8677 8847 
3817 4081 2900 2810 2924 8866 3673 8885 8809 3671 3672 
3818 2791 4088 426 427 8606 4278 8575 8567 442 4277 
3819 2851 4115 2905 2860 8802 8803 3780 3775 3298 8744 
3820 2962 2792 4051 4053 3615 8886 8432 8839 4703 8887 
3821 2877 2781 4013 2827 3506 8333 8230 3486 8888 3563 
3822 4042 278 279 3839 8889 288 8833 8836 3877 3878 
3823 2962 4054 2889 4053 8400 8890 3614 8839 8891 4705 
3824 321 322 3800 2715 332 3832 3831 3167 8797 3001 
3825 296 4029 3974 3838 8632 4412 8638 3889 8602 8604 
3826 4029 4041 3842 4032 4671 8892 8785 4422 8893 4672 
3827 2771 4100 2899 3986 8844 8894 3480 8579 8895 4471 
3828 3972 297 3974 3840 8544 8554 4393 8219 8517 3891 
3829 3905 343 342 2902 3933 358 3934 8212 3197 3198 
3830 4099 4094 4095 2844 4721 4324 4722 8896 8897 8898 
3831 420 419 2883 3948 435 8463 8315 4234 8316 4233 
3832 4031 4075 2840 4112 4680 8616 8899 4683 8619 4682 
3833 4124 4089 2858 2753 4323 8900 8769 8901 3179 8902 
3834 2865 347 4123 4097 3212 8474 8903 8904 4196 8475 
3835 2910 2949 3949 2780 3557 8905 8514 3067 8516 3558 
3836 272 11 3846 376 281 3848 3847 8808 8786 3806 
3837 4105 4028 2812 2828 4667 8609 8906 8660 3674 8879 
3838 2814 2786 4057 2783 3573 8466 8374 3572 8376 3509 
3839 2955 4080 4079 3988 8546 4232 8656 8684 4399 4480 
3840 4072 4064 13 2724 4604 8805 8907 8908 2991 8672 
3841 2892 3959 2951 4090 8806 8642 3569 8909 8870 4344 
3842 3972 3973 298 3840 4395 8581 8745 8219 3892 8539 
3843 4061 4082 2818 2901 4498 8739 8414 8688 3690 8248 
3844 3987 2771 2784 2783 8573 3512 8574 8375 3513 3507 
3845 4020 2755 4007 2751 8910 8911 4569 8912 8497 3405 
3846 2889 2792 2962 4053 3116 3615 3614 8891 8839 8887 
3847 2736 2735 4002 2737 3317 8566 8590 3323 8634 3322 
3848 419 418 2796 4080 434 8487 8464 4230 8489 4229 
3849 4082 2818 3992 4061 8739 8413 4497 4498 4495 8414 
3850 401 348 347 4123 3913 363 3947 4138 8474 8913 
3851 4022 2759 2755 2758 8789 3430 8732 8734 3428 3429 
3852 2859 2907 4109 2855 3288 8914 8676 3787 8915 3791 
3853 2798 2956 2909 4077 3640 3605 3304 8916 8598 8597 
3854 4043 423 424 2910 4259 439 4260 8570 8561 8515 
3855 4115 2905 2860 4063 8803 3298 8744 4335 8563 8614 
3856 2772 3999 4070 2742 8917 4522 8918 3360 8626 8280 
3857 4068 298 297 3972 8582 307 8542 4400 8544 8745 
3858 2782 4086 2912 3965 8919 8920 3564 8921 8922 4372 
3859 4000 3998 2777 3999 4525 8701 8721 4524 8703 4520 
3860 2940 4064 4014 4000 8812 4538 8520 8521 4526 4537 
3861 3950 2890 3971 3970 8779 8746 4296 4294 4295 8747 
3862 4037 4107 3961 2963 4355 4354 4352 8717 8848 8716 
3863 2887 4000 2777 3999 8559 8721 3331 8383 8703 4524 
3864 2810 3951 2900 4081 8923 8723 3673 8885 8866 4301 
3865 2801 3981 2802 2803 8628 8629 3642 3645 3646 8757 
3866 4100 4046 4093 2785 4299 4347 4473 8843 8837 8864 
3867 4095 3955 2846 2718 4325 8924 8925 8926 3230 8927 
3868 2721 341 397 4091 3194 3931 8873 8928 4181 8929 
3869 3951 2810 4100 4081 8923 8930 4298 4301 4302 8885 
3870 2841 2833 2840 4112 3722 3720 3723 8618 8619 8705 
3871 2777 2917 2887 3999 3542 3521 3331 8703 8383 8702 
3872 2768 2769 4025 2732 3309 8454 8931 3268 8369 3310 
3873 2930 4007 4022 2755 8586 4571 8585 3420 8732 8911 
3874 2786 3984 3987 2783 8468 4461 8932 3509 8375 8482 
3875 2733 2734 4064 2725 3272 8635 8419 3271 8673 3273 
3876 4121 413 15 2943 4134 428 4129 8933 8771 8773 
3877 3990 298 3973 299 8580 8581 4407 8698 8825 308 
3878 2727 3976 4032 4045 8256 4423 8828 8257 4424 4420 
3879 2728 418 419 3958 8560 434 8470 8471 4227 4228 
3880 3984 2786 2770 2783 8468 3510 8416 8482 3508 3509 
3881 2906 242 419 2728 3040 8485 8556 3042 8470 3033 
3882 4075 2756 4083 2928 8934 8667 4681 8935 8936 3432 
3883 4047 4013 2827 2766 4558 8888 8937 8938 3487 8231 
3884 4096 4037 3961 2963 4353 4352 4192 8524 8848 8717 
3885 4112 2833 4113 3952 8705 8693 4307 4305 4304 8483 
3886 2833 2832 2834 4113 3712 3716 3715 8693 8939 8685 
3887 4089 4124 2939 3955 4323 8940 8941 4320 8942 4177 
3888 4066 2825 3998 3995 8943 8301 4513 4504 4512 8476 
3889 302 4014 3844 4066 8944 8945 3853 8946 8947 4528 
3890 3978 3977 2805 3979 4417 8385 8386 4426 8772 4425 
3891 2855 4109 2853 2854 8915 8675 3784 3785 3782 8948 
3892 2739 4065 2738 2740 8403 8320 3333 3337 3338 8342 
3893 4013 2877 2827 2766 8230 3486 8888 8231 3487 3316 
3894 2881 4047 2879 2886 8819 8857 3799 3483 3490 8820 
3895 400 4097 2929 3961 4194 8949 8306 4190 8275 4195 
3896 2745 3953 4096 2961 8473 4189 8950 3373 8951 8499 
3897 3948 4080 2957 4042 4237 8555 8411 4283 8852 4286 
3898 4042 279 2789 4055 8833 3111 8851 4284 8952 8834 
3899 4105 2828 2964 4092 8660 3703 8501 4311 8814 8953 
3900 2731 414 4087 2931 8748 4199 8954 3012 8955 8710 
3901 2841 4112 2894 2893 8618 8956 3757 3724 3237 8706 
3902 2908 4034 3954 4036 8689 4313 8957 8692 4314 4315 
3903 3836 3971 276 3840 8288 8509 3872 3873 3868 8220 
3904 2907 3958 2859 4109 8727 8620 3288 8914 8676 4340 
3905 2819 2824 2823 3996 3694 3693 3686 8410 8409 8958 
3906 4022 4084 4082 2901 4643 4444 4645 8687 8248 8247 
3907 343 398 344 2745 3936 3937 359 3200 3201 8564 
3908 3987 4057 2786 2783 4463 8466 8932 8375 3509 8376 
3909 4125 4087 2956 4077 4377 8596 8959 4719 8597 4350 
3910 296 297 3974 3976 306 8554 8638 8633 4410 8553 
3911 3983 2808 2923 2874 8699 3661 8548 8551 3471 3583 
3912 2716 2825 4066 3995 3219 8943 8960 8730 4504 8476 
3913 319 2746 4104 2934 3162 8881 8354 3158 8266 3163 
3914 4035 4019 4016 2935 4614 4575 4615 8961 8962 8963 
3915 2856 2767 2857 4106 3493 3492 3491 8964 8965 8966 
3916 279 4042 2789 278 8833 8851 3111 288 3110 8889 
3917 4070 3997 2772 2875 4521 8967 8918 8664 3371 8665 
3918 10 16 427 2941 3910 443 8774 2972 8610 8611 
3919 4016 4071 2748 4070 4617 8504 8593 4568 8507 4586 
3920 4102 4014 4066 3844 4606 4528 4607 8968 8947 8945 
3921 272 11 376 3965 281 3806 8808 8754 4165 8752 
3922 2782 2951 4086 4090 3568 8643 8919 8969 4346 8870 
3923 4011 2838 4015 2873 8529 8970 4580 8436 8971 3745 
3924 2890 275 276 3970 3101 285 3102 8747 8508 8712 
3925 2949 3949 4043 2910 8905 4261 8972 3557 8570 8514 
3926 369 3966 2916 4103 4142 8973 8647 4144 8480 4146 
3927 2875 4070 4006 2744 8664 4523 8666 3370 8451 8450 
3928 2876 418 241 2728 8423 8447 3027 3036 3032 8560 
3929 2824 3995 2823 3996 8974 8477 3693 8958 8409 4502 
3930 315 316 4103 2747 326 8975 8481 3150 8479 3149 
3931 2939 2846 4089 3955 3233 8976 8941 8942 4320 8924 
3932 397 3953 2721 4091 4185 8849 8873 4181 8928 4186 
3933 4083 2756 4075 4071 8667 8934 4681 4588 4693 8668 
3934 2756 4035 4075 4071 8977 4692 8934 8668 4693 4616 
3935 3975 3976 297 2869 4411 8553 8543 8294 3124 8217 
3936 3983 4036 2808 4057 4457 8978 8699 4455 8815 4458 
3937 4116 2841 4112 2894 8979 8618 4714 8980 8956 3757 
3938 4087 3960 414 2731 4208 4206 4199 8954 8748 8650 
3939 2891 2957 4080 4042 3599 8555 8832 8861 4286 8852 
3940 4114 2837 2836 4015 8750 3730 8751 4611 8761 8981 
3941 2863 2774 426 3968 3084 8350 8429 8982 4275 8983 
3942 3971 2788 4079 3988 8720 8783 4297 4398 4399 8683 
3943 3969 2787 3970 4059 8831 8793 4293 4343 4389 8795 
3944 2727 2799 2800 4045 3123 3281 3280 8257 8984 8830 
3945 3996 3993 2819 4061 4501 8408 8410 4503 8518 4496 
3946 2809 4046 4100 2785 8862 4299 8985 3579 8843 8864 
3947 4042 2891 277 3988 8861 3107 8860 4479 8840 8682 
3948 4006 3996 3997 2875 4514 4509 4515 8666 8665 8986 
3949 4112 2894 2893 4060 8956 3237 8706 4306 8458 8537 
3950 2857 4108 2856 4106 8987 8988 3491 8965 8964 4690 
3951 4049 2870 4050 3964 8989 8990 4370 4367 4369 8991 
3952 3973 3989 299 3836 4405 8697 8825 8289 3894 8695 
3953 3986 4024 2899 2764 4464 8661 8895 8669 3477 8526 
3954 4074 3982 2763 3985 4439 8992 8365 4454 8366 4453 
3955 4046 3951 2948 2810 4220 8522 8568 8993 3669 8923 
3956 2919 2808 4036 4057 3586 8978 8994 8995 4458 8815 
3957 2764 3986 4024 3985 8669 4464 8526 8637 4465 4460 
3958 4121 2931 2943 2790 8996 3007 8933 8997 3145 3602 
3959 4105 4096 3953 2961 4312 4189 4310 8500 8499 8951 
3960 4021 2842 2838 2843 8998 3739 8528 8531 3743 3744 
3961 4028 4013 2781 2827 4601 8333 8608 8878 3563 8888 
3962 2810 4100 4081 2924 8930 4302 8885 3671 8809 8999 
3963 345 399 2904 344 3939 8841 3204 360 3203 3940 
3964 2869 3975 3976 3977 8294 4411 8217 8218 4415 4416 
3965 2722 2934 4104 4127 3160 8266 9000 9001 4366 9002 
3966 3841 3988 277 3836 8709 8840 3875 3876 3871 8290 
3967 2881 2879 4047 4018 3799 8857 8819 9003 4563 8858 
3968 2934 2811 4104 4127 3254 9004 8266 9002 4366 9005 
3969 4089 4124 3967 2753 4323 4174 4382 8902 9006 8901 
3970 3988 276 2788 277 8545 3104 8683 8840 3105 286 
3971 4100 2899 2785 2771 8894 3516 8843 8844 3514 3480 
3972 4119 2845 4099 2844 9007 9008 4628 9009 8896 3761 
3973 3986 2899 2771 2764 8895 3480 8579 8669 3478 3477 
3974 4009 4011 4015 2873 4559 4580 4579 8435 8971 8436 
3975 2829 2791 2861 4088 3085 3608 3607 8433 8826 8606 
3976 2849 2841 2848 4116 3755 3751 3756 8658 9010 8979 
3977 2951 2782 2892 4090 3568 3097 3569 8870 8909 8969 
3978 2786 2874 2808 3984 3511 3583 3584 8468 8700 8565 
3979 3955 394 338 395 4176 3921 9011 4175 3924 405 
3980 3991 299 3989 300 8696 8697 4482 9012 9013 309 
3981 2944 10 16 427 2975 3910 9014 8816 443 8774 
3982 2809 3960 4046 4093 9015 4214 8862 8863 4347 4348 
3983 2722 2814 4127 3963 3256 8781 9001 9016 4365 8782 
3984 4014 302 3844 13 8944 3853 8945 8811 3854 312 
3985 2785 4093 4100 3986 8837 4473 8843 8838 4471 4470 
3986 4008 4020 4007 2751 4570 4569 4564 8496 8497 8912 
3987 3960 415 414 2731 4205 430 4206 8650 8748 8651 
3988 4112 4116 2894 4060 4714 8980 8956 4306 8537 4332 
3989 2804 3981 4034 3983 8741 4447 9017 8743 4448 4445 
3990 2959 2889 4054 4055 3598 8890 8444 9018 4287 9019 
3991 4086 4120 2912 3965 4201 9020 8920 4372 8922 4168 
3992 4019 2925 4008 2750 9021 8871 4574 9022 9023 3398 
3993 2840 2834 4031 2833 3721 9024 8899 3720 9025 3715 
3994 3984 4057 2786 3987 4456 8466 8468 4461 8932 4463 
3995 2819 3996 4061 2921 8410 4503 8518 3692 8578 8577 
3996 4029 3842 274 3838 8785 3862 8641 8604 3866 3867 
3997 4033 2922 4023 2757 9026 9027 4636 9028 9029 3437 
3998 4078 3978 2871 3980 4433 8535 8536 4432 9030 4431 
3999 3976 4032 296 2727 4423 8631 8633 8256 3121 8828 
4000 3908 4124 336 393 8767 8766 3918 3919 3916 4173 
4001 2851 2850 4019 4115 3773 9031 9032 8802 4629 9033 
4002 2780 2965 4051 2882 3555 9034 8503 3061 8313 3556 
4003 2722 4104 371 3963 9000 4150 9035 9016 4148 4152 
4004 2731 3960 4046 2809 8650 4214 8652 3301 8862 9015 
4005 2872 2821 3980 2901 3665 8655 8623 3451 8249 3691 
4006 4025 2773 4067 4026 8452 9036 4655 4600 4654 8453 
4007 2929 4097 4107 3961 8949 4356 9037 8275 4354 4195 
4008 3984 2770 2874 3985 8416 3470 8565 4452 9038 8670 
4009 295 294 4126 4041 304 9039 9040 9041 4360 9042 
4010 3959 2892 4059 4090 8806 8807 4342 4344 4345 8909 
4011 2789 2889 2959 4055 3115 3598 3597 8952 9018 9019 
4012 341 396 397 4091 3929 407 3931 8929 4181 4182 
4013 2810 4046 3951 4100 8993 4220 8923 8930 4298 4299 
4014 2818 2816 2821 4082 3680 3682 3681 8739 8654 8740 
4015 4122 2944 16 427 9043 9014 4136 4139 443 8816 
4016 4097 2929 347 400 8949 3210 8475 4194 3945 8306 
4017 4039 2868 3956 2926 9044 9045 4327 9046 9047 3534 
4018 4018 4099 2880 4092 4625 9048 9049 4624 9050 4626 
4019 3978 2806 3980 3979 9051 9052 4431 4426 4430 9053 
4020 2925 4020 4008 2751 8735 4570 8871 3399 8496 8912 
4021 3981 2803 3979 2898 8757 8758 4428 8817 8884 3653 
4022 2901 2820 4022 2930 3689 8584 8687 3455 8585 3425 
4023 2895 2776 4039 4027 3501 9054 9055 8645 4657 8644 
4024 2880 2942 4099 4018 3245 9056 9048 9049 4625 9057 
4025 2843 2838 4011 2873 3743 8529 8530 3746 8436 3745 
4026 2940 2897 2777 3998 2998 3540 3321 8519 8701 8883 
4027 4043 2932 2868 4039 9058 3537 9059 4328 9044 9060 
4028 4059 2892 274 4090 8807 3096 8640 4345 8639 8909 
4029 2920 2731 4046 2809 3018 8652 8399 3305 8862 3301 
4030 2896 4083 4017 2741 8763 4620 9061 3347 8874 8875 
4031 2961 2745 3953 2902 3373 8473 8499 3372 8211 3202 
4032 4040 2799 4032 4045 9062 8829 4684 4685 4424 8830 
4033 4068 3975 297 2717 4404 8543 8542 8405 3128 8214 
4034 4075 2848 2840 2841 9063 3752 8616 8617 3723 3751 
4035 4005 2881 4047 4018 8821 8819 4554 4562 4563 9003 
4036 4120 15 413 2946 4132 428 4133 9064 8770 8765 
4037 2842 4021 4119 2843 8998 4593 9065 3744 8731 8531 
4038 3990 298 2815 4068 8580 3131 8694 4409 8226 8582 
4039 3991 3990 2726 3992 4481 8704 8540 4487 8541 4486 
4040 336 4124 2858 2753 8766 8769 3177 3175 3179 8901 
4041 4009 4065 4003 2739 4553 4542 4551 8822 8404 8403 
4042 2759 4022 4084 4023 8789 4643 8719 8790 4644 4634 
4043 4039 4101 2895 4027 4663 8456 9055 4657 8645 4664 
4044 2758 4085 2760 2761 8653 8246 3444 3446 3447 8225 
4045 4012 2732 2733 2725 8370 3270 8283 8780 3271 3266 
4046 2755 2754 4007 2751 3406 8648 8911 3405 8497 3395 
4047 4041 4126 295 4032 4360 9040 9041 4672 9066 4686 
4048 3953 4096 398 2745 4189 4188 4184 8473 8564 8950 
4049 2736 4000 2777 2887 8777 8721 3319 3330 3331 8559 
4050 4042 2789 3948 4055 8851 8850 4283 4284 4285 8952 
4051 2820 4061 2818 2901 8615 8414 3688 3689 3690 8688 
4052 4028 4105 4128 2828 4667 4670 4669 8879 9067 8660 
4053 4109 2853 2854 4069 8675 3782 8948 4689 8792 8846 
4054 2792 4053 12 4052 8887 9068 2982 9069 8296 4704 
4055 3996 2824 3997 2875 8958 9070 4509 8986 8665 3517 
4056 2931 4121 4087 2790 8996 4202 8955 3602 9071 8997 
4057 2821 2816 4078 4082 3682 8589 9072 8654 4443 8740 
4058 4076 2747 4103 2913 9073 8479 4363 9074 9075 3154 
4059 4076 3963 2814 2913 4362 8782 8527 9074 3255 9076 
4060 2768 4025 4027 2732 8931 4596 8646 3268 8680 8369 
4061 3908 4124 337 2858 8767 9077 3917 8768 3178 8769 
4062 4108 2907 4058 2857 9078 8726 4338 8987 8824 3792 
4063 415 238 2731 2920 8323 3009 8651 8455 3018 3016 
4064 4031 4075 4083 2928 4680 4681 4621 9079 8936 8935 
4065 3842 274 273 4090 3862 283 3863 8784 9080 8639 
4066 4025 4039 2773 2768 4656 9081 8452 8931 3497 9082 
4067 2722 317 371 318 3156 3821 9035 3155 3822 328 
4068 4049 2830 3964 4048 8557 8465 4367 4368 4274 8428 
4069 4077 2956 4125 2813 8597 8959 4719 9083 9084 3641 
4070 2931 413 4121 2943 8711 4134 8996 3007 8933 8773 
4071 297 3974 3840 3838 8554 8517 3891 3890 3870 8602 
4072 4122 2950 2911 4088 9085 3417 9086 4282 9087 9088 
4073 3908 337 336 2858 3917 352 3918 8768 3177 3178 
4074 2717 4068 3975 3978 8405 4404 8214 8215 4418 4419 
4075 341 342 2721 397 357 3195 3194 3931 8873 3932 
4076 2723 345 3961 2904 3206 8387 8274 3208 8842 3204 
4077 2803 3981 2804 2898 8757 8741 3649 3653 3654 8817 
4078 2896 4083 2741 4065 8763 8875 3347 8877 8876 4585 
4079 4024 2899 4100 3986 8661 8894 4472 4464 4471 8895 
4080 2927 4095 4094 2844 9089 4324 8438 3232 8898 8897 
4081 4042 277 278 3841 8860 287 8889 8708 3874 3875 
4082 2772 4070 2875 2744 8918 8664 3371 3359 3370 8450 
4083 4055 2889 4054 4053 9019 8890 4287 4709 4705 8891 
4084 4069 4019 2925 4008 4577 9021 8736 4576 8871 4574 
4085 4075 4031 2840 2928 4680 8899 8616 8935 3753 9079 
4086 2776 4039 4027 2768 9054 4657 8644 3499 8646 9082 
4087 4094 395 2718 2927 4179 9090 9091 8438 3188 8425 
4088 2800 2801 4045 2802 3283 8308 8984 3643 8630 3642 
4089 4087 414 413 2931 4199 429 4200 8955 8711 8710 
4090 3960 2809 2798 4093 9015 3300 9092 4348 9093 8863 
4091 2755 4007 4022 4020 8911 4571 8732 8910 4572 4569 
4092 2758 4023 4085 2761 8461 4649 8653 3446 8225 9094 
4093 2868 3956 2752 2910 9045 8724 3413 3414 3073 8725 
4094 3948 2959 4054 4055 8421 8444 4243 4285 4287 9018 
4095 4124 336 393 2753 8766 3916 4173 8901 9095 3175 
4096 4094 2847 340 2927 9096 3192 8681 8438 3187 3191 
4097 4020 4023 2758 2757 4635 8461 9097 8737 3427 9029 
4098 3991 299 2726 3990 8696 3134 8540 4481 8704 8698 
4099 4035 4075 2848 2756 4692 9063 9098 8977 3434 8934 
4100 3990 4068 2815 4078 4409 8226 8694 4488 8227 4434 
4101 2809 4046 2810 4100 8862 8993 3581 8985 8930 4299 
4102 2874 2763 3982 3985 3467 8992 8550 9038 4453 8366 
4103 4026 4028 4013 2781 4602 4601 4599 8334 8333 8608 
4104 2778 4026 2769 2781 8569 8331 3503 3504 3505 8334 
4105 2846 4117 3955 4095 9099 4321 8924 8925 4325 4326 
4106 4076 2914 2814 2783 9100 3574 8527 8605 3572 3571 
4107 2787 274 275 4059 3098 284 3099 8795 8794 8640 
4108 2806 2871 3978 3980 3662 8535 9051 9052 4431 9030 
4109 2758 2922 4023 2761 3438 9027 8461 3446 9094 3448 
4110 396 341 2947 4091 3929 3190 8439 4182 8441 8929 
4111 4109 2853 4069 4111 8675 8846 4689 4717 4631 8677 
4112 4034 2807 2804 3983 8690 3651 9017 4448 8743 9101 
4113 4028 4037 4105 2812 4658 4668 4667 8609 8906 8534 
4114 2947 2847 340 4094 3193 3192 3189 8440 8681 9096 
4115 4019 4035 2850 2935 4614 9102 9031 8963 3403 8961 
4116 4100 2810 2809 2785 8930 3581 8985 8843 3579 3580 
4117 4081 4108 4058 2857 4713 4338 4300 8867 8824 8987 
4118 2775 2715 321 3800 3168 3167 3169 8796 3831 8797 
4119 2861 4050 2870 3964 9103 8990 3710 8827 8991 4369 
4120 3985 2770 2874 2762 8670 3470 9038 8233 3466 3469 
4121 2827 4028 4128 2828 8878 4669 9104 3675 9067 8879 
4122 2965 2826 3949 4052 3613 9105 9106 9107 4291 9108 
4123 4055 280 2889 4053 9109 3114 9019 4709 8891 9110 
4124 2914 4077 2784 3987 9111 9112 3570 9113 8574 4477 
4125 295 3842 4041 4032 3887 8892 9041 9066 4672 8893 
4126 3956 2752 425 4044 8724 8490 4264 4273 4271 8853 
4127 346 2723 345 3907 3207 3206 361 3941 3942 8272 
4128 4087 2731 2931 2909 8954 3012 8955 8595 3306 3303 
4129 2873 4009 2765 2739 8435 8293 3346 3344 3335 8822 
4130 2806 3978 2805 3979 9051 8386 3655 9053 8772 4426 
4131 4000 2734 4064 4002 8855 8635 4537 4535 4536 8636 
4132 2752 425 424 3956 8490 440 8491 8724 4263 4264 
4133 4072 2895 4101 4027 8510 8456 4666 4665 4664 8645 
4134 2947 2847 4094 4091 3193 9096 8440 8441 4183 9114 
4135 4020 4069 4033 2757 4578 4638 4637 8737 9028 8738 
4136 4125 2916 3966 4103 9115 8973 4378 4379 4146 8480 
4137 2959 3948 2789 4055 8421 8850 3597 9018 8952 4285 
4138 4018 4005 2933 4011 4562 8445 9116 4561 8446 4560 
4139 4041 3842 4090 4029 8892 8784 4674 4671 4673 8785 
4140 2736 4002 4000 4001 8590 4535 8777 8592 4530 4534 
4141 317 2722 371 3963 3156 9035 3821 9117 4148 9016 
4142 2916 4125 2747 4103 9115 9118 3151 8480 8479 4379 
4143 395 3955 4094 2718 4175 4180 4179 9090 9091 8927 
4144 369 315 316 4103 3816 326 3818 4144 8975 8481 
4145 4025 4012 4027 2732 4595 4597 4596 8369 8680 8370 
4146 4055 3835 280 4053 9119 3880 9109 4709 9110 9120 
4147 4107 2723 2929 3961 8715 3211 9037 4354 8275 8274 
4148 4019 2750 4016 2935 9022 9121 4575 8963 8962 3391 
4149 2817 2823 3993 2819 3685 8407 8377 3683 8408 3686 
4150 3836 298 3973 3840 3893 8581 8289 3873 8539 3892 
4151 2795 4026 4037 2778 8859 4659 8532 3546 9122 8569 
4152 4121 4087 413 2931 4202 4200 4134 8996 8711 8955 
4153 4019 2852 2851 4111 9123 3777 9032 4632 8801 8847 
4154 2832 2835 4030 4049 3718 8759 9124 8558 4677 9125 
4155 4073 4056 301 3839 4508 9126 9127 8872 3898 9128 
4156 2788 277 2891 3988 3105 3107 3109 8683 8682 8840 
4157 3800 2715 374 4110 8797 9129 3834 8798 4157 8799 
4158 2854 4033 4069 2757 9130 4638 8792 3441 8738 9028 
4159 2852 4019 4069 4111 9123 4577 8845 8847 4631 4632 
4160 4025 2773 2769 2768 8452 3498 8454 8931 3309 3497 
4161 2918 2858 4089 2753 3416 8900 9131 3415 8902 3179 
4162 319 320 372 2746 330 3826 3827 3162 8880 3161 
4163 2733 2732 4012 2877 3270 8370 8283 3308 8229 3307 
4164 2863 2752 2867 4044 3079 3411 3410 8854 9132 8853 
4165 3999 2917 2772 3997 8702 3520 8917 4519 8967 8303 
4166 3984 2874 3982 3985 8565 8550 4451 4452 4453 9038 
4167 2820 2921 4007 2754 3422 8576 8583 3424 8648 3423 
4168 2958 4105 4037 2812 9133 4668 8718 3627 8534 8906 
4169 2946 413 4120 2888 8770 4133 9064 3006 9134 8494 
4170 4014 4064 13 4072 4538 8805 8811 4605 8907 4604 
4171 2868 4043 3956 2910 9059 4268 9045 3414 8725 8570 
4172 2784 4093 2785 2771 8571 8837 3515 3512 3514 8572 
4173 2833 4031 2840 4112 9025 8899 3720 8705 8619 4683 
4174 2837 2836 4015 2838 3730 8761 8981 3736 8970 3735 
4175 2855 4109 2854 4033 8915 8948 3785 9135 9130 4688 
4176 2904 399 4096 344 8841 4187 8523 3203 9136 3940 
4177 4053 4055 3835 4056 4709 9119 9120 4711 9137 4710 
4178 4108 4109 2907 2855 4341 8914 9078 9138 3791 8915 
4179 4076 3987 2914 2783 4475 9113 9100 8605 3571 8375 
4180 4037 2795 2958 2812 8532 3626 8718 8534 3627 3560 
4181 3982 2898 4074 2763 8818 9139 4439 8992 8365 3474 
4182 2742 4010 2743 2740 8281 8600 3350 3339 3349 8343 
4183 338 2939 394 3955 3181 9140 3921 9011 4176 8942 
4184 4017 4083 2896 2878 4620 8763 9061 9141 3354 9142 
4185 2846 4095 2718 2842 8925 8926 3230 3231 3229 9143 
4186 4128 2827 2828 2879 9104 3675 9067 8856 3700 3488 
4187 2898 4074 3979 3982 9139 4435 8884 8818 4438 4439 
4188 2863 426 425 4044 8429 441 8430 8854 4271 4272 
4189 344 398 4096 2745 3937 4188 9136 3201 8950 8564 
4190 12 4053 3845 4052 9068 9144 3850 8296 9145 4704 
4191 2824 3996 2921 2875 8958 8577 3695 3517 3426 8986 
4192 2760 4085 2762 2761 8246 8222 3457 3447 3456 8225 
4193 2965 4051 3949 2780 9034 4255 9106 3555 8516 8503 
4194 2827 4047 2766 2879 8937 8938 3487 3488 3489 8857 
4195 2802 3981 4034 2804 8629 4447 9146 3650 9017 8741 
4196 2773 4067 4026 2778 9036 4654 8453 3502 8569 9147 
4197 4074 3980 4084 2872 4436 4441 4440 8868 8622 8623 
4198 4024 2767 2764 2761 8662 3464 8526 8224 3461 3463 
4199 2940 4064 2734 2725 8812 8635 3274 2996 3273 8673 
4200 3967 2918 4089 2753 9148 9131 4382 9006 8902 3415 
4201 4090 273 3842 4041 9080 3863 8784 4674 8892 9149 
4202 2787 275 2890 3970 3099 3101 3103 8793 8747 8712 
4203 4084 4074 2938 2760 4440 9150 9151 8347 3449 8244 
4204 4101 4052 2826 2960 4292 9108 9152 8457 2987 8297 
4205 2718 4095 4094 2927 8926 4324 9091 3188 8438 9089 
4206 2738 2737 2736 4001 3327 3323 3328 8318 8592 8713 
4207 2718 395 339 2927 9090 3923 3184 3188 3186 8425 
4208 2965 3949 4051 4052 9106 4255 9034 9107 4290 4291 
4209 4015 4021 2837 2838 4589 9153 8981 8970 3736 8528 
4210 4029 296 3842 3838 8632 3888 8785 8604 3867 3889 
4211 2772 3999 3997 4070 8917 4519 8967 8918 4521 4522 
4212 2835 4030 4114 4015 8759 4613 8749 8762 4611 4610 
4213 2872 4074 3979 2898 8868 4435 8869 3667 8884 9139 
4214 4080 2891 4042 3988 8832 8861 4286 4480 4479 8682 
4215 276 2788 2890 3971 3104 3106 3102 8509 8746 8720 
4216 4030 2834 2835 2832 9154 3717 8759 9124 3718 3716 
4217 2731 4087 3960 2909 8954 4208 8650 3303 9155 8595 
4218 2821 4078 2871 3980 9072 8536 3663 8655 9030 4432 
4219 4075 2848 2841 4116 9063 3751 8617 4695 8979 9010 
4220 3989 3991 300 4073 4482 9012 9013 4484 9156 4483 
4221 4007 2820 2754 2930 8583 3424 8648 8586 3421 3425 
4222 3994 4056 301 4073 4506 9126 9157 4494 9127 4508 
4223 4055 4056 4073 3839 4710 4508 4700 8835 8872 9128 
4224 4109 2907 3958 4108 8914 8727 4340 4341 4337 9078 
4225 2830 2831 2729 4048 3293 3292 3290 8428 8250 8426 
4226 3839 4042 278 3841 8836 8889 3878 3879 3874 8708 
4227 4070 2772 2742 2744 8918 3360 8626 8450 3358 3359 
4228 2879 2828 4128 2880 3700 9067 8856 3702 9158 3701 
4229 2827 4128 4047 2879 9104 4623 8937 3488 8857 8856 
4230 4066 301 4056 302 9159 9126 4507 8946 9160 311 
4231 4057 4127 2814 4076 4697 8781 8374 4474 8527 4364 
4232 4030 4031 2834 2833 4619 9024 9154 9161 3715 9025 
4233 4040 2800 2799 4045 9162 3281 9062 4685 8830 8984 
4234 2790 368 4121 3966 9163 4130 8997 9164 4143 4141 
4235 2851 2849 2850 4115 3772 3770 3773 8802 9033 8657 
4236 13 4014 4102 3844 8811 4606 9165 3854 8968 8945 
4237 2865 347 348 4123 3212 363 3213 8903 8913 8474 
4238 4056 4055 3835 3839 4710 9119 9137 9128 3882 8835 
4239 237 414 2731 2931 8325 8748 3008 3005 3012 8710 
4240 2804 2898 3982 2923 3654 8818 8742 3660 8549 3473 
4241 4053 2792 12 280 8887 2982 9068 9110 290 2981 
4242 3977 2801 2805 2803 8309 3647 8385 8756 3648 3645 
4243 2895 2776 4101 4039 3501 9166 8456 9055 4663 9054 
4244 2758 2755 4020 2757 3428 8910 9097 3427 8737 3408 
4245 4094 2847 4099 4091 9096 9167 4721 4183 4720 9114 
4246 2768 4027 2895 2724 8646 8645 3269 3267 3117 8671 
4247 2891 4042 277 278 8861 8860 3107 3108 287 8889 
4248 301 4066 4056 3994 9159 4507 9126 9157 4506 4505 
4249 15 4120 268 2946 4132 9168 3802 8765 2970 9064 
4250 2901 4022 4084 2759 8687 4643 8247 3452 8719 8789 
4251 2946 236 413 2888 2968 8495 8770 3006 8494 3003 
4252 2921 4061 2819 2820 8578 8518 3692 3422 3687 8615 
4253 314 368 2790 3966 3815 9163 3143 9169 9164 4141 
4254 2715 374 322 3800 9129 3808 3001 8797 3832 3834 
4255 2766 4004 2735 2886 8254 8389 3315 3326 3324 8393 
4256 3987 2914 4077 4076 9113 9111 4477 4475 4476 9100 
4257 4041 294 4126 3962 9042 9039 4360 4357 4359 9170 
4258 2792 12 2826 4052 2982 2986 2985 9069 9108 8296 
4259 2912 377 267 3965 9171 3814 3089 8922 9172 4166 
4260 4081 2857 2767 4106 8867 3492 8810 4652 8966 8965 
4261 15 313 4121 2943 3804 9173 4129 8771 8933 2971 
4262 2838 4015 4021 4011 8970 4589 8528 8529 4590 4580 
4263 4118 4086 2782 3965 4374 8919 9174 4373 8921 4372 
4264 2805 2803 2806 3979 3648 3656 3655 8772 9053 8758 
4265 16 334 2944 4122 3909 2976 9014 4136 9043 9175 
4266 2950 4050 2861 4088 9176 9103 3609 9088 8826 4371 
4267 2811 2934 2722 4127 3254 3160 3253 9005 9001 9002 
4268 4099 2942 2845 4018 9056 3766 9008 4625 9177 9057 
4269 4023 2755 4020 2758 8733 8910 4635 8461 9097 3428 
4270 373 321 4110 2937 3829 8813 4156 9178 9179 3164 
4271 2844 2842 4119 2843 3227 9065 9009 3759 8731 3744 
4272 2746 4036 4104 2811 9180 4318 8881 3378 9004 9181 
4273 338 3955 395 2718 9011 4175 3924 3183 9090 8927 
4274 2822 3994 3991 3993 8778 4493 8401 8402 4491 4492 
4275 346 347 2929 400 362 3210 3209 3944 8306 3945 
4276 3952 2893 2831 2862 8459 3713 8484 8242 3294 3235 
4277 4118 2782 2945 3965 9174 3094 9182 4373 8753 8921 
4278 413 4086 4120 2888 4197 4201 4133 8494 9134 8552 
4279 2881 2886 2765 4005 3483 3336 3484 8821 8291 8547 
4280 4017 2936 2741 4009 9183 3353 8874 4581 9184 9185 
4281 4082 4078 2821 3980 4443 9072 8654 4442 8655 4432 
4282 4037 2915 2795 2778 8865 3548 8532 9122 3546 3545 
4283 2949 2826 2932 4101 3697 3699 3698 9186 9187 9152 
4284 4099 2942 2880 4092 9056 3245 9048 4626 9050 9188 
4285 341 2721 2947 4091 3194 3196 3190 8929 8441 8928 
4286 2786 2808 2919 4057 3584 3586 3585 8466 8995 8815 
4287 297 296 3974 3838 306 8638 8554 3890 8602 3889 
4288 2757 4020 2925 2751 8737 8735 3409 3407 3399 8912 
4289 2922 2856 4033 4106 3443 9189 9026 9190 4647 8964 
4290 4086 2782 4090 4118 8919 8969 4346 4374 4698 9174 
4291 4095 4119 4099 2844 4641 4628 4722 8897 8896 9009 
4292 4027 4072 2895 2724 4665 8510 8645 8671 3117 8908 
4293 2756 2848 4035 2935 3434 9098 8977 3392 8961 3435 
4294 2936 4017 4015 4009 9183 4582 9191 9185 4579 4581 
4295 2853 2854 4069 2852 3782 8792 8846 3779 8845 3783 
4296 3981 4034 4045 2802 4447 4449 4429 8629 8630 9146 
4297 2858 4089 4124 2939 8900 4323 8769 3182 8940 8941 
4298 2911 2791 4122 4088 3611 9192 9086 9087 4282 8606 
4299 2930 2754 4007 2755 3421 8648 8586 3420 8911 3406 
4300 348 16 2941 4123 3911 8611 2977 8913 8612 4137 
4301 4015 2836 4017 2936 8761 9193 4582 9191 9183 3737 
4302 2754 2921 4007 2875 3423 8576 8648 3397 9194 3426 
4303 2857 4081 4108 4106 8867 4713 8987 8965 4690 4652 
4304 4111 2851 4019 4115 8801 9032 4632 4633 4629 8802 
4305 4071 2756 4035 2935 8668 8977 4616 9195 8961 3392 
4306 4008 4016 2749 4006 4566 8601 8361 4565 8363 4567 
4307 4113 4031 2833 4112 4675 9025 8693 4307 8705 4683 
4308 2950 3967 4050 4088 9196 4380 9176 9088 4371 4381 
4309 4127 2919 4036 4057 9197 8994 4696 4697 4458 8995 
4310 4033 2922 4106 4023 9026 9190 4647 4636 4646 9027 
4311 278 2789 2891 4042 3110 3112 3108 8889 8861 8851 
4312 4023 2922 4106 2761 9027 9190 4646 9094 9198 3448 
4313 4009 4015 2936 2873 4579 9191 9185 8435 3352 8971 
4314 2965 2792 2826 4052 3612 2985 3613 9107 9108 9069 
4315 4065 2741 2896 2740 8876 3347 8877 8342 3348 3343 
4316 4119 4095 2842 2844 4641 9143 9065 9009 3227 8897 
4317 2925 4019 2852 2750 9021 9123 3404 3398 3401 9022 
4318 3841 299 3989 3836 3895 8697 8707 3876 8695 3894 
4319 2758 4023 2922 2757 8461 9027 3438 3427 3437 9029 
4320 3972 298 297 3840 8745 307 8544 8219 3891 3892 
4321 4037 4096 4105 2958 4353 4312 4668 8718 9133 8525 
4322 2945 2912 267 3965 3090 3089 2978 8753 9172 8922 
4323 4052 2826 3949 4101 9108 9105 4291 4292 4288 9152 
4324 4003 2737 2765 2739 8390 3334 8627 8404 3335 3332 
4325 3967 4124 393 2753 4174 4173 4169 9006 9095 8901 
4326 3986 2771 2770 2764 8579 3479 8417 8669 3468 3478 
4327 2901 4084 2872 2759 8247 8622 3451 3452 3453 8719 
4328 4018 2880 4128 4092 9049 9158 4622 4624 4627 9050 
4329 2791 2944 4122 427 3087 9043 9192 8567 4139 8816 
4330 3835 301 4056 3839 3899 9126 9137 3882 9128 3898 
4331 274 2787 2892 4059 3098 3100 3096 8640 8807 8795 
4332 2912 2945 2782 3965 3090 3094 3564 8922 8921 8753 
4333 4052 12 2826 2960 8296 2986 9108 8297 2987 2988 
4334 2839 4089 2858 2846 9199 8900 3748 3742 3747 8976 
4335 2823 3993 2822 2817 8407 8402 3218 3685 3279 8377 
4336 4055 279 3835 3839 8834 3881 9119 8835 3882 3877 
4337 2956 2790 4087 3966 3604 9071 8596 9200 4376 9164 
4338 4013 4028 4047 2827 4601 4603 4558 8888 8937 8878 
4339 13 4102 389 3844 9165 9201 390 3854 3855 8968 
4340 3994 300 2822 3991 9202 3137 8778 4493 8401 9012 
4341 4020 4022 2755 4023 4572 8732 8910 4635 8733 4634 
4342 2894 2893 4060 2719 3237 8458 8537 3236 8239 3234 
4343 4066 2825 2897 3998 8943 3221 9203 4513 8883 8301 
4344 4116 2849 2841 2894 8658 3755 8979 8980 3757 3758 
4345 3962 4041 294 3843 4357 9042 9170 9204 3857 9205 
4346 273 274 2892 4090 283 3096 3095 9080 8909 8639 
4347 4102 4072 13 389 4608 8907 9165 9201 390 8512 
4348 2888 4086 2912 2782 8552 8920 3565 3566 3564 8919 
4349 4094 4099 2847 2844 4721 9167 9096 8898 3765 8896 
4350 2791 2911 2950 4088 3611 3417 3610 8606 9088 9087 
4351 3966 4087 2956 4125 4376 8596 9200 4378 8959 4377 
4352 2774 427 426 3968 8337 442 8350 8983 4275 4276 
4353 4036 2746 2807 2811 9180 3379 8691 9181 3377 3378 
4354 4095 4021 4119 2842 4639 4593 4641 9143 9065 8998 
4355 4006 2754 4007 2875 8649 8648 4517 8666 9194 3397 
4356 4033 2856 4108 4106 9189 8988 4691 4647 4690 8964 
4357 4110 3954 373 2937 4158 4154 4156 9179 9178 9206 
4358 4034 2800 4045 2802 9207 8984 4449 9146 8630 3643 
4359 4103 3963 4076 2913 4149 4362 4363 9075 9074 9076 
4360 3973 299 298 3836 8825 308 8581 8289 3893 3894 
4361 2846 2839 4089 4117 3742 9199 8976 9099 4322 9208 
4362 2798 2956 4077 2813 3640 8597 8916 3577 9083 3641 
4363 2750 4019 2850 2935 9022 9031 3402 3391 3403 8963 
4364 12 280 3845 4053 290 3851 3850 9068 9144 9110 
4365 2853 2859 4109 2855 3786 8676 8675 3784 8915 3787 
4366 2897 2825 4066 2716 3221 8943 9203 3142 8960 3219 
4367 4031 4083 4017 2878 4621 4620 4618 9209 9141 9142 
4368 2791 4122 4088 427 9192 4282 8606 8567 4277 4139 
4369 2853 2851 4111 2905 3778 8801 8677 3781 8804 3780 
4370 4101 2932 4043 4039 9187 9058 4289 4663 4328 9060 
4371 3987 2784 2914 2783 8574 3570 9113 8375 3571 3513 
4372 3981 2802 2803 2804 8629 3646 8757 8741 3649 3650 
4373 2840 2848 4075 2928 3752 9063 8616 3753 8935 3433 
4374 394 2939 4124 3955 9140 8940 4172 4176 4177 8942 
4375 300 3994 4073 3991 9202 4494 9156 9012 4483 4493 
4376 368 4121 313 2790 4130 9173 3813 9163 3144 8997 
4377 321 2775 4110 2937 3169 8800 8813 3164 9179 3170 
4378 4086 4120 2888 2912 4201 9134 8552 8920 3565 9020 
4379 4089 2858 2846 2939 8900 3747 8976 8941 3233 3182 
4380 2759 2901 4022 2930 3452 8687 8789 3431 8585 3455 
4381 2823 2825 2716 3995 3220 3219 3217 8477 8730 8476 
4382 2836 2878 4017 2936 3728 9141 9193 3737 9183 3356 
4383 2838 2936 4015 2873 3738 9191 8970 3745 8971 3352 
4384 2790 4121 4087 3966 8997 4202 9071 9164 4376 4143 
4385 2718 4095 2927 2844 8926 9089 3188 3228 3232 8897 
4386 2850 4035 4019 4115 9102 4614 9031 9033 4629 4630 
4387 4120 377 2912 3965 4131 9171 9020 4168 8922 4166 
4388 2722 2814 3963 2913 3256 8782 9016 3157 9076 3255 
4389 15 313 368 4121 3804 3813 378 4129 4130 9173 
4390 2756 2748 4071 2743 3365 8504 8668 3364 8505 3362 
4391 280 2792 2889 4053 2981 3116 3114 9110 8891 8887 
4392 294 295 3837 4041 304 3885 3884 9042 9210 9041 
4393 2812 4028 2781 2827 8609 8608 3561 3562 3563 8878 
4394 4095 4094 3955 2718 4324 4180 4325 8926 8927 9091 
4395 2908 2800 4034 2802 3532 9207 8689 3644 9146 3643 
4396 2926 3956 4039 4067 9047 4327 9046 9211 4329 4330 
4397 2881 2765 2933 4005 3484 3481 3485 8821 8445 8291 
4398 2806 3980 3979 2872 9052 4430 9053 3666 8869 8623 
4399 3839 4073 4042 3841 8872 4485 8836 3879 8708 9212 
4400 2811 4104 2746 2934 9004 8881 3378 3254 3163 8266 
4401 3954 4110 2775 2937 4158 8800 9213 9206 3170 9179 
4402 4083 4031 2928 2878 4621 9079 8936 9142 3754 9209 
4403 4065 4017 2741 4009 4583 8874 8876 4553 9184 4581 
4404 2945 272 4118 3965 2980 9214 9182 8753 4373 8754 
4405 300 3989 4073 3841 9013 4484 9156 3896 9212 8707 
4406 4112 4075 2841 4116 4682 8617 8618 4714 8979 4695 
4407 2860 2894 3957 2903 3776 8538 8562 3295 8268 3238 
4408 4096 2904 344 2745 8523 3203 9136 8950 3201 3205 
4409 2944 2791 250 427 3087 3083 2974 8816 8335 8567 
4410 2871 2806 2821 3980 3662 3664 3663 9030 8655 9052 
4411 2900 4058 2876 2907 8722 8368 3240 3793 3289 8726 
4412 4016 2750 4008 2749 9121 9023 4566 8601 8361 3389 
4413 334 16 392 4122 3909 402 3912 9175 4135 4136 
4414 2844 4119 2845 2843 9009 9007 3761 3759 3760 8731 
4415 4005 2933 2881 4018 8445 3485 8821 4562 9003 9116 
4416 2727 2800 2801 4045 3280 3283 3282 8257 8308 8984 
4417 2866 2723 2929 4107 3260 3211 3261 9215 9037 8715 
4418 4036 3954 2746 4104 4314 9216 9180 4318 8881 4155 
4419 2816 4078 2815 2871 8589 8227 3276 3678 3226 8536 
4420 4064 4072 4027 2724 4604 4665 4598 8672 8671 8908 
4421 2881 2845 2942 4018 3768 3766 3769 9003 9057 9177 
4422 2852 2850 4019 2851 3400 9031 9123 3777 9032 3773 
4423 3961 399 4096 2904 4191 4187 4192 8842 8523 8841 
4424 2724 2768 4027 2732 3267 8646 8671 3265 8680 3268 
4425 4066 3994 2716 3995 4505 8728 8960 4504 8730 4500 
4426 4106 4085 4023 2761 4650 4649 4646 9198 9094 8225 
4427 2896 4017 2878 2741 9061 9141 3354 3347 3355 8874 
4428 4069 4019 2852 2925 4577 9123 8845 8736 3404 9021 
4429 4050 2918 4089 3967 9217 9131 4383 4380 4382 9148 
4430 2868 2867 3956 2926 3412 9218 9045 3534 9047 3554 
4431 2790 4087 2931 2909 9071 8955 3602 3603 3306 8595 
4432 322 14 374 2715 333 3809 3808 3001 9129 3000 
4433 395 4094 396 3906 4179 4178 406 3927 3930 8437 
4434 2782 2945 272 4118 3094 2980 3092 9174 9214 9182 
4435 4128 4047 4028 2827 4623 4603 4669 9104 8878 8937 
4436 2776 2868 2932 4039 3535 3537 3536 9054 9060 9044 
4437 4076 2914 2747 2913 9100 3383 9073 9074 3154 3387 
4438 4100 2810 2899 2924 8930 3582 8894 8999 3496 3671 
4439 2868 3956 4043 4039 9045 4268 9059 9044 4328 4327 
4440 4024 2767 2899 2764 8662 3476 8661 8526 3477 3464 
4441 4032 295 296 2727 9066 305 8631 8828 3121 3122 
4442 2835 2834 4030 2836 3717 9154 8759 3726 8760 3725 
4443 2756 4075 2848 2928 8934 9063 3434 3432 3433 8935 
4444 4011 2933 2843 2873 8446 3762 8530 8436 3746 3482 
4445 4000 2777 2734 2736 8721 3320 8855 8777 3318 3319 
4446 9 313 15 2943 323 3804 3803 2966 8771 2971 
4447 2964 2902 3953 2721 3249 8211 8502 3248 8849 3199 
4448 3967 4050 2918 2950 4380 9217 9148 9196 3419 9176 
4449 301 4066 3994 2716 9159 4505 9157 3140 8728 8960 
4450 4073 3989 4042 3841 4484 4478 4485 9212 8708 8707 
4451 314 315 369 2916 325 3816 3817 3147 8647 3146 
4452 2807 2802 4034 2804 3652 9146 8690 3651 9017 3650 
4453 2937 2775 3954 2908 3170 9213 9206 3382 8957 3533 
4454 2828 4105 4128 4092 8660 4670 9067 8953 4627 4311 
4455 4050 4089 2839 4117 4383 9199 9219 4702 9208 4322 
4456 2777 2734 2940 4000 3320 3274 3321 8721 8521 8855 
4457 4103 4125 2747 4076 4379 9118 8479 4363 9073 4718 
4458 4097 347 401 400 8475 3947 4193 4194 411 3945 
4459 4093 2809 2798 2785 8863 3300 9093 8837 3575 3579 
4460 4002 4000 2734 2736 4535 8855 8636 8590 3318 8777 
4461 2905 2860 4063 2730 3298 8563 8614 3297 8276 3296 
4462 13 4014 4072 4102 8811 4605 8907 9165 4608 4606 
4463 4022 2759 2930 2755 8789 3431 8585 8732 3420 3430 
4464 300 299 3989 3841 309 8697 9013 3896 8707 3895 
4465 2948 2809 4046 2810 3670 8862 8568 3669 8993 3581 
4466 2731 3960 2809 2798 8650 9015 3301 3302 3300 9092 
4467 426 2863 3968 4044 8429 8982 4275 4272 4280 8854 
4468 296 297 3976 2869 306 8553 8633 3125 8217 3124 
4469 2958 4105 2812 2961 9133 8906 3627 3376 3676 8500 
4470 2782 273 2892 4090 3093 3095 3097 8969 8909 9080 
4471 4107 2864 2866 4038 9220 3549 9215 4386 9221 9222 
4472 2741 4065 4009 2739 8876 4553 9184 3342 8822 8403 
4473 268 9 15 2946 271 3803 3802 2970 8765 2969 
4474 337 4124 3908 394 9077 8767 3917 3920 3922 4172 
4475 4023 4020 4033 2757 4635 4637 4636 9029 9028 8737 
4476 2733 2734 2735 4002 3272 3313 3312 8420 8566 8636 
4477 4061 2818 2819 2820 8414 3684 8518 8615 3687 3688 
4478 4112 2841 2833 2893 8618 3722 8705 8706 3714 3724 
4479 395 339 338 2718 3923 354 3924 9090 3183 3184 
4480 3985 2874 2763 2762 9038 3467 8366 8233 3458 3466 
4481 4113 2833 2832 2831 8693 3712 8685 8686 3706 3711 
4482 3992 2816 2817 2818 8587 3278 8379 8413 3679 3680 
4483 4030 4031 2833 4113 4619 9025 9161 4676 8693 4675 
4484 4013 4047 4004 2766 4558 4555 4556 8231 8254 8938 
4485 4095 2718 2842 2844 8926 3229 9143 8897 3227 3228 
4486 2859 4062 2906 2905 8621 8358 3285 3788 3299 8613 
4487 2949 2932 4043 4101 3698 9058 8972 9186 4289 9187 
4488 301 4066 2716 302 9159 8960 3140 311 3139 8946 
4489 2915 2723 2866 4107 3258 3260 3259 8714 9215 8715 
4490 2791 2950 2861 4088 3610 3609 3608 8606 8826 9088 
4491 2918 4089 2839 4050 9131 9199 3749 9217 9219 4383 
4492 3990 298 299 2815 8580 308 8698 8694 3130 3131 
4493 2833 2834 4030 4113 3715 9154 9161 8693 4676 8939 
4494 2824 2772 3997 2875 3518 8967 9070 3517 8665 3371 
4495 2801 2805 2869 3977 3647 3222 3284 8309 8218 8385 
4496 4019 2850 2852 2750 9031 3400 9123 9022 3401 3402 
4497 2837 4114 4021 4015 8750 4612 9153 8981 4589 4611 
4498 4068 297 298 2717 8542 307 8582 8405 3127 3128 
4499 4092 2942 2721 4091 9188 3244 9223 4309 8928 9224 
4500 3967 393 335 2753 4169 3915 9225 9006 3174 9095 
4501 4052 3845 12 389 9145 3850 8296 8624 391 3852 
4502 4040 4110 2775 3954 4319 8800 9226 4317 9213 4158 
4503 4114 4030 2835 4049 4613 8759 8749 4679 9125 4677 
4504 4119 2933 2845 2843 9227 3763 9007 8731 3760 3762 
4505 398 4096 399 344 4188 4187 409 3937 3940 9136 
4506 2878 4017 4030 2836 9141 4609 9228 3728 8760 9193 
4507 2859 3958 4062 4109 8620 4238 8621 8676 4339 4340 
4508 3956 2867 2752 4044 9218 3411 8724 4273 8853 9132 
4509 280 4055 2889 279 9109 9019 3114 289 3113 8834 
4510 4115 2849 4035 4116 8657 9229 4630 4336 4694 8658 
4511 4060 4116 2894 3957 4332 8980 8537 4256 8538 4333 
4512 2965 4051 2792 4052 9034 8886 3612 9107 9069 4290 
4513 2942 2880 2881 4018 3245 3798 3769 9057 9003 9049 
4514 313 314 368 2790 324 3815 3813 3144 9163 3143 
4515 2784 2813 4077 2914 3578 9083 9112 3570 9111 3384 
4516 2846 2837 2839 4117 3741 3732 3742 9099 9208 9230 
4517 2864 2867 2779 4038 3553 3552 3551 9222 9231 9232 
4518 4111 4062 2905 4063 4716 8613 8804 4715 8614 4244 
4519 4115 2851 2849 2860 8802 3772 8657 8744 3774 3775 
4520 374 373 3800 4110 384 3833 3834 4157 8798 4156 
4521 4120 15 268 377 4132 3802 9168 4131 3812 388 
4522 2807 2804 3983 2808 3651 8743 9101 3659 8699 3658 
4523 2857 2924 4081 2767 3494 8809 8867 3492 8810 3495 
4524 2880 2828 4128 4092 3701 9067 9158 9050 4627 8953 
4525 2963 4037 2795 2958 8717 8532 3628 3629 3626 8718 
4526 3951 4058 2900 4081 4226 8722 8723 4301 8866 4300 
4527 3954 2775 4040 2908 9213 9226 4317 8957 9233 3533 
4528 369 316 370 4103 3818 3819 380 4144 4145 8975 
4529 2839 2858 4089 2918 3748 8900 9199 3749 9131 3416 
4530 3967 2950 4122 4088 9196 9085 4171 4381 4282 9088 
4531 2808 2804 3983 2923 3658 8743 8699 3661 8548 3660 
4532 4120 2946 2888 2912 9064 3006 9134 9020 3565 3091 
4533 2836 4017 4030 4015 9193 4609 8760 8761 4610 4582 
4534 2751 4008 2750 2749 8496 9023 3393 3394 3389 8361 
4535 2721 3953 2964 4092 8849 8502 3248 9223 8814 4308 
4536 2880 2964 2828 4092 3247 3703 3701 9050 8953 8814 
4537 393 336 335 2753 3916 351 3915 9095 3174 3175 
4538 302 4014 2897 13 8944 8882 2993 312 2992 8811 
4539 4036 2811 2808 2919 9181 3668 8978 8994 3586 3251 
4540 4109 2854 4033 4069 8948 9130 4688 4689 4638 8792 
4541 3835 280 279 4055 3880 289 3881 9119 8834 9109 
4542 3967 2950 2911 4122 9196 3417 9234 4171 9086 9085 
4543 2789 279 2889 4055 3111 3113 3115 8952 9019 8834 
4544 3967 335 393 392 9225 3915 4169 4170 403 3914 
4545 2933 4119 4011 2843 9227 4591 8446 3762 8530 8731 
4546 3995 2824 3997 3996 8974 9070 4510 4502 4509 8958 
4547 4036 2807 3983 2808 8691 9101 4457 8978 8699 3659 
4548 2926 2867 3956 4067 3554 9218 9047 9211 4330 9235 
4549 2941 427 250 2774 8610 8335 2973 3086 3080 8337 
4550 4035 2850 2849 4115 9102 3770 9229 4630 8657 9033 
4551 4092 4099 2942 4091 4626 9056 9188 4309 9224 4720 
4552 2741 4009 2873 2739 9184 8435 3345 3342 3344 8822 
4553 2916 4125 2813 2747 9115 9084 3386 3151 3385 9118 
4554 4034 3954 4040 2908 4313 4317 4316 8689 9233 8957 
4555 4034 4040 2800 2908 4316 9162 9207 8689 3532 9233 
4556 2767 4024 4106 2761 8662 4653 8966 3463 9198 8224 
4557 4041 3837 294 3843 9210 3884 9042 9205 3857 3886 
4558 2867 2864 4044 4038 3553 9236 9132 9232 4385 9222 
4559 4104 2722 4127 3963 9000 9001 4366 4152 4365 9016 
4560 4006 2749 2754 2875 8363 3396 8649 8666 3397 3369 
4561 2928 2896 4083 2878 3436 8763 8936 3754 9142 3354 
4562 3966 2916 314 369 8973 3147 9169 4142 3817 8647 
4563 335 3967 2911 392 9225 9234 3172 3914 9237 4170 
4564 372 2746 3954 4104 8880 9216 4153 4151 4155 8881 
4565 2879 4047 2766 2886 8857 8938 3489 3490 3326 8820 
4566 2736 2887 2738 4001 3330 3329 3328 8592 8318 8384 
4567 4053 2792 4051 4052 8887 8886 4703 4704 4290 9069 
4568 4085 4106 4024 2761 4650 4653 4466 8225 8224 9198 
4569 2726 299 2815 3990 3134 3130 3135 8704 8694 8698 
4570 4088 4050 2861 3964 4371 9103 8826 4279 8827 4369 
4571 3991 299 300 2726 8696 309 9012 8540 3133 3134 
4572 2767 2856 2922 4106 3493 3443 3465 8966 9190 8964 
4573 4038 4037 4026 2778 4660 4659 4661 9238 8569 9122 
4574 2865 348 2941 4123 3213 2977 3215 8903 8612 8913 
4575 4077 4093 2784 3987 4351 8571 9112 4477 8574 4469 
4576 4076 2814 2914 2913 8527 3574 9100 9074 3387 3255 
4577 3954 320 2746 372 9239 3161 9216 4153 8880 3826 
4578 2922 4033 2856 2757 9026 9189 3443 3437 3440 9028 
4579 2751 4008 2925 2750 8496 8871 3399 3393 3398 9023 
4580 4092 2721 3953 4091 9223 8849 4308 4309 4186 8928 
4581 2858 4124 337 2939 8769 9077 3178 3182 3180 8940 
4582 370 3963 4103 2913 4147 4149 4145 9240 9075 9076 
4583 4095 2846 4117 2842 8925 9099 4326 9143 9241 3231 
4584 2898 3982 2923 2763 8818 8549 3473 3474 3472 8992 
4585 2938 4074 2898 2763 9150 9139 3475 3460 3474 8365 
4586 4047 4004 2766 2886 4555 8254 8938 8820 3326 8393 
4587 2748 4071 4016 2935 8504 4617 8593 3390 8962 9195 
4588 295 3842 3837 4041 3887 3864 3885 9041 9210 8892 
4589 377 268 4120 2912 3812 9168 4131 9171 9020 3088 
4590 3999 2772 2887 2742 8917 3361 8383 8280 3341 3360 
4591 373 3954 320 2937 4154 9239 3830 9178 3165 9206 
4592 3837 3842 273 4041 3864 3863 3859 9210 9149 8892 
4593 2900 2948 3951 2810 3242 8522 8723 3673 8923 3669 
4594 2936 2741 4009 2873 3353 9184 9185 3352 8435 3345 
4595 2924 4081 2900 2857 8809 8866 3672 3494 3794 8867 
4596 2776 2868 4039 2926 3535 9044 9054 3522 9046 3534 
4597 301 302 3835 4056 311 3900 3899 9126 9137 9160 
4598 2832 2870 4049 2830 3708 8989 8558 3707 8557 3709 
4599 4016 4071 4035 2935 4617 4616 4615 8962 8961 9195 
4600 4053 3835 3845 4056 9120 3883 9144 4711 9242 9137 
4601 4098 4118 272 3965 4375 9214 8823 4167 8754 4373 
4602 4119 4018 2933 4011 4592 9116 9227 4591 8446 4561 
4603 2859 2728 3958 2907 3286 8471 8620 3288 8727 3287 
4604 236 413 2931 2943 8495 8711 3004 2967 3007 8773 
4605 3835 3845 280 4053 3883 3851 3880 9120 9110 9144 
4606 2772 2887 2917 3999 3361 3521 3520 8917 8702 8383 
4607 2916 314 2790 3966 3147 3143 3148 8973 9164 9169 
4608 3962 374 14 2715 4159 3809 9243 9244 3000 9129 
4609 4039 4025 4027 2768 4656 4596 4657 9082 8646 8931 
4610 370 4103 316 2913 4145 8975 3819 9240 3153 9075 
4611 4125 4077 2813 2914 4719 9083 9084 9245 3384 9111 
4612 3961 3907 400 399 8273 3946 4190 4191 410 3943 
4613 4047 4004 2886 4005 4555 8393 8820 4554 8547 4550 
4614 2895 4072 389 2724 8510 8512 8513 3117 9246 8908 
4615 302 4014 4066 2897 8944 4528 8946 2993 9203 8882 
4616 2776 2895 4101 2960 3501 8456 9166 3538 8457 2989 
4617 4037 4038 2915 2778 4660 9247 8865 9122 3545 9238 
4618 2854 2856 2855 4033 3439 3789 3785 9130 9135 9189 
4619 4018 2933 2845 4119 9116 3763 9177 4592 9007 9227 
4620 3994 300 4073 301 9202 9156 4494 9157 9127 310 
4621 2750 4008 4019 4016 9023 4574 9022 9121 4575 4566 
4622 2845 2847 4099 2844 3764 9167 9008 3761 8896 3765 
4623 4105 2812 2961 2828 8906 3676 8500 8660 3677 3674 
4624 3978 2805 2717 2871 8386 3223 8215 8535 3224 3225 
4625 2871 3978 2805 2806 8535 8386 3225 3662 3655 9051 
4626 377 376 267 3965 387 3805 3814 4166 9172 4165 
4627 2861 2918 4050 2950 3795 9217 9103 3609 9176 3419 
4628 3960 2731 2909 2798 8650 3303 9155 9092 3304 3302 
4629 4098 4041 3962 3843 4358 4357 4164 9248 9204 9205 
4630 2774 2863 2864 3968 3084 3528 3527 8983 9249 8982 
4631 2897 4014 4066 3998 8882 4528 9203 8883 4513 4527 
4632 4125 4077 2914 4076 4719 9111 9245 4718 9100 4476 
4633 2857 4108 2855 2856 8987 9138 3790 3491 3789 8988 
4634 4118 273 4090 4041 9250 9080 4698 4699 4674 9149 
4635 2929 4097 2866 4107 8949 9251 3261 9037 9215 4356 
4636 2814 2919 4127 4057 3257 9197 8781 8374 4697 8995 
4637 2870 2835 2832 4049 3719 3718 3708 8989 8558 9125 
4638 373 372 320 3954 383 3826 3830 4154 9239 4153 
4639 10 16 2941 348 3910 8611 2972 364 2977 3911 
4640 4039 2776 2773 2768 9054 3500 9081 9082 3497 3499 
4641 296 2727 2869 3976 3121 3126 3125 8633 8217 8256 
4642 2782 272 273 4118 3092 282 3093 9174 9250 9214 
4643 2823 2825 3995 2824 3220 8476 8477 3693 8974 3696 
4644 2911 2791 2944 4122 3611 3087 3173 9086 9043 9192 
4645 4034 2807 3983 4036 8690 9101 4448 4315 4457 8691 
4646 4090 2782 273 4118 8969 3093 9080 4698 9250 9174 
4647 4060 2893 4112 3952 8458 8706 4306 4262 4305 8459 
4648 4113 2831 4048 3952 8686 8426 4303 4304 4267 8484 
4649 3845 4052 4102 389 9145 4707 9252 3852 9201 8624 
4650 3957 4115 2860 4063 4334 8744 8562 4249 8563 4335 
4651 2909 2790 4087 2956 3603 9071 8595 3605 8596 3604 
4652 2715 4126 4110 4040 9253 4361 8799 9254 4319 4687 
4653 2832 4030 2834 4113 9124 9154 3716 8685 8939 4676 
4654 2946 4120 268 2912 9064 9168 2970 3091 3088 9020 
4655 2949 3949 2826 4101 8905 9105 3697 9186 9152 4288 
4656 2936 2878 4017 2741 3356 9141 9183 3353 8874 3355 
4657 4117 4089 2846 3955 4322 8976 9099 4321 8924 4320 
4658 2798 4093 2785 2784 9093 8837 3575 3576 3515 8571 
4659 365 376 4098 3846 3807 4163 9255 3849 8787 8786 
4660 2871 2816 4078 2821 3678 8589 8536 3663 9072 3682 
4661 4067 2773 2779 2778 9036 3524 9256 9147 3525 3502 
4662 2964 2880 2721 4092 3247 3246 3248 8814 9223 9050 
4663 2897 2825 2777 3998 3221 3541 3540 8883 8701 8301 
4664 4044 3956 2867 4067 4273 9218 9132 4331 9235 4330 
4665 3982 2923 2763 2874 8549 3472 8992 8550 3467 3471 
4666 2926 2779 2867 4067 3526 3552 3554 9211 9235 9256 
4667 3955 2939 2846 2718 8942 3233 8924 8927 3230 3185 
4668 334 10 16 2944 349 3910 3909 2976 9014 2975 
4669 3953 3905 398 397 8209 3938 4184 4185 408 3935 
4670 338 2939 3955 2718 3181 8942 9011 3183 8927 3185 
4671 2942 2947 2721 4091 3250 3196 3244 9224 8928 8441 
4672 3994 300 301 2822 9202 310 9157 8778 3136 3137 
4673 4056 3845 4053 4102 9242 9144 4711 4712 4706 9252 
4674 4094 2847 2927 2844 9096 3191 8438 8898 3232 3765 
4675 4031 2834 2840 2878 9024 3721 8899 9209 3729 3727 
4676 347 2865 2929 4097 3212 3214 3210 8475 8949 8904 
4677 3846 3837 272 4098 3861 3860 3847 8787 8823 9257 
4678 2763 2938 4074 2760 3460 9150 8365 3459 8244 3449 
4679 2856 4108 2855 4033 8988 9138 3789 9189 9135 4691 
4680 2816 2726 3992 2817 3275 8541 8587 3278 8379 3277 
4681 2919 2722 2814 4127 3252 3256 3257 9197 8781 9001 
4682 4033 2854 2856 2757 9130 3439 9189 9028 3440 3441 
4683 13 2897 2940 4014 2992 2998 2997 8811 8520 8882 
4684 4084 4074 2872 2938 4440 8868 8622 9151 3454 9150 
4685 267 268 377 2912 270 3812 3814 3089 9171 3088 
4686 3980 2806 2821 2872 9052 3664 8655 8623 3665 3666 
4687 317 371 370 3963 3821 381 3820 9117 4147 4148 
4688 2755 4020 2757 2751 8910 8737 3408 3405 3407 8912 
4689 3839 300 4073 3841 3897 9156 8872 3879 9212 3896 
4690 4099 2847 2942 4091 9167 3767 9056 4720 9224 9114 
4691 4101 2932 2776 2960 9187 3536 9166 8457 3538 3539 
4692 3966 2956 2916 4125 9200 3606 8973 4378 9115 8959 
4693 4108 4109 2855 4033 4341 8915 9138 4691 9135 4688 
4694 2864 2779 2866 4038 3551 3550 3549 9222 9221 9231 
4695 2942 2721 2880 4092 3244 3246 3245 9188 9050 9223 
4696 2854 4069 2852 2925 8792 8845 3783 3442 3404 8736 
4697 2914 2747 4125 4076 3383 9118 9245 9100 4718 9073 
4698 369 368 314 3966 379 3815 3817 4142 9169 4141 
4699 300 2726 2822 3991 3133 3138 3137 9012 8401 8540 
4700 4056 4066 302 3844 4507 8946 9160 9258 3853 8947 
4701 389 4072 13 2724 8512 8907 390 9246 2991 8908 
4702 2951 2952 3959 2892 3620 8321 8642 3569 8806 3589 
4703 4066 4056 4102 3844 4507 4712 4607 8947 8968 9258 
4704 2715 3962 374 4110 9244 4159 9129 8799 4157 4161 
4705 2826 2932 4101 2960 3699 9187 9152 2987 8457 3539 
4706 2952 2953 3969 2787 3591 8262 8322 3590 8831 3587 
4707 2918 3967 2950 2753 9148 9196 3419 3415 3418 9006 
4708 2716 301 2822 3994 3140 3136 3141 8728 8778 9157 
4709 2747 4125 2813 2914 9118 9084 3385 3383 3384 9245 
4710 2899 2810 4100 2785 3582 8930 8894 3516 8843 3580 
4711 2952 3959 2793 2951 8321 8260 3618 3620 3619 8642 
4712 2917 2824 2772 3997 3519 3518 3520 8303 8967 9070 
4713 2753 335 3967 2911 3174 9225 9006 3176 9234 3172 
4714 4045 4040 2800 4034 4685 9162 8984 4449 9207 4316 
4715 2748 2750 4016 2749 3388 9121 8593 3367 8601 3389 
4716 2717 297 2869 3975 3128 3124 3129 8214 8294 8543 
4717 2878 4030 2834 2836 9228 9154 3727 3728 3725 8760 
4718 4114 2835 2839 2870 8749 3733 9259 9260 3734 3719 
4719 2866 4097 2865 4107 9251 8904 3796 9215 9261 4356 
4720 376 365 4098 375 3807 9255 4163 386 4162 3810 
4721 2842 2837 4021 2838 3740 9153 8998 3739 8528 3736 
4722 2722 2919 2811 4127 3252 3251 3253 9001 9005 9197 
4723 4103 2747 316 2913 8479 3149 8975 9075 3153 3154 
4724 2948 3951 2720 2900 8522 8299 3241 3242 3239 8723 
4725 2962 2889 4054 2959 3614 8890 8400 3639 8444 3598 
4726 4021 4117 2837 2842 4640 9230 9153 8998 3740 9241 
4727 2872 3979 2806 2898 8869 9053 3666 3667 3657 8884 
4728 4038 4044 2867 4067 4385 9132 9232 4662 9235 4331 
4729 2963 2723 3961 2904 3263 8274 8848 3262 8842 3208 
4730 392 3967 2911 4122 4170 9234 9237 4135 9086 4171 
4731 2884 2953 3969 2952 3622 8262 8237 3617 8322 3591 
4732 4050 2870 2918 2861 8990 3750 9217 9103 3795 3710 
4733 3950 2953 2954 2890 8263 3625 8434 8779 3592 3588 
4734 317 3963 370 2913 9117 4147 3820 3152 9240 9076 
4735 372 371 3801 4104 382 3825 3828 4151 8264 4150 
4736 2797 2962 4054 2959 3636 8400 8285 3637 8444 3639 
4737 2821 2818 4082 2901 3681 8739 8654 3691 8248 3690 
4738 4006 2749 2875 2744 8363 3369 8666 8451 3370 3368 
4739 4077 3960 2798 4093 4349 9092 8916 4351 9093 4348 
4740 2848 4035 2850 2849 9098 9102 3771 3756 3770 9229 
4741 301 300 4073 3839 310 9156 9127 3898 8872 3897 
4742 4093 2798 4077 2784 9093 8916 4351 8571 9112 3576 
4743 2939 4124 337 394 8940 9077 3180 9140 3920 4172 
4744 2949 4043 3949 4101 8972 4261 8905 9186 4288 4289 
4745 4107 2866 2915 4038 9215 3259 8714 4386 9247 9221 
4746 2898 2872 4074 2938 3667 8868 9139 3475 9150 3454 
4747 3906 340 339 2927 3925 355 3926 8424 3186 3187 
4748 2756 2896 4083 2928 3366 8763 8667 3432 8936 3436 
4749 2937 3954 320 2746 9206 9239 3165 3166 3161 9216 
4750 4113 2832 4030 4049 8685 9124 4676 4678 4677 8558 
4751 392 2911 334 4122 9237 3171 3912 4135 9175 9086 
4752 4024 4081 2767 4106 4651 8810 8662 4653 8966 4652 
4753 2870 2918 2839 4050 3750 3749 3734 8990 9219 9217 
4754 2943 313 4121 2790 2971 9173 8933 3145 8997 3144 
4755 2953 2954 2794 3950 3625 3624 3621 8263 8241 8434 
4756 4118 272 3837 4098 9214 3860 9262 4375 9257 8823 
4757 340 341 2947 396 356 3190 3189 3928 8439 3929 
4758 2741 4065 2739 2740 8876 8403 3342 3343 3337 8342 
4759 2775 2800 4040 2908 3531 9162 9226 3533 9233 3532 
4760 4079 2954 2955 2788 8406 3596 8656 8783 3594 3593 
4761 3998 2825 2777 2917 8301 3541 8701 8302 3542 3543 
4762 3837 273 272 4118 3859 282 3860 9262 9214 9250 
4763 2954 2955 2885 4079 3596 3633 3623 8406 8330 8656 
4764 2938 2872 4084 2759 3454 8622 9151 3450 8719 3453 
4765 4097 2865 2929 2866 8904 3214 8949 9251 3261 3796 
4766 16 348 401 4123 3911 3913 412 4137 4138 8913 
4767 2957 2959 3948 2789 3601 8421 8411 3600 8850 3597 
4768 2847 2947 2942 4091 3193 3250 3767 9114 9224 8441 
4769 4117 2846 2837 2842 9099 3741 9230 9241 3740 3231 
4770 318 319 3801 2934 329 3824 3823 3159 8265 3158 
4771 4036 4104 2811 4127 4318 9004 9181 4696 9005 4366 
4772 4110 2775 2715 4040 8800 3168 8799 4319 9254 9226 
4773 2803 2806 3979 2898 3656 9053 8758 3653 8884 3657 
4774 4125 2956 2916 2813 8959 3606 9115 9084 3386 3641 
4775 2715 2799 4126 4040 3120 9263 9253 9254 4687 9062 
4776 2883 2957 2959 3948 3630 3601 3638 8316 8421 8411 
4777 2734 2735 4002 2736 3313 8566 8636 3318 8590 3317 
4778 294 295 4126 2799 304 9040 9039 3119 9263 3118 
4779 4086 2888 2951 2782 8552 3567 8643 8919 3568 3566 
4780 4067 4039 2773 4025 4329 9081 9036 4655 8452 4656 
4781 4026 4067 4038 2778 4654 4662 4661 8569 9238 9147 
4782 4114 2839 2837 4117 9259 3732 8750 4642 9230 9208 
4783 2790 2956 2916 3966 3604 3606 3148 9164 8973 9200 
4784 4038 2867 2779 4067 9232 3552 9231 4662 9256 9235 
4785 2907 4058 3958 4108 8726 4231 8727 9078 4337 4338 
4786 3837 273 4118 4041 3859 9250 9262 9210 4699 9149 
4787 2752 2867 3956 2868 3411 9218 8724 3413 9045 3412 
4788 298 2717 2815 4068 3127 3132 3131 8582 8226 8405 
4789 3962 14 375 3843 9243 3811 4160 9204 9264 3856 
4790 3963 317 2722 2913 9117 3156 9016 9076 3157 3152 
4791 4052 4072 4102 389 4708 4608 4707 8624 9201 8512 
4792 2861 2830 2829 3964 3705 3291 3607 8827 8255 8465 
4793 4037 2915 2963 2795 8865 3264 8717 8532 3628 3548 
4794 2915 4107 4038 4037 8714 4386 9247 8865 4660 4355 
4795 2748 2756 4071 2935 3365 8668 8504 3390 9195 3392 
4796 2919 4036 2811 4127 8994 9181 3251 9197 9005 4696 
4797 375 374 14 3962 385 3809 3811 4160 9243 4159 
4798 4018 2845 4099 4119 9177 9008 4625 4592 4628 9007 
4799 376 365 11 3846 3807 367 3806 8786 3848 3849 
4800 2955 2957 4080 2891 3634 8555 8546 3595 8832 3599 
4801 4039 2773 2776 2926 9081 3500 9054 9046 3522 3523 
4802 2796 2955 2957 4080 3632 3634 3631 8489 8555 8546 
4803 2786 2770 2874 3984 3510 3470 3511 8468 8565 8416 
4804 4106 2922 2767 2761 9190 3465 8966 9198 3463 3448 
4805 2868 2932 4043 2949 3537 9058 9059 3797 8972 3698 
4806 2944 334 2911 4122 2976 3171 3173 9043 9086 9175 
4807 3968 2864 2866 4107 9249 3549 9265 4387 9215 9220 
4808 4101 2776 2932 4039 9166 3536 9187 4663 9060 9054 
4809 2807 4036 2811 2808 8691 9181 3377 3659 3668 8978 
4810 3962 14 294 2715 9243 303 9170 9244 2999 3000 
4811 2928 4031 2840 2878 9079 8899 3753 3754 3729 9209 
4812 2834 4031 4030 2878 9024 4619 9154 3727 9228 9209 
4813 365 375 14 3843 3810 3811 366 3858 3856 9264 
4814 4097 3968 2865 4107 4388 9266 8904 4356 9261 4387 
4815 2813 4077 2798 2784 9083 8916 3577 3578 3576 9112 
4816 3968 2863 2864 4044 8982 3528 9249 4280 9236 8854 
4817 2848 2850 4035 2935 3771 9102 9098 3435 8961 3403 
4818 2779 2915 2866 4038 3544 3259 3550 9231 9221 9247 
4819 4017 4030 4031 2878 4609 4619 4618 9141 9209 9228 
4820 4114 2835 2870 4049 8749 3719 9260 4679 8989 9125 
4821 4050 2839 4114 4117 9219 9259 4701 4702 4642 9208 
4822 389 291 2895 2724 3904 2984 8513 9246 3117 2990 
4823 320 321 373 2937 331 3829 3830 3165 9178 3164 
4824 2919 2814 2786 4057 3257 3573 3585 8995 8466 8374 
4825 4056 302 3835 3844 9160 3900 9137 9258 3901 3853 
4826 2799 4032 4126 4040 8829 4686 9263 9062 4687 4684 
4827 2870 2839 4114 4050 3734 9259 9260 8990 4701 9219 
4828 2866 2865 3968 4107 3796 9266 9265 9215 4387 9261 
4829 2926 4039 2773 4067 9046 9081 3523 9211 9036 4329 
4830 4052 4053 3845 4102 4704 9144 9145 4707 9252 4706 
4831 4034 2908 2802 2807 8689 3644 9146 8690 3652 3381 
4832 316 317 370 2913 327 3820 3819 3153 9240 3152 
4833 3996 2819 2824 2921 8410 3694 8958 8577 3695 3692 
4834 2839 2835 4114 2837 3733 8749 9259 3732 8750 3731 
4835 2895 12 291 389 2983 293 2984 8513 3904 391 
4836 4032 295 2727 2799 9066 3122 8828 8829 3123 3118 
4837 2904 4096 2958 2745 8523 8525 3375 3205 3374 8950 
4838 2933 2845 2881 4018 3763 3768 3485 9116 9003 9177 
4839 2911 334 335 392 3171 350 3172 9237 3914 3912 
4840 2799 2715 2775 4040 3120 3168 3216 9062 9226 9254 
4841 2855 2907 4108 2857 3791 9078 9138 3790 8987 3792 
4842 4126 3962 2715 4110 4359 9244 9253 4361 8799 4161 
4843 4117 4021 4095 2842 4640 4639 4326 9241 9143 8998 
4844 4102 4056 3845 3844 4712 9242 9252 8968 3903 9258 
4845 337 338 2939 394 353 3181 3180 3920 9140 3921 
4846 389 13 291 2724 390 292 3904 9246 2990 2991 
4847 4032 4126 295 2799 4686 9040 9066 8829 3118 9263 
4848 3843 375 4098 365 9264 4162 9248 3858 9255 3810 
4849 4084 2938 2759 2760 9151 3450 8719 8347 3445 3449 
4850 2867 2864 2863 4044 3553 3528 3410 9132 8854 9236 
4851 2779 4038 4067 2778 9231 4662 9256 3525 9147 9238 
4852 2908 3954 2937 2746 8957 9206 3382 3380 3166 9216 
4853 4117 2837 4114 4021 9230 8750 4642 4640 4612 9153 
4854 3835 3845 4056 3844 3883 9242 9137 3901 9258 3903 
4855 4051 2792 2962 2965 8886 3615 8432 9034 3616 3612 
4856 3962 375 4098 3843 4160 4162 4164 9204 9248 9264 
4857 4098 3846 3843 365 8787 3902 9248 9255 3858 3849 
4858 3962 294 14 3843 9170 303 9243 9204 3856 3857 
4859 4041 4098 3837 3843 4358 9257 9210 9205 3886 9248 
4860 2965 2962 4051 2882 3616 8432 9034 3556 8313 3635 
4861 2864 2865 3968 2866 3530 9266 9249 3549 9265 3796 
4862 2799 4126 294 2715 9263 9039 3119 3120 2999 9253 
4863 4038 2779 2915 2778 9231 3544 9247 9238 3545 3525 
4864 2926 2773 2779 4067 3523 3524 3526 9211 9256 9036 
4865 2936 4015 2836 2838 9191 8761 3737 3738 3735 8970 
4866 3967 2950 2753 2911 9196 3418 9006 9234 3176 3417 
4867 4043 2868 2949 2910 9059 3797 8972 8570 3557 3414 
4868 4016 2750 2748 2935 9121 3388 8593 8962 3390 3391 
4869 4050 4114 2870 4049 4701 9260 8990 4370 8989 4679 
4870 4066 302 2897 2716 8946 2993 9203 8960 3142 3139 
4871 2799 2775 2800 4040 3216 3531 3281 9062 9162 9226 
4872 4123 2941 2865 3968 8612 3215 8903 4281 9266 9267 
4873 3962 294 4126 2715 9170 9039 4359 9244 9253 2999 
4874 393 3908 4124 394 3919 8767 4173 404 4172 3922 
4875 2865 4123 3968 4097 8903 4281 9266 8904 4388 4196 
4876 4098 3846 3837 3843 8787 3861 9257 9248 3886 3902 
4877 2941 2774 2865 3968 3086 3529 3215 9267 9266 8983 
4878 3837 4118 4098 4041 9262 4375 9257 9210 4358 4699 
4879 4046 2920 2809 2948 8399 3305 8862 8568 3670 3243 
4880 2845 2847 2942 4099 3764 3767 3766 9008 9056 9167 
4881 2864 2865 2774 3968 3530 3529 3527 9249 8983 9266 
4882 389 4102 3845 3844 9201 9252 3852 3855 3903 8968 
4883 2825 3997 2824 2917 8304 9070 3696 3543 3519 8303 
4884 2824 3997 2825 3995 9070 8304 3696 8974 8476 4510 
4885 3957 2849 2894 2860 8659 3758 8538 8562 3776 3774 
4886 3957 2894 2849 4116 8538 3758 8659 4333 8658 8980 
4887 2908 4036 2746 2807 8692 9180 3380 3381 3379 8691 
4888 2746 4036 2908 3954 9180 8692 3380 9216 8957 4314 
4889 2879 4018 2880 4128 8858 9049 3702 8856 9158 4622 
4890 2880 4018 2879 2881 9049 8858 3702 3798 3799 9003 
4891 4024 2924 4100 2899 8663 8999 4472 8661 8894 3496 
4892 4024 4100 2924 4081 4472 8999 8663 4651 8809 4302 
4893 2965 2949 3949 2826 3559 8905 9106 3613 9105 3697 
4894 2965 3949 2949 2780 9106 8905 3559 3555 3558 8516 
4895 11 3965 267 376 8752 9172 269 3806 3805 4165 
4896 267 3965 11 2945 9172 8752 269 2978 2979 8753 
4897 3964 2870 2830 4049 8991 3709 8465 4367 8557 8989 
4898 3964 2830 2870 2861 8465 3709 8991 8827 3710 3705 
4899 371 2934 2722 318 8267 3160 9035 3822 3155 3159 
4900 371 2722 2934 4104 9035 3160 8267 4150 8266 9000 
4901 3838 3970 4059 3974 8607 4389 8603 8602 4394 4392 
4902 3838 4059 3970 275 8603 4389 8607 3865 8712 8794 
4903 4077 2909 3960 4087 8598 9155 4349 4350 4208 8595 
4904 4077 3960 2909 2798 4349 9155 8598 8916 3304 9092 
4905 4116 2848 4035 4075 9010 9098 4694 4695 4692 9063 
4906 4116 4035 2848 2849 4694 9098 9010 8658 3756 9229 
4907 2961 4096 2958 4105 8951 8525 3376 8500 9133 4312 
4908 2961 2958 4096 2745 3376 8525 8951 3373 8950 3374 
4909 2875 3996 4007 4006 8986 4516 9194 8666 4517 4514 
4910 2875 4007 3996 2921 9194 4516 8986 3426 8577 8576 
4911 4032 3842 296 295 8893 3888 8631 9066 305 3887 
4912 4032 296 3842 4029 8631 3888 8893 4422 8785 8632 
4913 4038 3968 2864 4044 4384 9249 9222 4385 9236 4280 
4914 4038 2864 3968 4107 9222 9249 4384 4386 4387 9220 
4915 2941 3968 427 2774 9267 4276 8610 3086 8337 8983 
4916 427 3968 2941 4123 4276 9267 8610 4140 8612 4281 
3 10 11 76
4917 4731 12 280 3845 4738 290 4739 9268 3851 3850 
4918 296 297 4726 3838 306 4779 4778 3889 9269 3890 
4919 3835 279 280 4723 3881 289 3880 9270 4768 4769 
4920 300 301 4727 3839 310 4787 4786 3897 9271 3898 
4921 299 300 4729 3841 309 4785 4784 3895 9272 3896 
4922 4730 297 298 3840 4780 307 4781 9273 3892 3891 
4923 4731 3835 280 4723 9274 3880 4739 4771 4768 9270 
4924 3840 4730 297 3838 9273 4780 3891 3870 3890 9275 
4925 13 302 3844 4734 312 3853 3854 4741 9276 4743 
4926 4730 4726 297 3838 4758 4779 4780 9275 3890 9269 
4927 4727 4729 300 3841 4767 4785 4786 9277 3896 9272 
4928 3839 4727 300 3841 9271 4786 3897 3879 3896 9277 
4929 302 301 3835 4723 311 3899 3900 4789 9270 4788 
4930 273 274 3842 4728 283 3862 3863 4751 9278 4750 
4931 4726 275 274 3838 4753 284 4754 9269 3866 3865 
4932 3839 301 4727 4723 3898 4787 9271 9279 4770 4788 
4933 3835 301 3839 4723 3899 3898 3882 9270 9279 4788 
4934 4727 279 278 3839 4765 288 4766 9271 3878 3877 
4935 4729 278 277 3841 4762 287 4763 9272 3875 3874 
4936 3841 4729 299 4724 9272 4784 3895 9280 4783 4764 
4937 3840 298 4730 4724 3892 4781 9273 9281 4761 4782 
4938 4730 276 275 3840 4756 285 4757 9273 3869 3868 
4939 3844 389 13 4734 3855 390 3854 9276 4741 9282 
4940 276 277 3836 4724 286 3871 3872 4760 9283 4759 
4941 11 444 4733 3846 446 4737 4736 3848 9284 9285 
4942 3837 3842 295 4728 3864 3887 3885 9286 4776 9278 
4943 4726 3842 274 4728 9287 3862 4754 4755 4750 9278 
4944 3839 278 4727 3841 3878 4766 9271 3879 9277 3874 
4945 3837 295 294 4725 3885 304 3884 9288 4773 4774 
4946 3840 3836 298 4724 3873 3893 3892 9281 4782 9283 
4947 3836 3841 299 4724 3876 3895 3894 9283 4783 9280 
4948 11 272 3846 4733 281 3847 3848 4736 9284 4735 
4949 4726 274 3842 3838 4754 3862 9287 9269 3867 3866 
4950 4725 3837 295 4728 9288 3885 4774 4752 4776 9286 
4951 296 295 3842 4728 305 3887 3888 4777 9278 4776 
4952 278 4729 4727 3841 4762 4767 4766 3874 9277 9272 
4953 272 273 3837 4725 282 3859 3860 4748 9288 4747 
4954 3836 299 298 4724 3894 308 3893 9283 4782 4783 
4955 302 3835 3844 4723 3900 3901 3853 4789 9289 9270 
4956 3845 3835 4731 3844 3883 9274 9268 3903 9290 3901 
4957 3846 272 3837 4733 3847 3860 3861 9284 9291 4735 
4958 444 11 365 3846 446 367 4792 9285 3849 3848 
4959 3843 294 14 4732 3857 303 3856 9292 4744 4745 
4960 4723 3844 302 4734 9289 3853 4789 4790 4743 9276 
4961 389 291 13 4734 3904 292 390 9282 4741 4742 
4962 4725 3837 272 4733 9288 3860 4748 4749 4735 9291 
4963 3835 280 3845 4731 3880 3851 3883 9274 9268 4739 
4964 4731 3844 4723 4734 9290 9289 4771 4772 4790 9276 
4965 3846 4733 4732 444 9284 4791 9293 9285 4746 4737 
4966 4733 4725 3837 4732 4749 9288 9291 4791 9294 4775 
4967 444 4732 3846 365 4746 9293 9285 4792 3849 9295 
4968 4732 3843 3846 365 9292 3902 9293 9295 3849 3858 
4969 389 3845 4731 3844 3852 9268 9296 3855 9290 3903 
4970 3844 3835 4731 4723 3901 9274 9290 9289 4771 9270 
4971 4731 12 389 291 4738 391 9296 4740 3904 293 
4972 4731 389 12 3845 9296 391 4738 9268 3850 3852 
4973 4726 296 3842 4728 4778 3888 9287 4755 9278 4777 
4974 4726 3842 296 3838 9287 3888 4778 9269 3889 3867 
4975 4730 3838 275 4726 9275 3865 4757 4758 4753 9269 
4976 275 3838 4730 3840 3865 9275 4757 3869 9273 3870 
4977 3837 4732 294 3843 9294 4745 3884 3886 3857 9292 
4978 294 4732 3837 4725 4745 9294 3884 4773 9288 4775 
4979 4723 3839 279 4727 9279 3877 4769 4770 4765 9271 
4980 4723 279 3839 3835 4769 3877 9279 9270 3882 3881 
4981 3837 4728 273 3842 9286 4751 3859 3864 3863 9278 
4982 273 4728 3837 4725 4751 9286 3859 4747 9288 4752 
4983 4724 3840 276 4730 9281 3868 4760 4761 4756 9273 
4984 4724 276 3840 3836 4760 3868 9281 9283 3873 3872 
4985 3841 4724 277 4729 9280 4759 3875 9272 4763 4764 
4986 277 4724 3841 3836 4759 9280 3875 3871 3876 9283 
4987 4732 365 14 3843 9295 366 4744 9292 3856 3858 
4988 14 365 4732 444 366 9295 4744 445 4746 4792 
4989 389 4734 4731 291 9282 4772 9296 3904 4740 4742 
4990 4731 4734 389 3844 4772 9282 9296 9290 3855 9276 
4991 4732 3846 3837 4733 9293 3861 9294 4791 9291 9284 
4992 4732 3837 3846 3843 9294 3861 9293 9292 3902 3886 
3 11 11 174
4993 93 92 4813 1766 103 4854 4853 1787 9297 1788 
4994 183 182 94 4895 193 1791 1793 4925 9298 4924 
4995 318 319 4813 3801 329 4860 4855 3823 9299 3824 
4996 372 373 320 4895 383 3830 3826 4928 9300 4933 
4997 371 317 370 4893 3821 3820 381 4923 4918 9301 
4998 313 15 368 4886 3804 378 3813 9302 4903 4897 
4999 181 180 91 4893 191 1784 1785 4915 9303 4914 
5000 368 369 314 4894 379 3817 3815 4908 9304 4913 
5001 316 369 370 4892 3818 380 3819 9305 4917 4912 
5002 376 377 267 4888 387 3814 3805 4947 9306 4950 
5003 87 178 8 4886 1777 188 1768 9307 4898 4901 
5004 184 3 185 4889 1770 1773 195 4934 4935 9308 
5005 8 187 150 4887 198 1778 1769 4899 9309 4902 
5006 90 180 179 4892 1783 190 1782 9310 4909 4910 
5007 187 186 149 4888 197 1774 1799 4945 9311 4944 
5008 178 88 179 4894 1779 1781 189 4905 4906 9312 
5009 374 375 14 4889 385 3811 3809 4937 9313 4942 
5010 377 15 268 4887 388 3802 3812 4904 9314 4900 
5011 316 369 4892 4811 3818 4912 9305 4845 9315 9316 
5012 90 179 4811 4892 1782 9317 4838 9310 9315 4909 
5013 375 376 365 4896 386 3807 3810 4943 9318 4948 
5014 175 6 186 4875 177 1775 1776 4882 9319 4881 
5015 365 376 11 4875 3807 3806 367 4883 4880 9320 
5016 175 186 185 4896 1776 196 1772 9321 4939 4940 
5017 321 322 4820 3800 332 4874 4872 3831 9322 3832 
5018 1765 95 96 4820 1796 106 1795 9323 4868 4869 
5019 373 374 3800 4891 384 3834 3833 4932 9324 4938 
5020 3 175 185 4876 176 1772 1773 4877 9325 4879 
5021 375 365 14 4876 3810 366 3811 9326 4878 4884 
5022 319 320 4819 372 330 4867 4862 3827 9327 3826 
5023 94 93 4819 182 104 4859 4858 1791 9328 1790 
5024 182 181 1766 4890 192 1789 1792 4920 9329 4919 
5025 184 183 1765 4891 194 1797 1798 4930 9330 4929 
5026 4886 313 15 4812 9302 3804 4897 9331 9332 4827 
5027 371 372 3801 4890 382 3828 3825 4922 9333 4927 
5028 8 87 4886 4812 1768 9307 4898 9334 9331 4823 
5029 92 91 4817 181 102 4849 4848 1786 9335 1785 
5030 4887 150 8 4794 9309 1769 4899 9336 9337 4798 
5031 4887 15 268 4794 4900 3802 9314 9336 4802 9338 
5032 317 371 318 4817 3821 3822 328 4850 4857 9339 
5033 376 365 4896 4875 3807 9318 4948 9320 9340 4883 
5034 315 369 316 4811 3816 3818 326 4840 4845 9316 
5035 186 175 4875 4896 1776 4882 9319 4940 9340 9321 
5036 90 179 89 4811 1782 1780 100 4838 4839 9317 
5037 322 14 4814 374 333 4824 4828 3808 9341 3809 
5038 9 313 4812 15 323 4827 4822 3803 9332 3804 
5039 267 4793 376 4888 4803 9342 3805 9306 4947 9343 
5040 313 314 4815 368 324 4835 4832 3813 9344 3815 
5041 89 88 4816 179 99 4834 4833 1780 9345 1781 
5042 314 315 4816 369 325 4842 4837 3817 9346 3816 
5043 149 186 4793 4888 1774 9347 4801 9311 9343 4944 
5044 3 96 4814 184 107 4826 4825 1770 9348 1771 
5045 87 2 4812 8 97 4821 4823 1768 9334 1767 
5046 268 9 4794 15 271 4796 4802 3802 9338 3803 
5047 2 150 4794 8 153 4798 4797 1767 9337 1769 
5048 149 6 4793 186 151 4799 4801 1774 9347 1775 
5049 11 267 4793 376 269 4803 4800 3806 9342 3805 
5050 316 317 4818 370 327 4852 4847 3819 9349 3820 
5051 88 87 4815 178 98 4830 4829 1779 9350 1777 
5052 91 90 4818 180 101 4844 4843 1784 9351 1783 
5053 4816 4894 314 369 9352 9304 4837 9346 3817 4913 
5054 4894 88 179 4816 9312 1781 4906 9352 9345 4834 
5055 267 268 4795 377 270 4809 4807 3814 9353 3812 
5056 320 321 4810 373 331 4870 4865 3830 9354 3829 
5057 150 149 4795 187 152 4805 4804 1778 9355 1799 
5058 95 94 4810 183 105 4864 4863 1794 9356 1793 
5059 371 4817 317 4893 9339 4850 3821 4923 9301 9357 
5060 181 91 4817 4893 1785 4849 9335 4915 9357 9303 
5061 4895 94 183 4810 9298 1793 4925 9358 9356 4864 
5062 320 4895 373 4810 9300 4933 3830 4865 9354 9358 
5063 368 178 4894 4815 4907 4905 4908 9344 9359 9350 
5064 4819 320 4895 372 4867 9300 9360 9327 4928 3826 
5065 182 94 4895 4819 1791 9298 4924 9328 9360 4858 
5066 368 4894 314 4815 4908 9304 3815 9344 4835 9359 
5067 4795 377 187 4888 9353 4949 9355 9361 4945 4950 
5068 4893 180 91 4818 4914 1784 9303 9362 4843 9351 
5069 370 4893 317 4818 4918 9301 3820 9349 4852 9362 
5070 370 180 4893 4818 4916 4914 4918 9349 9362 9351 
5071 4889 184 3 4814 4934 1770 9308 9363 4825 9348 
5072 374 4889 14 4814 4937 9313 3809 9341 4824 9363 
5073 178 88 4894 4815 1779 9312 4905 9350 9359 4829 
5074 3 185 4889 4876 1773 4935 9308 4877 9364 9325 
5075 375 14 4889 4876 3811 9313 4942 9326 9364 4878 
5076 4795 187 149 4888 9355 1799 4805 9361 9311 4945 
5077 267 377 4795 4888 3814 9353 4807 9306 9361 4950 
5078 4819 4895 182 372 9360 4924 9328 9327 4926 4928 
5079 149 267 4795 4888 4806 4807 4805 9311 9361 9306 
5080 4895 94 320 4819 9298 4866 9300 9360 4867 4858 
5081 91 317 4893 4818 4851 9301 9303 4843 9362 4852 
5082 4894 88 314 4815 9312 4836 9304 9359 4835 4829 
5083 184 4889 374 4814 4934 4937 4936 9348 9341 9363 
5084 373 4895 183 4810 4933 4925 4931 9354 9356 9358 
5085 4895 320 94 4810 9300 4866 9298 9358 4864 4865 
5086 4890 1766 182 3801 9329 1792 4920 9333 9365 9366 
5087 181 4817 371 4893 9335 9339 4921 4915 4923 9357 
5088 1766 93 182 3801 1787 1790 1792 9366 9365 9367 
5089 4817 91 317 4893 4849 4851 4850 9357 9301 9303 
5090 179 369 4811 4892 4911 9316 9317 4909 9315 4912 
5091 376 4793 186 4888 9342 9347 4946 4947 4944 9343 
5092 4886 15 8 4812 4897 450 4898 9331 9334 9332 
5093 4887 8 15 4794 4899 450 4900 9336 9338 9337 
5094 1765 96 184 3800 1795 1771 1798 9368 9369 9370 
5095 1765 3800 4891 373 9368 9324 9330 9371 4932 3833 
5096 4793 267 149 4888 4803 4806 4801 9343 9311 9306 
5097 314 88 4894 4816 4836 9312 9304 4837 9352 4834 
5098 184 1765 3800 4891 1798 9368 9369 4930 9324 9330 
5099 368 178 87 4886 4907 1777 9372 4903 9307 4901 
5100 319 93 182 4819 4861 1790 9373 4862 9328 4859 
5101 4887 268 150 4794 9314 4808 9309 9336 4798 4802 
5102 179 4894 4816 369 4906 9352 9345 4911 9346 4913 
5103 3801 1766 318 371 9366 9374 3823 3825 3822 9375 
5104 87 313 4886 4812 4831 9302 9307 4823 9331 4827 
5105 4820 96 1765 3800 4868 1795 9323 9322 9368 9370 
5106 87 178 368 4815 1777 4907 9372 4830 9344 9350 
5107 322 184 4814 96 9376 9348 4828 4873 4826 1771 
5108 4819 182 319 372 9328 9373 4862 9327 3827 4926 
5109 318 1766 3801 4813 9374 9366 3823 4855 9299 9297 
5110 315 179 4811 89 9377 9317 4840 4841 4839 1780 
5111 4811 316 90 4892 4845 4846 4838 9315 9310 9305 
5112 184 322 4814 374 9376 4828 9348 4936 9341 3808 
5113 4817 318 92 371 4857 4856 4848 9339 9378 3822 
5114 4889 3 14 4814 9308 449 9313 9363 4824 4825 
5115 375 4889 185 4876 4942 4935 4941 9326 9325 9364 
5116 319 182 93 3801 9373 1790 4861 3824 9367 9365 
5117 3801 1766 93 4813 9366 1787 9367 9299 4853 9297 
5118 368 87 313 4886 9372 4831 3813 4903 9302 9307 
5119 368 313 87 4815 3813 4831 9372 9344 4830 4832 
5120 4817 92 181 371 4848 1786 9335 9339 4921 9378 
5121 179 89 315 4816 1780 4841 9377 9345 4842 4833 
5122 187 150 4887 377 1778 9309 4902 4949 4904 9379 
5123 372 4890 182 3801 4927 4920 4926 3828 9365 9333 
5124 4892 90 180 370 9310 1783 4910 4917 4916 9380 
5125 377 187 150 4795 4949 1778 9379 9353 4804 9355 
5126 372 182 319 3801 4926 9373 3827 3828 3824 9365 
5127 2 15 9 4812 9381 3803 447 4821 4822 9332 
5128 9 15 2 4794 3803 9381 447 4796 4797 9338 
5129 322 184 96 3800 9376 1771 4873 3832 9370 9369 
5130 370 90 180 4818 9380 1783 4916 9349 9351 4844 
5131 3801 4890 1766 371 9333 9329 9366 3825 9375 4922 
5132 4887 150 268 377 9309 4808 9314 4904 3812 9379 
5133 3800 1765 95 373 9368 1796 9382 3833 9383 9371 
5134 377 150 268 4795 9379 4808 3812 9353 4809 4804 
5135 376 186 4875 4896 4946 9319 9320 4948 9340 4940 
5136 184 322 374 3800 9376 3808 4936 9369 3834 3832 
5137 179 315 4811 369 9377 4840 9317 4911 9316 3816 
5138 186 11 6 4793 9384 448 1775 9347 4799 4800 
5139 4889 14 3 4876 9313 449 9308 9364 4877 4878 
5140 15 2 8 4812 9381 1767 450 9332 9334 4821 
5141 8 2 15 4794 1767 9381 450 9337 9338 4797 
5142 92 318 1766 371 4856 9374 1788 9378 9375 3822 
5143 4793 186 11 376 9347 9384 4800 9342 3806 4946 
5144 4892 316 90 370 9305 4846 9310 4917 9380 3819 
5145 1766 181 92 371 1789 1786 1788 9375 9378 4921 
5146 4816 315 179 369 4842 9377 9345 9346 4911 3816 
5147 316 90 370 4818 4846 9380 3819 4847 9349 4844 
5148 322 96 4820 3800 4873 4868 4874 3832 9322 9370 
5149 1766 318 92 4813 9374 4856 1788 9297 4854 4855 
5150 4896 175 4875 365 9321 4882 9340 9318 4883 4885 
5151 186 6 11 4875 1775 448 9384 9319 4880 4881 
5152 4891 183 1765 373 4929 1797 9330 4932 9371 4931 
5153 3800 374 184 4891 3834 4936 9369 9324 4930 4938 
5154 4875 11 186 376 4880 9384 9319 9320 4946 3806 
5155 183 95 373 4810 1794 9383 4931 9356 9354 4863 
5156 4820 1765 95 3800 9323 1796 4869 9322 9382 9368 
5157 3801 93 319 4813 9367 4861 3824 9299 4860 4853 
5158 183 95 1765 373 1794 1796 1797 4931 9371 9383 
5159 375 185 175 4876 4941 1772 9385 9326 4879 9325 
5160 4896 185 175 375 4939 1772 9321 4943 9385 4941 
5161 181 1766 4890 371 1789 9329 4919 4921 4922 9375 
5162 175 375 4876 365 9385 9326 4879 4885 4884 3810 
5163 175 4896 375 365 9321 4943 9385 4885 3810 9318 
5164 373 95 321 4810 9383 4871 3829 9354 4870 4863 
5165 3800 95 321 373 9382 4871 3831 3833 3829 9383 
5166 4820 95 321 3800 4869 4871 4872 9322 3831 9382 
3 12 11 16
5167 4875 6 11 4951 4881 448 4880 9386 4956 4957 
5168 4876 14 3 4952 4878 449 4877 9387 4953 4954 
5169 4875 175 444 365 4882 9388 9389 4883 4792 4885 
5170 444 11 4875 365 446 4880 9389 4792 4883 367 
5171 4875 11 444 4951 4880 446 9389 9386 4959 4956 
5172 175 4876 444 365 4879 9390 9388 4885 4792 4884 
5173 14 444 4876 365 445 9390 4878 366 4884 4792 
5174 14 4876 444 4952 4878 9390 445 4954 4960 9387 
5175 6 233 4875 175 235 9391 4881 177 4882 2714 
5176 6 4875 233 4951 4881 9391 235 4957 4958 9386 
5177 444 4875 233 175 9389 9391 4961 9388 2714 4882 
5178 444 233 4875 4951 4961 9391 9389 4959 9386 4958 
5179 3 233 4876 4952 234 9392 4877 4953 9387 4955 
5180 3 4876 233 175 4877 9392 234 176 2714 4879 
5181 444 4876 233 4952 9390 9392 4961 4960 4955 9387 
5182 444 233 4876 175 4961 9392 9390 9388 4879 2714 
3 13 11 769
5183 5170 5169 5297 4951 5219 9393 9394 9395 9396 9397 
5184 5170 6 5169 4951 9398 9399 5219 9395 9397 4957 
5185 5170 11 6 4951 9400 448 9398 9395 4957 4956 
5186 5345 4962 4965 2656 9401 4972 9402 9403 9404 9405 
5187 5710 5713 4734 5344 5725 9406 9407 9408 9409 9410 
5188 5601 5345 4967 4965 9411 9412 9413 9414 4994 9402 
5189 5176 5346 5714 5712 9415 9416 9417 9418 5737 9419 
5190 5344 5715 5713 5602 9420 5742 9410 9421 9422 9423 
5191 5343 4966 4964 5175 9424 4989 9425 9426 9427 9428 
5192 2656 5320 5345 5300 9429 5423 9403 9430 5361 5567 
5193 3 5595 4952 5596 9431 9432 4953 9433 9434 5645 
5194 4962 4967 5345 4965 4991 9412 9401 4972 9402 4994 
5195 5711 5714 5346 5712 5741 9416 9435 5720 9419 5737 
5196 5322 4734 5293 5344 9436 9437 5532 5478 5475 9409 
5197 5713 5710 5715 5344 5725 5739 5742 9410 9420 9408 
5198 4964 4963 4966 5343 4977 4993 4989 9425 9424 9438 
5199 5345 5601 5600 4965 9411 5615 9439 9402 9440 9414 
5200 5346 5176 5173 5712 9415 5283 9441 9419 9442 9418 
5201 278 5082 5158 5309 5138 9443 9444 9445 9446 9447 
5202 5346 5173 280 5712 9441 9448 9449 9419 9450 9442 
5203 111 5004 5591 5291 5033 9451 9452 9453 9454 9455 
5204 5001 110 111 5312 5028 120 5029 9456 9457 9458 
5205 5004 111 112 5291 5033 121 5034 9455 9459 9453 
5206 4964 5343 5175 5174 9425 9426 9427 9460 5189 9461 
5207 5713 5344 5602 5599 9410 9421 9422 9462 5709 9463 
5208 110 5001 5598 5312 5028 9464 9465 9458 9466 9456 
5209 277 5083 5159 5302 5135 9467 9468 9469 9470 9471 
5210 133 5313 5165 5084 9472 9473 9474 5114 9475 9476 
5211 132 5295 5172 5081 9477 9478 9479 5109 9480 9481 
5212 5312 5334 111 5291 5520 9482 9457 5432 9453 5521 
5213 5598 5001 111 5312 9464 5029 9483 9466 9457 9456 
5214 5311 5288 5332 2649 5438 5504 5503 9484 9485 9486 
5215 5591 5004 112 5291 9451 5034 9487 9454 9459 9455 
5216 5297 233 5335 4951 9488 9489 5551 9396 9490 4958 
5217 5083 277 276 5302 5135 286 5136 9471 9491 9469 
5218 5298 134 5313 5336 9492 9493 5380 5557 5558 9494 
5219 5313 133 134 5084 9472 143 9493 9476 5113 5114 
5220 5302 5309 277 5328 5413 9495 9469 5572 9496 5571 
5221 5295 132 133 5081 9477 142 9497 9481 5108 5109 
5222 5159 5083 276 5302 9467 5136 9498 9470 9491 9471 
5223 5165 5313 134 5084 9473 9493 9499 9475 5113 9476 
5224 274 5314 5286 5329 9500 5404 9501 9502 5495 5496 
5225 5158 5082 277 5309 9443 5139 9503 9446 9495 9447 
5226 5172 5295 133 5081 9478 9497 9504 9480 5108 9481 
5227 2645 5330 5308 5296 9505 5546 9506 9507 5386 5545 
5228 5338 295 5319 5292 9508 9509 5525 5526 5456 9510 
5229 5315 5299 272 4733 5398 9511 9512 9513 4735 9514 
5230 5305 5285 4724 5328 5468 9515 9516 5489 9517 5488 
5231 5332 2649 5308 5298 9485 9518 5555 5556 5383 9519 
5232 5289 5316 115 5337 5444 9520 9521 5509 9522 5508 
5233 299 5285 5586 5003 9523 9524 9525 5056 9526 9527 
5234 4952 14 3 5596 4954 449 4953 9434 9433 9528 
5235 5320 5345 108 2656 5423 9529 9530 9429 2661 9403 
5236 5711 5346 280 5712 9435 9449 9531 5720 9450 9419 
5237 298 5285 5307 5339 9532 5465 9533 9534 5490 5491 
5238 5311 5291 2646 5336 5435 9535 9536 5519 9537 5518 
5239 5295 5326 132 5303 5540 9538 9477 5374 9539 5541 
5240 5301 4731 5321 5342 9540 9541 5570 5568 5569 9542 
5241 300 5305 5585 5002 9543 9544 9545 5059 9546 9547 
5242 4999 109 110 5287 5023 119 5024 9548 9549 9550 
5243 5586 5285 298 5003 9524 9532 9551 9526 5055 9527 
5244 5297 2655 138 5318 9552 2667 9553 5392 9554 9555 
5245 5306 5340 297 5307 5578 9556 9557 5462 9558 5579 
5246 5341 5323 2653 5294 5537 9559 9560 5536 9561 5538 
5247 5585 5305 299 5002 9544 9562 9563 9546 5058 9547 
5248 5326 5287 5312 2647 5498 5429 5499 9564 9565 9566 
5249 5315 272 5170 4733 9512 9567 9568 9513 9569 4735 
5250 5288 5311 113 2649 5438 9570 9571 9486 2684 9484 
5251 131 132 5303 5079 141 9539 9572 5104 9573 5103 
5252 5291 5334 111 2651 5521 9482 9453 9574 2678 9575 
5253 5292 5329 4728 5306 5523 9576 9577 5459 9578 5524 
5254 5318 138 5297 5169 9554 9553 5392 9579 9393 9580 
5255 138 5318 5168 5169 9554 9581 9582 9580 5216 9579 
5256 272 5171 5299 5315 9583 9584 9511 9512 5398 9585 
5257 5171 272 5170 5315 9583 9567 5222 9585 9568 9512 
5258 5294 130 131 5077 9586 140 9587 9588 5099 5100 
5259 5321 5346 280 5301 5420 9449 9589 5570 9590 5482 
5260 280 279 5078 5321 289 5149 5148 9589 9591 9592 
5261 5589 108 4997 5320 9593 5019 9594 9595 9596 9530 
5262 5341 5300 2656 2653 5565 9430 9597 9560 2694 9598 
5263 5308 136 2645 5296 9599 2709 9506 5386 9507 9600 
5264 5293 4734 302 5344 9437 4743 9601 5475 9602 9409 
5265 134 2651 5313 5336 2702 9603 9493 9494 5558 9604 
5266 5285 299 298 5003 9523 308 9532 9527 5055 5056 
5267 2646 134 5298 5336 2705 9492 9605 9537 5557 9494 
5268 5316 5288 2645 5330 5441 9606 9607 5506 9505 5505 
5269 2656 5345 4962 5300 9403 9401 9405 9430 9608 5361 
5270 5312 111 5334 2647 9457 9482 5520 9565 9609 2676 
5271 4724 5302 277 5328 9610 9469 4759 9517 9496 5572 
5272 5305 5327 300 5304 5575 9611 9543 5471 9612 5576 
5273 138 2655 5297 5169 2667 9552 9553 9580 9393 9613 
5274 5308 2649 135 5298 9518 2707 9614 5383 9615 9519 
5275 131 5303 5324 5294 9572 5534 9616 9587 5535 5371 
5276 5287 5320 109 5324 5426 9617 9550 5501 9618 5500 
5277 5305 300 299 5002 9543 309 9562 9547 5058 5059 
5278 5311 5291 112 2646 5435 9459 9619 9536 2681 9535 
5279 2647 5326 132 5295 9564 9538 2701 9620 9477 5540 
5280 5334 2647 2651 5295 9609 2680 9575 5543 9621 9620 
5281 5076 280 5173 5712 5096 9448 9622 9623 9442 9450 
5282 301 5304 5325 5293 9624 5528 9625 9626 5529 5474 
5283 4963 2653 5323 5343 9627 9559 9628 9438 5365 9629 
5284 5284 5321 279 5325 5419 9592 9630 5486 9631 5485 
5285 5314 274 4728 5329 9500 4750 9632 5496 9576 9502 
5286 4731 5342 5322 4734 9542 5531 9633 4772 9436 9634 
5287 5173 5155 5176 5346 5244 5282 5283 9441 9415 9635 
5288 5311 5332 2646 2649 5503 9636 9536 9484 2686 9485 
5289 5310 275 5157 5286 9637 9638 9639 5407 9640 9641 
5290 5161 275 5157 5310 9642 9638 5231 9643 9639 9637 
5291 4725 5338 295 5319 9644 9508 4774 9645 9509 5525 
5292 5600 5589 5601 5345 5618 5673 5615 9439 9411 9646 
5293 5304 301 300 5000 9624 310 9612 9647 5063 5064 
5294 5316 5288 114 2645 5441 9648 9649 9607 2687 9606 
5295 5156 5080 278 5284 9650 5144 9651 9652 9653 9654 
5296 5582 302 5293 4998 9655 9601 9656 9657 9658 5069 
5297 5160 273 5171 5299 9659 9660 5225 9661 9584 9662 
5298 273 5160 5314 5299 9659 9663 9664 9662 5401 9661 
5299 5288 114 5593 5316 9648 9665 9666 5441 9667 9649 
5300 5592 114 5593 5288 9668 9665 5636 9669 9666 9648 
5301 5588 113 5592 5311 9670 9671 5633 9672 9673 9570 
5302 5311 113 5592 5288 9570 9671 9673 5438 9669 9571 
5303 2645 115 5316 5337 2688 9520 9607 9674 5508 9522 
5304 5296 5308 136 5167 5386 9599 9600 9675 9676 9677 
5305 5166 136 5308 5167 9678 9599 9679 5210 9677 9676 
5306 5588 5591 112 5311 5630 9487 9680 9672 9619 9681 
5307 5291 112 5591 5311 9459 9487 9454 5435 9681 9619 
5308 5314 5299 5338 4725 5401 5561 5560 9682 9644 9683 
5309 5312 5287 110 2647 5429 9549 9458 9565 2675 9566 
5310 5312 111 5591 5291 9457 9452 9684 5432 9454 9453 
5311 4728 295 5338 5292 4776 9508 9685 9577 5526 9510 
5312 5330 2649 2645 5308 9686 2689 9505 5546 9506 9518 
5313 5164 5175 5343 5174 5247 9426 9687 5192 9461 5189 
5314 5582 5602 5344 5599 5708 9421 9688 5670 9463 5709 
5315 132 5326 2652 5303 9538 9689 2698 9539 9690 5541 
5316 137 5318 5167 5168 9691 9692 9693 9694 5213 9581 
5317 137 5318 5296 5167 9691 5389 9695 9693 9675 9692 
5318 2651 2646 5291 5336 2683 9535 9574 9604 5518 9537 
5319 298 4724 5285 5339 4782 9515 9532 9534 5491 9696 
5320 5598 111 5591 5312 9483 9452 5627 9466 9684 9457 
5321 2649 5332 2646 5298 9485 9636 2686 9519 9605 5556 
5322 5285 4724 299 5305 9515 4783 9523 5468 9562 9516 
5323 5590 4999 110 5287 9697 5024 9698 9699 9549 9548 
5324 135 5298 5162 5166 9615 9700 9701 9702 5207 9703 
5325 5298 135 5308 5166 9615 9614 5383 9703 9679 9702 
5326 4729 277 5309 5328 4763 9495 9704 9705 5571 9496 
5327 5710 4734 5322 5344 9407 9436 9706 9408 5478 9409 
5328 5596 5290 294 5597 9707 9708 9709 5648 9710 9711 
5329 5290 5319 294 5597 5453 9712 9708 9711 9710 9713 
5330 5300 5341 5323 2653 5565 5537 5364 9598 9559 9560 
5331 109 4999 5590 5287 5023 9697 9714 9550 9699 9548 
5332 5302 276 5161 5310 9491 9715 9716 5410 9643 9717 
5333 5159 276 5161 5302 9498 9715 5234 9470 9716 9491 
5334 5162 5313 134 5165 9718 9493 9719 5204 9499 9473 
5335 5298 5313 134 5162 5380 9493 9492 9700 9719 9718 
5336 5163 5303 132 5079 9720 9539 9721 9722 5103 9573 
5337 277 5159 5309 5302 9468 9723 9495 9469 5413 9470 
5338 130 5294 5164 5077 9586 9724 9725 5100 9726 9588 
5339 2652 5287 109 5324 9727 9550 2672 9728 9618 5501 
5340 5325 5321 279 4723 5485 9592 9631 9729 4769 9730 
5341 2648 109 5320 5324 2670 9617 9731 9732 5500 9618 
5342 5158 277 5159 5309 9503 9468 5237 9446 9723 9495 
5343 279 5080 5156 5284 5143 9650 9733 9630 9652 9654 
5344 133 5295 5172 5165 9497 9478 9504 9474 5201 9734 
5345 5295 133 5313 5165 9497 9472 5377 9734 9473 9474 
5346 2650 5289 115 5337 9735 9521 2690 9736 9522 5509 
5347 274 5160 5157 5314 9737 5228 9738 9500 9739 9663 
5348 5314 5157 274 5286 9739 9738 9500 5404 9501 9640 
5349 5342 5301 4731 5322 5568 9540 9542 5531 9633 5481 
5350 5305 4724 4729 5328 9516 4764 9740 5489 9705 9517 
5351 2648 131 5324 5294 2695 9616 9732 9741 5535 9587 
5352 5299 5314 273 4725 5401 9664 9662 9683 4747 9682 
5353 2647 111 5334 2651 2676 9482 9609 2680 9575 2678 
5354 601 5584 5306 5583 5699 9742 5458 5696 9743 5657 
5355 5168 5318 5167 553 9581 9692 5213 5260 5259 5388 
5356 5597 5319 5587 599 9713 9744 5651 5692 5695 5452 
5357 5587 5319 5292 599 9744 5456 9745 5695 5454 5452 
5358 5316 5593 595 5289 9667 5684 5440 5444 5442 9746 
5359 5167 5318 5296 553 9692 5389 9675 5259 5384 5388 
5360 5587 600 5292 5583 5694 5455 9745 5654 9747 5697 
5361 5593 5594 595 5289 5639 5687 5684 9746 5442 9748 
5362 5288 5593 594 5316 9666 5685 5437 5441 5439 9667 
5363 596 5594 5595 5289 5686 5642 5689 5443 9749 9748 
5364 555 5169 5297 5170 5263 9393 5390 5264 9394 5219 
5365 551 5162 5298 5166 5255 9700 5378 5256 9703 5207 
5366 5593 5288 594 5592 9666 5437 5685 5636 5682 9669 
5367 5160 5171 557 5299 5225 5267 5268 9661 5396 9584 
5368 5597 5596 5290 598 5648 9707 9711 5693 5449 5690 
5369 5165 5162 5313 550 5204 9718 9473 5253 5375 5254 
5370 551 5298 5308 5166 5378 5383 5382 5256 9679 9703 
5371 5298 5313 5162 550 5380 9718 9700 5379 5254 5375 
5372 5289 5595 596 5317 9749 5689 5443 5447 5445 9750 
5373 5166 5308 552 5167 9679 5381 5257 5210 5258 9677 
5374 5297 555 5170 5315 5390 5264 9394 5395 9568 5394 
5375 5290 5319 5597 598 5453 9713 9711 5449 5693 5451 
5376 5314 5160 557 5299 9663 5268 5400 5401 5396 9661 
5377 5171 5170 556 5315 5222 5265 5266 9585 5393 9568 
5378 600 5306 5292 5583 5457 5459 5455 5697 9747 9743 
5379 5311 5592 593 5288 9673 5683 5434 5438 5436 9669 
5380 5592 593 5588 5311 5683 5680 5633 9673 9672 5434 
5381 5299 5171 556 5315 9584 5266 5397 5398 5393 9585 
5382 5584 5306 5307 601 9742 5462 9751 5699 5460 5458 
5383 5308 5296 552 5167 5386 5385 5381 9677 5258 9675 
5384 5318 5168 5169 554 9581 5216 9579 5387 5262 5261 
5385 5169 5297 5318 554 9393 5392 9579 5262 5387 5391 
5386 5310 5157 559 5286 9639 5271 5406 5407 5402 9640 
5387 558 5157 5160 5314 5270 5228 5269 5399 9663 9739 
5388 5314 558 5157 5286 5399 5270 9739 5404 9640 5403 
5389 5157 559 5161 5310 5271 5272 5231 9639 9643 5406 
5390 5302 5161 560 5310 9716 5273 5409 5410 5405 9643 
5391 5159 5161 560 5302 5234 5273 5274 9470 5409 9716 
5392 592 5591 5588 5311 5678 5630 5681 5433 9672 9681 
5393 5591 591 5312 5291 5679 5428 9684 9454 5432 5430 
5394 5591 592 5291 5311 5678 5431 9454 9681 5435 5433 
5395 5309 5159 561 5302 9723 5275 5412 5413 5408 9470 
5396 295 5319 5292 5587 9509 5456 9510 9752 9745 9744 
5397 295 5319 5587 5597 9509 9744 9752 9753 5651 9713 
5398 5586 5584 5285 602 5660 9754 9524 5701 5463 5698 
5399 5307 5285 5584 602 5465 9754 9751 5461 5698 5463 
5400 5284 5309 5327 4729 5416 5484 5483 9755 9756 9704 
5401 5598 5591 591 5312 5627 5679 5676 9466 5428 9684 
5402 5307 4730 298 5339 9757 4781 9533 5490 9534 9758 
5403 5155 280 5078 5321 9759 5148 9760 9761 9591 9589 
5404 5303 2652 131 5324 9690 2699 9572 5534 9616 9728 
5405 5165 5313 5295 549 9473 5377 9734 5252 5372 5376 
5406 5165 5295 5172 549 9734 9478 5201 5252 5251 5372 
5407 5163 131 5303 5079 9762 9572 9720 9722 9573 5104 
5408 5158 5159 561 5309 5237 5275 5276 9446 5412 9723 
5409 4726 274 5286 5329 4754 9501 9763 9764 5495 9502 
5410 5326 5287 2647 2652 5498 9566 9564 9689 2677 9727 
5411 2651 134 2646 5336 2702 2705 2683 9604 9537 9494 
5412 4962 2656 5300 2653 9405 9430 9608 9765 9598 2694 
5413 5589 4997 109 5320 9594 5020 9766 9595 9617 9596 
5414 115 5593 5316 5289 9767 9667 9520 9521 5444 9746 
5415 5593 115 5594 5289 9767 9768 5639 9746 9748 9521 
5416 2646 113 5311 2649 2682 9570 9536 2686 9484 2684 
5417 301 5304 5581 5000 9624 9769 9770 5064 9771 9647 
5418 4729 5327 300 5305 9756 9611 4785 9740 9543 5575 
5419 4730 5310 5302 5339 9772 5410 9773 9758 5573 5574 
5420 5340 4730 297 5307 9774 4780 9556 5579 9558 9757 
5421 301 5325 4723 5293 9625 9729 4788 9626 9775 5529 
5422 297 4726 5340 5306 4779 9776 9556 9557 5578 9777 
5423 2651 2647 133 5295 2680 2700 2703 9621 9497 9620 
5424 5586 5305 5585 603 9778 9544 5663 5700 5703 5466 
5425 5164 5294 131 5077 9724 9587 9779 9726 5099 9588 
5426 5595 5594 116 5289 5642 9780 9781 9749 9782 9748 
5427 116 5595 5289 5317 9781 9749 9782 9783 5447 9750 
5428 5586 5285 5305 603 9524 5468 9778 5700 5466 5464 
5429 5155 5078 279 5321 9760 5149 9784 9761 9592 9591 
5430 5292 4728 296 5306 9577 4777 9785 5459 9786 9578 
5431 5584 5285 298 5586 9754 9532 9787 5660 9551 9524 
5432 5285 5584 298 5307 9754 9787 9532 5465 9533 9751 
5433 5309 5158 278 5284 9446 9444 9445 5416 9653 9788 
5434 5582 5293 301 4998 9656 9626 9789 9657 5068 9658 
5435 4727 5284 279 5325 9790 9630 4765 9791 9631 5486 
5436 2646 5291 112 2651 9535 9459 2681 2683 2679 9574 
5437 4726 4728 5329 5306 4755 9576 9764 9777 5524 9578 
5438 5304 4727 301 5325 9792 4787 9624 5528 9625 9791 
5439 2655 233 5333 5297 2668 9793 9794 9552 5552 9488 
5440 132 5326 2647 2652 9538 9564 2701 2698 2677 9689 
5441 2649 136 2645 5308 2706 2709 2689 9518 9506 9599 
5442 2649 2645 5288 5330 2689 9606 9486 9686 5505 9505 
5443 300 5327 4727 5304 9611 9795 4786 9612 9792 5576 
5444 110 5598 5287 5312 9465 9796 9549 9458 5429 9466 
5445 273 272 5171 5299 282 9583 9660 9662 9584 9511 
5446 5587 5292 296 5583 9745 9785 9797 5654 9798 9747 
5447 5306 296 5292 5583 9786 9785 5459 9743 9747 9798 
5448 5581 5304 300 5000 9769 9612 9799 9771 5063 9647 
5449 5303 132 5295 5172 9539 9477 5374 9800 9478 9479 
5450 5305 299 5285 5586 9562 9523 5468 9778 9524 9525 
5451 5584 297 5306 5583 9801 9557 9742 5657 9743 9802 
5452 297 5306 5307 5584 9557 5462 9558 9801 9751 9742 
5453 5284 278 5309 4729 9653 9445 5416 9755 9704 4762 
5454 299 5305 5585 5586 9562 9544 9563 9525 5663 9778 
5455 2649 2646 135 5298 2686 2704 2707 9519 9615 9605 
5456 294 4732 5319 5290 4745 9803 9712 9708 5453 9804 
5457 5286 5310 275 4726 5407 9637 9641 9763 4753 9805 
5458 4951 233 5335 444 4958 9489 9490 4959 9806 4961 
5459 4952 5335 233 444 9807 9489 4955 4960 4961 9806 
5460 5318 137 138 5168 9691 147 9554 9581 9582 9694 
5461 5315 5299 4733 5331 5398 9514 9513 5563 9808 5562 
5462 4726 5286 5310 5340 9763 5407 9805 9776 5493 5494 
5463 5310 5302 276 4730 5410 9491 9717 9772 4756 9773 
5464 4731 5321 280 5301 9541 9589 4739 9540 9590 5570 
5465 2652 109 2648 5324 2672 2670 2674 9728 9732 9618 
5466 5287 5598 590 5312 9796 5677 5425 5429 5427 9466 
5467 5309 562 5158 5284 5411 5277 9446 5416 9788 5415 
5468 4734 5322 4731 5710 9436 9633 4772 9407 9809 9706 
5469 277 4729 4724 5328 4763 4764 4759 9496 9517 9705 
5470 2648 5341 2653 5294 9810 9560 2697 9741 9561 5536 
5471 604 5304 5305 5585 5469 5471 5467 5702 9544 9811 
5472 548 5303 5295 5172 5369 5374 5373 5250 9478 9800 
5473 2645 5288 114 2649 9606 9648 2687 2689 2685 9486 
5474 5325 279 4727 4723 9631 4765 9791 9729 4770 4769 
5475 5318 5337 2650 5296 5547 9736 9812 5389 9813 5548 
5476 2650 137 5318 5296 2711 9691 9812 9813 5389 9695 
5477 2648 131 2652 5324 2695 2699 2674 9732 9728 9616 
5478 2647 5287 110 2652 9566 9549 2675 2677 2673 9727 
5479 5342 4731 5321 4723 9542 9541 5569 9814 9730 4771 
5480 4725 295 5338 4728 4774 9508 9644 4752 9685 4776 
5481 5333 2655 5297 5318 9794 9552 5552 5553 5392 9555 
5482 5331 444 5335 5290 9815 9806 5517 5515 5514 9816 
5483 5335 5333 233 5297 5554 9793 9489 5551 9488 5552 
5484 233 5317 5333 5335 9817 5511 9793 9489 5554 5513 
5485 5589 5600 108 5345 5618 9818 9593 9646 9529 9439 
5486 5317 5289 116 2654 5447 9782 9783 9819 2657 9820 
5487 5325 5342 5321 4723 5533 5569 5485 9729 9730 9814 
5488 4963 130 2653 5343 9821 2665 9627 9438 9629 9822 
5489 113 114 5592 5288 123 9668 9671 9571 9669 9648 
5490 5304 300 5305 5585 9612 9543 5471 9811 9544 9545 
5491 294 4732 5290 5596 4745 9804 9708 9709 9707 9823 
5492 112 113 5588 5311 122 9670 9680 9619 9672 9570 
5493 276 275 5161 5310 285 9642 9715 9717 9643 9637 
5494 5338 5314 4725 4728 5560 9682 9644 9685 4752 9632 
5495 605 5293 5304 5581 5472 5474 5470 5704 9769 9824 
5496 547 5294 5303 5163 5366 5371 5370 5248 9720 9825 
5497 5324 5341 2648 5294 5539 9810 9732 5535 9741 5536 
5498 115 2645 2650 5337 2688 2692 2690 9522 9736 9674 
5499 4724 4730 5302 5339 4761 9773 9610 9696 5573 9758 
5500 4724 298 4730 5339 4782 4781 4761 9696 9758 9534 
5501 5296 136 137 5167 9600 146 9695 9675 9693 9676 
5502 108 5320 2656 2648 9530 9429 2661 2669 2671 9731 
5503 275 274 5157 5286 284 9738 9638 9641 9640 9501 
5504 274 4726 4728 5329 4754 4755 4750 9502 9576 9764 
5505 135 136 5308 5166 145 9599 9614 9702 9679 9678 
5506 113 114 5288 2649 123 9648 9571 2684 9486 2685 
5507 4724 4729 299 5305 4764 4784 4783 9516 9562 9740 
5508 4732 444 5331 5290 4746 9815 9826 9804 5515 9816 
5509 5333 5317 233 2654 5511 9817 9793 9827 2659 9819 
5510 5291 111 112 2651 9453 121 9459 9574 2679 2678 
5511 5156 278 5158 5284 9651 9444 5240 9652 9788 9653 
5512 274 273 5160 5314 283 9659 9737 9500 9663 9664 
5513 5298 134 135 5162 9492 144 9615 9700 9701 9719 
5514 5325 4727 301 4723 9791 4787 9625 9729 4788 4770 
5515 5345 108 5589 5320 9529 9593 9646 5423 9595 9530 
5516 4725 272 5299 4733 4748 9511 9683 4749 9514 4735 
5517 5317 116 5595 2654 9783 9781 9750 9819 9828 2657 
5518 5299 4725 4733 5331 9683 4749 9514 5562 9808 9829 
5519 273 272 5299 4725 282 9511 9662 4747 9683 4748 
5520 2645 136 137 5296 2709 146 2708 9507 9695 9600 
5521 5320 5590 589 5287 9830 5675 5422 5426 5424 9699 
5522 5590 110 5598 5287 9698 9465 5624 9699 9796 9549 
5523 5289 5317 5333 2654 5447 5511 5510 9820 9827 9819 
5524 132 5303 5163 5172 9539 9720 9721 9479 5198 9800 
5525 4732 5331 5319 5290 9826 5516 9803 9804 5453 5515 
5526 5327 5284 4729 4727 5483 9755 9756 9795 4767 9790 
5527 4725 5314 273 4728 9682 9664 4747 4752 4751 9632 
5528 5321 5156 563 5284 9831 5279 5418 5419 5414 9652 
5529 114 115 5593 5316 124 9767 9665 9649 9667 9520 
5530 2646 134 135 5298 2705 144 2704 9605 9615 9492 
5531 277 276 5302 4724 286 9491 9469 4759 9610 4760 
5532 2649 135 136 5308 2707 145 2706 9518 9599 9614 
5533 4963 4964 5 5075 4977 4974 4975 9832 5085 9833 
5534 300 5327 4729 4727 9611 9756 4785 4786 4767 9795 
5535 5319 295 294 5597 9509 304 9712 9713 9710 9753 
5536 302 4723 4734 5293 4789 4790 4743 9601 9437 9775 
5537 5311 112 113 2646 9619 122 9570 9536 2682 2681 
5538 605 5582 5293 5581 5707 9656 5472 5704 9824 5669 
5539 547 5164 5294 5163 5246 9724 5366 5248 9825 5195 
5540 274 273 5314 4728 283 9664 9500 4750 9632 4751 
5541 2647 132 133 5295 2701 142 2700 9620 9497 9477 
5542 4733 4732 444 5331 4791 4746 4737 9808 9815 9826 
5543 562 5156 5158 5284 5278 5240 5277 5415 9788 9652 
5544 590 5590 5598 5287 5674 5624 5677 5425 9796 9699 
5545 4730 5302 276 4724 9773 9491 4756 4761 4760 9610 
5546 4728 4726 296 5306 4755 4778 4777 9578 9786 9777 
5547 2651 133 134 5313 2703 143 2702 9603 9493 9472 
5548 297 4726 4730 5340 4779 4758 4780 9556 9774 9776 
5549 5320 109 5590 5287 9617 9714 9830 5426 9699 9550 
5550 5312 110 111 2647 9458 120 9457 9565 2676 2675 
5551 2645 2650 5337 5296 2692 9736 9674 9507 5548 9813 
5552 5304 604 5581 5585 5469 5705 9769 9811 5666 5702 
5553 5590 589 5589 5320 5675 5671 5621 9830 9595 5422 
5554 5303 548 5163 5172 5369 5249 9720 9800 5198 5250 
5555 5344 302 5582 5599 9602 9655 9688 9463 5670 9834 
5556 5294 131 5303 5163 9587 9572 5371 9825 9720 9762 
5557 4725 295 294 5319 4774 304 4773 9645 9712 9509 
5558 5156 563 5155 5321 5279 5280 5243 9831 9761 5418 
5559 5155 5173 280 5346 5244 9448 9759 9635 9449 9441 
5560 2650 2655 5333 5318 2712 9794 9835 9812 5553 9555 
5561 5323 457 5300 2653 5363 5359 5364 9559 9598 9836 
5562 5342 4731 4723 4734 9542 4771 9814 9634 4790 4772 
5563 5321 279 5156 5284 9592 9733 9831 5419 9652 9630 
5564 2656 2648 5341 2653 2671 9810 9597 2694 9560 2697 
5565 301 5304 5293 5581 9624 5474 9626 9770 9824 9769 
5566 5344 302 5293 5582 9602 9601 5475 9688 9656 9655 
5567 4729 5284 278 4727 9755 9653 4762 4767 4766 9790 
5568 300 5304 5581 5585 9612 9769 9799 9545 5666 9811 
5569 2650 137 138 5318 2711 147 2710 9812 9554 9691 
5570 5164 5343 130 5174 9687 9822 9725 5192 9837 9461 
5571 233 5333 2654 2655 9793 9827 2659 2668 2713 9794 
5572 5341 2648 5320 5324 9810 9731 5566 5539 5500 9732 
5573 628 4731 5301 5322 9838 9540 5479 5477 5481 9633 
5574 114 115 5316 2645 124 9520 9649 2687 9607 2688 
5575 296 295 5292 5587 305 9510 9785 9797 9745 9752 
5576 115 116 5594 5289 125 9780 9768 9521 9748 9782 
5577 130 5294 5343 5164 9586 5368 9822 9725 9687 9724 
5578 4730 4726 5310 5340 4758 9805 9772 9774 5493 9776 
5579 2650 138 2655 5318 2710 2667 2712 9812 9555 9554 
5580 2650 2645 137 5296 2692 2708 2711 9813 9695 9507 
5581 109 110 5287 2652 119 9549 9550 2672 9727 2673 
5582 4723 5325 5342 5293 9729 5533 9814 9775 5530 5529 
5583 5346 280 5155 5321 9449 9759 9635 5420 9761 9589 
5584 2653 130 2648 5294 2665 2696 2697 9561 9741 9586 
5585 4962 5300 457 2653 9608 5359 4987 9765 9836 9598 
5586 115 116 5289 2650 125 9782 9521 2690 9735 2691 
5587 4732 4725 294 5319 4775 4773 4745 9803 9712 9645 
5588 5307 298 297 5584 9533 307 9558 9751 9801 9787 
5589 4726 5310 275 4730 9805 9637 4753 4758 4757 9772 
5590 5333 5289 2654 2650 5510 9820 9827 9835 2693 9735 
5591 130 131 2648 5294 140 2695 2696 9586 9741 9587 
5592 276 275 5310 4730 285 9637 9717 4756 9772 4757 
5593 280 5321 4731 4723 9589 9541 4739 4768 4771 9730 
5594 5321 280 279 4723 9589 289 9592 9730 4769 4768 
5595 4729 300 299 5305 4785 309 4784 9740 9562 9543 
5596 2654 5289 116 2650 9820 9782 2657 2693 2691 9735 
5597 5589 109 5590 5320 9766 9714 5621 9595 9830 9617 
5598 298 297 4730 5307 307 4780 4781 9533 9757 9558 
5599 2650 5333 5289 5337 9835 5510 9735 9736 5509 5512 
5600 297 296 5306 5583 306 9786 9557 9802 9743 9798 
5601 4726 297 296 5306 4779 306 4778 9777 9786 9557 
5602 4725 4732 5331 5319 4775 9826 9829 9645 5516 9803 
5603 5155 279 5156 5321 9784 9733 5243 9761 9831 9592 
5604 131 5294 5164 5163 9587 9724 9779 9762 5195 9825 
5605 2645 5337 5330 5296 9674 5549 9505 9507 5545 5548 
5606 4726 5329 5340 5306 9764 5497 9776 9777 5578 5524 
5607 4732 294 14 5596 4745 303 4744 9823 9528 9709 
5608 4727 301 300 5304 4787 310 4786 9792 9612 9624 
5609 5338 4725 5331 5319 9644 9829 5564 5525 5516 9645 
5610 2649 5288 5332 5330 9486 5504 9485 9686 5507 5505 
5611 5582 301 5293 5581 9789 9626 9656 5669 9824 9770 
5612 275 274 5286 4726 284 9501 9641 4753 9763 4754 
5613 2652 131 132 5303 2699 141 2698 9690 9539 9572 
5614 5322 628 4731 5710 5477 9838 9633 9706 9809 5734 
5615 5304 5327 4727 5325 5576 9795 9792 5528 9791 5487 
5616 4724 299 298 5285 4783 308 4782 9515 9532 9523 
5617 5307 5340 4730 5339 5579 9774 9757 5490 9758 5580 
5618 5332 2646 5298 5336 9636 9605 5556 5559 5557 9537 
5619 5305 4729 5327 5328 9740 9756 5575 5489 5577 9705 
5620 5291 5334 2651 5336 5521 9575 9574 5518 9604 5522 
5621 4724 5302 5328 5339 9610 5572 9517 9696 5492 5573 
5622 5330 5332 2649 5308 5507 9485 9686 5546 9518 5555 
5623 296 295 4728 5292 305 4776 4777 9785 9577 9510 
5624 5313 2651 5334 5336 9603 9575 5542 5558 5522 9604 
5625 4728 5338 5314 5329 9685 5560 9632 9576 5496 5527 
5626 5337 5316 2645 5330 5508 9607 9674 5549 9505 5506 
5627 2647 5334 5326 5295 9609 5544 9564 9620 5540 5543 
5628 5711 4731 5301 628 9839 9540 9840 5736 5479 9838 
5629 116 3 5595 2654 126 9431 9781 2657 9828 2658 
5630 2646 5332 5311 5336 9636 5503 9536 9537 5519 5559 
5631 5328 5285 4724 5339 5488 9515 9517 5492 9696 5491 
5632 5312 5334 5326 2647 5520 5544 5499 9565 9564 9609 
5633 2653 5323 457 4963 9559 5363 9836 9627 4988 9628 
5634 4725 5299 5338 5331 9683 5561 9644 9829 5564 5562 
5635 5329 4728 5338 5292 9576 9685 5527 5523 5526 9577 
5636 5303 5326 2652 5324 5541 9689 9690 5534 9728 5502 
5637 5337 2650 5333 5318 9736 9835 5512 5547 5553 9812 
5638 272 11 5170 4733 281 9400 9567 4735 9569 4736 
5639 5326 5287 2652 5324 5498 9727 9689 5502 9728 5501 
5640 5310 4730 5340 5339 9772 9774 5493 5574 5580 9758 
5641 4732 4733 4725 5331 4791 4749 4775 9826 9829 9808 
5642 5333 2654 2655 2650 9827 2713 9794 9835 2712 2693 
5643 5286 4726 5329 5340 9763 9764 5495 5494 5497 9776 
5644 5309 5327 4729 5328 5484 9756 9704 5571 9705 5577 
5645 2656 4962 127 2653 9405 4970 2662 2694 2664 9765 
5646 4734 4731 291 5710 4772 4740 4742 9407 5724 9809 
5647 5327 5284 4727 5325 5483 9790 9795 5487 9791 5486 
5648 2655 138 6 5169 2667 148 2666 9613 9399 9580 
5649 628 291 4731 5710 5735 4740 9838 5734 9809 5724 
5650 457 127 4962 2653 4986 4970 4987 9836 9765 2664 
5651 4731 5711 291 628 9839 5718 4740 9838 5735 5736 
5652 457 127 2653 4963 4986 2664 9836 4988 9627 4976 
5653 5345 4967 4962 456 9412 4991 9401 5350 4990 4984 
5654 5346 5714 5711 629 9416 5741 9435 5355 5740 5730 
5655 525 22 5076 5173 545 5094 5098 5184 9622 5183 
5656 467 17 4995 5600 486 5009 5017 5605 9841 5604 
5657 18 507 5075 5174 526 5097 5086 5177 9842 5179 
5658 21 485 4996 5599 505 5018 5013 5610 9843 5609 
5659 5715 5710 627 5344 5739 5738 5731 9420 5358 9408 
5660 4966 4963 458 5343 4993 4992 4982 9424 5348 9438 
5661 5081 510 5172 509 5116 5196 9480 5112 5197 529 
5662 5002 482 5585 483 5061 5661 9546 5067 5662 502 
5663 469 5001 470 5598 5032 5036 489 5622 5623 9464 
5664 523 5082 522 5158 5147 5141 542 5235 5236 9443 
5665 5711 5346 629 5301 9435 5355 5740 9840 5480 5482 
5666 456 4962 5345 5300 4990 9401 5350 5360 5361 9608 
5667 6 5169 516 5170 9399 5214 5088 9398 5218 5219 
5668 516 11 6 5170 5089 448 5088 5218 9398 9400 
5669 4997 109 468 5589 5020 5025 5026 9594 5617 9766 
5670 5176 5155 564 5346 5282 5281 5186 9415 5354 9635 
5671 5601 5589 588 5345 5673 5672 5608 9411 5352 9646 
5672 5078 279 524 5155 5149 5150 5151 9760 5242 9784 
5673 5343 5175 5164 546 9426 5247 9687 5349 5245 5182 
5674 5344 5602 5582 606 9421 5708 9688 5356 5706 5613 
5675 5078 524 525 5155 5151 544 5154 9760 5241 5242 
5676 5169 5168 138 515 5216 9582 9580 5215 5090 5211 
5677 5170 517 272 5171 5217 5092 9567 5222 9583 5221 
5678 4997 468 467 5589 5026 487 5022 9594 5616 5617 
5679 5322 627 5710 5344 5476 5738 9706 5478 9408 5358 
5680 4963 5323 458 5343 9628 5362 4992 9438 5348 5365 
5681 485 4998 5582 484 5074 9657 5668 504 5667 5071 
5682 507 5077 5164 508 5102 9726 5191 527 5190 5106 
5683 131 5164 5077 508 9779 9726 5099 5105 5106 5190 
5684 5165 511 510 5084 5199 530 5200 9475 5117 5120 
5685 481 482 5586 5003 501 5659 5658 5057 9526 5062 
5686 521 522 5083 5159 541 5142 5137 5233 9467 5232 
5687 471 470 5004 5591 490 5037 5040 5626 9451 5625 
5688 301 5582 4998 484 9789 9657 5068 5070 5071 5667 
5689 5582 5293 5344 606 9656 5475 9688 5706 5356 5473 
5690 5164 5294 5343 546 9724 5368 9687 5245 5349 5367 
5691 111 5004 470 5591 5033 5037 5035 9452 5625 9451 
5692 463 5601 4967 4965 5607 9413 4985 4978 4994 9414 
5693 5175 4966 4964 453 9428 4989 9427 5180 4979 4981 
5694 5602 5715 5713 634 9423 5742 9422 5614 5726 5733 
5695 585 5176 5714 5712 5188 9417 5728 5727 5737 9418 
5696 5080 523 524 5156 5146 543 5152 9650 5238 5239 
5697 469 468 4999 5590 488 5027 5031 5620 9697 5619 
5698 277 5083 522 5159 5135 5142 5140 9468 5232 9467 
5699 510 133 5165 5084 5115 9474 5200 5117 9475 5114 
5700 5163 5079 509 508 9722 5111 5193 5194 528 5107 
5701 483 5581 5000 484 5664 9771 5066 503 5072 5665 
5702 5346 5155 564 5321 9635 5281 5354 5420 5417 9761 
5703 5082 523 278 5158 5147 5145 5138 9443 9444 5235 
5704 5345 5589 588 5320 9646 5672 5352 5423 5421 9595 
5705 5001 469 110 5598 5032 5030 5028 9464 9465 5622 
5706 3 476 5595 5596 5005 5641 9431 9433 5645 5643 
5707 5081 5172 132 509 9480 9479 5109 5112 5110 5197 
5708 294 5596 5597 477 9709 5648 9710 5016 5646 5644 
5709 5171 518 273 5160 5220 5128 9660 5225 9659 5224 
5710 482 299 5586 5003 5060 9525 5659 5062 9526 5056 
5711 5591 470 111 5598 5625 5035 9452 5627 9483 5623 
5712 5168 5167 137 514 5213 9693 9694 5212 5126 5208 
5713 596 595 5594 5289 615 5687 5686 5443 9748 5442 
5714 549 5165 5313 550 5252 9473 5376 569 5375 5253 
5715 554 5169 5297 555 5262 9393 5391 574 5390 5263 
5716 556 557 5171 5299 576 5267 5266 5397 9584 5396 
5717 594 5593 595 5316 5685 5684 614 5439 5440 9667 
5718 5596 597 5290 598 5691 5448 9707 5690 5449 617 
5719 601 5306 600 5583 5458 5457 620 5696 5697 9743 
5720 5592 594 593 5288 5682 613 5683 9669 5436 5437 
5721 550 5162 5298 551 5254 9700 5379 570 5378 5255 
5722 5296 552 5167 553 5385 5258 9675 5384 5259 572 
5723 5292 600 5587 599 5455 5694 9745 5454 5695 619 
5724 553 5168 5318 554 5260 9581 5388 573 5387 5261 
5725 593 592 5588 5311 612 5681 5680 5434 9672 5433 
5726 552 551 5308 5166 571 5382 5381 5257 9679 5256 
5727 602 5584 5307 601 5698 9751 5461 621 5460 5699 
5728 597 596 5595 5317 616 5689 5688 5446 9750 5445 
5729 555 556 5170 5315 575 5265 5264 5394 9568 5393 
5730 599 5597 5319 598 5692 9713 5452 618 5451 5693 
5731 558 5160 557 5314 5269 5268 577 5399 5400 9663 
5732 558 559 5157 5286 578 5271 5270 5403 9640 5402 
5733 559 560 5161 5310 579 5273 5272 5406 9643 5405 
5734 560 561 5159 5302 580 5275 5274 5409 9470 5408 
5735 592 591 5591 5291 611 5679 5678 5431 9454 5430 
5736 5285 5586 602 603 9524 5701 5463 5464 622 5700 
5737 5165 5172 133 510 5201 9504 9474 5200 5115 5196 
5738 590 5598 591 5312 5677 5676 610 5427 5428 9466 
5739 5593 473 114 5592 5634 5043 9665 5636 9668 5632 
5740 138 6 5169 515 148 9399 9580 5090 5215 5091 
5741 272 11 517 5170 281 5093 5092 9567 5217 9400 
5742 5295 548 5172 549 5373 5250 9478 5372 5251 568 
5743 562 5158 561 5309 5277 5276 581 5411 5412 9446 
5744 5590 468 109 5589 5619 5025 9714 5621 9766 5617 
5745 5167 5166 136 513 5210 9678 9676 5209 5124 5205 
5746 5159 522 277 5158 5232 5140 9468 5237 9503 5236 
5747 5157 520 275 5161 5226 5132 9638 5231 9642 5230 
5748 5597 5587 295 478 5651 9752 9753 5647 5048 5649 
5749 5592 472 113 5588 5631 5041 9671 5633 9670 5629 
5750 5594 116 475 5595 9780 5007 5638 5642 5640 9781 
5751 5156 524 279 5155 5238 5150 9733 5243 9784 5242 
5752 5002 5585 300 483 9546 9545 5059 5067 5065 5662 
5753 5164 131 5163 508 9779 9762 5195 5190 5194 5105 
5754 5594 474 115 5593 5637 5045 9768 5639 9767 5635 
5755 5160 519 274 5157 5223 5129 9737 5228 9738 5227 
5756 5305 604 5585 603 5467 5702 9544 5466 5703 623 
5757 5582 301 5581 484 9789 9770 5669 5667 5665 5070 
5758 5166 5162 135 512 5207 9701 9702 5206 5121 5202 
5759 5586 5585 299 482 5663 9563 9525 5659 5060 5661 
5760 5591 112 471 5588 9487 5038 5626 5630 5628 9680 
5761 5161 521 276 5159 5229 5133 9715 5234 9498 5233 
5762 134 5162 5165 511 9719 5204 9499 5118 5199 5203 
5763 523 278 5158 5156 5145 9444 5235 5239 5240 9651 
5764 296 5587 5583 479 9797 5654 9798 5050 5652 5650 
5765 476 3 14 5596 5005 449 5006 5643 9528 9433 
5766 469 110 5598 5590 5030 9465 5622 5620 5624 9698 
5767 273 272 518 5171 282 5127 5128 9660 5220 9583 
5768 5586 298 5584 481 9551 9787 5660 5658 5656 5053 
5769 5583 5584 297 480 5657 9801 9802 5653 5052 5655 
5770 5172 5163 132 509 5198 9721 9479 5197 5110 5193 
5771 137 138 5168 514 147 9582 9694 5126 5212 5125 
5772 5713 4734 13 5710 9406 4741 5722 5725 5723 9407 
5773 4999 468 109 5590 5027 5025 5023 9697 9714 5619 
5774 4965 4962 4 2656 4972 4971 4968 9404 2660 9405 
5775 5079 5163 131 508 9722 9762 5104 5107 5105 5194 
5776 5156 562 563 5284 5278 582 5279 9652 5414 5415 
5777 5080 524 279 5156 5152 5150 5143 9650 9733 5238 
5778 5590 590 589 5287 5674 609 5675 9699 5424 5425 
5779 5000 5581 301 484 9771 9770 5064 5072 5070 5665 
5780 5585 5581 300 483 5666 9799 9545 5662 5065 5664 
5781 470 5001 111 5598 5036 5029 5035 5623 9483 9464 
5782 5601 463 5600 4965 5607 5603 5615 9414 9440 4978 
5783 453 4964 5175 5174 4979 9427 5180 5178 5189 9460 
5784 634 5713 5602 5599 5726 9422 5614 5611 5709 9462 
5785 5176 585 5173 5712 5188 5185 5283 9418 9442 5727 
5786 606 5582 5293 605 5706 9656 5473 625 5472 5707 
5787 546 5164 5294 547 5245 9724 5367 566 5366 5246 
5788 5301 629 5711 628 5480 5740 9840 5479 5736 632 
5789 5300 456 4962 457 5360 4990 9608 5359 4987 460 
5790 510 5172 133 5081 5196 9504 5115 5116 5108 9480 
5791 522 5082 277 5158 5141 5139 5140 5236 9503 9443 
5792 5596 294 14 477 9709 303 9528 5644 5015 5016 
5793 472 113 114 5592 5041 123 5042 5631 9668 9671 
5794 5167 136 137 513 9676 146 9693 5209 5123 5124 
5795 278 523 5080 5156 5145 5146 5144 9651 9650 5239 
5796 274 273 519 5160 283 5130 5129 9737 5223 9659 
5797 112 113 471 5588 122 5039 5038 9680 5628 9670 
5798 276 275 521 5161 285 5134 5133 9715 5229 9642 
5799 275 274 520 5157 284 5131 5132 9638 5226 9738 
5800 135 136 5166 512 145 9678 9702 5121 5206 5122 
5801 563 564 5155 5321 583 5281 5280 5418 9761 5417 
5802 295 294 5597 478 304 9710 9753 5048 5647 5047 
5803 589 588 5589 5320 608 5672 5671 5422 9595 5421 
5804 548 547 5303 5163 567 5370 5369 5249 9720 5248 
5805 5304 604 605 5581 5469 624 5470 9769 5704 5705 
5806 114 115 473 5593 124 5044 5043 9665 5634 9767 
5807 482 5585 299 5002 5661 9563 5060 5061 5058 9546 
5808 116 3 475 5595 126 5008 5007 9781 5640 9431 
5809 110 469 4999 5590 5030 5031 5024 9698 9697 5620 
5810 628 5322 627 5710 5477 5476 631 5734 5738 9706 
5811 457 5323 458 4963 5363 5362 461 4988 4992 9628 
5812 5162 134 135 511 9719 144 9701 5203 5119 5118 
5813 6 5169 515 516 9399 5215 5091 5088 535 5214 
5814 516 517 11 5170 536 5093 5089 5218 9400 5217 
5815 5601 588 20 5345 5608 607 5606 9411 5351 5352 
5816 5176 564 23 5346 5186 584 5187 9415 5353 5354 
5817 5714 5346 23 629 9416 5353 5729 5730 633 5355 
5818 4967 5345 20 456 9412 5351 4983 4984 459 5350 
5819 5175 5343 19 546 9426 5347 5181 5182 565 5349 
5820 5602 5344 24 606 9421 5357 5612 5613 626 5356 
5821 5079 132 5163 509 5103 9721 9722 5111 5193 5110 
5822 515 5168 138 514 5211 9582 5090 534 5125 5212 
5823 517 518 272 5171 537 5127 5092 5221 9583 5220 
5824 471 5004 112 5591 5040 5034 5038 5626 9487 9451 
5825 5715 627 24 5344 5731 630 5732 9420 5357 5358 
5826 4966 458 19 5343 4982 462 4980 9424 5347 5348 
5827 115 116 474 5594 125 5046 5045 9768 5637 9780 
5828 521 5083 276 5159 5137 5136 5133 5233 9498 9467 
5829 511 5165 134 5084 5199 9499 5118 5120 5113 9475 
5830 5587 296 295 479 9797 305 9752 5650 5049 5050 
5831 5600 108 467 5589 9818 5021 5605 5618 5616 9593 
5832 520 521 275 5161 540 5134 5132 5230 9642 5229 
5833 4997 467 108 5589 5022 5021 5019 9594 9593 5616 
5834 472 471 113 5588 491 5039 5041 5629 9670 5628 
5835 5000 300 5581 483 5063 9799 9771 5066 5664 5065 
5836 473 472 114 5592 492 5042 5043 5632 9668 5631 
5837 518 519 273 5160 538 5130 5128 5224 9659 5223 
5838 512 136 5166 513 5122 9678 5206 532 5205 5124 
5839 481 5586 298 5003 5658 9551 5053 5057 5055 9526 
5840 512 5162 135 511 5202 9701 5121 531 5119 5203 
5841 514 5167 137 513 5208 9693 5126 533 5123 5209 
5842 5584 298 297 481 9787 307 9801 5656 5054 5053 
5843 297 296 5583 480 306 9798 9802 5052 5653 5051 
5844 477 5597 294 478 5646 9710 5016 497 5047 5647 
5845 5345 20 5601 4967 5351 5606 9411 9412 9413 4983 
5846 5346 23 5176 5714 5353 5187 9415 9416 9417 5729 
5847 5343 19 4966 5175 5347 4980 9424 9426 9428 5181 
5848 24 5715 5344 5602 5732 9420 5357 5612 9421 9423 
5849 519 520 274 5157 539 5131 5129 5227 9738 5226 
5850 14 476 5596 477 5006 5643 9528 5015 5644 496 
5851 3 476 475 5595 5005 495 5008 9431 5640 5641 
5852 478 5587 295 479 5649 9752 5048 498 5049 5650 
5853 5599 302 5582 485 9834 9655 5670 5609 5668 5073 
5854 474 473 115 5593 493 5044 5045 5635 9767 5634 
5855 5173 280 525 5155 9448 5153 5184 5244 5241 9759 
5856 475 474 116 5594 494 5046 5007 5638 9780 5637 
5857 4998 5582 302 485 9657 9655 5069 5074 5073 5668 
5858 480 5584 297 481 5655 9801 5052 500 5054 5656 
5859 479 5583 296 480 5652 9798 5050 499 5051 5653 
5860 4964 18 5075 5174 4973 5086 9833 9460 9842 5177 
5861 4995 5600 17 4965 9841 5604 5009 9844 4969 9440 
5862 5076 5173 22 5712 9622 5183 5094 9623 5717 9442 
5863 5713 21 4996 5599 5721 5013 9845 9462 9843 5610 
5864 5174 130 5164 507 9837 9725 5192 5179 5191 5101 
5865 5600 467 108 4995 5605 5021 9818 9841 5011 5017 
5866 5078 525 280 5155 5154 5153 5148 9760 9759 5241 
5867 5077 5164 130 507 9726 9725 5100 5102 5101 5191 
5868 12 291 4731 5711 293 4740 4738 5719 9839 5718 
5869 2653 127 5 4963 2664 129 2663 9627 4975 4976 
5870 4996 302 5599 485 5014 9834 9843 5018 5609 5073 
5871 5174 5075 130 507 9842 5087 9837 5179 5101 5097 
5872 5173 525 280 5076 5184 5153 9448 9622 5096 5098 
5873 18 4964 453 5174 4973 4979 454 5177 5178 9460 
5874 463 17 5600 4965 464 5604 5603 4978 9440 4969 
5875 585 22 5173 5712 586 5183 5185 5727 9442 5717 
5876 21 5713 634 5599 5721 5726 635 5610 5611 9462 
5877 4734 291 13 5710 4742 292 4741 9407 5723 5724 
5878 4 127 2656 4962 128 2662 2660 4971 9405 4970 
5879 5175 19 4966 453 5181 4980 9428 5180 4981 455 
5880 20 463 5601 4967 465 5607 5606 4983 9413 4985 
5881 23 585 5176 5714 587 5188 5187 5729 9417 5728 
5882 24 5715 5602 634 5732 9423 5612 636 5614 5733 
5883 4964 18 5 5075 4973 452 4974 9833 5085 5086 
5884 5076 22 12 5712 5094 506 5095 9623 5716 5717 
5885 4995 17 4 4965 5009 451 5010 9844 4968 4969 
5886 5713 21 13 4996 5721 466 5722 9845 5012 5013 
5887 4734 5342 5293 4723 9634 5530 9437 4790 9775 9814 
5888 4734 5293 5342 5322 9437 5530 9634 9436 5531 5532 
5889 5341 2656 5320 2648 9597 9429 5566 9810 9731 2671 
5890 5341 5320 2656 5300 5566 9429 9597 5565 9430 5567 
5891 5295 2651 5313 133 9621 9603 5377 9497 9472 2703 
5892 5295 5313 2651 5334 5377 9603 9621 5543 9575 5542 
5893 5343 2653 5294 130 9629 9561 5368 9822 9586 2665 
5894 5343 5294 2653 5323 5368 9561 9629 5365 9559 5538 
5895 280 5301 5711 4731 9590 9840 9531 4739 9839 9540 
5896 5711 5301 280 5346 9840 9590 9531 9435 9449 5482 
5897 109 108 5320 4997 118 9530 9617 5020 9596 5019 
5898 109 5320 108 2648 9617 9530 118 2670 2669 9731 
5899 5174 5075 5343 130 9842 9846 9461 9837 9822 5087 
5900 5174 5343 5075 4964 9461 9846 9842 9460 9833 9425 
5901 4963 5343 5075 130 9438 9846 9832 9821 5087 9822 
5902 4963 5075 5343 4964 9832 9846 9438 4977 9425 9833 
5903 301 302 5293 4723 311 9601 9626 4788 9775 4789 
5904 301 5293 302 4998 9626 9601 311 5068 5069 9658 
5905 4 108 4965 2656 117 9847 4968 2660 9404 2661 
5906 4 4965 108 4995 4968 9847 117 5010 5011 9844 
5907 5600 108 4965 4995 9818 9847 9440 9841 9844 5011 
5908 278 279 5284 5080 288 9630 9653 5144 9654 5143 
5909 278 5284 279 4727 9653 9630 288 4766 4765 9790 
5910 277 278 5309 5082 287 9445 9495 5139 9447 5138 
5911 277 5309 278 4729 9495 9445 287 4763 4762 9704 
5912 5599 5713 302 4996 9462 9848 9834 9843 5014 9845 
5913 13 5713 302 4734 5722 9848 312 4741 4743 9406 
5914 13 302 5713 4996 312 9848 5722 5012 9845 5014 
5915 280 12 5712 5076 290 5716 9450 5096 9623 5095 
5916 130 5 4963 2653 139 4975 9821 2665 9627 2663 
5917 130 4963 5 5075 9821 4975 139 5087 5085 9832 
5918 5297 233 5169 2655 9488 9849 9393 9552 9613 2668 
5919 5297 5169 233 4951 9393 9849 9488 9396 4958 9397 
5920 6 5169 233 2655 9399 9849 235 2666 2668 9613 
5921 6 233 5169 4951 235 9849 9399 4957 9397 4958 
5922 11 444 5170 4733 446 9850 9400 4736 9569 4737 
5923 11 5170 444 4951 9400 9850 446 4956 4959 9395 
5924 3 233 5595 2654 234 9851 9431 2658 9828 2659 
5925 3 5595 233 4952 9431 9851 234 4953 4955 9432 
5926 5317 5595 233 2654 9750 9851 9817 9819 2659 9828 
5927 5290 444 5596 4732 9816 9852 9707 9804 9823 4746 
5928 14 5596 444 4732 9528 9852 445 4744 4746 9823 
5929 14 444 5596 4952 445 9852 9528 4954 9434 4960 
5930 5711 280 12 5712 9531 290 5719 5720 5716 9450 
5931 5711 12 280 4731 5719 290 9531 9839 4739 4738 
5932 108 4965 5345 5600 9847 9402 9529 9818 9439 9440 
5933 108 5345 4965 2656 9529 9402 9847 2661 9404 9403 
5934 5713 302 5344 5599 9848 9602 9410 9462 9463 9834 
5935 5713 5344 302 4734 9410 9602 9848 9406 4743 9409 
5936 5297 5170 5335 5315 9394 9853 5551 5395 5550 9568 
5937 5297 5335 5170 4951 5551 9853 9394 9396 9395 9490 
5938 444 5170 5335 4951 9850 9853 9806 4959 9490 9395 
5939 233 5335 5595 5317 9489 9854 9851 9817 9750 5513 
5940 233 5595 5335 4952 9851 9854 9489 4955 9807 9432 
5941 444 5596 5335 5290 9852 9855 9806 9816 5514 9707 
5942 444 5335 5596 4952 9806 9855 9852 4960 9434 9807 
5943 5595 5596 5335 4952 5645 9855 9854 9432 9807 9434 
5944 5170 5335 4733 444 9853 9856 9569 9850 4737 9806 
5945 5170 4733 5335 5315 9569 9856 9853 9568 5550 9513 
5946 5331 4733 5335 444 9808 9856 5517 9815 9806 4737 
5947 5331 5335 4733 5315 5517 9856 9808 5563 9513 5550 
5948 597 5596 5317 5595 5691 9857 5446 5688 9750 5645 
5949 597 5317 5596 5290 5446 9857 5691 5448 9707 5450 
5950 5335 5317 5596 5595 5513 9857 9855 9854 5645 9750 
5951 5335 5596 5317 5290 9855 9857 5513 5514 5450 9707 
$EndElements
