$MeshFormat
2.2 0 8
$EndMeshFormat
$Nodes
4459
1 0 0 0
2 0.16 0 0
3 0 0.04 0
4 0.16 0.04 0
5 0 0 0.02
6 0.16 0 0.02
7 0.16 0.04 0.02
8 0 0.04 0.02
9 0.006666666666666666 0 0
10 0.01333333333333333 0 0
11 0.02 0 0
12 0.02666666666666666 0 0
13 0.03333333333333333 0 0
14 0.04 0 0
15 0.04666666666666667 0 0
16 0.05333333333333333 0 0
17 0.06 0 0
18 0.06666666666666667 0 0
19 0.07333333333333333 0 0
20 0.08 0 0
21 0.08666666666666666 0 0
22 0.09333333333333334 0 0
23 0.1 0 0
24 0.1066666666666667 0 0
25 0.1133333333333333 0 0
26 0.12 0 0
27 0.1266666666666666 0 0
28 0.1333333333333333 0 0
29 0.14 0 0
30 0.1466666666666667 0 0
31 0.1533333333333333 0 0
32 0.003333333333333569 0 0
33 0.009999999999999192 0 0
34 0.01666666666666691 0 0
35 0.02333333333333309 0 0
36 0.03000000000000045 0 0
37 0.03666666666666706 0 0
38 0.04333333333333244 0 0
39 0.0499999999999991 0 0
40 0.05666666666666667 0 0
41 0.06333333333333561 0 0
42 0.06999999999999892 0 0
43 0.07666666666666691 0 0
44 0.08333333333333535 0 0
45 0.0899999999999973 0 0
46 0.09666666666666802 0 0
47 0.1033333333333323 0 0
48 0.1100000000000021 0 0
49 0.1166666666666647 0 0
50 0.1233333333333342 0 0
51 0.129999999999996 0 0
52 0.1366666666666672 0 0
53 0.1433333333333313 0 0
54 0.1500000000000011 0 0
55 0.156666666666664 0 0
56 0.006666666666666666 0.04 0
57 0.01333333333333333 0.04 0
58 0.02 0.04 0
59 0.02666666666666666 0.04 0
60 0.03333333333333333 0.04 0
61 0.04 0.04 0
62 0.04666666666666667 0.04 0
63 0.05333333333333333 0.04 0
64 0.06 0.04 0
65 0.06666666666666667 0.04 0
66 0.07333333333333333 0.04 0
67 0.08 0.04 0
68 0.08666666666666666 0.04 0
69 0.09333333333333334 0.04 0
70 0.1 0.04 0
71 0.1066666666666667 0.04 0
72 0.1133333333333333 0.04 0
73 0.12 0.04 0
74 0.1266666666666666 0.04 0
75 0.1333333333333333 0.04 0
76 0.14 0.04 0
77 0.1466666666666667 0.04 0
78 0.1533333333333333 0.04 0
79 0.003333333333333569 0.04 0
80 0.009999999999999192 0.04 0
81 0.01666666666666691 0.04 0
82 0.02333333333333309 0.04 0
83 0.03000000000000045 0.04 0
84 0.03666666666666706 0.04 0
85 0.04333333333333244 0.04 0
86 0.0499999999999991 0.04 0
87 0.05666666666666667 0.04 0
88 0.06333333333333561 0.04 0
89 0.06999999999999892 0.04 0
90 0.07666666666666691 0.04 0
91 0.08333333333333535 0.04 0
92 0.0899999999999973 0.04 0
93 0.09666666666666802 0.04 0
94 0.1033333333333323 0.04 0
95 0.1100000000000021 0.04 0
96 0.1166666666666647 0.04 0
97 0.1233333333333342 0.04 0
98 0.129999999999996 0.04 0
99 0.1366666666666672 0.04 0
100 0.1433333333333313 0.04 0
101 0.1500000000000011 0.04 0
102 0.156666666666664 0.04 0
103 0 0.006666666666666666 0
104 0 0.01333333333333333 0
105 0 0.02 0
106 0 0.02666666666666666 0
107 0 0.03333333333333333 0
108 0 0.003333333333334286 0
109 0 0.00999999999999973 0
110 0 0.01666666666666762 0
111 0 0.02333333333333236 0
112 0 0.02999999999999771 0
113 0 0.03666666666666297 0
114 0.16 0.006666666666666666 0
115 0.16 0.01333333333333333 0
116 0.16 0.02 0
117 0.16 0.02666666666666666 0
118 0.16 0.03333333333333333 0
119 0.16 0.003333333333334286 0
120 0.16 0.00999999999999973 0
121 0.16 0.01666666666666762 0
122 0.16 0.02333333333333236 0
123 0.16 0.02999999999999771 0
124 0.16 0.03666666666666297 0
125 0.006666666666666666 0 0.02
126 0.01333333333333333 0 0.02
127 0.02 0 0.02
128 0.02666666666666666 0 0.02
129 0.03333333333333333 0 0.02
130 0.04 0 0.02
131 0.04666666666666667 0 0.02
132 0.05333333333333333 0 0.02
133 0.06 0 0.02
134 0.06666666666666667 0 0.02
135 0.07333333333333333 0 0.02
136 0.08 0 0.02
137 0.08666666666666666 0 0.02
138 0.09333333333333334 0 0.02
139 0.1 0 0.02
140 0.1066666666666667 0 0.02
141 0.1133333333333333 0 0.02
142 0.12 0 0.02
143 0.1266666666666666 0 0.02
144 0.1333333333333333 0 0.02
145 0.14 0 0.02
146 0.1466666666666667 0 0.02
147 0.1533333333333333 0 0.02
148 0.003333333333333569 0 0.02
149 0.009999999999999192 0 0.02
150 0.01666666666666691 0 0.02
151 0.02333333333333309 0 0.02
152 0.03000000000000045 0 0.02
153 0.03666666666666706 0 0.02
154 0.04333333333333244 0 0.02
155 0.0499999999999991 0 0.02
156 0.05666666666666667 0 0.02
157 0.06333333333333561 0 0.02
158 0.06999999999999892 0 0.02
159 0.07666666666666691 0 0.02
160 0.08333333333333535 0 0.02
161 0.0899999999999973 0 0.02
162 0.09666666666666802 0 0.02
163 0.1033333333333323 0 0.02
164 0.1100000000000021 0 0.02
165 0.1166666666666647 0 0.02
166 0.1233333333333342 0 0.02
167 0.129999999999996 0 0.02
168 0.1366666666666672 0 0.02
169 0.1433333333333313 0 0.02
170 0.1500000000000011 0 0.02
171 0.156666666666664 0 0.02
172 0.16 0.006666666666666666 0.02
173 0.16 0.01333333333333333 0.02
174 0.16 0.02 0.02
175 0.16 0.02666666666666666 0.02
176 0.16 0.03333333333333333 0.02
177 0.16 0.003333333333334286 0.02
178 0.16 0.00999999999999973 0.02
179 0.16 0.01666666666666762 0.02
180 0.16 0.02333333333333236 0.02
181 0.16 0.02999999999999771 0.02
182 0.16 0.03666666666666297 0.02
183 0.1533333333333333 0.04 0.02
184 0.1466666666666667 0.04 0.02
185 0.14 0.04 0.02
186 0.1333333333333333 0.04 0.02
187 0.1266666666666666 0.04 0.02
188 0.12 0.04 0.02
189 0.1133333333333333 0.04 0.02
190 0.1066666666666667 0.04 0.02
191 0.1 0.04 0.02
192 0.09333333333333334 0.04 0.02
193 0.08666666666666666 0.04 0.02
194 0.08 0.04 0.02
195 0.07333333333333333 0.04 0.02
196 0.06666666666666667 0.04 0.02
197 0.06 0.04 0.02
198 0.05333333333333333 0.04 0.02
199 0.04666666666666667 0.04 0.02
200 0.04 0.04 0.02
201 0.03333333333333333 0.04 0.02
202 0.02666666666666666 0.04 0.02
203 0.02 0.04 0.02
204 0.01333333333333333 0.04 0.02
205 0.006666666666666666 0.04 0.02
206 0.1566666666666702 0.04 0.02
207 0.1499999999999999 0.04 0.02
208 0.1433333333333353 0.04 0.02
209 0.1366666666666675 0.04 0.02
210 0.1299999999999991 0.04 0.02
211 0.1233333333333322 0.04 0.02
212 0.1166666666666672 0.04 0.02
213 0.1100000000000008 0.04 0.02
214 0.1033333333333337 0.04 0.02
215 0.09666666666666773 0.04 0.02
216 0.09000000000000205 0.04 0.02
217 0.08333333333333036 0.04 0.02
218 0.07666666666666559 0.04 0.02
219 0.06999999999999991 0.04 0.02
220 0.06333333333333255 0.04 0.02
221 0.0566666666666629 0.04 0.02
222 0.05000000000000168 0.04 0.02
223 0.0433333333333308 0.04 0.02
224 0.03666666666666579 0.04 0.02
225 0.03000000000000402 0.04 0.02
226 0.02333333333333276 0.04 0.02
227 0.01666666666666866 0.04 0.02
228 0.009999999999998926 0.04 0.02
229 0.003333333333335964 0.04 0.02
230 0 0.03333333333333333 0.02
231 0 0.02666666666666666 0.02
232 0 0.02 0.02
233 0 0.01333333333333333 0.02
234 0 0.006666666666666666 0.02
235 0 0.0366666666666708 0.02
236 0 0.02999999999999821 0.02
237 0 0.02333333333333382 0.02
238 0 0.01666666666666776 0.02
239 0 0.00999999999999928 0.02
240 0 0.003333333333337032 0.02
241 0 0 0.006666666666666666
242 0 0 0.01333333333333333
243 0 0 0.003333333333335779
244 0 0 0.009999999999992525
245 0 0 0.01666666666666375
246 0.16 0 0.006666666666666666
247 0.16 0 0.01333333333333333
248 0.16 0 0.003333333333335779
249 0.16 0 0.009999999999992525
250 0.16 0 0.01666666666666375
251 0.16 0.04 0.006666666666666666
252 0.16 0.04 0.01333333333333333
253 0.16 0.04 0.003333333333335779
254 0.16 0.04 0.009999999999992525
255 0.16 0.04 0.01666666666666375
256 0 0.04 0.006666666666666666
257 0 0.04 0.01333333333333333
258 0 0.04 0.003333333333335779
259 0 0.04 0.009999999999992525
260 0 0.04 0.01666666666666375
261 0.006666666666666666 0.006666666666666666 0
262 0.006666666666666666 0.01333333333333333 0
263 0.006666666666666666 0.02 0
264 0.006666666666666666 0.02666666666666666 0
265 0.006666666666666666 0.03333333333333333 0
266 0.01333333333333333 0.006666666666666666 0
267 0.01333333333333333 0.01333333333333333 0
268 0.01333333333333333 0.02 0
269 0.01333333333333333 0.02666666666666666 0
270 0.01333333333333333 0.03333333333333333 0
271 0.02 0.006666666666666666 0
272 0.02 0.01333333333333333 0
273 0.02 0.02 0
274 0.02 0.02666666666666666 0
275 0.02 0.03333333333333333 0
276 0.02666666666666666 0.006666666666666666 0
277 0.02666666666666666 0.01333333333333333 0
278 0.02666666666666666 0.02 0
279 0.02666666666666666 0.02666666666666666 0
280 0.02666666666666666 0.03333333333333333 0
281 0.03333333333333333 0.006666666666666666 0
282 0.03333333333333333 0.01333333333333333 0
283 0.03333333333333333 0.02 0
284 0.03333333333333333 0.02666666666666666 0
285 0.03333333333333333 0.03333333333333333 0
286 0.04 0.006666666666666666 0
287 0.04 0.01333333333333333 0
288 0.04 0.02 0
289 0.04 0.02666666666666666 0
290 0.04 0.03333333333333333 0
291 0.04666666666666667 0.006666666666666666 0
292 0.04666666666666667 0.01333333333333333 0
293 0.04666666666666667 0.02 0
294 0.04666666666666667 0.02666666666666666 0
295 0.04666666666666667 0.03333333333333333 0
296 0.05333333333333333 0.006666666666666666 0
297 0.05333333333333333 0.01333333333333333 0
298 0.05333333333333333 0.02 0
299 0.05333333333333333 0.02666666666666666 0
300 0.05333333333333333 0.03333333333333333 0
301 0.06 0.006666666666666666 0
302 0.06 0.01333333333333333 0
303 0.06 0.02 0
304 0.06 0.02666666666666666 0
305 0.06 0.03333333333333333 0
306 0.06666666666666667 0.006666666666666666 0
307 0.06666666666666667 0.01333333333333333 0
308 0.06666666666666667 0.02 0
309 0.06666666666666667 0.02666666666666666 0
310 0.06666666666666667 0.03333333333333333 0
311 0.07333333333333333 0.006666666666666666 0
312 0.07333333333333333 0.01333333333333333 0
313 0.07333333333333333 0.02 0
314 0.07333333333333333 0.02666666666666666 0
315 0.07333333333333333 0.03333333333333333 0
316 0.08 0.006666666666666666 0
317 0.08 0.01333333333333333 0
318 0.08 0.02 0
319 0.08 0.02666666666666666 0
320 0.08 0.03333333333333333 0
321 0.08666666666666666 0.006666666666666666 0
322 0.08666666666666666 0.01333333333333333 0
323 0.08666666666666666 0.02 0
324 0.08666666666666666 0.02666666666666666 0
325 0.08666666666666666 0.03333333333333333 0
326 0.09333333333333334 0.006666666666666666 0
327 0.09333333333333334 0.01333333333333333 0
328 0.09333333333333334 0.02 0
329 0.09333333333333334 0.02666666666666666 0
330 0.09333333333333334 0.03333333333333333 0
331 0.1 0.006666666666666666 0
332 0.1 0.01333333333333333 0
333 0.1 0.02 0
334 0.1 0.02666666666666666 0
335 0.1 0.03333333333333333 0
336 0.1066666666666667 0.006666666666666666 0
337 0.1066666666666667 0.01333333333333333 0
338 0.1066666666666667 0.02 0
339 0.1066666666666667 0.02666666666666666 0
340 0.1066666666666667 0.03333333333333333 0
341 0.1133333333333333 0.006666666666666666 0
342 0.1133333333333333 0.01333333333333333 0
343 0.1133333333333333 0.02 0
344 0.1133333333333333 0.02666666666666666 0
345 0.1133333333333333 0.03333333333333333 0
346 0.12 0.006666666666666666 0
347 0.12 0.01333333333333333 0
348 0.12 0.02 0
349 0.12 0.02666666666666666 0
350 0.12 0.03333333333333333 0
351 0.1266666666666666 0.006666666666666666 0
352 0.1266666666666666 0.01333333333333333 0
353 0.1266666666666666 0.02 0
354 0.1266666666666666 0.02666666666666666 0
355 0.1266666666666666 0.03333333333333333 0
356 0.1333333333333333 0.006666666666666666 0
357 0.1333333333333333 0.01333333333333333 0
358 0.1333333333333333 0.02 0
359 0.1333333333333333 0.02666666666666666 0
360 0.1333333333333333 0.03333333333333333 0
361 0.14 0.006666666666666666 0
362 0.14 0.01333333333333333 0
363 0.14 0.02 0
364 0.14 0.02666666666666666 0
365 0.14 0.03333333333333333 0
366 0.1466666666666667 0.006666666666666666 0
367 0.1466666666666667 0.01333333333333333 0
368 0.1466666666666667 0.02 0
369 0.1466666666666667 0.02666666666666666 0
370 0.1466666666666667 0.03333333333333333 0
371 0.1533333333333333 0.006666666666666666 0
372 0.1533333333333333 0.01333333333333333 0
373 0.1533333333333333 0.02 0
374 0.1533333333333333 0.02666666666666666 0
375 0.1533333333333333 0.03333333333333333 0
376 0.003333333333333333 0.003333333333333333 0
377 0.003333333333333333 0.006666666666666665 0
378 0.006666666666666665 0.003333333333333333 0
379 0.003333333333333333 0.009999999999999998 0
380 0.003333333333333333 0.01333333333333333 0
381 0.006666666666666665 0.01 0
382 0.003333333333333333 0.01666666666666667 0
383 0.003333333333333333 0.02 0
384 0.006666666666666665 0.01666666666666667 0
385 0.003333333333333333 0.02333333333333333 0
386 0.003333333333333333 0.02666666666666666 0
387 0.006666666666666665 0.02333333333333333 0
388 0.003333333333333333 0.03 0
389 0.003333333333333333 0.03333333333333333 0
390 0.006666666666666665 0.03 0
391 0.003333333333333331 0.03666666666666667 0
392 0.006666666666666663 0.03666666666666667 0
393 0.01 0.003333333333333333 0
394 0.009999999999999998 0.006666666666666666 0
395 0.01333333333333333 0.003333333333333333 0
396 0.009999999999999998 0.01 0
397 0.009999999999999998 0.01333333333333333 0
398 0.01333333333333333 0.01 0
399 0.009999999999999998 0.01666666666666667 0
400 0.009999999999999998 0.02 0
401 0.01333333333333333 0.01666666666666667 0
402 0.009999999999999998 0.02333333333333333 0
403 0.009999999999999998 0.02666666666666666 0
404 0.01333333333333333 0.02333333333333333 0
405 0.009999999999999998 0.03 0
406 0.009999999999999998 0.03333333333333333 0
407 0.01333333333333333 0.03 0
408 0.01 0.03666666666666667 0
409 0.01333333333333334 0.03666666666666667 0
410 0.01666666666666667 0.003333333333333333 0
411 0.01666666666666667 0.006666666666666666 0
412 0.02 0.003333333333333333 0
413 0.01666666666666667 0.01 0
414 0.01666666666666667 0.01333333333333333 0
415 0.02 0.01 0
416 0.01666666666666667 0.01666666666666667 0
417 0.01666666666666667 0.02 0
418 0.02 0.01666666666666667 0
419 0.01666666666666667 0.02333333333333333 0
420 0.01666666666666667 0.02666666666666666 0
421 0.02 0.02333333333333333 0
422 0.01666666666666667 0.03 0
423 0.01666666666666667 0.03333333333333333 0
424 0.02 0.03 0
425 0.01666666666666667 0.03666666666666667 0
426 0.02 0.03666666666666667 0
427 0.02333333333333333 0.003333333333333333 0
428 0.02333333333333333 0.006666666666666666 0
429 0.02666666666666666 0.003333333333333333 0
430 0.02333333333333333 0.01 0
431 0.02333333333333333 0.01333333333333333 0
432 0.02666666666666666 0.01 0
433 0.02333333333333333 0.01666666666666667 0
434 0.02333333333333333 0.02 0
435 0.02666666666666666 0.01666666666666667 0
436 0.02333333333333333 0.02333333333333333 0
437 0.02333333333333333 0.02666666666666666 0
438 0.02666666666666666 0.02333333333333333 0
439 0.02333333333333333 0.03 0
440 0.02333333333333333 0.03333333333333333 0
441 0.02666666666666666 0.03 0
442 0.02333333333333333 0.03666666666666667 0
443 0.02666666666666666 0.03666666666666667 0
444 0.03 0.003333333333333333 0
445 0.03 0.006666666666666666 0
446 0.03333333333333333 0.003333333333333333 0
447 0.03 0.01 0
448 0.03 0.01333333333333333 0
449 0.03333333333333333 0.01 0
450 0.03 0.01666666666666667 0
451 0.03 0.02 0
452 0.03333333333333333 0.01666666666666667 0
453 0.03 0.02333333333333333 0
454 0.03 0.02666666666666666 0
455 0.03333333333333333 0.02333333333333333 0
456 0.03 0.03 0
457 0.03 0.03333333333333333 0
458 0.03333333333333333 0.03 0
459 0.03 0.03666666666666667 0
460 0.03333333333333333 0.03666666666666667 0
461 0.03666666666666667 0.003333333333333333 0
462 0.03666666666666667 0.006666666666666666 0
463 0.04 0.003333333333333333 0
464 0.03666666666666667 0.01 0
465 0.03666666666666667 0.01333333333333333 0
466 0.04 0.01 0
467 0.03666666666666667 0.01666666666666667 0
468 0.03666666666666667 0.02 0
469 0.04 0.01666666666666667 0
470 0.03666666666666667 0.02333333333333333 0
471 0.03666666666666667 0.02666666666666666 0
472 0.04 0.02333333333333333 0
473 0.03666666666666667 0.03 0
474 0.03666666666666667 0.03333333333333333 0
475 0.04 0.03 0
476 0.03666666666666667 0.03666666666666667 0
477 0.04 0.03666666666666667 0
478 0.04333333333333334 0.003333333333333333 0
479 0.04333333333333334 0.006666666666666666 0
480 0.04666666666666667 0.003333333333333333 0
481 0.04333333333333334 0.01 0
482 0.04333333333333334 0.01333333333333333 0
483 0.04666666666666667 0.01 0
484 0.04333333333333334 0.01666666666666667 0
485 0.04333333333333334 0.02 0
486 0.04666666666666667 0.01666666666666667 0
487 0.04333333333333334 0.02333333333333333 0
488 0.04333333333333334 0.02666666666666666 0
489 0.04666666666666667 0.02333333333333333 0
490 0.04333333333333334 0.03 0
491 0.04333333333333334 0.03333333333333333 0
492 0.04666666666666667 0.03 0
493 0.04333333333333334 0.03666666666666667 0
494 0.04666666666666668 0.03666666666666667 0
495 0.05 0.003333333333333333 0
496 0.05 0.006666666666666666 0
497 0.05333333333333333 0.003333333333333333 0
498 0.05 0.01 0
499 0.05 0.01333333333333333 0
500 0.05333333333333333 0.01 0
501 0.05 0.01666666666666667 0
502 0.05 0.02 0
503 0.05333333333333333 0.01666666666666667 0
504 0.05 0.02333333333333333 0
505 0.05 0.02666666666666666 0
506 0.05333333333333333 0.02333333333333333 0
507 0.05 0.03 0
508 0.05 0.03333333333333333 0
509 0.05333333333333333 0.03 0
510 0.05 0.03666666666666667 0
511 0.05333333333333332 0.03666666666666667 0
512 0.05666666666666666 0.003333333333333333 0
513 0.05666666666666666 0.006666666666666666 0
514 0.06 0.003333333333333333 0
515 0.05666666666666666 0.01 0
516 0.05666666666666666 0.01333333333333333 0
517 0.06 0.01 0
518 0.05666666666666666 0.01666666666666667 0
519 0.05666666666666666 0.02 0
520 0.06 0.01666666666666667 0
521 0.05666666666666666 0.02333333333333333 0
522 0.05666666666666666 0.02666666666666666 0
523 0.06 0.02333333333333333 0
524 0.05666666666666666 0.03 0
525 0.05666666666666666 0.03333333333333333 0
526 0.06 0.03 0
527 0.05666666666666666 0.03666666666666667 0
528 0.06 0.03666666666666667 0
529 0.06333333333333332 0.003333333333333333 0
530 0.06333333333333332 0.006666666666666666 0
531 0.06666666666666667 0.003333333333333333 0
532 0.06333333333333332 0.01 0
533 0.06333333333333332 0.01333333333333333 0
534 0.06666666666666667 0.01 0
535 0.06333333333333332 0.01666666666666667 0
536 0.06333333333333332 0.02 0
537 0.06666666666666667 0.01666666666666667 0
538 0.06333333333333332 0.02333333333333333 0
539 0.06333333333333332 0.02666666666666666 0
540 0.06666666666666667 0.02333333333333333 0
541 0.06333333333333332 0.03 0
542 0.06333333333333332 0.03333333333333333 0
543 0.06666666666666667 0.03 0
544 0.06333333333333334 0.03666666666666667 0
545 0.06666666666666667 0.03666666666666667 0
546 0.07000000000000001 0.003333333333333333 0
547 0.06999999999999999 0.006666666666666666 0
548 0.07333333333333332 0.003333333333333333 0
549 0.06999999999999999 0.01 0
550 0.06999999999999999 0.01333333333333333 0
551 0.07333333333333332 0.01 0
552 0.06999999999999999 0.01666666666666667 0
553 0.06999999999999999 0.02 0
554 0.07333333333333332 0.01666666666666667 0
555 0.06999999999999999 0.02333333333333333 0
556 0.06999999999999999 0.02666666666666666 0
557 0.07333333333333332 0.02333333333333333 0
558 0.06999999999999999 0.03 0
559 0.06999999999999999 0.03333333333333333 0
560 0.07333333333333332 0.03 0
561 0.06999999999999999 0.03666666666666667 0
562 0.07333333333333332 0.03666666666666667 0
563 0.07666666666666666 0.003333333333333333 0
564 0.07666666666666666 0.006666666666666666 0
565 0.08 0.003333333333333333 0
566 0.07666666666666666 0.01 0
567 0.07666666666666666 0.01333333333333333 0
568 0.08 0.01 0
569 0.07666666666666666 0.01666666666666667 0
570 0.07666666666666666 0.02 0
571 0.08 0.01666666666666667 0
572 0.07666666666666666 0.02333333333333333 0
573 0.07666666666666666 0.02666666666666666 0
574 0.08 0.02333333333333333 0
575 0.07666666666666666 0.03 0
576 0.07666666666666666 0.03333333333333333 0
577 0.08 0.03 0
578 0.07666666666666666 0.03666666666666667 0
579 0.08 0.03666666666666667 0
580 0.08333333333333333 0.003333333333333333 0
581 0.08333333333333333 0.006666666666666666 0
582 0.08666666666666666 0.003333333333333333 0
583 0.08333333333333333 0.01 0
584 0.08333333333333333 0.01333333333333333 0
585 0.08666666666666666 0.01 0
586 0.08333333333333333 0.01666666666666667 0
587 0.08333333333333333 0.02 0
588 0.08666666666666666 0.01666666666666667 0
589 0.08333333333333333 0.02333333333333333 0
590 0.08333333333333333 0.02666666666666666 0
591 0.08666666666666666 0.02333333333333333 0
592 0.08333333333333333 0.03 0
593 0.08333333333333333 0.03333333333333333 0
594 0.08666666666666666 0.03 0
595 0.08333333333333333 0.03666666666666667 0
596 0.08666666666666666 0.03666666666666667 0
597 0.09 0.003333333333333333 0
598 0.09 0.006666666666666666 0
599 0.09333333333333334 0.003333333333333333 0
600 0.09 0.01 0
601 0.09 0.01333333333333333 0
602 0.09333333333333334 0.01 0
603 0.09 0.01666666666666667 0
604 0.09 0.02 0
605 0.09333333333333334 0.01666666666666667 0
606 0.09 0.02333333333333333 0
607 0.09 0.02666666666666666 0
608 0.09333333333333334 0.02333333333333333 0
609 0.09 0.03 0
610 0.09 0.03333333333333333 0
611 0.09333333333333334 0.03 0
612 0.09 0.03666666666666667 0
613 0.09333333333333334 0.03666666666666667 0
614 0.09666666666666668 0.003333333333333333 0
615 0.09666666666666668 0.006666666666666666 0
616 0.1 0.003333333333333333 0
617 0.09666666666666668 0.01 0
618 0.09666666666666668 0.01333333333333333 0
619 0.1 0.01 0
620 0.09666666666666668 0.01666666666666667 0
621 0.09666666666666668 0.02 0
622 0.1 0.01666666666666667 0
623 0.09666666666666668 0.02333333333333333 0
624 0.09666666666666668 0.02666666666666666 0
625 0.1 0.02333333333333333 0
626 0.09666666666666668 0.03 0
627 0.09666666666666668 0.03333333333333333 0
628 0.1 0.03 0
629 0.09666666666666668 0.03666666666666667 0
630 0.1 0.03666666666666667 0
631 0.1033333333333333 0.003333333333333333 0
632 0.1033333333333333 0.006666666666666666 0
633 0.1066666666666667 0.003333333333333333 0
634 0.1033333333333333 0.01 0
635 0.1033333333333333 0.01333333333333333 0
636 0.1066666666666667 0.01 0
637 0.1033333333333333 0.01666666666666667 0
638 0.1033333333333333 0.02 0
639 0.1066666666666667 0.01666666666666667 0
640 0.1033333333333333 0.02333333333333333 0
641 0.1033333333333333 0.02666666666666666 0
642 0.1066666666666667 0.02333333333333333 0
643 0.1033333333333333 0.03 0
644 0.1033333333333333 0.03333333333333333 0
645 0.1066666666666667 0.03 0
646 0.1033333333333333 0.03666666666666667 0
647 0.1066666666666667 0.03666666666666667 0
648 0.11 0.003333333333333333 0
649 0.11 0.006666666666666666 0
650 0.1133333333333333 0.003333333333333333 0
651 0.11 0.01 0
652 0.11 0.01333333333333333 0
653 0.1133333333333333 0.01 0
654 0.11 0.01666666666666667 0
655 0.11 0.02 0
656 0.1133333333333333 0.01666666666666667 0
657 0.11 0.02333333333333333 0
658 0.11 0.02666666666666666 0
659 0.1133333333333333 0.02333333333333333 0
660 0.11 0.03 0
661 0.11 0.03333333333333333 0
662 0.1133333333333333 0.03 0
663 0.11 0.03666666666666667 0
664 0.1133333333333333 0.03666666666666667 0
665 0.1166666666666667 0.003333333333333333 0
666 0.1166666666666667 0.006666666666666666 0
667 0.12 0.003333333333333333 0
668 0.1166666666666667 0.01 0
669 0.1166666666666667 0.01333333333333333 0
670 0.12 0.01 0
671 0.1166666666666667 0.01666666666666667 0
672 0.1166666666666667 0.02 0
673 0.12 0.01666666666666667 0
674 0.1166666666666667 0.02333333333333333 0
675 0.1166666666666667 0.02666666666666666 0
676 0.12 0.02333333333333333 0
677 0.1166666666666667 0.03 0
678 0.1166666666666667 0.03333333333333333 0
679 0.12 0.03 0
680 0.1166666666666667 0.03666666666666667 0
681 0.12 0.03666666666666667 0
682 0.1233333333333333 0.003333333333333333 0
683 0.1233333333333333 0.006666666666666666 0
684 0.1266666666666666 0.003333333333333333 0
685 0.1233333333333333 0.01 0
686 0.1233333333333333 0.01333333333333333 0
687 0.1266666666666666 0.01 0
688 0.1233333333333333 0.01666666666666667 0
689 0.1233333333333333 0.02 0
690 0.1266666666666666 0.01666666666666667 0
691 0.1233333333333333 0.02333333333333333 0
692 0.1233333333333333 0.02666666666666666 0
693 0.1266666666666666 0.02333333333333333 0
694 0.1233333333333333 0.03 0
695 0.1233333333333333 0.03333333333333333 0
696 0.1266666666666666 0.03 0
697 0.1233333333333333 0.03666666666666667 0
698 0.1266666666666666 0.03666666666666667 0
699 0.13 0.003333333333333333 0
700 0.13 0.006666666666666666 0
701 0.1333333333333333 0.003333333333333333 0
702 0.13 0.01 0
703 0.13 0.01333333333333333 0
704 0.1333333333333333 0.01 0
705 0.13 0.01666666666666667 0
706 0.13 0.02 0
707 0.1333333333333333 0.01666666666666667 0
708 0.13 0.02333333333333333 0
709 0.13 0.02666666666666666 0
710 0.1333333333333333 0.02333333333333333 0
711 0.13 0.03 0
712 0.13 0.03333333333333333 0
713 0.1333333333333333 0.03 0
714 0.13 0.03666666666666667 0
715 0.1333333333333333 0.03666666666666667 0
716 0.1366666666666667 0.003333333333333333 0
717 0.1366666666666667 0.006666666666666666 0
718 0.14 0.003333333333333333 0
719 0.1366666666666667 0.01 0
720 0.1366666666666667 0.01333333333333333 0
721 0.14 0.01 0
722 0.1366666666666667 0.01666666666666667 0
723 0.1366666666666667 0.02 0
724 0.14 0.01666666666666667 0
725 0.1366666666666667 0.02333333333333333 0
726 0.1366666666666667 0.02666666666666666 0
727 0.14 0.02333333333333333 0
728 0.1366666666666667 0.03 0
729 0.1366666666666667 0.03333333333333333 0
730 0.14 0.03 0
731 0.1366666666666667 0.03666666666666667 0
732 0.14 0.03666666666666667 0
733 0.1433333333333333 0.003333333333333333 0
734 0.1433333333333333 0.006666666666666666 0
735 0.1466666666666667 0.003333333333333333 0
736 0.1433333333333333 0.01 0
737 0.1433333333333333 0.01333333333333333 0
738 0.1466666666666667 0.01 0
739 0.1433333333333333 0.01666666666666667 0
740 0.1433333333333333 0.02 0
741 0.1466666666666667 0.01666666666666667 0
742 0.1433333333333333 0.02333333333333333 0
743 0.1433333333333333 0.02666666666666666 0
744 0.1466666666666667 0.02333333333333333 0
745 0.1433333333333333 0.03 0
746 0.1433333333333333 0.03333333333333333 0
747 0.1466666666666667 0.03 0
748 0.1433333333333333 0.03666666666666667 0
749 0.1466666666666667 0.03666666666666667 0
750 0.15 0.003333333333333333 0
751 0.15 0.006666666666666666 0
752 0.1533333333333333 0.003333333333333333 0
753 0.15 0.01 0
754 0.15 0.01333333333333333 0
755 0.1533333333333333 0.01 0
756 0.15 0.01666666666666667 0
757 0.15 0.02 0
758 0.1533333333333333 0.01666666666666667 0
759 0.15 0.02333333333333333 0
760 0.15 0.02666666666666666 0
761 0.1533333333333333 0.02333333333333333 0
762 0.15 0.03 0
763 0.15 0.03333333333333333 0
764 0.1533333333333333 0.03 0
765 0.15 0.03666666666666667 0
766 0.1533333333333333 0.03666666666666667 0
767 0.1566666666666667 0.003333333333333333 0
768 0.1566666666666667 0.006666666666666666 0
769 0.1566666666666667 0.01 0
770 0.1566666666666667 0.01333333333333333 0
771 0.1566666666666667 0.01666666666666667 0
772 0.1566666666666667 0.02 0
773 0.1566666666666667 0.02333333333333333 0
774 0.1566666666666667 0.02666666666666666 0
775 0.1566666666666667 0.03 0
776 0.1566666666666667 0.03333333333333333 0
777 0.1566666666666667 0.03666666666666667 0
778 0.006666666666666666 0 0.006666666666666666
779 0.006666666666666666 0 0.01333333333333333
780 0.01333333333333333 0 0.006666666666666666
781 0.01333333333333333 0 0.01333333333333333
782 0.02 0 0.006666666666666666
783 0.02 0 0.01333333333333333
784 0.02666666666666666 0 0.006666666666666666
785 0.02666666666666666 0 0.01333333333333333
786 0.03333333333333333 0 0.006666666666666666
787 0.03333333333333333 0 0.01333333333333333
788 0.04 0 0.006666666666666666
789 0.04 0 0.01333333333333333
790 0.04666666666666667 0 0.006666666666666666
791 0.04666666666666667 0 0.01333333333333333
792 0.05333333333333333 0 0.006666666666666666
793 0.05333333333333333 0 0.01333333333333333
794 0.06 0 0.006666666666666666
795 0.06 0 0.01333333333333333
796 0.06666666666666667 0 0.006666666666666666
797 0.06666666666666667 0 0.01333333333333333
798 0.07333333333333333 0 0.006666666666666666
799 0.07333333333333333 0 0.01333333333333333
800 0.08 0 0.006666666666666666
801 0.08 0 0.01333333333333333
802 0.08666666666666666 0 0.006666666666666666
803 0.08666666666666666 0 0.01333333333333333
804 0.09333333333333334 0 0.006666666666666666
805 0.09333333333333334 0 0.01333333333333333
806 0.1 0 0.006666666666666666
807 0.1 0 0.01333333333333333
808 0.1066666666666667 0 0.006666666666666666
809 0.1066666666666667 0 0.01333333333333333
810 0.1133333333333333 0 0.006666666666666666
811 0.1133333333333333 0 0.01333333333333333
812 0.12 0 0.006666666666666666
813 0.12 0 0.01333333333333333
814 0.1266666666666666 0 0.006666666666666666
815 0.1266666666666666 0 0.01333333333333333
816 0.1333333333333333 0 0.006666666666666666
817 0.1333333333333333 0 0.01333333333333333
818 0.14 0 0.006666666666666666
819 0.14 0 0.01333333333333333
820 0.1466666666666667 0 0.006666666666666666
821 0.1466666666666667 0 0.01333333333333333
822 0.1533333333333333 0 0.006666666666666666
823 0.1533333333333333 0 0.01333333333333333
824 0.003333333333333333 0 0.003333333333333333
825 0.006666666666666665 0 0.003333333333333333
826 0.003333333333333333 0 0.006666666666666665
827 0.003333333333333333 0 0.01
828 0.006666666666666665 0 0.01
829 0.003333333333333333 0 0.01333333333333333
830 0.003333333333333333 0 0.01666666666666667
831 0.006666666666666663 0 0.01666666666666667
832 0.009999999999999998 0 0.003333333333333333
833 0.01333333333333333 0 0.003333333333333333
834 0.009999999999999998 0 0.006666666666666666
835 0.009999999999999998 0 0.01
836 0.01333333333333333 0 0.01
837 0.009999999999999998 0 0.01333333333333333
838 0.009999999999999997 0 0.01666666666666667
839 0.01333333333333334 0 0.01666666666666667
840 0.01666666666666667 0 0.003333333333333333
841 0.02 0 0.003333333333333333
842 0.01666666666666667 0 0.006666666666666666
843 0.01666666666666667 0 0.01
844 0.02 0 0.01
845 0.01666666666666667 0 0.01333333333333333
846 0.01666666666666667 0 0.01666666666666667
847 0.02 0 0.01666666666666667
848 0.02333333333333333 0 0.003333333333333333
849 0.02666666666666666 0 0.003333333333333333
850 0.02333333333333333 0 0.006666666666666666
851 0.02333333333333333 0 0.01
852 0.02666666666666666 0 0.01
853 0.02333333333333333 0 0.01333333333333333
854 0.02333333333333333 0 0.01666666666666667
855 0.02666666666666666 0 0.01666666666666667
856 0.03 0 0.003333333333333333
857 0.03333333333333333 0 0.003333333333333333
858 0.03 0 0.006666666666666666
859 0.03 0 0.01
860 0.03333333333333333 0 0.01
861 0.03 0 0.01333333333333333
862 0.03 0 0.01666666666666667
863 0.03333333333333333 0 0.01666666666666667
864 0.03666666666666667 0 0.003333333333333333
865 0.04 0 0.003333333333333333
866 0.03666666666666667 0 0.006666666666666666
867 0.03666666666666667 0 0.01
868 0.04 0 0.01
869 0.03666666666666667 0 0.01333333333333333
870 0.03666666666666667 0 0.01666666666666667
871 0.04 0 0.01666666666666667
872 0.04333333333333334 0 0.003333333333333333
873 0.04666666666666667 0 0.003333333333333333
874 0.04333333333333334 0 0.006666666666666666
875 0.04333333333333334 0 0.01
876 0.04666666666666667 0 0.01
877 0.04333333333333334 0 0.01333333333333333
878 0.04333333333333334 0 0.01666666666666667
879 0.04666666666666668 0 0.01666666666666667
880 0.05 0 0.003333333333333333
881 0.05333333333333333 0 0.003333333333333333
882 0.05 0 0.006666666666666666
883 0.05 0 0.01
884 0.05333333333333333 0 0.01
885 0.05 0 0.01333333333333333
886 0.05 0 0.01666666666666667
887 0.05333333333333332 0 0.01666666666666667
888 0.05666666666666666 0 0.003333333333333333
889 0.06 0 0.003333333333333333
890 0.05666666666666666 0 0.006666666666666666
891 0.05666666666666666 0 0.01
892 0.06 0 0.01
893 0.05666666666666666 0 0.01333333333333333
894 0.05666666666666666 0 0.01666666666666667
895 0.06 0 0.01666666666666667
896 0.06333333333333334 0 0.003333333333333333
897 0.06666666666666667 0 0.003333333333333333
898 0.06333333333333332 0 0.006666666666666666
899 0.06333333333333332 0 0.01
900 0.06666666666666667 0 0.01
901 0.06333333333333332 0 0.01333333333333333
902 0.06333333333333332 0 0.01666666666666667
903 0.06666666666666667 0 0.01666666666666667
904 0.07000000000000001 0 0.003333333333333333
905 0.07333333333333332 0 0.003333333333333333
906 0.06999999999999999 0 0.006666666666666666
907 0.06999999999999999 0 0.01
908 0.07333333333333332 0 0.01
909 0.06999999999999999 0 0.01333333333333333
910 0.07000000000000001 0 0.01666666666666667
911 0.07333333333333332 0 0.01666666666666667
912 0.07666666666666666 0 0.003333333333333333
913 0.08 0 0.003333333333333333
914 0.07666666666666666 0 0.006666666666666666
915 0.07666666666666666 0 0.01
916 0.08 0 0.01
917 0.07666666666666666 0 0.01333333333333333
918 0.07666666666666666 0 0.01666666666666667
919 0.08 0 0.01666666666666667
920 0.08333333333333333 0 0.003333333333333333
921 0.08666666666666666 0 0.003333333333333333
922 0.08333333333333333 0 0.006666666666666666
923 0.08333333333333333 0 0.01
924 0.08666666666666666 0 0.01
925 0.08333333333333333 0 0.01333333333333333
926 0.08333333333333333 0 0.01666666666666667
927 0.08666666666666666 0 0.01666666666666667
928 0.09 0 0.003333333333333333
929 0.09333333333333334 0 0.003333333333333333
930 0.09 0 0.006666666666666666
931 0.09 0 0.01
932 0.09333333333333334 0 0.01
933 0.09 0 0.01333333333333333
934 0.09 0 0.01666666666666667
935 0.09333333333333334 0 0.01666666666666667
936 0.09666666666666668 0 0.003333333333333333
937 0.1 0 0.003333333333333333
938 0.09666666666666668 0 0.006666666666666666
939 0.09666666666666668 0 0.01
940 0.1 0 0.01
941 0.09666666666666668 0 0.01333333333333333
942 0.09666666666666668 0 0.01666666666666667
943 0.1 0 0.01666666666666667
944 0.1033333333333333 0 0.003333333333333333
945 0.1066666666666667 0 0.003333333333333333
946 0.1033333333333333 0 0.006666666666666666
947 0.1033333333333333 0 0.01
948 0.1066666666666667 0 0.01
949 0.1033333333333333 0 0.01333333333333333
950 0.1033333333333333 0 0.01666666666666667
951 0.1066666666666667 0 0.01666666666666667
952 0.11 0 0.003333333333333333
953 0.1133333333333333 0 0.003333333333333333
954 0.11 0 0.006666666666666666
955 0.11 0 0.01
956 0.1133333333333333 0 0.01
957 0.11 0 0.01333333333333333
958 0.11 0 0.01666666666666667
959 0.1133333333333333 0 0.01666666666666667
960 0.1166666666666667 0 0.003333333333333333
961 0.12 0 0.003333333333333333
962 0.1166666666666667 0 0.006666666666666666
963 0.1166666666666667 0 0.01
964 0.12 0 0.01
965 0.1166666666666667 0 0.01333333333333333
966 0.1166666666666667 0 0.01666666666666667
967 0.12 0 0.01666666666666667
968 0.1233333333333333 0 0.003333333333333333
969 0.1266666666666666 0 0.003333333333333333
970 0.1233333333333333 0 0.006666666666666666
971 0.1233333333333333 0 0.01
972 0.1266666666666666 0 0.01
973 0.1233333333333333 0 0.01333333333333333
974 0.1233333333333333 0 0.01666666666666667
975 0.1266666666666666 0 0.01666666666666667
976 0.13 0 0.003333333333333333
977 0.1333333333333333 0 0.003333333333333333
978 0.13 0 0.006666666666666666
979 0.13 0 0.01
980 0.1333333333333333 0 0.01
981 0.13 0 0.01333333333333333
982 0.13 0 0.01666666666666667
983 0.1333333333333333 0 0.01666666666666667
984 0.1366666666666667 0 0.003333333333333333
985 0.14 0 0.003333333333333333
986 0.1366666666666667 0 0.006666666666666666
987 0.1366666666666667 0 0.01
988 0.14 0 0.01
989 0.1366666666666667 0 0.01333333333333333
990 0.1366666666666667 0 0.01666666666666667
991 0.14 0 0.01666666666666667
992 0.1433333333333333 0 0.003333333333333333
993 0.1466666666666667 0 0.003333333333333333
994 0.1433333333333333 0 0.006666666666666666
995 0.1433333333333333 0 0.01
996 0.1466666666666667 0 0.01
997 0.1433333333333333 0 0.01333333333333333
998 0.1433333333333333 0 0.01666666666666667
999 0.1466666666666667 0 0.01666666666666667
1000 0.15 0 0.003333333333333333
1001 0.1533333333333333 0 0.003333333333333333
1002 0.15 0 0.006666666666666666
1003 0.15 0 0.01
1004 0.1533333333333333 0 0.01
1005 0.15 0 0.01333333333333333
1006 0.15 0 0.01666666666666667
1007 0.1533333333333333 0 0.01666666666666667
1008 0.1566666666666667 0 0.003333333333333333
1009 0.1566666666666667 0 0.006666666666666666
1010 0.1566666666666667 0 0.01
1011 0.1566666666666667 0 0.01333333333333333
1012 0.1566666666666667 0 0.01666666666666667
1013 0.16 0.006666666666666666 0.006666666666666666
1014 0.16 0.006666666666666666 0.01333333333333333
1015 0.16 0.01333333333333333 0.006666666666666666
1016 0.16 0.01333333333333333 0.01333333333333333
1017 0.16 0.02 0.006666666666666666
1018 0.16 0.02 0.01333333333333333
1019 0.16 0.02666666666666666 0.006666666666666666
1020 0.16 0.02666666666666666 0.01333333333333333
1021 0.16 0.03333333333333333 0.006666666666666666
1022 0.16 0.03333333333333333 0.01333333333333333
1023 0.16 0.003333333333333333 0.003333333333333333
1024 0.16 0.003333333333333333 0.006666666666666665
1025 0.16 0.006666666666666666 0.003333333333333333
1026 0.16 0.003333333333333333 0.009999999999999998
1027 0.16 0.003333333333333333 0.01333333333333333
1028 0.16 0.006666666666666666 0.01
1029 0.16 0.003333333333333333 0.01666666666666667
1030 0.16 0.006666666666666665 0.01666666666666667
1031 0.16 0.01 0.003333333333333333
1032 0.16 0.01 0.006666666666666666
1033 0.16 0.01333333333333333 0.003333333333333333
1034 0.16 0.01 0.01
1035 0.16 0.01 0.01333333333333333
1036 0.16 0.01333333333333333 0.01
1037 0.16 0.009999999999999998 0.01666666666666667
1038 0.16 0.01333333333333333 0.01666666666666667
1039 0.16 0.01666666666666667 0.003333333333333333
1040 0.16 0.01666666666666667 0.006666666666666666
1041 0.16 0.02 0.003333333333333333
1042 0.16 0.01666666666666667 0.01
1043 0.16 0.01666666666666667 0.01333333333333333
1044 0.16 0.02 0.01
1045 0.16 0.01666666666666667 0.01666666666666667
1046 0.16 0.02 0.01666666666666667
1047 0.16 0.02333333333333333 0.003333333333333333
1048 0.16 0.02333333333333333 0.006666666666666666
1049 0.16 0.02666666666666666 0.003333333333333333
1050 0.16 0.02333333333333333 0.01
1051 0.16 0.02333333333333333 0.01333333333333333
1052 0.16 0.02666666666666666 0.01
1053 0.16 0.02333333333333333 0.01666666666666667
1054 0.16 0.02666666666666666 0.01666666666666667
1055 0.16 0.03 0.003333333333333333
1056 0.16 0.03 0.006666666666666666
1057 0.16 0.03333333333333333 0.003333333333333333
1058 0.16 0.03 0.01
1059 0.16 0.03 0.01333333333333333
1060 0.16 0.03333333333333333 0.01
1061 0.16 0.03 0.01666666666666667
1062 0.16 0.03333333333333333 0.01666666666666667
1063 0.16 0.03666666666666667 0.003333333333333333
1064 0.16 0.03666666666666667 0.006666666666666666
1065 0.16 0.03666666666666667 0.01
1066 0.16 0.03666666666666667 0.01333333333333333
1067 0.16 0.03666666666666667 0.01666666666666667
1068 0.006666666666666666 0.04 0.006666666666666666
1069 0.006666666666666666 0.04 0.01333333333333333
1070 0.01333333333333333 0.04 0.006666666666666666
1071 0.01333333333333333 0.04 0.01333333333333333
1072 0.02 0.04 0.006666666666666666
1073 0.02 0.04 0.01333333333333333
1074 0.02666666666666666 0.04 0.006666666666666666
1075 0.02666666666666666 0.04 0.01333333333333333
1076 0.03333333333333333 0.04 0.006666666666666666
1077 0.03333333333333333 0.04 0.01333333333333333
1078 0.04 0.04 0.006666666666666666
1079 0.04 0.04 0.01333333333333333
1080 0.04666666666666667 0.04 0.006666666666666666
1081 0.04666666666666667 0.04 0.01333333333333333
1082 0.05333333333333333 0.04 0.006666666666666666
1083 0.05333333333333333 0.04 0.01333333333333333
1084 0.06 0.04 0.006666666666666666
1085 0.06 0.04 0.01333333333333333
1086 0.06666666666666667 0.04 0.006666666666666666
1087 0.06666666666666667 0.04 0.01333333333333333
1088 0.07333333333333333 0.04 0.006666666666666666
1089 0.07333333333333333 0.04 0.01333333333333333
1090 0.08 0.04 0.006666666666666666
1091 0.08 0.04 0.01333333333333333
1092 0.08666666666666666 0.04 0.006666666666666666
1093 0.08666666666666666 0.04 0.01333333333333333
1094 0.09333333333333334 0.04 0.006666666666666666
1095 0.09333333333333334 0.04 0.01333333333333333
1096 0.1 0.04 0.006666666666666666
1097 0.1 0.04 0.01333333333333333
1098 0.1066666666666667 0.04 0.006666666666666666
1099 0.1066666666666667 0.04 0.01333333333333333
1100 0.1133333333333333 0.04 0.006666666666666666
1101 0.1133333333333333 0.04 0.01333333333333333
1102 0.12 0.04 0.006666666666666666
1103 0.12 0.04 0.01333333333333333
1104 0.1266666666666666 0.04 0.006666666666666666
1105 0.1266666666666666 0.04 0.01333333333333333
1106 0.1333333333333333 0.04 0.006666666666666666
1107 0.1333333333333333 0.04 0.01333333333333333
1108 0.14 0.04 0.006666666666666666
1109 0.14 0.04 0.01333333333333333
1110 0.1466666666666667 0.04 0.006666666666666666
1111 0.1466666666666667 0.04 0.01333333333333333
1112 0.1533333333333333 0.04 0.006666666666666666
1113 0.1533333333333333 0.04 0.01333333333333333
1114 0.003333333333333321 0.04 0.003333333333333333
1115 0.003333333333333321 0.04 0.006666666666666666
1116 0.006666666666666661 0.04 0.003333333333333333
1117 0.003333333333333321 0.04 0.01
1118 0.003333333333333321 0.04 0.01333333333333333
1119 0.006666666666666661 0.04 0.01
1120 0.003333333333333321 0.04 0.01666666666666667
1121 0.006666666666666661 0.04 0.01666666666666667
1122 0.01 0.04 0.003333333333333333
1123 0.01 0.04 0.006666666666666666
1124 0.01333333333333334 0.04 0.003333333333333333
1125 0.01 0.04 0.01
1126 0.01 0.04 0.01333333333333333
1127 0.01333333333333334 0.04 0.01
1128 0.01 0.04 0.01666666666666667
1129 0.01333333333333334 0.04 0.01666666666666667
1130 0.01666666666666668 0.04 0.003333333333333333
1131 0.01666666666666668 0.04 0.006666666666666666
1132 0.02 0.04 0.003333333333333333
1133 0.01666666666666668 0.04 0.01
1134 0.01666666666666668 0.04 0.01333333333333333
1135 0.02 0.04 0.01
1136 0.01666666666666668 0.04 0.01666666666666667
1137 0.02 0.04 0.01666666666666667
1138 0.02333333333333332 0.04 0.003333333333333333
1139 0.02333333333333332 0.04 0.006666666666666666
1140 0.02666666666666666 0.04 0.003333333333333333
1141 0.02333333333333332 0.04 0.01
1142 0.02333333333333332 0.04 0.01333333333333333
1143 0.02666666666666666 0.04 0.01
1144 0.02333333333333332 0.04 0.01666666666666667
1145 0.02666666666666666 0.04 0.01666666666666667
1146 0.03 0.04 0.003333333333333333
1147 0.03 0.04 0.006666666666666666
1148 0.03333333333333334 0.04 0.003333333333333333
1149 0.03 0.04 0.01
1150 0.03 0.04 0.01333333333333333
1151 0.03333333333333334 0.04 0.01
1152 0.03 0.04 0.01666666666666667
1153 0.03333333333333334 0.04 0.01666666666666667
1154 0.03666666666666668 0.04 0.003333333333333333
1155 0.03666666666666668 0.04 0.006666666666666666
1156 0.04 0.04 0.003333333333333333
1157 0.03666666666666668 0.04 0.01
1158 0.03666666666666668 0.04 0.01333333333333333
1159 0.04 0.04 0.01
1160 0.03666666666666668 0.04 0.01666666666666667
1161 0.04 0.04 0.01666666666666667
1162 0.04333333333333334 0.04 0.003333333333333333
1163 0.04333333333333332 0.04 0.006666666666666666
1164 0.04666666666666668 0.04 0.003333333333333333
1165 0.04333333333333332 0.04 0.01
1166 0.04333333333333332 0.04 0.01333333333333333
1167 0.04666666666666666 0.04 0.01
1168 0.04333333333333332 0.04 0.01666666666666667
1169 0.04666666666666668 0.04 0.01666666666666667
1170 0.05 0.04 0.003333333333333333
1171 0.05 0.04 0.006666666666666666
1172 0.05333333333333332 0.04 0.003333333333333333
1173 0.05 0.04 0.01
1174 0.05 0.04 0.01333333333333333
1175 0.05333333333333332 0.04 0.01
1176 0.05 0.04 0.01666666666666667
1177 0.05333333333333332 0.04 0.01666666666666667
1178 0.05666666666666666 0.04 0.003333333333333333
1179 0.05666666666666666 0.04 0.006666666666666666
1180 0.06 0.04 0.003333333333333333
1181 0.05666666666666666 0.04 0.01
1182 0.05666666666666666 0.04 0.01333333333333333
1183 0.06 0.04 0.01
1184 0.05666666666666666 0.04 0.01666666666666667
1185 0.06 0.04 0.01666666666666667
1186 0.06333333333333334 0.04 0.003333333333333333
1187 0.06333333333333332 0.04 0.006666666666666666
1188 0.06666666666666668 0.04 0.003333333333333333
1189 0.06333333333333332 0.04 0.01
1190 0.06333333333333332 0.04 0.01333333333333333
1191 0.06666666666666667 0.04 0.01
1192 0.06333333333333332 0.04 0.01666666666666667
1193 0.06666666666666668 0.04 0.01666666666666667
1194 0.07000000000000001 0.04 0.003333333333333333
1195 0.07000000000000001 0.04 0.006666666666666666
1196 0.07333333333333332 0.04 0.003333333333333333
1197 0.07000000000000001 0.04 0.01
1198 0.07000000000000001 0.04 0.01333333333333333
1199 0.07333333333333332 0.04 0.01
1200 0.07000000000000001 0.04 0.01666666666666667
1201 0.07333333333333332 0.04 0.01666666666666667
1202 0.07666666666666666 0.04 0.003333333333333333
1203 0.07666666666666666 0.04 0.006666666666666666
1204 0.08 0.04 0.003333333333333333
1205 0.07666666666666666 0.04 0.01
1206 0.07666666666666666 0.04 0.01333333333333333
1207 0.08 0.04 0.01
1208 0.07666666666666666 0.04 0.01666666666666667
1209 0.08 0.04 0.01666666666666667
1210 0.08333333333333333 0.04 0.003333333333333333
1211 0.08333333333333333 0.04 0.006666666666666666
1212 0.08666666666666666 0.04 0.003333333333333333
1213 0.08333333333333333 0.04 0.01
1214 0.08333333333333333 0.04 0.01333333333333333
1215 0.08666666666666664 0.04 0.01
1216 0.08333333333333333 0.04 0.01666666666666667
1217 0.08666666666666666 0.04 0.01666666666666667
1218 0.09 0.04 0.003333333333333333
1219 0.09 0.04 0.006666666666666666
1220 0.09333333333333334 0.04 0.003333333333333333
1221 0.09 0.04 0.01
1222 0.09 0.04 0.01333333333333333
1223 0.09333333333333334 0.04 0.01
1224 0.09 0.04 0.01666666666666667
1225 0.09333333333333334 0.04 0.01666666666666667
1226 0.09666666666666668 0.04 0.003333333333333333
1227 0.09666666666666668 0.04 0.006666666666666666
1228 0.1 0.04 0.003333333333333333
1229 0.09666666666666668 0.04 0.01
1230 0.09666666666666668 0.04 0.01333333333333333
1231 0.1 0.04 0.01
1232 0.09666666666666668 0.04 0.01666666666666667
1233 0.1 0.04 0.01666666666666667
1234 0.1033333333333333 0.04 0.003333333333333333
1235 0.1033333333333333 0.04 0.006666666666666666
1236 0.1066666666666667 0.04 0.003333333333333333
1237 0.1033333333333333 0.04 0.01
1238 0.1033333333333333 0.04 0.01333333333333333
1239 0.1066666666666666 0.04 0.01
1240 0.1033333333333333 0.04 0.01666666666666667
1241 0.1066666666666667 0.04 0.01666666666666667
1242 0.11 0.04 0.003333333333333333
1243 0.11 0.04 0.006666666666666666
1244 0.1133333333333334 0.04 0.003333333333333333
1245 0.11 0.04 0.01
1246 0.11 0.04 0.01333333333333333
1247 0.1133333333333334 0.04 0.01
1248 0.11 0.04 0.01666666666666667
1249 0.1133333333333334 0.04 0.01666666666666667
1250 0.1166666666666667 0.04 0.003333333333333333
1251 0.1166666666666667 0.04 0.006666666666666666
1252 0.12 0.04 0.003333333333333333
1253 0.1166666666666667 0.04 0.01
1254 0.1166666666666667 0.04 0.01333333333333333
1255 0.12 0.04 0.01
1256 0.1166666666666667 0.04 0.01666666666666667
1257 0.12 0.04 0.01666666666666667
1258 0.1233333333333333 0.04 0.003333333333333333
1259 0.1233333333333333 0.04 0.006666666666666666
1260 0.1266666666666666 0.04 0.003333333333333333
1261 0.1233333333333333 0.04 0.01
1262 0.1233333333333333 0.04 0.01333333333333333
1263 0.1266666666666666 0.04 0.01
1264 0.1233333333333333 0.04 0.01666666666666667
1265 0.1266666666666666 0.04 0.01666666666666667
1266 0.13 0.04 0.003333333333333333
1267 0.13 0.04 0.006666666666666666
1268 0.1333333333333333 0.04 0.003333333333333333
1269 0.13 0.04 0.01
1270 0.13 0.04 0.01333333333333333
1271 0.1333333333333333 0.04 0.01
1272 0.13 0.04 0.01666666666666667
1273 0.1333333333333333 0.04 0.01666666666666667
1274 0.1366666666666667 0.04 0.003333333333333333
1275 0.1366666666666667 0.04 0.006666666666666666
1276 0.14 0.04 0.003333333333333333
1277 0.1366666666666667 0.04 0.01
1278 0.1366666666666667 0.04 0.01333333333333333
1279 0.14 0.04 0.01
1280 0.1366666666666667 0.04 0.01666666666666667
1281 0.14 0.04 0.01666666666666667
1282 0.1433333333333333 0.04 0.003333333333333333
1283 0.1433333333333333 0.04 0.006666666666666666
1284 0.1466666666666667 0.04 0.003333333333333333
1285 0.1433333333333333 0.04 0.01
1286 0.1433333333333333 0.04 0.01333333333333333
1287 0.1466666666666667 0.04 0.01
1288 0.1433333333333333 0.04 0.01666666666666667
1289 0.1466666666666667 0.04 0.01666666666666667
1290 0.15 0.04 0.003333333333333333
1291 0.15 0.04 0.006666666666666666
1292 0.1533333333333333 0.04 0.003333333333333333
1293 0.15 0.04 0.01
1294 0.15 0.04 0.01333333333333333
1295 0.1533333333333333 0.04 0.01
1296 0.15 0.04 0.01666666666666667
1297 0.1533333333333333 0.04 0.01666666666666667
1298 0.1566666666666667 0.04 0.003333333333333333
1299 0.1566666666666667 0.04 0.006666666666666665
1300 0.1566666666666667 0.04 0.009999999999999998
1301 0.1566666666666667 0.04 0.01333333333333333
1302 0.1566666666666667 0.04 0.01666666666666667
1303 0 0.006666666666666666 0.006666666666666666
1304 0 0.006666666666666666 0.01333333333333333
1305 0 0.01333333333333333 0.006666666666666666
1306 0 0.01333333333333333 0.01333333333333333
1307 0 0.02 0.006666666666666666
1308 0 0.02 0.01333333333333333
1309 0 0.02666666666666666 0.006666666666666666
1310 0 0.02666666666666666 0.01333333333333333
1311 0 0.03333333333333333 0.006666666666666666
1312 0 0.03333333333333333 0.01333333333333333
1313 0 0.003333333333333331 0.006666666666666666
1314 0 0.003333333333333331 0.003333333333333333
1315 0 0.006666666666666665 0.003333333333333333
1316 0 0.003333333333333331 0.01333333333333333
1317 0 0.003333333333333331 0.01
1318 0 0.006666666666666665 0.01
1319 0 0.003333333333333331 0.01666666666666667
1320 0 0.006666666666666665 0.01666666666666667
1321 0 0.01 0.006666666666666666
1322 0 0.01 0.003333333333333333
1323 0 0.01333333333333333 0.003333333333333333
1324 0 0.01 0.01333333333333333
1325 0 0.01 0.01
1326 0 0.01333333333333333 0.01
1327 0 0.01 0.01666666666666667
1328 0 0.01333333333333333 0.01666666666666667
1329 0 0.01666666666666667 0.006666666666666666
1330 0 0.01666666666666667 0.003333333333333333
1331 0 0.02 0.003333333333333333
1332 0 0.01666666666666667 0.01333333333333333
1333 0 0.01666666666666667 0.01
1334 0 0.02 0.01
1335 0 0.01666666666666667 0.01666666666666667
1336 0 0.02 0.01666666666666667
1337 0 0.02333333333333333 0.006666666666666666
1338 0 0.02333333333333333 0.003333333333333333
1339 0 0.02666666666666666 0.003333333333333333
1340 0 0.02333333333333333 0.01333333333333333
1341 0 0.02333333333333333 0.01
1342 0 0.02666666666666666 0.01
1343 0 0.02333333333333333 0.01666666666666667
1344 0 0.02666666666666666 0.01666666666666667
1345 0 0.03 0.006666666666666666
1346 0 0.03 0.003333333333333333
1347 0 0.03333333333333333 0.003333333333333333
1348 0 0.03 0.01333333333333333
1349 0 0.03 0.01
1350 0 0.03333333333333333 0.01
1351 0 0.03 0.01666666666666667
1352 0 0.03333333333333333 0.01666666666666667
1353 0 0.03666666666666667 0.006666666666666665
1354 0 0.03666666666666667 0.003333333333333333
1355 0 0.03666666666666667 0.01333333333333333
1356 0 0.03666666666666667 0.01
1357 0 0.03666666666666667 0.01666666666666667
1358 0.006666666666666666 0.006666666666666666 0.02
1359 0.006666666666666666 0.01333333333333333 0.02
1360 0.006666666666666666 0.02 0.02
1361 0.006666666666666666 0.02666666666666666 0.02
1362 0.006666666666666666 0.03333333333333333 0.02
1363 0.01333333333333333 0.006666666666666666 0.02
1364 0.01333333333333333 0.01333333333333333 0.02
1365 0.01333333333333333 0.02 0.02
1366 0.01333333333333333 0.02666666666666666 0.02
1367 0.01333333333333333 0.03333333333333333 0.02
1368 0.02 0.006666666666666666 0.02
1369 0.02 0.01333333333333333 0.02
1370 0.02 0.02 0.02
1371 0.02 0.02666666666666666 0.02
1372 0.02 0.03333333333333333 0.02
1373 0.02666666666666666 0.006666666666666666 0.02
1374 0.02666666666666666 0.01333333333333333 0.02
1375 0.02666666666666666 0.02 0.02
1376 0.02666666666666666 0.02666666666666666 0.02
1377 0.02666666666666666 0.03333333333333333 0.02
1378 0.03333333333333333 0.006666666666666666 0.02
1379 0.03333333333333333 0.01333333333333333 0.02
1380 0.03333333333333333 0.02 0.02
1381 0.03333333333333333 0.02666666666666666 0.02
1382 0.03333333333333333 0.03333333333333333 0.02
1383 0.04 0.006666666666666666 0.02
1384 0.04 0.01333333333333333 0.02
1385 0.04 0.02 0.02
1386 0.04 0.02666666666666666 0.02
1387 0.04 0.03333333333333333 0.02
1388 0.04666666666666667 0.006666666666666666 0.02
1389 0.04666666666666667 0.01333333333333333 0.02
1390 0.04666666666666667 0.02 0.02
1391 0.04666666666666667 0.02666666666666666 0.02
1392 0.04666666666666667 0.03333333333333333 0.02
1393 0.05333333333333333 0.006666666666666666 0.02
1394 0.05333333333333333 0.01333333333333333 0.02
1395 0.05333333333333333 0.02 0.02
1396 0.05333333333333333 0.02666666666666666 0.02
1397 0.05333333333333333 0.03333333333333333 0.02
1398 0.06 0.006666666666666666 0.02
1399 0.06 0.01333333333333333 0.02
1400 0.06 0.02 0.02
1401 0.06 0.02666666666666666 0.02
1402 0.06 0.03333333333333333 0.02
1403 0.06666666666666667 0.006666666666666666 0.02
1404 0.06666666666666667 0.01333333333333333 0.02
1405 0.06666666666666667 0.02 0.02
1406 0.06666666666666667 0.02666666666666666 0.02
1407 0.06666666666666667 0.03333333333333333 0.02
1408 0.07333333333333333 0.006666666666666666 0.02
1409 0.07333333333333333 0.01333333333333333 0.02
1410 0.07333333333333333 0.02 0.02
1411 0.07333333333333333 0.02666666666666666 0.02
1412 0.07333333333333333 0.03333333333333333 0.02
1413 0.08 0.006666666666666666 0.02
1414 0.08 0.01333333333333333 0.02
1415 0.08 0.02 0.02
1416 0.08 0.02666666666666666 0.02
1417 0.08 0.03333333333333333 0.02
1418 0.08666666666666666 0.006666666666666666 0.02
1419 0.08666666666666666 0.01333333333333333 0.02
1420 0.08666666666666666 0.02 0.02
1421 0.08666666666666666 0.02666666666666666 0.02
1422 0.08666666666666666 0.03333333333333333 0.02
1423 0.09333333333333334 0.006666666666666666 0.02
1424 0.09333333333333334 0.01333333333333333 0.02
1425 0.09333333333333334 0.02 0.02
1426 0.09333333333333334 0.02666666666666666 0.02
1427 0.09333333333333334 0.03333333333333333 0.02
1428 0.1 0.006666666666666666 0.02
1429 0.1 0.01333333333333333 0.02
1430 0.1 0.02 0.02
1431 0.1 0.02666666666666666 0.02
1432 0.1 0.03333333333333333 0.02
1433 0.1066666666666667 0.006666666666666666 0.02
1434 0.1066666666666667 0.01333333333333333 0.02
1435 0.1066666666666667 0.02 0.02
1436 0.1066666666666667 0.02666666666666666 0.02
1437 0.1066666666666667 0.03333333333333333 0.02
1438 0.1133333333333333 0.006666666666666666 0.02
1439 0.1133333333333333 0.01333333333333333 0.02
1440 0.1133333333333333 0.02 0.02
1441 0.1133333333333333 0.02666666666666666 0.02
1442 0.1133333333333333 0.03333333333333333 0.02
1443 0.12 0.006666666666666666 0.02
1444 0.12 0.01333333333333333 0.02
1445 0.12 0.02 0.02
1446 0.12 0.02666666666666666 0.02
1447 0.12 0.03333333333333333 0.02
1448 0.1266666666666666 0.006666666666666666 0.02
1449 0.1266666666666666 0.01333333333333333 0.02
1450 0.1266666666666666 0.02 0.02
1451 0.1266666666666666 0.02666666666666666 0.02
1452 0.1266666666666666 0.03333333333333333 0.02
1453 0.1333333333333333 0.006666666666666666 0.02
1454 0.1333333333333333 0.01333333333333333 0.02
1455 0.1333333333333333 0.02 0.02
1456 0.1333333333333333 0.02666666666666666 0.02
1457 0.1333333333333333 0.03333333333333333 0.02
1458 0.14 0.006666666666666666 0.02
1459 0.14 0.01333333333333333 0.02
1460 0.14 0.02 0.02
1461 0.14 0.02666666666666666 0.02
1462 0.14 0.03333333333333333 0.02
1463 0.1466666666666667 0.006666666666666666 0.02
1464 0.1466666666666667 0.01333333333333333 0.02
1465 0.1466666666666667 0.02 0.02
1466 0.1466666666666667 0.02666666666666666 0.02
1467 0.1466666666666667 0.03333333333333333 0.02
1468 0.1533333333333333 0.006666666666666666 0.02
1469 0.1533333333333333 0.01333333333333333 0.02
1470 0.1533333333333333 0.02 0.02
1471 0.1533333333333333 0.02666666666666666 0.02
1472 0.1533333333333333 0.03333333333333333 0.02
1473 0.00666666666666666 0.003333333333333327 0.02
1474 0.00333333333333333 0.003333333333333327 0.02
1475 0.003333333333333329 0.006666666666666662 0.02
1476 0.006666666666666658 0.009999999999999995 0.02
1477 0.003333333333333329 0.009999999999999993 0.02
1478 0.00333333333333333 0.01333333333333333 0.02000000000000001
1479 0.006666666666666657 0.01666666666666666 0.02
1480 0.003333333333333329 0.01666666666666667 0.01999999999999999
1481 0.003333333333333327 0.02 0.02
1482 0.006666666666666652 0.02333333333333333 0.02
1483 0.003333333333333327 0.02333333333333333 0.02
1484 0.003333333333333327 0.02666666666666666 0.02
1485 0.006666666666666654 0.03 0.02
1486 0.003333333333333327 0.03 0.02
1487 0.003333333333333326 0.03333333333333334 0.02
1488 0.006666666666666652 0.03666666666666667 0.02000000000000001
1489 0.003333333333333327 0.03666666666666667 0.02000000000000001
1490 0.01333333333333333 0.003333333333333327 0.02
1491 0.01 0.003333333333333328 0.02
1492 0.009999999999999998 0.006666666666666662 0.01999999999999999
1493 0.01333333333333332 0.009999999999999988 0.02000000000000001
1494 0.009999999999999998 0.009999999999999997 0.02
1495 0.009999999999999998 0.01333333333333333 0.01999999999999999
1496 0.01333333333333333 0.01666666666666667 0.02
1497 0.009999999999999997 0.01666666666666667 0.01999999999999999
1498 0.01 0.02 0.02
1499 0.01333333333333334 0.02333333333333333 0.02
1500 0.01 0.02333333333333333 0.02
1501 0.01000000000000001 0.02666666666666666 0.01999999999999999
1502 0.01333333333333334 0.02999999999999999 0.02
1503 0.01000000000000001 0.03 0.02
1504 0.01000000000000001 0.03333333333333334 0.02
1505 0.01333333333333334 0.03666666666666666 0.02
1506 0.01000000000000001 0.03666666666666667 0.01999999999999999
1507 0.02 0.003333333333333327 0.02
1508 0.01666666666666667 0.003333333333333327 0.02
1509 0.01666666666666667 0.00666666666666666 0.01999999999999999
1510 0.02 0.009999999999999995 0.02
1511 0.01666666666666667 0.00999999999999999 0.02
1512 0.01666666666666668 0.01333333333333333 0.02
1513 0.02 0.01666666666666667 0.02
1514 0.01666666666666667 0.01666666666666667 0.02
1515 0.01666666666666667 0.02 0.02
1516 0.01999999999999999 0.02333333333333333 0.02
1517 0.01666666666666668 0.02333333333333333 0.01999999999999999
1518 0.01666666666666668 0.02666666666666667 0.02
1519 0.02 0.03 0.02000000000000001
1520 0.01666666666666669 0.02999999999999999 0.02
1521 0.01666666666666668 0.03333333333333333 0.01999999999999999
1522 0.01999999999999999 0.03666666666666665 0.02
1523 0.01666666666666669 0.03666666666666666 0.01999999999999999
1524 0.02666666666666667 0.003333333333333329 0.02
1525 0.02333333333333333 0.003333333333333328 0.02000000000000001
1526 0.02333333333333333 0.006666666666666661 0.02000000000000001
1527 0.02666666666666666 0.009999999999999995 0.02
1528 0.02333333333333333 0.009999999999999993 0.02
1529 0.02333333333333333 0.01333333333333333 0.02
1530 0.02666666666666665 0.01666666666666667 0.01999999999999999
1531 0.02333333333333332 0.01666666666666667 0.02
1532 0.02333333333333332 0.02 0.02
1533 0.02666666666666664 0.02333333333333334 0.02
1534 0.02333333333333331 0.02333333333333333 0.02
1535 0.02333333333333332 0.02666666666666667 0.02
1536 0.02666666666666664 0.03 0.02
1537 0.02333333333333332 0.02999999999999999 0.02
1538 0.02333333333333332 0.03333333333333333 0.02000000000000001
1539 0.02666666666666665 0.03666666666666665 0.02
1540 0.02333333333333334 0.03666666666666664 0.02
1541 0.03333333333333332 0.003333333333333328 0.02
1542 0.02999999999999999 0.003333333333333327 0.02
1543 0.03 0.006666666666666662 0.01999999999999999
1544 0.03333333333333333 0.009999999999999995 0.02
1545 0.02999999999999999 0.009999999999999995 0.02
1546 0.02999999999999999 0.01333333333333333 0.02000000000000001
1547 0.03333333333333333 0.01666666666666667 0.02
1548 0.02999999999999999 0.01666666666666667 0.02
1549 0.02999999999999999 0.02 0.02
1550 0.03333333333333331 0.02333333333333332 0.02
1551 0.02999999999999997 0.02333333333333333 0.02
1552 0.02999999999999997 0.02666666666666667 0.02
1553 0.03333333333333333 0.03 0.02
1554 0.02999999999999997 0.03 0.02
1555 0.02999999999999998 0.03333333333333333 0.02
1556 0.03333333333333333 0.03666666666666667 0.02
1557 0.02999999999999999 0.03666666666666666 0.02
1558 0.03999999999999999 0.003333333333333328 0.02
1559 0.03666666666666667 0.003333333333333327 0.02
1560 0.03666666666666665 0.00666666666666666 0.01999999999999999
1561 0.03999999999999999 0.009999999999999997 0.02
1562 0.03666666666666667 0.009999999999999997 0.02
1563 0.03666666666666666 0.01333333333333333 0.02000000000000001
1564 0.03999999999999999 0.01666666666666667 0.01999999999999999
1565 0.03666666666666667 0.01666666666666667 0.02
1566 0.03666666666666667 0.02 0.02
1567 0.04 0.02333333333333333 0.02
1568 0.03666666666666667 0.02333333333333333 0.02
1569 0.03666666666666667 0.02666666666666667 0.02
1570 0.04000000000000001 0.03 0.02
1571 0.03666666666666666 0.03 0.02
1572 0.03666666666666667 0.03333333333333333 0.02
1573 0.04000000000000001 0.03666666666666667 0.02
1574 0.03666666666666667 0.03666666666666667 0.02
1575 0.04666666666666666 0.003333333333333329 0.02
1576 0.04333333333333334 0.003333333333333329 0.02
1577 0.04333333333333333 0.006666666666666661 0.01999999999999999
1578 0.04666666666666666 0.009999999999999988 0.02
1579 0.04333333333333332 0.009999999999999992 0.02
1580 0.04333333333333332 0.01333333333333333 0.02
1581 0.04666666666666666 0.01666666666666666 0.02
1582 0.04333333333333332 0.01666666666666667 0.02
1583 0.04333333333333332 0.02 0.02
1584 0.04666666666666666 0.02333333333333333 0.02
1585 0.04333333333333333 0.02333333333333333 0.02
1586 0.04333333333333334 0.02666666666666667 0.02
1587 0.04666666666666667 0.02999999999999999 0.02
1588 0.04333333333333333 0.02999999999999999 0.02
1589 0.04333333333333333 0.03333333333333333 0.02
1590 0.04666666666666667 0.03666666666666667 0.02
1591 0.04333333333333333 0.03666666666666667 0.02
1592 0.05333333333333334 0.003333333333333329 0.02
1593 0.05 0.003333333333333328 0.02
1594 0.04999999999999998 0.006666666666666662 0.01999999999999999
1595 0.05333333333333333 0.009999999999999995 0.02
1596 0.05 0.009999999999999995 0.02
1597 0.04999999999999999 0.01333333333333333 0.01999999999999999
1598 0.05333333333333332 0.01666666666666667 0.02
1599 0.04999999999999999 0.01666666666666666 0.02
1600 0.04999999999999998 0.02 0.02
1601 0.05333333333333332 0.02333333333333333 0.02
1602 0.04999999999999998 0.02333333333333333 0.02
1603 0.05 0.02666666666666667 0.02
1604 0.05333333333333332 0.03 0.02
1605 0.04999999999999999 0.02999999999999999 0.02
1606 0.04999999999999999 0.03333333333333333 0.02
1607 0.05333333333333331 0.03666666666666666 0.02
1608 0.05000000000000001 0.03666666666666667 0.02
1609 0.05999999999999998 0.003333333333333328 0.02
1610 0.05666666666666665 0.003333333333333328 0.02
1611 0.05666666666666667 0.006666666666666661 0.02
1612 0.05999999999999999 0.009999999999999993 0.02
1613 0.05666666666666666 0.009999999999999995 0.02
1614 0.05666666666666667 0.01333333333333333 0.02000000000000001
1615 0.05999999999999999 0.01666666666666667 0.02
1616 0.05666666666666666 0.01666666666666667 0.02
1617 0.05666666666666665 0.02 0.02
1618 0.05999999999999999 0.02333333333333333 0.02
1619 0.05666666666666666 0.02333333333333333 0.02
1620 0.05666666666666666 0.02666666666666667 0.02
1621 0.06 0.03 0.02
1622 0.05666666666666666 0.03 0.02
1623 0.05666666666666665 0.03333333333333333 0.02
1624 0.05999999999999999 0.03666666666666667 0.02
1625 0.05666666666666664 0.03666666666666665 0.02
1626 0.06666666666666667 0.003333333333333329 0.01999999999999999
1627 0.06333333333333334 0.003333333333333329 0.02
1628 0.06333333333333332 0.006666666666666661 0.02
1629 0.06666666666666667 0.009999999999999995 0.02
1630 0.06333333333333334 0.009999999999999995 0.02
1631 0.06333333333333334 0.01333333333333333 0.02000000000000001
1632 0.06666666666666667 0.01666666666666667 0.02
1633 0.06333333333333332 0.01666666666666667 0.02
1634 0.06333333333333332 0.02 0.02
1635 0.06666666666666667 0.02333333333333333 0.02
1636 0.06333333333333332 0.02333333333333333 0.02
1637 0.06333333333333332 0.02666666666666667 0.02
1638 0.06666666666666667 0.02999999999999999 0.02
1639 0.06333333333333334 0.03 0.02
1640 0.06333333333333334 0.03333333333333333 0.02
1641 0.06666666666666668 0.03666666666666665 0.02
1642 0.06333333333333334 0.03666666666666667 0.02
1643 0.07333333333333332 0.003333333333333328 0.02
1644 0.07000000000000001 0.003333333333333328 0.02
1645 0.07000000000000001 0.00666666666666666 0.02
1646 0.07333333333333332 0.009999999999999995 0.02
1647 0.06999999999999999 0.009999999999999995 0.02
1648 0.06999999999999999 0.01333333333333333 0.01999999999999999
1649 0.07333333333333331 0.01666666666666667 0.02
1650 0.07000000000000001 0.01666666666666667 0.02
1651 0.06999999999999999 0.02 0.02
1652 0.07333333333333331 0.02333333333333333 0.02
1653 0.06999999999999997 0.02333333333333333 0.02
1654 0.06999999999999998 0.02666666666666666 0.02
1655 0.07333333333333332 0.03 0.02
1656 0.07000000000000002 0.03 0.02
1657 0.07000000000000001 0.03333333333333333 0.02
1658 0.07333333333333332 0.03666666666666667 0.02
1659 0.07000000000000001 0.03666666666666665 0.02
1660 0.07999999999999999 0.003333333333333329 0.02
1661 0.07666666666666666 0.003333333333333328 0.02
1662 0.07666666666666667 0.006666666666666662 0.02
1663 0.07999999999999999 0.009999999999999995 0.02
1664 0.07666666666666666 0.009999999999999995 0.02
1665 0.07666666666666666 0.01333333333333333 0.02000000000000001
1666 0.08 0.01666666666666667 0.02
1667 0.07666666666666666 0.01666666666666667 0.02
1668 0.07666666666666666 0.02 0.02
1669 0.08 0.02333333333333333 0.02
1670 0.07666666666666666 0.02333333333333333 0.02
1671 0.07666666666666666 0.02666666666666666 0.02
1672 0.08 0.02999999999999999 0.02
1673 0.07666666666666666 0.02999999999999999 0.02
1674 0.07666666666666669 0.03333333333333333 0.02
1675 0.08 0.03666666666666666 0.02
1676 0.07666666666666666 0.03666666666666667 0.02
1677 0.08666666666666668 0.003333333333333329 0.02
1678 0.08333333333333334 0.003333333333333328 0.02
1679 0.08333333333333334 0.00666666666666666 0.02
1680 0.08666666666666671 0.009999999999999988 0.02
1681 0.08333333333333333 0.009999999999999988 0.02
1682 0.08333333333333334 0.01333333333333333 0.02
1683 0.08666666666666666 0.01666666666666666 0.02
1684 0.08333333333333334 0.01666666666666667 0.02
1685 0.08333333333333333 0.02 0.02
1686 0.08666666666666664 0.02333333333333333 0.02
1687 0.08333333333333334 0.02333333333333333 0.02
1688 0.08333333333333334 0.02666666666666666 0.02
1689 0.08666666666666666 0.02999999999999999 0.02
1690 0.08333333333333334 0.02999999999999999 0.02
1691 0.08333333333333334 0.03333333333333333 0.01999999999999999
1692 0.08666666666666661 0.03666666666666666 0.02
1693 0.08333333333333334 0.03666666666666666 0.02
1694 0.09333333333333337 0.003333333333333331 0.02
1695 0.09 0.003333333333333331 0.02
1696 0.09000000000000002 0.006666666666666663 0.02
1697 0.09333333333333334 0.009999999999999993 0.02
1698 0.09000000000000002 0.009999999999999995 0.02
1699 0.09 0.01333333333333333 0.02
1700 0.09333333333333332 0.01666666666666667 0.02
1701 0.08999999999999998 0.01666666666666666 0.02
1702 0.09 0.02 0.02
1703 0.09333333333333334 0.02333333333333333 0.02
1704 0.09 0.02333333333333333 0.02
1705 0.09 0.02666666666666666 0.02
1706 0.09333333333333334 0.02999999999999999 0.02
1707 0.08999999999999998 0.02999999999999999 0.02
1708 0.09 0.03333333333333333 0.01999999999999999
1709 0.09333333333333334 0.03666666666666665 0.02
1710 0.09 0.03666666666666665 0.02
1711 0.1 0.003333333333333331 0.02
1712 0.09666666666666671 0.003333333333333331 0.02
1713 0.09666666666666668 0.006666666666666666 0.02
1714 0.1 0.009999999999999993 0.02
1715 0.09666666666666668 0.009999999999999993 0.02
1716 0.09666666666666668 0.01333333333333333 0.02
1717 0.1 0.01666666666666666 0.02
1718 0.09666666666666668 0.01666666666666667 0.02
1719 0.09666666666666668 0.02 0.02
1720 0.1 0.02333333333333333 0.02
1721 0.09666666666666668 0.02333333333333333 0.02
1722 0.09666666666666668 0.02666666666666667 0.02
1723 0.1 0.03 0.02
1724 0.09666666666666668 0.03 0.02
1725 0.09666666666666666 0.03333333333333333 0.02
1726 0.1 0.03666666666666667 0.02
1727 0.09666666666666668 0.03666666666666666 0.02
1728 0.1066666666666667 0.003333333333333331 0.02
1729 0.1033333333333333 0.003333333333333331 0.02
1730 0.1033333333333333 0.006666666666666666 0.02
1731 0.1066666666666667 0.009999999999999995 0.02
1732 0.1033333333333333 0.009999999999999995 0.02
1733 0.1033333333333333 0.01333333333333333 0.02
1734 0.1066666666666666 0.01666666666666666 0.02
1735 0.1033333333333333 0.01666666666666666 0.02
1736 0.1033333333333333 0.02 0.02
1737 0.1066666666666667 0.02333333333333333 0.02
1738 0.1033333333333334 0.02333333333333333 0.02
1739 0.1033333333333334 0.02666666666666667 0.02
1740 0.1066666666666667 0.02999999999999999 0.02
1741 0.1033333333333333 0.03 0.02
1742 0.1033333333333333 0.03333333333333333 0.02
1743 0.1066666666666667 0.03666666666666666 0.02
1744 0.1033333333333333 0.03666666666666667 0.02
1745 0.1133333333333333 0.003333333333333331 0.02
1746 0.11 0.003333333333333331 0.02
1747 0.11 0.006666666666666664 0.02
1748 0.1133333333333333 0.009999999999999998 0.02
1749 0.11 0.009999999999999998 0.02
1750 0.11 0.01333333333333333 0.02000000000000001
1751 0.1133333333333333 0.01666666666666667 0.02
1752 0.11 0.01666666666666666 0.02
1753 0.11 0.02 0.02
1754 0.1133333333333333 0.02333333333333333 0.02
1755 0.11 0.02333333333333333 0.02
1756 0.11 0.02666666666666666 0.02
1757 0.1133333333333333 0.02999999999999999 0.02
1758 0.11 0.03 0.02
1759 0.11 0.03333333333333333 0.02
1760 0.1133333333333333 0.03666666666666666 0.02000000000000001
1761 0.11 0.03666666666666665 0.02
1762 0.12 0.003333333333333331 0.02
1763 0.1166666666666667 0.003333333333333329 0.02
1764 0.1166666666666667 0.006666666666666663 0.02
1765 0.12 0.009999999999999998 0.02
1766 0.1166666666666667 0.009999999999999998 0.02
1767 0.1166666666666667 0.01333333333333333 0.02000000000000001
1768 0.12 0.01666666666666667 0.02
1769 0.1166666666666667 0.01666666666666667 0.02
1770 0.1166666666666667 0.02 0.02
1771 0.12 0.02333333333333333 0.02
1772 0.1166666666666667 0.02333333333333333 0.02
1773 0.1166666666666667 0.02666666666666666 0.02
1774 0.12 0.03 0.02
1775 0.1166666666666667 0.02999999999999999 0.02
1776 0.1166666666666667 0.03333333333333334 0.02
1777 0.12 0.03666666666666667 0.02000000000000001
1778 0.1166666666666667 0.03666666666666666 0.02000000000000001
1779 0.1266666666666666 0.003333333333333331 0.02
1780 0.1233333333333333 0.003333333333333332 0.02
1781 0.1233333333333333 0.006666666666666664 0.02
1782 0.1266666666666666 0.009999999999999998 0.02
1783 0.1233333333333333 0.009999999999999998 0.02
1784 0.1233333333333333 0.01333333333333333 0.02
1785 0.1266666666666666 0.01666666666666667 0.02
1786 0.1233333333333333 0.01666666666666667 0.02
1787 0.1233333333333333 0.02 0.02
1788 0.1266666666666666 0.02333333333333333 0.01999999999999999
1789 0.1233333333333333 0.02333333333333333 0.02
1790 0.1233333333333334 0.02666666666666667 0.02
1791 0.1266666666666667 0.03 0.02
1792 0.1233333333333334 0.03 0.02
1793 0.1233333333333334 0.03333333333333334 0.02
1794 0.1266666666666667 0.03666666666666668 0.02000000000000001
1795 0.1233333333333333 0.03666666666666666 0.02000000000000001
1796 0.1333333333333333 0.003333333333333332 0.02
1797 0.13 0.003333333333333332 0.02
1798 0.13 0.006666666666666667 0.02
1799 0.1333333333333333 0.009999999999999995 0.02
1800 0.13 0.009999999999999993 0.02
1801 0.13 0.01333333333333333 0.02000000000000001
1802 0.1333333333333333 0.01666666666666667 0.02
1803 0.13 0.01666666666666667 0.01999999999999999
1804 0.13 0.02 0.02
1805 0.1333333333333333 0.02333333333333333 0.02
1806 0.13 0.02333333333333333 0.02
1807 0.13 0.02666666666666666 0.02
1808 0.1333333333333333 0.02999999999999999 0.02
1809 0.13 0.03 0.02
1810 0.13 0.03333333333333334 0.02
1811 0.1333333333333333 0.03666666666666668 0.02000000000000001
1812 0.13 0.03666666666666667 0.02000000000000001
1813 0.14 0.003333333333333331 0.02
1814 0.1366666666666667 0.003333333333333331 0.02
1815 0.1366666666666667 0.006666666666666664 0.02
1816 0.14 0.009999999999999997 0.02
1817 0.1366666666666667 0.009999999999999998 0.02
1818 0.1366666666666667 0.01333333333333333 0.02000000000000001
1819 0.14 0.01666666666666667 0.02
1820 0.1366666666666667 0.01666666666666666 0.02
1821 0.1366666666666667 0.02 0.02
1822 0.14 0.02333333333333333 0.02
1823 0.1366666666666667 0.02333333333333333 0.02
1824 0.1366666666666667 0.02666666666666666 0.02
1825 0.14 0.03 0.02
1826 0.1366666666666667 0.03 0.02
1827 0.1366666666666667 0.03333333333333334 0.02
1828 0.14 0.03666666666666667 0.02000000000000001
1829 0.1366666666666667 0.03666666666666667 0.02000000000000001
1830 0.1466666666666667 0.003333333333333332 0.02
1831 0.1433333333333333 0.003333333333333332 0.02
1832 0.1433333333333333 0.006666666666666668 0.02
1833 0.1466666666666667 0.009999999999999998 0.02
1834 0.1433333333333334 0.009999999999999998 0.02
1835 0.1433333333333334 0.01333333333333333 0.02
1836 0.1466666666666667 0.01666666666666667 0.02
1837 0.1433333333333333 0.01666666666666667 0.02
1838 0.1433333333333333 0.02 0.02
1839 0.1466666666666667 0.02333333333333333 0.02000000000000001
1840 0.1433333333333334 0.02333333333333333 0.02
1841 0.1433333333333334 0.02666666666666666 0.02
1842 0.1466666666666667 0.03 0.02000000000000001
1843 0.1433333333333334 0.03 0.02
1844 0.1433333333333333 0.03333333333333334 0.02
1845 0.1466666666666667 0.03666666666666668 0.02000000000000001
1846 0.1433333333333333 0.03666666666666667 0.02
1847 0.1533333333333333 0.003333333333333333 0.01999999999999999
1848 0.15 0.003333333333333333 0.01999999999999999
1849 0.15 0.006666666666666665 0.02
1850 0.1533333333333333 0.009999999999999998 0.02
1851 0.1499999999999999 0.009999999999999998 0.02
1852 0.15 0.01333333333333333 0.02000000000000001
1853 0.1533333333333333 0.01666666666666667 0.02
1854 0.15 0.01666666666666667 0.02
1855 0.15 0.02 0.02
1856 0.1533333333333333 0.02333333333333333 0.02
1857 0.15 0.02333333333333333 0.02
1858 0.15 0.02666666666666666 0.02
1859 0.1533333333333333 0.03 0.02
1860 0.15 0.03 0.02
1861 0.15 0.03333333333333334 0.02
1862 0.1533333333333333 0.03666666666666668 0.02000000000000001
1863 0.15 0.03666666666666668 0.02000000000000001
1864 0.1566666666666666 0.003333333333333333 0.02
1865 0.1566666666666667 0.006666666666666666 0.02
1866 0.1566666666666667 0.01 0.02
1867 0.1566666666666667 0.01333333333333333 0.02000000000000001
1868 0.1566666666666667 0.01666666666666667 0.02
1869 0.1566666666666667 0.02 0.02
1870 0.1566666666666667 0.02333333333333333 0.02
1871 0.1566666666666667 0.02666666666666666 0.02
1872 0.1566666666666667 0.03 0.02
1873 0.1566666666666667 0.03333333333333333 0.02
1874 0.1566666666666667 0.03666666666666667 0.02000000000000001
1875 0.006666666666666666 0.006666666666666666 0.006666666666666666
1876 0.006666666666666666 0.006666666666666666 0.01333333333333333
1877 0.006666666666666666 0.01333333333333333 0.006666666666666666
1878 0.006666666666666666 0.01333333333333333 0.01333333333333333
1879 0.006666666666666666 0.02 0.006666666666666666
1880 0.006666666666666666 0.02 0.01333333333333333
1881 0.006666666666666666 0.02666666666666666 0.006666666666666666
1882 0.006666666666666666 0.02666666666666666 0.01333333333333333
1883 0.006666666666666666 0.03333333333333333 0.006666666666666666
1884 0.006666666666666666 0.03333333333333333 0.01333333333333333
1885 0.01333333333333333 0.006666666666666666 0.006666666666666666
1886 0.01333333333333333 0.006666666666666666 0.01333333333333333
1887 0.01333333333333333 0.01333333333333333 0.006666666666666666
1888 0.01333333333333333 0.01333333333333333 0.01333333333333333
1889 0.01333333333333333 0.02 0.006666666666666666
1890 0.01333333333333333 0.02 0.01333333333333333
1891 0.01333333333333333 0.02666666666666666 0.006666666666666666
1892 0.01333333333333333 0.02666666666666666 0.01333333333333333
1893 0.01333333333333333 0.03333333333333333 0.006666666666666666
1894 0.01333333333333333 0.03333333333333333 0.01333333333333333
1895 0.02 0.006666666666666666 0.006666666666666666
1896 0.02 0.006666666666666666 0.01333333333333333
1897 0.02 0.01333333333333333 0.006666666666666666
1898 0.02 0.01333333333333333 0.01333333333333333
1899 0.02 0.02 0.006666666666666666
1900 0.02 0.02 0.01333333333333333
1901 0.02 0.02666666666666666 0.006666666666666666
1902 0.02 0.02666666666666666 0.01333333333333333
1903 0.02 0.03333333333333333 0.006666666666666666
1904 0.02 0.03333333333333333 0.01333333333333333
1905 0.02666666666666666 0.006666666666666666 0.006666666666666666
1906 0.02666666666666666 0.006666666666666666 0.01333333333333333
1907 0.02666666666666666 0.01333333333333333 0.006666666666666666
1908 0.02666666666666666 0.01333333333333333 0.01333333333333333
1909 0.02666666666666666 0.02 0.006666666666666666
1910 0.02666666666666666 0.02 0.01333333333333333
1911 0.02666666666666666 0.02666666666666666 0.006666666666666666
1912 0.02666666666666666 0.02666666666666666 0.01333333333333333
1913 0.02666666666666666 0.03333333333333333 0.006666666666666666
1914 0.02666666666666666 0.03333333333333333 0.01333333333333333
1915 0.03333333333333333 0.006666666666666666 0.006666666666666666
1916 0.03333333333333333 0.006666666666666666 0.01333333333333333
1917 0.03333333333333333 0.01333333333333333 0.006666666666666666
1918 0.03333333333333333 0.01333333333333333 0.01333333333333333
1919 0.03333333333333333 0.02 0.006666666666666666
1920 0.03333333333333333 0.02 0.01333333333333333
1921 0.03333333333333333 0.02666666666666666 0.006666666666666666
1922 0.03333333333333333 0.02666666666666666 0.01333333333333333
1923 0.03333333333333333 0.03333333333333333 0.006666666666666666
1924 0.03333333333333333 0.03333333333333333 0.01333333333333333
1925 0.04 0.006666666666666666 0.006666666666666666
1926 0.04 0.006666666666666666 0.01333333333333333
1927 0.04 0.01333333333333333 0.006666666666666666
1928 0.04 0.01333333333333333 0.01333333333333333
1929 0.04 0.02 0.006666666666666666
1930 0.04 0.02 0.01333333333333333
1931 0.04 0.02666666666666666 0.006666666666666666
1932 0.04 0.02666666666666666 0.01333333333333333
1933 0.04 0.03333333333333333 0.006666666666666666
1934 0.04 0.03333333333333333 0.01333333333333333
1935 0.04666666666666667 0.006666666666666666 0.006666666666666666
1936 0.04666666666666667 0.006666666666666666 0.01333333333333333
1937 0.04666666666666667 0.01333333333333333 0.006666666666666666
1938 0.04666666666666667 0.01333333333333333 0.01333333333333333
1939 0.04666666666666667 0.02 0.006666666666666666
1940 0.04666666666666667 0.02 0.01333333333333333
1941 0.04666666666666667 0.02666666666666666 0.006666666666666666
1942 0.04666666666666667 0.02666666666666666 0.01333333333333333
1943 0.04666666666666667 0.03333333333333333 0.006666666666666666
1944 0.04666666666666667 0.03333333333333333 0.01333333333333333
1945 0.05333333333333333 0.006666666666666666 0.006666666666666666
1946 0.05333333333333333 0.006666666666666666 0.01333333333333333
1947 0.05333333333333333 0.01333333333333333 0.006666666666666666
1948 0.05333333333333333 0.01333333333333333 0.01333333333333333
1949 0.05333333333333333 0.02 0.006666666666666666
1950 0.05333333333333333 0.02 0.01333333333333333
1951 0.05333333333333333 0.02666666666666666 0.006666666666666666
1952 0.05333333333333333 0.02666666666666666 0.01333333333333333
1953 0.05333333333333333 0.03333333333333333 0.006666666666666666
1954 0.05333333333333333 0.03333333333333333 0.01333333333333333
1955 0.06 0.006666666666666666 0.006666666666666666
1956 0.06 0.006666666666666666 0.01333333333333333
1957 0.06 0.01333333333333333 0.006666666666666666
1958 0.06 0.01333333333333333 0.01333333333333333
1959 0.06 0.02 0.006666666666666666
1960 0.06 0.02 0.01333333333333333
1961 0.06 0.02666666666666666 0.006666666666666666
1962 0.06 0.02666666666666666 0.01333333333333333
1963 0.06 0.03333333333333333 0.006666666666666666
1964 0.06 0.03333333333333333 0.01333333333333333
1965 0.06666666666666667 0.006666666666666666 0.006666666666666666
1966 0.06666666666666667 0.006666666666666666 0.01333333333333333
1967 0.06666666666666667 0.01333333333333333 0.006666666666666666
1968 0.06666666666666667 0.01333333333333333 0.01333333333333333
1969 0.06666666666666667 0.02 0.006666666666666666
1970 0.06666666666666667 0.02 0.01333333333333333
1971 0.06666666666666667 0.02666666666666666 0.006666666666666666
1972 0.06666666666666667 0.02666666666666666 0.01333333333333333
1973 0.06666666666666667 0.03333333333333333 0.006666666666666666
1974 0.06666666666666667 0.03333333333333333 0.01333333333333333
1975 0.07333333333333333 0.006666666666666666 0.006666666666666666
1976 0.07333333333333333 0.006666666666666666 0.01333333333333333
1977 0.07333333333333333 0.01333333333333333 0.006666666666666666
1978 0.07333333333333333 0.01333333333333333 0.01333333333333333
1979 0.07333333333333333 0.02 0.006666666666666666
1980 0.07333333333333333 0.02 0.01333333333333333
1981 0.07333333333333333 0.02666666666666666 0.006666666666666666
1982 0.07333333333333333 0.02666666666666666 0.01333333333333333
1983 0.07333333333333333 0.03333333333333333 0.006666666666666666
1984 0.07333333333333333 0.03333333333333333 0.01333333333333333
1985 0.08 0.006666666666666666 0.006666666666666666
1986 0.08 0.006666666666666666 0.01333333333333333
1987 0.08 0.01333333333333333 0.006666666666666666
1988 0.08 0.01333333333333333 0.01333333333333333
1989 0.08 0.02 0.006666666666666666
1990 0.08 0.02 0.01333333333333333
1991 0.08 0.02666666666666666 0.006666666666666666
1992 0.08 0.02666666666666666 0.01333333333333333
1993 0.08 0.03333333333333333 0.006666666666666666
1994 0.08 0.03333333333333333 0.01333333333333333
1995 0.08666666666666666 0.006666666666666666 0.006666666666666666
1996 0.08666666666666666 0.006666666666666666 0.01333333333333333
1997 0.08666666666666666 0.01333333333333333 0.006666666666666666
1998 0.08666666666666666 0.01333333333333333 0.01333333333333333
1999 0.08666666666666666 0.02 0.006666666666666666
2000 0.08666666666666666 0.02 0.01333333333333333
2001 0.08666666666666666 0.02666666666666666 0.006666666666666666
2002 0.08666666666666666 0.02666666666666666 0.01333333333333333
2003 0.08666666666666666 0.03333333333333333 0.006666666666666666
2004 0.08666666666666666 0.03333333333333333 0.01333333333333333
2005 0.09333333333333334 0.006666666666666666 0.006666666666666666
2006 0.09333333333333334 0.006666666666666666 0.01333333333333333
2007 0.09333333333333334 0.01333333333333333 0.006666666666666666
2008 0.09333333333333334 0.01333333333333333 0.01333333333333333
2009 0.09333333333333334 0.02 0.006666666666666666
2010 0.09333333333333334 0.02 0.01333333333333333
2011 0.09333333333333334 0.02666666666666666 0.006666666666666666
2012 0.09333333333333334 0.02666666666666666 0.01333333333333333
2013 0.09333333333333334 0.03333333333333333 0.006666666666666666
2014 0.09333333333333334 0.03333333333333333 0.01333333333333333
2015 0.1 0.006666666666666666 0.006666666666666666
2016 0.1 0.006666666666666666 0.01333333333333333
2017 0.1 0.01333333333333333 0.006666666666666666
2018 0.1 0.01333333333333333 0.01333333333333333
2019 0.1 0.02 0.006666666666666666
2020 0.1 0.02 0.01333333333333333
2021 0.1 0.02666666666666666 0.006666666666666666
2022 0.1 0.02666666666666666 0.01333333333333333
2023 0.1 0.03333333333333333 0.006666666666666666
2024 0.1 0.03333333333333333 0.01333333333333333
2025 0.1066666666666667 0.006666666666666666 0.006666666666666666
2026 0.1066666666666667 0.006666666666666666 0.01333333333333333
2027 0.1066666666666667 0.01333333333333333 0.006666666666666666
2028 0.1066666666666667 0.01333333333333333 0.01333333333333333
2029 0.1066666666666667 0.02 0.006666666666666666
2030 0.1066666666666667 0.02 0.01333333333333333
2031 0.1066666666666667 0.02666666666666666 0.006666666666666666
2032 0.1066666666666667 0.02666666666666666 0.01333333333333333
2033 0.1066666666666667 0.03333333333333333 0.006666666666666666
2034 0.1066666666666667 0.03333333333333333 0.01333333333333333
2035 0.1133333333333333 0.006666666666666666 0.006666666666666666
2036 0.1133333333333333 0.006666666666666666 0.01333333333333333
2037 0.1133333333333333 0.01333333333333333 0.006666666666666666
2038 0.1133333333333333 0.01333333333333333 0.01333333333333333
2039 0.1133333333333333 0.02 0.006666666666666666
2040 0.1133333333333333 0.02 0.01333333333333333
2041 0.1133333333333333 0.02666666666666666 0.006666666666666666
2042 0.1133333333333333 0.02666666666666666 0.01333333333333333
2043 0.1133333333333333 0.03333333333333333 0.006666666666666666
2044 0.1133333333333333 0.03333333333333333 0.01333333333333333
2045 0.12 0.006666666666666666 0.006666666666666666
2046 0.12 0.006666666666666666 0.01333333333333333
2047 0.12 0.01333333333333333 0.006666666666666666
2048 0.12 0.01333333333333333 0.01333333333333333
2049 0.12 0.02 0.006666666666666666
2050 0.12 0.02 0.01333333333333333
2051 0.12 0.02666666666666666 0.006666666666666666
2052 0.12 0.02666666666666666 0.01333333333333333
2053 0.12 0.03333333333333333 0.006666666666666666
2054 0.12 0.03333333333333333 0.01333333333333333
2055 0.1266666666666666 0.006666666666666666 0.006666666666666666
2056 0.1266666666666666 0.006666666666666666 0.01333333333333333
2057 0.1266666666666666 0.01333333333333333 0.006666666666666666
2058 0.1266666666666666 0.01333333333333333 0.01333333333333333
2059 0.1266666666666666 0.02 0.006666666666666666
2060 0.1266666666666666 0.02 0.01333333333333333
2061 0.1266666666666666 0.02666666666666666 0.006666666666666666
2062 0.1266666666666666 0.02666666666666666 0.01333333333333333
2063 0.1266666666666666 0.03333333333333333 0.006666666666666666
2064 0.1266666666666666 0.03333333333333333 0.01333333333333333
2065 0.1333333333333333 0.006666666666666666 0.006666666666666666
2066 0.1333333333333333 0.006666666666666666 0.01333333333333333
2067 0.1333333333333333 0.01333333333333333 0.006666666666666666
2068 0.1333333333333333 0.01333333333333333 0.01333333333333333
2069 0.1333333333333333 0.02 0.006666666666666666
2070 0.1333333333333333 0.02 0.01333333333333333
2071 0.1333333333333333 0.02666666666666666 0.006666666666666666
2072 0.1333333333333333 0.02666666666666666 0.01333333333333333
2073 0.1333333333333333 0.03333333333333333 0.006666666666666666
2074 0.1333333333333333 0.03333333333333333 0.01333333333333333
2075 0.14 0.006666666666666666 0.006666666666666666
2076 0.14 0.006666666666666666 0.01333333333333333
2077 0.14 0.01333333333333333 0.006666666666666666
2078 0.14 0.01333333333333333 0.01333333333333333
2079 0.14 0.02 0.006666666666666666
2080 0.14 0.02 0.01333333333333333
2081 0.14 0.02666666666666666 0.006666666666666666
2082 0.14 0.02666666666666666 0.01333333333333333
2083 0.14 0.03333333333333333 0.006666666666666666
2084 0.14 0.03333333333333333 0.01333333333333333
2085 0.1466666666666667 0.006666666666666666 0.006666666666666666
2086 0.1466666666666667 0.006666666666666666 0.01333333333333333
2087 0.1466666666666667 0.01333333333333333 0.006666666666666666
2088 0.1466666666666667 0.01333333333333333 0.01333333333333333
2089 0.1466666666666667 0.02 0.006666666666666666
2090 0.1466666666666667 0.02 0.01333333333333333
2091 0.1466666666666667 0.02666666666666666 0.006666666666666666
2092 0.1466666666666667 0.02666666666666666 0.01333333333333333
2093 0.1466666666666667 0.03333333333333333 0.006666666666666666
2094 0.1466666666666667 0.03333333333333333 0.01333333333333333
2095 0.1533333333333333 0.006666666666666666 0.006666666666666666
2096 0.1533333333333333 0.006666666666666666 0.01333333333333333
2097 0.1533333333333333 0.01333333333333333 0.006666666666666666
2098 0.1533333333333333 0.01333333333333333 0.01333333333333333
2099 0.1533333333333333 0.02 0.006666666666666666
2100 0.1533333333333333 0.02 0.01333333333333333
2101 0.1533333333333333 0.02666666666666666 0.006666666666666666
2102 0.1533333333333333 0.02666666666666666 0.01333333333333333
2103 0.1533333333333333 0.03333333333333333 0.006666666666666666
2104 0.1533333333333333 0.03333333333333333 0.01333333333333333
2105 0.003333333333333333 0.003333333333333333 0.003333333333333333
2106 0.006666666666666666 0.006666666666666666 0.003333333333333333
2107 0.006666666666666666 0.003333333333333333 0.003333333333333333
2108 0.003333333333333333 0.003333333333333333 0.006666666666666666
2109 0.006666666666666666 0.003333333333333333 0.006666666666666666
2110 0.003333333333333333 0.003333333333333333 0.009999999999999998
2111 0.006666666666666666 0.006666666666666666 0.009999999999999998
2112 0.006666666666666666 0.003333333333333333 0.009999999999999998
2113 0.003333333333333333 0.003333333333333333 0.01333333333333333
2114 0.006666666666666666 0.003333333333333333 0.01333333333333333
2115 0.003333333333333333 0.003333333333333333 0.01666666666666667
2116 0.006666666666666666 0.006666666666666666 0.01666666666666667
2117 0.006666666666666666 0.003333333333333333 0.01666666666666667
2118 0.003333333333333333 0.006666666666666666 0.003333333333333333
2119 0.003333333333333333 0.006666666666666666 0.006666666666666666
2120 0.003333333333333333 0.006666666666666666 0.009999999999999998
2121 0.003333333333333333 0.006666666666666666 0.01333333333333333
2122 0.003333333333333333 0.006666666666666666 0.01666666666666667
2123 0.003333333333333333 0.009999999999999998 0.003333333333333333
2124 0.006666666666666666 0.01333333333333333 0.003333333333333333
2125 0.006666666666666666 0.009999999999999998 0.003333333333333333
2126 0.003333333333333333 0.009999999999999998 0.006666666666666666
2127 0.006666666666666666 0.009999999999999998 0.006666666666666666
2128 0.003333333333333333 0.009999999999999998 0.009999999999999998
2129 0.006666666666666666 0.01333333333333333 0.009999999999999998
2130 0.006666666666666666 0.009999999999999998 0.009999999999999998
2131 0.003333333333333333 0.009999999999999998 0.01333333333333333
2132 0.006666666666666666 0.009999999999999998 0.01333333333333333
2133 0.003333333333333333 0.009999999999999998 0.01666666666666667
2134 0.006666666666666666 0.01333333333333333 0.01666666666666667
2135 0.006666666666666666 0.009999999999999998 0.01666666666666667
2136 0.003333333333333333 0.01333333333333333 0.003333333333333333
2137 0.003333333333333333 0.01333333333333333 0.006666666666666666
2138 0.003333333333333333 0.01333333333333333 0.009999999999999998
2139 0.003333333333333333 0.01333333333333333 0.01333333333333333
2140 0.003333333333333333 0.01333333333333333 0.01666666666666667
2141 0.003333333333333333 0.01666666666666667 0.003333333333333333
2142 0.006666666666666666 0.02 0.003333333333333333
2143 0.006666666666666666 0.01666666666666667 0.003333333333333333
2144 0.003333333333333333 0.01666666666666667 0.006666666666666666
2145 0.006666666666666666 0.01666666666666667 0.006666666666666666
2146 0.003333333333333333 0.01666666666666667 0.009999999999999998
2147 0.006666666666666666 0.02 0.009999999999999998
2148 0.006666666666666666 0.01666666666666667 0.009999999999999998
2149 0.003333333333333333 0.01666666666666667 0.01333333333333333
2150 0.006666666666666666 0.01666666666666667 0.01333333333333333
2151 0.003333333333333333 0.01666666666666667 0.01666666666666667
2152 0.006666666666666666 0.02 0.01666666666666667
2153 0.006666666666666666 0.01666666666666667 0.01666666666666667
2154 0.003333333333333333 0.02 0.003333333333333333
2155 0.003333333333333333 0.02 0.006666666666666666
2156 0.003333333333333333 0.02 0.009999999999999998
2157 0.003333333333333333 0.02 0.01333333333333333
2158 0.003333333333333333 0.02 0.01666666666666667
2159 0.003333333333333333 0.02333333333333333 0.003333333333333333
2160 0.006666666666666666 0.02666666666666666 0.003333333333333333
2161 0.006666666666666666 0.02333333333333333 0.003333333333333333
2162 0.003333333333333333 0.02333333333333333 0.006666666666666666
2163 0.006666666666666666 0.02333333333333333 0.006666666666666666
2164 0.003333333333333333 0.02333333333333333 0.009999999999999998
2165 0.006666666666666666 0.02666666666666666 0.009999999999999998
2166 0.006666666666666666 0.02333333333333333 0.009999999999999998
2167 0.003333333333333333 0.02333333333333333 0.01333333333333333
2168 0.006666666666666666 0.02333333333333333 0.01333333333333333
2169 0.003333333333333333 0.02333333333333333 0.01666666666666667
2170 0.006666666666666666 0.02666666666666666 0.01666666666666667
2171 0.006666666666666666 0.02333333333333333 0.01666666666666667
2172 0.003333333333333333 0.02666666666666666 0.003333333333333333
2173 0.003333333333333333 0.02666666666666666 0.006666666666666666
2174 0.003333333333333333 0.02666666666666666 0.009999999999999998
2175 0.003333333333333333 0.02666666666666666 0.01333333333333333
2176 0.003333333333333333 0.02666666666666666 0.01666666666666667
2177 0.003333333333333333 0.03 0.003333333333333333
2178 0.006666666666666666 0.03333333333333333 0.003333333333333333
2179 0.006666666666666666 0.03 0.003333333333333333
2180 0.003333333333333333 0.03 0.006666666666666666
2181 0.006666666666666666 0.03 0.006666666666666666
2182 0.003333333333333333 0.03 0.009999999999999998
2183 0.006666666666666666 0.03333333333333333 0.009999999999999998
2184 0.006666666666666666 0.03 0.009999999999999998
2185 0.003333333333333333 0.03 0.01333333333333333
2186 0.006666666666666666 0.03 0.01333333333333333
2187 0.003333333333333333 0.03 0.01666666666666667
2188 0.006666666666666666 0.03333333333333333 0.01666666666666667
2189 0.006666666666666666 0.03 0.01666666666666667
2190 0.003333333333333333 0.03333333333333333 0.003333333333333333
2191 0.003333333333333333 0.03333333333333333 0.006666666666666666
2192 0.003333333333333333 0.03333333333333333 0.009999999999999998
2193 0.003333333333333333 0.03333333333333333 0.01333333333333333
2194 0.003333333333333333 0.03333333333333333 0.01666666666666667
2195 0.003333333333333333 0.03666666666666667 0.003333333333333333
2196 0.006666666666666666 0.03666666666666667 0.003333333333333333
2197 0.003333333333333333 0.03666666666666667 0.006666666666666666
2198 0.006666666666666666 0.03666666666666667 0.006666666666666666
2199 0.003333333333333333 0.03666666666666667 0.009999999999999998
2200 0.006666666666666666 0.03666666666666667 0.009999999999999998
2201 0.003333333333333333 0.03666666666666667 0.01333333333333333
2202 0.006666666666666666 0.03666666666666667 0.01333333333333333
2203 0.003333333333333333 0.03666666666666667 0.01666666666666667
2204 0.006666666666666666 0.03666666666666667 0.01666666666666667
2205 0.009999999999999998 0.003333333333333333 0.003333333333333333
2206 0.01333333333333333 0.006666666666666666 0.003333333333333333
2207 0.01333333333333333 0.003333333333333333 0.003333333333333333
2208 0.009999999999999998 0.003333333333333333 0.006666666666666666
2209 0.01333333333333333 0.003333333333333333 0.006666666666666666
2210 0.009999999999999998 0.003333333333333333 0.009999999999999998
2211 0.01333333333333333 0.006666666666666666 0.009999999999999998
2212 0.01333333333333333 0.003333333333333333 0.009999999999999998
2213 0.009999999999999998 0.003333333333333333 0.01333333333333333
2214 0.01333333333333333 0.003333333333333333 0.01333333333333333
2215 0.009999999999999998 0.003333333333333333 0.01666666666666667
2216 0.01333333333333333 0.006666666666666666 0.01666666666666667
2217 0.01333333333333333 0.003333333333333333 0.01666666666666667
2218 0.009999999999999998 0.006666666666666666 0.003333333333333333
2219 0.009999999999999998 0.006666666666666666 0.006666666666666666
2220 0.009999999999999998 0.006666666666666666 0.009999999999999998
2221 0.009999999999999998 0.006666666666666666 0.01333333333333333
2222 0.009999999999999998 0.006666666666666666 0.01666666666666667
2223 0.009999999999999998 0.009999999999999998 0.003333333333333333
2224 0.01333333333333333 0.01333333333333333 0.003333333333333333
2225 0.01333333333333333 0.009999999999999998 0.003333333333333333
2226 0.009999999999999998 0.009999999999999998 0.006666666666666666
2227 0.01333333333333333 0.009999999999999998 0.006666666666666666
2228 0.009999999999999998 0.009999999999999998 0.009999999999999998
2229 0.01333333333333333 0.01333333333333333 0.009999999999999998
2230 0.01333333333333333 0.009999999999999998 0.009999999999999998
2231 0.009999999999999998 0.009999999999999998 0.01333333333333333
2232 0.01333333333333333 0.009999999999999998 0.01333333333333333
2233 0.009999999999999998 0.009999999999999998 0.01666666666666667
2234 0.01333333333333333 0.01333333333333333 0.01666666666666667
2235 0.01333333333333333 0.009999999999999998 0.01666666666666667
2236 0.009999999999999998 0.01333333333333333 0.003333333333333333
2237 0.009999999999999998 0.01333333333333333 0.006666666666666666
2238 0.009999999999999998 0.01333333333333333 0.009999999999999998
2239 0.009999999999999998 0.01333333333333333 0.01333333333333333
2240 0.009999999999999998 0.01333333333333333 0.01666666666666667
2241 0.009999999999999998 0.01666666666666667 0.003333333333333333
2242 0.01333333333333333 0.02 0.003333333333333333
2243 0.01333333333333333 0.01666666666666667 0.003333333333333333
2244 0.009999999999999998 0.01666666666666667 0.006666666666666666
2245 0.01333333333333333 0.01666666666666667 0.006666666666666666
2246 0.009999999999999998 0.01666666666666667 0.009999999999999998
2247 0.01333333333333333 0.02 0.009999999999999998
2248 0.01333333333333333 0.01666666666666667 0.009999999999999998
2249 0.009999999999999998 0.01666666666666667 0.01333333333333333
2250 0.01333333333333333 0.01666666666666667 0.01333333333333333
2251 0.009999999999999998 0.01666666666666667 0.01666666666666667
2252 0.01333333333333333 0.02 0.01666666666666667
2253 0.01333333333333333 0.01666666666666667 0.01666666666666667
2254 0.009999999999999998 0.02 0.003333333333333333
2255 0.009999999999999998 0.02 0.006666666666666666
2256 0.009999999999999998 0.02 0.009999999999999998
2257 0.009999999999999998 0.02 0.01333333333333333
2258 0.009999999999999998 0.02 0.01666666666666667
2259 0.009999999999999998 0.02333333333333333 0.003333333333333333
2260 0.01333333333333333 0.02666666666666666 0.003333333333333333
2261 0.01333333333333333 0.02333333333333333 0.003333333333333333
2262 0.009999999999999998 0.02333333333333333 0.006666666666666666
2263 0.01333333333333333 0.02333333333333333 0.006666666666666666
2264 0.009999999999999998 0.02333333333333333 0.009999999999999998
2265 0.01333333333333333 0.02666666666666666 0.009999999999999998
2266 0.01333333333333333 0.02333333333333333 0.009999999999999998
2267 0.009999999999999998 0.02333333333333333 0.01333333333333333
2268 0.01333333333333333 0.02333333333333333 0.01333333333333333
2269 0.009999999999999998 0.02333333333333333 0.01666666666666667
2270 0.01333333333333333 0.02666666666666666 0.01666666666666667
2271 0.01333333333333333 0.02333333333333333 0.01666666666666667
2272 0.009999999999999998 0.02666666666666666 0.003333333333333333
2273 0.009999999999999998 0.02666666666666666 0.006666666666666666
2274 0.009999999999999998 0.02666666666666666 0.009999999999999998
2275 0.009999999999999998 0.02666666666666666 0.01333333333333333
2276 0.009999999999999998 0.02666666666666666 0.01666666666666667
2277 0.009999999999999998 0.03 0.003333333333333333
2278 0.01333333333333333 0.03333333333333333 0.003333333333333333
2279 0.01333333333333333 0.03 0.003333333333333333
2280 0.009999999999999998 0.03 0.006666666666666666
2281 0.01333333333333333 0.03 0.006666666666666666
2282 0.009999999999999998 0.03 0.009999999999999998
2283 0.01333333333333333 0.03333333333333333 0.009999999999999998
2284 0.01333333333333333 0.03 0.009999999999999998
2285 0.009999999999999998 0.03 0.01333333333333333
2286 0.01333333333333333 0.03 0.01333333333333333
2287 0.009999999999999998 0.03 0.01666666666666667
2288 0.01333333333333333 0.03333333333333333 0.01666666666666667
2289 0.01333333333333333 0.03 0.01666666666666667
2290 0.009999999999999998 0.03333333333333333 0.003333333333333333
2291 0.009999999999999998 0.03333333333333333 0.006666666666666666
2292 0.009999999999999998 0.03333333333333333 0.009999999999999998
2293 0.009999999999999998 0.03333333333333333 0.01333333333333333
2294 0.009999999999999998 0.03333333333333333 0.01666666666666667
2295 0.009999999999999998 0.03666666666666667 0.003333333333333333
2296 0.01333333333333333 0.03666666666666667 0.003333333333333333
2297 0.009999999999999998 0.03666666666666667 0.006666666666666666
2298 0.01333333333333333 0.03666666666666667 0.006666666666666666
2299 0.009999999999999998 0.03666666666666667 0.009999999999999998
2300 0.01333333333333333 0.03666666666666667 0.009999999999999998
2301 0.009999999999999998 0.03666666666666667 0.01333333333333333
2302 0.01333333333333333 0.03666666666666667 0.01333333333333333
2303 0.009999999999999998 0.03666666666666667 0.01666666666666667
2304 0.01333333333333333 0.03666666666666667 0.01666666666666667
2305 0.01666666666666667 0.003333333333333333 0.003333333333333333
2306 0.02 0.006666666666666666 0.003333333333333333
2307 0.02 0.003333333333333333 0.003333333333333333
2308 0.01666666666666667 0.003333333333333333 0.006666666666666666
2309 0.02 0.003333333333333333 0.006666666666666666
2310 0.01666666666666667 0.003333333333333333 0.009999999999999998
2311 0.02 0.006666666666666666 0.009999999999999998
2312 0.02 0.003333333333333333 0.009999999999999998
2313 0.01666666666666667 0.003333333333333333 0.01333333333333333
2314 0.02 0.003333333333333333 0.01333333333333333
2315 0.01666666666666667 0.003333333333333333 0.01666666666666667
2316 0.02 0.006666666666666666 0.01666666666666667
2317 0.02 0.003333333333333333 0.01666666666666667
2318 0.01666666666666667 0.006666666666666666 0.003333333333333333
2319 0.01666666666666667 0.006666666666666666 0.006666666666666666
2320 0.01666666666666667 0.006666666666666666 0.009999999999999998
2321 0.01666666666666667 0.006666666666666666 0.01333333333333333
2322 0.01666666666666667 0.006666666666666666 0.01666666666666667
2323 0.01666666666666667 0.009999999999999998 0.003333333333333333
2324 0.02 0.01333333333333333 0.003333333333333333
2325 0.02 0.009999999999999998 0.003333333333333333
2326 0.01666666666666667 0.009999999999999998 0.006666666666666666
2327 0.02 0.009999999999999998 0.006666666666666666
2328 0.01666666666666667 0.009999999999999998 0.009999999999999998
2329 0.02 0.01333333333333333 0.009999999999999998
2330 0.02 0.009999999999999998 0.009999999999999998
2331 0.01666666666666667 0.009999999999999998 0.01333333333333333
2332 0.02 0.009999999999999998 0.01333333333333333
2333 0.01666666666666667 0.009999999999999998 0.01666666666666667
2334 0.02 0.01333333333333333 0.01666666666666667
2335 0.02 0.009999999999999998 0.01666666666666667
2336 0.01666666666666667 0.01333333333333333 0.003333333333333333
2337 0.01666666666666667 0.01333333333333333 0.006666666666666666
2338 0.01666666666666667 0.01333333333333333 0.009999999999999998
2339 0.01666666666666667 0.01333333333333333 0.01333333333333333
2340 0.01666666666666667 0.01333333333333333 0.01666666666666667
2341 0.01666666666666667 0.01666666666666667 0.003333333333333333
2342 0.02 0.02 0.003333333333333333
2343 0.02 0.01666666666666667 0.003333333333333333
2344 0.01666666666666667 0.01666666666666667 0.006666666666666666
2345 0.02 0.01666666666666667 0.006666666666666666
2346 0.01666666666666667 0.01666666666666667 0.009999999999999998
2347 0.02 0.02 0.009999999999999998
2348 0.02 0.01666666666666667 0.009999999999999998
2349 0.01666666666666667 0.01666666666666667 0.01333333333333333
2350 0.02 0.01666666666666667 0.01333333333333333
2351 0.01666666666666667 0.01666666666666667 0.01666666666666667
2352 0.02 0.02 0.01666666666666667
2353 0.02 0.01666666666666667 0.01666666666666667
2354 0.01666666666666667 0.02 0.003333333333333333
2355 0.01666666666666667 0.02 0.006666666666666666
2356 0.01666666666666667 0.02 0.009999999999999998
2357 0.01666666666666667 0.02 0.01333333333333333
2358 0.01666666666666667 0.02 0.01666666666666667
2359 0.01666666666666667 0.02333333333333333 0.003333333333333333
2360 0.02 0.02666666666666666 0.003333333333333333
2361 0.02 0.02333333333333333 0.003333333333333333
2362 0.01666666666666667 0.02333333333333333 0.006666666666666666
2363 0.02 0.02333333333333333 0.006666666666666666
2364 0.01666666666666667 0.02333333333333333 0.009999999999999998
2365 0.02 0.02666666666666666 0.009999999999999998
2366 0.02 0.02333333333333333 0.009999999999999998
2367 0.01666666666666667 0.02333333333333333 0.01333333333333333
2368 0.02 0.02333333333333333 0.01333333333333333
2369 0.01666666666666667 0.02333333333333333 0.01666666666666667
2370 0.02 0.02666666666666666 0.01666666666666667
2371 0.02 0.02333333333333333 0.01666666666666667
2372 0.01666666666666667 0.02666666666666666 0.003333333333333333
2373 0.01666666666666667 0.02666666666666666 0.006666666666666666
2374 0.01666666666666667 0.02666666666666666 0.009999999999999998
2375 0.01666666666666667 0.02666666666666666 0.01333333333333333
2376 0.01666666666666667 0.02666666666666666 0.01666666666666667
2377 0.01666666666666667 0.03 0.003333333333333333
2378 0.02 0.03333333333333333 0.003333333333333333
2379 0.02 0.03 0.003333333333333333
2380 0.01666666666666667 0.03 0.006666666666666666
2381 0.02 0.03 0.006666666666666666
2382 0.01666666666666667 0.03 0.009999999999999998
2383 0.02 0.03333333333333333 0.009999999999999998
2384 0.02 0.03 0.009999999999999998
2385 0.01666666666666667 0.03 0.01333333333333333
2386 0.02 0.03 0.01333333333333333
2387 0.01666666666666667 0.03 0.01666666666666667
2388 0.02 0.03333333333333333 0.01666666666666667
2389 0.02 0.03 0.01666666666666667
2390 0.01666666666666667 0.03333333333333333 0.003333333333333333
2391 0.01666666666666667 0.03333333333333333 0.006666666666666666
2392 0.01666666666666667 0.03333333333333333 0.009999999999999998
2393 0.01666666666666667 0.03333333333333333 0.01333333333333333
2394 0.01666666666666667 0.03333333333333333 0.01666666666666667
2395 0.01666666666666667 0.03666666666666667 0.003333333333333333
2396 0.02 0.03666666666666667 0.003333333333333333
2397 0.01666666666666667 0.03666666666666667 0.006666666666666666
2398 0.02 0.03666666666666667 0.006666666666666666
2399 0.01666666666666667 0.03666666666666667 0.009999999999999998
2400 0.02 0.03666666666666667 0.009999999999999998
2401 0.01666666666666667 0.03666666666666667 0.01333333333333333
2402 0.02 0.03666666666666667 0.01333333333333333
2403 0.01666666666666667 0.03666666666666667 0.01666666666666667
2404 0.02 0.03666666666666667 0.01666666666666667
2405 0.02333333333333333 0.003333333333333333 0.003333333333333333
2406 0.02666666666666666 0.006666666666666666 0.003333333333333333
2407 0.02666666666666666 0.003333333333333333 0.003333333333333333
2408 0.02333333333333333 0.003333333333333333 0.006666666666666666
2409 0.02666666666666666 0.003333333333333333 0.006666666666666666
2410 0.02333333333333333 0.003333333333333333 0.009999999999999998
2411 0.02666666666666666 0.006666666666666666 0.009999999999999998
2412 0.02666666666666666 0.003333333333333333 0.009999999999999998
2413 0.02333333333333333 0.003333333333333333 0.01333333333333333
2414 0.02666666666666666 0.003333333333333333 0.01333333333333333
2415 0.02333333333333333 0.003333333333333333 0.01666666666666667
2416 0.02666666666666666 0.006666666666666666 0.01666666666666667
2417 0.02666666666666666 0.003333333333333333 0.01666666666666667
2418 0.02333333333333333 0.006666666666666666 0.003333333333333333
2419 0.02333333333333333 0.006666666666666666 0.006666666666666666
2420 0.02333333333333333 0.006666666666666666 0.009999999999999998
2421 0.02333333333333333 0.006666666666666666 0.01333333333333333
2422 0.02333333333333333 0.006666666666666666 0.01666666666666667
2423 0.02333333333333333 0.009999999999999998 0.003333333333333333
2424 0.02666666666666666 0.01333333333333333 0.003333333333333333
2425 0.02666666666666666 0.009999999999999998 0.003333333333333333
2426 0.02333333333333333 0.009999999999999998 0.006666666666666666
2427 0.02666666666666666 0.009999999999999998 0.006666666666666666
2428 0.02333333333333333 0.009999999999999998 0.009999999999999998
2429 0.02666666666666666 0.01333333333333333 0.009999999999999998
2430 0.02666666666666666 0.009999999999999998 0.009999999999999998
2431 0.02333333333333333 0.009999999999999998 0.01333333333333333
2432 0.02666666666666666 0.009999999999999998 0.01333333333333333
2433 0.02333333333333333 0.009999999999999998 0.01666666666666667
2434 0.02666666666666666 0.01333333333333333 0.01666666666666667
2435 0.02666666666666666 0.009999999999999998 0.01666666666666667
2436 0.02333333333333333 0.01333333333333333 0.003333333333333333
2437 0.02333333333333333 0.01333333333333333 0.006666666666666666
2438 0.02333333333333333 0.01333333333333333 0.009999999999999998
2439 0.02333333333333333 0.01333333333333333 0.01333333333333333
2440 0.02333333333333333 0.01333333333333333 0.01666666666666667
2441 0.02333333333333333 0.01666666666666667 0.003333333333333333
2442 0.02666666666666666 0.02 0.003333333333333333
2443 0.02666666666666666 0.01666666666666667 0.003333333333333333
2444 0.02333333333333333 0.01666666666666667 0.006666666666666666
2445 0.02666666666666666 0.01666666666666667 0.006666666666666666
2446 0.02333333333333333 0.01666666666666667 0.009999999999999998
2447 0.02666666666666666 0.02 0.009999999999999998
2448 0.02666666666666666 0.01666666666666667 0.009999999999999998
2449 0.02333333333333333 0.01666666666666667 0.01333333333333333
2450 0.02666666666666666 0.01666666666666667 0.01333333333333333
2451 0.02333333333333333 0.01666666666666667 0.01666666666666667
2452 0.02666666666666666 0.02 0.01666666666666667
2453 0.02666666666666666 0.01666666666666667 0.01666666666666667
2454 0.02333333333333333 0.02 0.003333333333333333
2455 0.02333333333333333 0.02 0.006666666666666666
2456 0.02333333333333333 0.02 0.009999999999999998
2457 0.02333333333333333 0.02 0.01333333333333333
2458 0.02333333333333333 0.02 0.01666666666666667
2459 0.02333333333333333 0.02333333333333333 0.003333333333333333
2460 0.02666666666666666 0.02666666666666666 0.003333333333333333
2461 0.02666666666666666 0.02333333333333333 0.003333333333333333
2462 0.02333333333333333 0.02333333333333333 0.006666666666666666
2463 0.02666666666666666 0.02333333333333333 0.006666666666666666
2464 0.02333333333333333 0.02333333333333333 0.009999999999999998
2465 0.02666666666666666 0.02666666666666666 0.009999999999999998
2466 0.02666666666666666 0.02333333333333333 0.009999999999999998
2467 0.02333333333333333 0.02333333333333333 0.01333333333333333
2468 0.02666666666666666 0.02333333333333333 0.01333333333333333
2469 0.02333333333333333 0.02333333333333333 0.01666666666666667
2470 0.02666666666666666 0.02666666666666666 0.01666666666666667
2471 0.02666666666666666 0.02333333333333333 0.01666666666666667
2472 0.02333333333333333 0.02666666666666666 0.003333333333333333
2473 0.02333333333333333 0.02666666666666666 0.006666666666666666
2474 0.02333333333333333 0.02666666666666666 0.009999999999999998
2475 0.02333333333333333 0.02666666666666666 0.01333333333333333
2476 0.02333333333333333 0.02666666666666666 0.01666666666666667
2477 0.02333333333333333 0.03 0.003333333333333333
2478 0.02666666666666666 0.03333333333333333 0.003333333333333333
2479 0.02666666666666666 0.03 0.003333333333333333
2480 0.02333333333333333 0.03 0.006666666666666666
2481 0.02666666666666666 0.03 0.006666666666666666
2482 0.02333333333333333 0.03 0.009999999999999998
2483 0.02666666666666666 0.03333333333333333 0.009999999999999998
2484 0.02666666666666666 0.03 0.009999999999999998
2485 0.02333333333333333 0.03 0.01333333333333333
2486 0.02666666666666666 0.03 0.01333333333333333
2487 0.02333333333333333 0.03 0.01666666666666667
2488 0.02666666666666666 0.03333333333333333 0.01666666666666667
2489 0.02666666666666666 0.03 0.01666666666666667
2490 0.02333333333333333 0.03333333333333333 0.003333333333333333
2491 0.02333333333333333 0.03333333333333333 0.006666666666666666
2492 0.02333333333333333 0.03333333333333333 0.009999999999999998
2493 0.02333333333333333 0.03333333333333333 0.01333333333333333
2494 0.02333333333333333 0.03333333333333333 0.01666666666666667
2495 0.02333333333333333 0.03666666666666667 0.003333333333333333
2496 0.02666666666666666 0.03666666666666667 0.003333333333333333
2497 0.02333333333333333 0.03666666666666667 0.006666666666666666
2498 0.02666666666666666 0.03666666666666667 0.006666666666666666
2499 0.02333333333333333 0.03666666666666667 0.009999999999999998
2500 0.02666666666666666 0.03666666666666667 0.009999999999999998
2501 0.02333333333333333 0.03666666666666667 0.01333333333333333
2502 0.02666666666666666 0.03666666666666667 0.01333333333333333
2503 0.02333333333333333 0.03666666666666667 0.01666666666666667
2504 0.02666666666666666 0.03666666666666667 0.01666666666666667
2505 0.03 0.003333333333333333 0.003333333333333333
2506 0.03333333333333333 0.006666666666666666 0.003333333333333333
2507 0.03333333333333333 0.003333333333333333 0.003333333333333333
2508 0.03 0.003333333333333333 0.006666666666666666
2509 0.03333333333333333 0.003333333333333333 0.006666666666666666
2510 0.03 0.003333333333333333 0.009999999999999998
2511 0.03333333333333333 0.006666666666666666 0.009999999999999998
2512 0.03333333333333333 0.003333333333333333 0.009999999999999998
2513 0.03 0.003333333333333333 0.01333333333333333
2514 0.03333333333333333 0.003333333333333333 0.01333333333333333
2515 0.03 0.003333333333333333 0.01666666666666667
2516 0.03333333333333333 0.006666666666666666 0.01666666666666667
2517 0.03333333333333333 0.003333333333333333 0.01666666666666667
2518 0.03 0.006666666666666666 0.003333333333333333
2519 0.03 0.006666666666666666 0.006666666666666666
2520 0.03 0.006666666666666666 0.009999999999999998
2521 0.03 0.006666666666666666 0.01333333333333333
2522 0.03 0.006666666666666666 0.01666666666666667
2523 0.03 0.009999999999999998 0.003333333333333333
2524 0.03333333333333333 0.01333333333333333 0.003333333333333333
2525 0.03333333333333333 0.009999999999999998 0.003333333333333333
2526 0.03 0.009999999999999998 0.006666666666666666
2527 0.03333333333333333 0.009999999999999998 0.006666666666666666
2528 0.03 0.009999999999999998 0.009999999999999998
2529 0.03333333333333333 0.01333333333333333 0.009999999999999998
2530 0.03333333333333333 0.009999999999999998 0.009999999999999998
2531 0.03 0.009999999999999998 0.01333333333333333
2532 0.03333333333333333 0.009999999999999998 0.01333333333333333
2533 0.03 0.009999999999999998 0.01666666666666667
2534 0.03333333333333333 0.01333333333333333 0.01666666666666667
2535 0.03333333333333333 0.009999999999999998 0.01666666666666667
2536 0.03 0.01333333333333333 0.003333333333333333
2537 0.03 0.01333333333333333 0.006666666666666666
2538 0.03 0.01333333333333333 0.009999999999999998
2539 0.03 0.01333333333333333 0.01333333333333333
2540 0.03 0.01333333333333333 0.01666666666666667
2541 0.03 0.01666666666666667 0.003333333333333333
2542 0.03333333333333333 0.02 0.003333333333333333
2543 0.03333333333333333 0.01666666666666667 0.003333333333333333
2544 0.03 0.01666666666666667 0.006666666666666666
2545 0.03333333333333333 0.01666666666666667 0.006666666666666666
2546 0.03 0.01666666666666667 0.009999999999999998
2547 0.03333333333333333 0.02 0.009999999999999998
2548 0.03333333333333333 0.01666666666666667 0.009999999999999998
2549 0.03 0.01666666666666667 0.01333333333333333
2550 0.03333333333333333 0.01666666666666667 0.01333333333333333
2551 0.03 0.01666666666666667 0.01666666666666667
2552 0.03333333333333333 0.02 0.01666666666666667
2553 0.03333333333333333 0.01666666666666667 0.01666666666666667
2554 0.03 0.02 0.003333333333333333
2555 0.03 0.02 0.006666666666666666
2556 0.03 0.02 0.009999999999999998
2557 0.03 0.02 0.01333333333333333
2558 0.03 0.02 0.01666666666666667
2559 0.03 0.02333333333333333 0.003333333333333333
2560 0.03333333333333333 0.02666666666666666 0.003333333333333333
2561 0.03333333333333333 0.02333333333333333 0.003333333333333333
2562 0.03 0.02333333333333333 0.006666666666666666
2563 0.03333333333333333 0.02333333333333333 0.006666666666666666
2564 0.03 0.02333333333333333 0.009999999999999998
2565 0.03333333333333333 0.02666666666666666 0.009999999999999998
2566 0.03333333333333333 0.02333333333333333 0.009999999999999998
2567 0.03 0.02333333333333333 0.01333333333333333
2568 0.03333333333333333 0.02333333333333333 0.01333333333333333
2569 0.03 0.02333333333333333 0.01666666666666667
2570 0.03333333333333333 0.02666666666666666 0.01666666666666667
2571 0.03333333333333333 0.02333333333333333 0.01666666666666667
2572 0.03 0.02666666666666666 0.003333333333333333
2573 0.03 0.02666666666666666 0.006666666666666666
2574 0.03 0.02666666666666666 0.009999999999999998
2575 0.03 0.02666666666666666 0.01333333333333333
2576 0.03 0.02666666666666666 0.01666666666666667
2577 0.03 0.03 0.003333333333333333
2578 0.03333333333333333 0.03333333333333333 0.003333333333333333
2579 0.03333333333333333 0.03 0.003333333333333333
2580 0.03 0.03 0.006666666666666666
2581 0.03333333333333333 0.03 0.006666666666666666
2582 0.03 0.03 0.009999999999999998
2583 0.03333333333333333 0.03333333333333333 0.009999999999999998
2584 0.03333333333333333 0.03 0.009999999999999998
2585 0.03 0.03 0.01333333333333333
2586 0.03333333333333333 0.03 0.01333333333333333
2587 0.03 0.03 0.01666666666666667
2588 0.03333333333333333 0.03333333333333333 0.01666666666666667
2589 0.03333333333333333 0.03 0.01666666666666667
2590 0.03 0.03333333333333333 0.003333333333333333
2591 0.03 0.03333333333333333 0.006666666666666666
2592 0.03 0.03333333333333333 0.009999999999999998
2593 0.03 0.03333333333333333 0.01333333333333333
2594 0.03 0.03333333333333333 0.01666666666666667
2595 0.03 0.03666666666666667 0.003333333333333333
2596 0.03333333333333333 0.03666666666666667 0.003333333333333333
2597 0.03 0.03666666666666667 0.006666666666666666
2598 0.03333333333333333 0.03666666666666667 0.006666666666666666
2599 0.03 0.03666666666666667 0.009999999999999998
2600 0.03333333333333333 0.03666666666666667 0.009999999999999998
2601 0.03 0.03666666666666667 0.01333333333333333
2602 0.03333333333333333 0.03666666666666667 0.01333333333333333
2603 0.03 0.03666666666666667 0.01666666666666667
2604 0.03333333333333333 0.03666666666666667 0.01666666666666667
2605 0.03666666666666667 0.003333333333333333 0.003333333333333333
2606 0.04 0.006666666666666666 0.003333333333333333
2607 0.04 0.003333333333333333 0.003333333333333333
2608 0.03666666666666667 0.003333333333333333 0.006666666666666666
2609 0.04 0.003333333333333333 0.006666666666666666
2610 0.03666666666666667 0.003333333333333333 0.009999999999999998
2611 0.04 0.006666666666666666 0.009999999999999998
2612 0.04 0.003333333333333333 0.009999999999999998
2613 0.03666666666666667 0.003333333333333333 0.01333333333333333
2614 0.04 0.003333333333333333 0.01333333333333333
2615 0.03666666666666667 0.003333333333333333 0.01666666666666667
2616 0.04 0.006666666666666666 0.01666666666666667
2617 0.04 0.003333333333333333 0.01666666666666667
2618 0.03666666666666667 0.006666666666666666 0.003333333333333333
2619 0.03666666666666667 0.006666666666666666 0.006666666666666666
2620 0.03666666666666667 0.006666666666666666 0.009999999999999998
2621 0.03666666666666667 0.006666666666666666 0.01333333333333333
2622 0.03666666666666667 0.006666666666666666 0.01666666666666667
2623 0.03666666666666667 0.009999999999999998 0.003333333333333333
2624 0.04 0.01333333333333333 0.003333333333333333
2625 0.04 0.009999999999999998 0.003333333333333333
2626 0.03666666666666667 0.009999999999999998 0.006666666666666666
2627 0.04 0.009999999999999998 0.006666666666666666
2628 0.03666666666666667 0.009999999999999998 0.009999999999999998
2629 0.04 0.01333333333333333 0.009999999999999998
2630 0.04 0.009999999999999998 0.009999999999999998
2631 0.03666666666666667 0.009999999999999998 0.01333333333333333
2632 0.04 0.009999999999999998 0.01333333333333333
2633 0.03666666666666667 0.009999999999999998 0.01666666666666667
2634 0.04 0.01333333333333333 0.01666666666666667
2635 0.04 0.009999999999999998 0.01666666666666667
2636 0.03666666666666667 0.01333333333333333 0.003333333333333333
2637 0.03666666666666667 0.01333333333333333 0.006666666666666666
2638 0.03666666666666667 0.01333333333333333 0.009999999999999998
2639 0.03666666666666667 0.01333333333333333 0.01333333333333333
2640 0.03666666666666667 0.01333333333333333 0.01666666666666667
2641 0.03666666666666667 0.01666666666666667 0.003333333333333333
2642 0.04 0.02 0.003333333333333333
2643 0.04 0.01666666666666667 0.003333333333333333
2644 0.03666666666666667 0.01666666666666667 0.006666666666666666
2645 0.04 0.01666666666666667 0.006666666666666666
2646 0.03666666666666667 0.01666666666666667 0.009999999999999998
2647 0.04 0.02 0.009999999999999998
2648 0.04 0.01666666666666667 0.009999999999999998
2649 0.03666666666666667 0.01666666666666667 0.01333333333333333
2650 0.04 0.01666666666666667 0.01333333333333333
2651 0.03666666666666667 0.01666666666666667 0.01666666666666667
2652 0.04 0.02 0.01666666666666667
2653 0.04 0.01666666666666667 0.01666666666666667
2654 0.03666666666666667 0.02 0.003333333333333333
2655 0.03666666666666667 0.02 0.006666666666666666
2656 0.03666666666666667 0.02 0.009999999999999998
2657 0.03666666666666667 0.02 0.01333333333333333
2658 0.03666666666666667 0.02 0.01666666666666667
2659 0.03666666666666667 0.02333333333333333 0.003333333333333333
2660 0.04 0.02666666666666666 0.003333333333333333
2661 0.04 0.02333333333333333 0.003333333333333333
2662 0.03666666666666667 0.02333333333333333 0.006666666666666666
2663 0.04 0.02333333333333333 0.006666666666666666
2664 0.03666666666666667 0.02333333333333333 0.009999999999999998
2665 0.04 0.02666666666666666 0.009999999999999998
2666 0.04 0.02333333333333333 0.009999999999999998
2667 0.03666666666666667 0.02333333333333333 0.01333333333333333
2668 0.04 0.02333333333333333 0.01333333333333333
2669 0.03666666666666667 0.02333333333333333 0.01666666666666667
2670 0.04 0.02666666666666666 0.01666666666666667
2671 0.04 0.02333333333333333 0.01666666666666667
2672 0.03666666666666667 0.02666666666666666 0.003333333333333333
2673 0.03666666666666667 0.02666666666666666 0.006666666666666666
2674 0.03666666666666667 0.02666666666666666 0.009999999999999998
2675 0.03666666666666667 0.02666666666666666 0.01333333333333333
2676 0.03666666666666667 0.02666666666666666 0.01666666666666667
2677 0.03666666666666667 0.03 0.003333333333333333
2678 0.04 0.03333333333333333 0.003333333333333333
2679 0.04 0.03 0.003333333333333333
2680 0.03666666666666667 0.03 0.006666666666666666
2681 0.04 0.03 0.006666666666666666
2682 0.03666666666666667 0.03 0.009999999999999998
2683 0.04 0.03333333333333333 0.009999999999999998
2684 0.04 0.03 0.009999999999999998
2685 0.03666666666666667 0.03 0.01333333333333333
2686 0.04 0.03 0.01333333333333333
2687 0.03666666666666667 0.03 0.01666666666666667
2688 0.04 0.03333333333333333 0.01666666666666667
2689 0.04 0.03 0.01666666666666667
2690 0.03666666666666667 0.03333333333333333 0.003333333333333333
2691 0.03666666666666667 0.03333333333333333 0.006666666666666666
2692 0.03666666666666667 0.03333333333333333 0.009999999999999998
2693 0.03666666666666667 0.03333333333333333 0.01333333333333333
2694 0.03666666666666667 0.03333333333333333 0.01666666666666667
2695 0.03666666666666667 0.03666666666666667 0.003333333333333333
2696 0.04 0.03666666666666667 0.003333333333333333
2697 0.03666666666666667 0.03666666666666667 0.006666666666666666
2698 0.04 0.03666666666666667 0.006666666666666666
2699 0.03666666666666667 0.03666666666666667 0.009999999999999998
2700 0.04 0.03666666666666667 0.009999999999999998
2701 0.03666666666666667 0.03666666666666667 0.01333333333333333
2702 0.04 0.03666666666666667 0.01333333333333333
2703 0.03666666666666667 0.03666666666666667 0.01666666666666667
2704 0.04 0.03666666666666667 0.01666666666666667
2705 0.04333333333333333 0.003333333333333333 0.003333333333333333
2706 0.04666666666666667 0.006666666666666666 0.003333333333333333
2707 0.04666666666666667 0.003333333333333333 0.003333333333333333
2708 0.04333333333333333 0.003333333333333333 0.006666666666666666
2709 0.04666666666666667 0.003333333333333333 0.006666666666666666
2710 0.04333333333333333 0.003333333333333333 0.009999999999999998
2711 0.04666666666666667 0.006666666666666666 0.009999999999999998
2712 0.04666666666666667 0.003333333333333333 0.009999999999999998
2713 0.04333333333333333 0.003333333333333333 0.01333333333333333
2714 0.04666666666666667 0.003333333333333333 0.01333333333333333
2715 0.04333333333333333 0.003333333333333333 0.01666666666666667
2716 0.04666666666666667 0.006666666666666666 0.01666666666666667
2717 0.04666666666666667 0.003333333333333333 0.01666666666666667
2718 0.04333333333333333 0.006666666666666666 0.003333333333333333
2719 0.04333333333333333 0.006666666666666666 0.006666666666666666
2720 0.04333333333333333 0.006666666666666666 0.009999999999999998
2721 0.04333333333333333 0.006666666666666666 0.01333333333333333
2722 0.04333333333333333 0.006666666666666666 0.01666666666666667
2723 0.04333333333333333 0.009999999999999998 0.003333333333333333
2724 0.04666666666666667 0.01333333333333333 0.003333333333333333
2725 0.04666666666666667 0.009999999999999998 0.003333333333333333
2726 0.04333333333333333 0.009999999999999998 0.006666666666666666
2727 0.04666666666666667 0.009999999999999998 0.006666666666666666
2728 0.04333333333333333 0.009999999999999998 0.009999999999999998
2729 0.04666666666666667 0.01333333333333333 0.009999999999999998
2730 0.04666666666666667 0.009999999999999998 0.009999999999999998
2731 0.04333333333333333 0.009999999999999998 0.01333333333333333
2732 0.04666666666666667 0.009999999999999998 0.01333333333333333
2733 0.04333333333333333 0.009999999999999998 0.01666666666666667
2734 0.04666666666666667 0.01333333333333333 0.01666666666666667
2735 0.04666666666666667 0.009999999999999998 0.01666666666666667
2736 0.04333333333333333 0.01333333333333333 0.003333333333333333
2737 0.04333333333333333 0.01333333333333333 0.006666666666666666
2738 0.04333333333333333 0.01333333333333333 0.009999999999999998
2739 0.04333333333333333 0.01333333333333333 0.01333333333333333
2740 0.04333333333333333 0.01333333333333333 0.01666666666666667
2741 0.04333333333333333 0.01666666666666667 0.003333333333333333
2742 0.04666666666666667 0.02 0.003333333333333333
2743 0.04666666666666667 0.01666666666666667 0.003333333333333333
2744 0.04333333333333333 0.01666666666666667 0.006666666666666666
2745 0.04666666666666667 0.01666666666666667 0.006666666666666666
2746 0.04333333333333333 0.01666666666666667 0.009999999999999998
2747 0.04666666666666667 0.02 0.009999999999999998
2748 0.04666666666666667 0.01666666666666667 0.009999999999999998
2749 0.04333333333333333 0.01666666666666667 0.01333333333333333
2750 0.04666666666666667 0.01666666666666667 0.01333333333333333
2751 0.04333333333333333 0.01666666666666667 0.01666666666666667
2752 0.04666666666666667 0.02 0.01666666666666667
2753 0.04666666666666667 0.01666666666666667 0.01666666666666667
2754 0.04333333333333333 0.02 0.003333333333333333
2755 0.04333333333333333 0.02 0.006666666666666666
2756 0.04333333333333333 0.02 0.009999999999999998
2757 0.04333333333333333 0.02 0.01333333333333333
2758 0.04333333333333333 0.02 0.01666666666666667
2759 0.04333333333333333 0.02333333333333333 0.003333333333333333
2760 0.04666666666666667 0.02666666666666666 0.003333333333333333
2761 0.04666666666666667 0.02333333333333333 0.003333333333333333
2762 0.04333333333333333 0.02333333333333333 0.006666666666666666
2763 0.04666666666666667 0.02333333333333333 0.006666666666666666
2764 0.04333333333333333 0.02333333333333333 0.009999999999999998
2765 0.04666666666666667 0.02666666666666666 0.009999999999999998
2766 0.04666666666666667 0.02333333333333333 0.009999999999999998
2767 0.04333333333333333 0.02333333333333333 0.01333333333333333
2768 0.04666666666666667 0.02333333333333333 0.01333333333333333
2769 0.04333333333333333 0.02333333333333333 0.01666666666666667
2770 0.04666666666666667 0.02666666666666666 0.01666666666666667
2771 0.04666666666666667 0.02333333333333333 0.01666666666666667
2772 0.04333333333333333 0.02666666666666666 0.003333333333333333
2773 0.04333333333333333 0.02666666666666666 0.006666666666666666
2774 0.04333333333333333 0.02666666666666666 0.009999999999999998
2775 0.04333333333333333 0.02666666666666666 0.01333333333333333
2776 0.04333333333333333 0.02666666666666666 0.01666666666666667
2777 0.04333333333333333 0.03 0.003333333333333333
2778 0.04666666666666667 0.03333333333333333 0.003333333333333333
2779 0.04666666666666667 0.03 0.003333333333333333
2780 0.04333333333333333 0.03 0.006666666666666666
2781 0.04666666666666667 0.03 0.006666666666666666
2782 0.04333333333333333 0.03 0.009999999999999998
2783 0.04666666666666667 0.03333333333333333 0.009999999999999998
2784 0.04666666666666667 0.03 0.009999999999999998
2785 0.04333333333333333 0.03 0.01333333333333333
2786 0.04666666666666667 0.03 0.01333333333333333
2787 0.04333333333333333 0.03 0.01666666666666667
2788 0.04666666666666667 0.03333333333333333 0.01666666666666667
2789 0.04666666666666667 0.03 0.01666666666666667
2790 0.04333333333333333 0.03333333333333333 0.003333333333333333
2791 0.04333333333333333 0.03333333333333333 0.006666666666666666
2792 0.04333333333333333 0.03333333333333333 0.009999999999999998
2793 0.04333333333333333 0.03333333333333333 0.01333333333333333
2794 0.04333333333333333 0.03333333333333333 0.01666666666666667
2795 0.04333333333333333 0.03666666666666667 0.003333333333333333
2796 0.04666666666666667 0.03666666666666667 0.003333333333333333
2797 0.04333333333333333 0.03666666666666667 0.006666666666666666
2798 0.04666666666666667 0.03666666666666667 0.006666666666666666
2799 0.04333333333333333 0.03666666666666667 0.009999999999999998
2800 0.04666666666666667 0.03666666666666667 0.009999999999999998
2801 0.04333333333333333 0.03666666666666667 0.01333333333333333
2802 0.04666666666666667 0.03666666666666667 0.01333333333333333
2803 0.04333333333333333 0.03666666666666667 0.01666666666666667
2804 0.04666666666666667 0.03666666666666667 0.01666666666666667
2805 0.05 0.003333333333333333 0.003333333333333333
2806 0.05333333333333333 0.006666666666666666 0.003333333333333333
2807 0.05333333333333333 0.003333333333333333 0.003333333333333333
2808 0.05 0.003333333333333333 0.006666666666666666
2809 0.05333333333333333 0.003333333333333333 0.006666666666666666
2810 0.05 0.003333333333333333 0.009999999999999998
2811 0.05333333333333333 0.006666666666666666 0.009999999999999998
2812 0.05333333333333333 0.003333333333333333 0.009999999999999998
2813 0.05 0.003333333333333333 0.01333333333333333
2814 0.05333333333333333 0.003333333333333333 0.01333333333333333
2815 0.05 0.003333333333333333 0.01666666666666667
2816 0.05333333333333333 0.006666666666666666 0.01666666666666667
2817 0.05333333333333333 0.003333333333333333 0.01666666666666667
2818 0.05 0.006666666666666666 0.003333333333333333
2819 0.05 0.006666666666666666 0.006666666666666666
2820 0.05 0.006666666666666666 0.009999999999999998
2821 0.05 0.006666666666666666 0.01333333333333333
2822 0.05 0.006666666666666666 0.01666666666666667
2823 0.05 0.009999999999999998 0.003333333333333333
2824 0.05333333333333333 0.01333333333333333 0.003333333333333333
2825 0.05333333333333333 0.009999999999999998 0.003333333333333333
2826 0.05 0.009999999999999998 0.006666666666666666
2827 0.05333333333333333 0.009999999999999998 0.006666666666666666
2828 0.05 0.009999999999999998 0.009999999999999998
2829 0.05333333333333333 0.01333333333333333 0.009999999999999998
2830 0.05333333333333333 0.009999999999999998 0.009999999999999998
2831 0.05 0.009999999999999998 0.01333333333333333
2832 0.05333333333333333 0.009999999999999998 0.01333333333333333
2833 0.05 0.009999999999999998 0.01666666666666667
2834 0.05333333333333333 0.01333333333333333 0.01666666666666667
2835 0.05333333333333333 0.009999999999999998 0.01666666666666667
2836 0.05 0.01333333333333333 0.003333333333333333
2837 0.05 0.01333333333333333 0.006666666666666666
2838 0.05 0.01333333333333333 0.009999999999999998
2839 0.05 0.01333333333333333 0.01333333333333333
2840 0.05 0.01333333333333333 0.01666666666666667
2841 0.05 0.01666666666666667 0.003333333333333333
2842 0.05333333333333333 0.02 0.003333333333333333
2843 0.05333333333333333 0.01666666666666667 0.003333333333333333
2844 0.05 0.01666666666666667 0.006666666666666666
2845 0.05333333333333333 0.01666666666666667 0.006666666666666666
2846 0.05 0.01666666666666667 0.009999999999999998
2847 0.05333333333333333 0.02 0.009999999999999998
2848 0.05333333333333333 0.01666666666666667 0.009999999999999998
2849 0.05 0.01666666666666667 0.01333333333333333
2850 0.05333333333333333 0.01666666666666667 0.01333333333333333
2851 0.05 0.01666666666666667 0.01666666666666667
2852 0.05333333333333333 0.02 0.01666666666666667
2853 0.05333333333333333 0.01666666666666667 0.01666666666666667
2854 0.05 0.02 0.003333333333333333
2855 0.05 0.02 0.006666666666666666
2856 0.05 0.02 0.009999999999999998
2857 0.05 0.02 0.01333333333333333
2858 0.05 0.02 0.01666666666666667
2859 0.05 0.02333333333333333 0.003333333333333333
2860 0.05333333333333333 0.02666666666666666 0.003333333333333333
2861 0.05333333333333333 0.02333333333333333 0.003333333333333333
2862 0.05 0.02333333333333333 0.006666666666666666
2863 0.05333333333333333 0.02333333333333333 0.006666666666666666
2864 0.05 0.02333333333333333 0.009999999999999998
2865 0.05333333333333333 0.02666666666666666 0.009999999999999998
2866 0.05333333333333333 0.02333333333333333 0.009999999999999998
2867 0.05 0.02333333333333333 0.01333333333333333
2868 0.05333333333333333 0.02333333333333333 0.01333333333333333
2869 0.05 0.02333333333333333 0.01666666666666667
2870 0.05333333333333333 0.02666666666666666 0.01666666666666667
2871 0.05333333333333333 0.02333333333333333 0.01666666666666667
2872 0.05 0.02666666666666666 0.003333333333333333
2873 0.05 0.02666666666666666 0.006666666666666666
2874 0.05 0.02666666666666666 0.009999999999999998
2875 0.05 0.02666666666666666 0.01333333333333333
2876 0.05 0.02666666666666666 0.01666666666666667
2877 0.05 0.03 0.003333333333333333
2878 0.05333333333333333 0.03333333333333333 0.003333333333333333
2879 0.05333333333333333 0.03 0.003333333333333333
2880 0.05 0.03 0.006666666666666666
2881 0.05333333333333333 0.03 0.006666666666666666
2882 0.05 0.03 0.009999999999999998
2883 0.05333333333333333 0.03333333333333333 0.009999999999999998
2884 0.05333333333333333 0.03 0.009999999999999998
2885 0.05 0.03 0.01333333333333333
2886 0.05333333333333333 0.03 0.01333333333333333
2887 0.05 0.03 0.01666666666666667
2888 0.05333333333333333 0.03333333333333333 0.01666666666666667
2889 0.05333333333333333 0.03 0.01666666666666667
2890 0.05 0.03333333333333333 0.003333333333333333
2891 0.05 0.03333333333333333 0.006666666666666666
2892 0.05 0.03333333333333333 0.009999999999999998
2893 0.05 0.03333333333333333 0.01333333333333333
2894 0.05 0.03333333333333333 0.01666666666666667
2895 0.05 0.03666666666666667 0.003333333333333333
2896 0.05333333333333333 0.03666666666666667 0.003333333333333333
2897 0.05 0.03666666666666667 0.006666666666666666
2898 0.05333333333333333 0.03666666666666667 0.006666666666666666
2899 0.05 0.03666666666666667 0.009999999999999998
2900 0.05333333333333333 0.03666666666666667 0.009999999999999998
2901 0.05 0.03666666666666667 0.01333333333333333
2902 0.05333333333333333 0.03666666666666667 0.01333333333333333
2903 0.05 0.03666666666666667 0.01666666666666667
2904 0.05333333333333333 0.03666666666666667 0.01666666666666667
2905 0.05666666666666666 0.003333333333333333 0.003333333333333333
2906 0.06 0.006666666666666666 0.003333333333333333
2907 0.06 0.003333333333333333 0.003333333333333333
2908 0.05666666666666666 0.003333333333333333 0.006666666666666666
2909 0.06 0.003333333333333333 0.006666666666666666
2910 0.05666666666666666 0.003333333333333333 0.009999999999999998
2911 0.06 0.006666666666666666 0.009999999999999998
2912 0.06 0.003333333333333333 0.009999999999999998
2913 0.05666666666666666 0.003333333333333333 0.01333333333333333
2914 0.06 0.003333333333333333 0.01333333333333333
2915 0.05666666666666666 0.003333333333333333 0.01666666666666667
2916 0.06 0.006666666666666666 0.01666666666666667
2917 0.06 0.003333333333333333 0.01666666666666667
2918 0.05666666666666666 0.006666666666666666 0.003333333333333333
2919 0.05666666666666666 0.006666666666666666 0.006666666666666666
2920 0.05666666666666666 0.006666666666666666 0.009999999999999998
2921 0.05666666666666666 0.006666666666666666 0.01333333333333333
2922 0.05666666666666666 0.006666666666666666 0.01666666666666667
2923 0.05666666666666666 0.009999999999999998 0.003333333333333333
2924 0.06 0.01333333333333333 0.003333333333333333
2925 0.06 0.009999999999999998 0.003333333333333333
2926 0.05666666666666666 0.009999999999999998 0.006666666666666666
2927 0.06 0.009999999999999998 0.006666666666666666
2928 0.05666666666666666 0.009999999999999998 0.009999999999999998
2929 0.06 0.01333333333333333 0.009999999999999998
2930 0.06 0.009999999999999998 0.009999999999999998
2931 0.05666666666666666 0.009999999999999998 0.01333333333333333
2932 0.06 0.009999999999999998 0.01333333333333333
2933 0.05666666666666666 0.009999999999999998 0.01666666666666667
2934 0.06 0.01333333333333333 0.01666666666666667
2935 0.06 0.009999999999999998 0.01666666666666667
2936 0.05666666666666666 0.01333333333333333 0.003333333333333333
2937 0.05666666666666666 0.01333333333333333 0.006666666666666666
2938 0.05666666666666666 0.01333333333333333 0.009999999999999998
2939 0.05666666666666666 0.01333333333333333 0.01333333333333333
2940 0.05666666666666666 0.01333333333333333 0.01666666666666667
2941 0.05666666666666666 0.01666666666666667 0.003333333333333333
2942 0.06 0.02 0.003333333333333333
2943 0.06 0.01666666666666667 0.003333333333333333
2944 0.05666666666666666 0.01666666666666667 0.006666666666666666
2945 0.06 0.01666666666666667 0.006666666666666666
2946 0.05666666666666666 0.01666666666666667 0.009999999999999998
2947 0.06 0.02 0.009999999999999998
2948 0.06 0.01666666666666667 0.009999999999999998
2949 0.05666666666666666 0.01666666666666667 0.01333333333333333
2950 0.06 0.01666666666666667 0.01333333333333333
2951 0.05666666666666666 0.01666666666666667 0.01666666666666667
2952 0.06 0.02 0.01666666666666667
2953 0.06 0.01666666666666667 0.01666666666666667
2954 0.05666666666666666 0.02 0.003333333333333333
2955 0.05666666666666666 0.02 0.006666666666666666
2956 0.05666666666666666 0.02 0.009999999999999998
2957 0.05666666666666666 0.02 0.01333333333333333
2958 0.05666666666666666 0.02 0.01666666666666667
2959 0.05666666666666666 0.02333333333333333 0.003333333333333333
2960 0.06 0.02666666666666666 0.003333333333333333
2961 0.06 0.02333333333333333 0.003333333333333333
2962 0.05666666666666666 0.02333333333333333 0.006666666666666666
2963 0.06 0.02333333333333333 0.006666666666666666
2964 0.05666666666666666 0.02333333333333333 0.009999999999999998
2965 0.06 0.02666666666666666 0.009999999999999998
2966 0.06 0.02333333333333333 0.009999999999999998
2967 0.05666666666666666 0.02333333333333333 0.01333333333333333
2968 0.06 0.02333333333333333 0.01333333333333333
2969 0.05666666666666666 0.02333333333333333 0.01666666666666667
2970 0.06 0.02666666666666666 0.01666666666666667
2971 0.06 0.02333333333333333 0.01666666666666667
2972 0.05666666666666666 0.02666666666666666 0.003333333333333333
2973 0.05666666666666666 0.02666666666666666 0.006666666666666666
2974 0.05666666666666666 0.02666666666666666 0.009999999999999998
2975 0.05666666666666666 0.02666666666666666 0.01333333333333333
2976 0.05666666666666666 0.02666666666666666 0.01666666666666667
2977 0.05666666666666666 0.03 0.003333333333333333
2978 0.06 0.03333333333333333 0.003333333333333333
2979 0.06 0.03 0.003333333333333333
2980 0.05666666666666666 0.03 0.006666666666666666
2981 0.06 0.03 0.006666666666666666
2982 0.05666666666666666 0.03 0.009999999999999998
2983 0.06 0.03333333333333333 0.009999999999999998
2984 0.06 0.03 0.009999999999999998
2985 0.05666666666666666 0.03 0.01333333333333333
2986 0.06 0.03 0.01333333333333333
2987 0.05666666666666666 0.03 0.01666666666666667
2988 0.06 0.03333333333333333 0.01666666666666667
2989 0.06 0.03 0.01666666666666667
2990 0.05666666666666666 0.03333333333333333 0.003333333333333333
2991 0.05666666666666666 0.03333333333333333 0.006666666666666666
2992 0.05666666666666666 0.03333333333333333 0.009999999999999998
2993 0.05666666666666666 0.03333333333333333 0.01333333333333333
2994 0.05666666666666666 0.03333333333333333 0.01666666666666667
2995 0.05666666666666666 0.03666666666666667 0.003333333333333333
2996 0.06 0.03666666666666667 0.003333333333333333
2997 0.05666666666666666 0.03666666666666667 0.006666666666666666
2998 0.06 0.03666666666666667 0.006666666666666666
2999 0.05666666666666666 0.03666666666666667 0.009999999999999998
3000 0.06 0.03666666666666667 0.009999999999999998
3001 0.05666666666666666 0.03666666666666667 0.01333333333333333
3002 0.06 0.03666666666666667 0.01333333333333333
3003 0.05666666666666666 0.03666666666666667 0.01666666666666667
3004 0.06 0.03666666666666667 0.01666666666666667
3005 0.06333333333333332 0.003333333333333333 0.003333333333333333
3006 0.06666666666666667 0.006666666666666666 0.003333333333333333
3007 0.06666666666666667 0.003333333333333333 0.003333333333333333
3008 0.06333333333333332 0.003333333333333333 0.006666666666666666
3009 0.06666666666666667 0.003333333333333333 0.006666666666666666
3010 0.06333333333333332 0.003333333333333333 0.009999999999999998
3011 0.06666666666666667 0.006666666666666666 0.009999999999999998
3012 0.06666666666666667 0.003333333333333333 0.009999999999999998
3013 0.06333333333333332 0.003333333333333333 0.01333333333333333
3014 0.06666666666666667 0.003333333333333333 0.01333333333333333
3015 0.06333333333333332 0.003333333333333333 0.01666666666666667
3016 0.06666666666666667 0.006666666666666666 0.01666666666666667
3017 0.06666666666666667 0.003333333333333333 0.01666666666666667
3018 0.06333333333333332 0.006666666666666666 0.003333333333333333
3019 0.06333333333333332 0.006666666666666666 0.006666666666666666
3020 0.06333333333333332 0.006666666666666666 0.009999999999999998
3021 0.06333333333333332 0.006666666666666666 0.01333333333333333
3022 0.06333333333333332 0.006666666666666666 0.01666666666666667
3023 0.06333333333333332 0.009999999999999998 0.003333333333333333
3024 0.06666666666666667 0.01333333333333333 0.003333333333333333
3025 0.06666666666666667 0.009999999999999998 0.003333333333333333
3026 0.06333333333333332 0.009999999999999998 0.006666666666666666
3027 0.06666666666666667 0.009999999999999998 0.006666666666666666
3028 0.06333333333333332 0.009999999999999998 0.009999999999999998
3029 0.06666666666666667 0.01333333333333333 0.009999999999999998
3030 0.06666666666666667 0.009999999999999998 0.009999999999999998
3031 0.06333333333333332 0.009999999999999998 0.01333333333333333
3032 0.06666666666666667 0.009999999999999998 0.01333333333333333
3033 0.06333333333333332 0.009999999999999998 0.01666666666666667
3034 0.06666666666666667 0.01333333333333333 0.01666666666666667
3035 0.06666666666666667 0.009999999999999998 0.01666666666666667
3036 0.06333333333333332 0.01333333333333333 0.003333333333333333
3037 0.06333333333333332 0.01333333333333333 0.006666666666666666
3038 0.06333333333333332 0.01333333333333333 0.009999999999999998
3039 0.06333333333333332 0.01333333333333333 0.01333333333333333
3040 0.06333333333333332 0.01333333333333333 0.01666666666666667
3041 0.06333333333333332 0.01666666666666667 0.003333333333333333
3042 0.06666666666666667 0.02 0.003333333333333333
3043 0.06666666666666667 0.01666666666666667 0.003333333333333333
3044 0.06333333333333332 0.01666666666666667 0.006666666666666666
3045 0.06666666666666667 0.01666666666666667 0.006666666666666666
3046 0.06333333333333332 0.01666666666666667 0.009999999999999998
3047 0.06666666666666667 0.02 0.009999999999999998
3048 0.06666666666666667 0.01666666666666667 0.009999999999999998
3049 0.06333333333333332 0.01666666666666667 0.01333333333333333
3050 0.06666666666666667 0.01666666666666667 0.01333333333333333
3051 0.06333333333333332 0.01666666666666667 0.01666666666666667
3052 0.06666666666666667 0.02 0.01666666666666667
3053 0.06666666666666667 0.01666666666666667 0.01666666666666667
3054 0.06333333333333332 0.02 0.003333333333333333
3055 0.06333333333333332 0.02 0.006666666666666666
3056 0.06333333333333332 0.02 0.009999999999999998
3057 0.06333333333333332 0.02 0.01333333333333333
3058 0.06333333333333332 0.02 0.01666666666666667
3059 0.06333333333333332 0.02333333333333333 0.003333333333333333
3060 0.06666666666666667 0.02666666666666666 0.003333333333333333
3061 0.06666666666666667 0.02333333333333333 0.003333333333333333
3062 0.06333333333333332 0.02333333333333333 0.006666666666666666
3063 0.06666666666666667 0.02333333333333333 0.006666666666666666
3064 0.06333333333333332 0.02333333333333333 0.009999999999999998
3065 0.06666666666666667 0.02666666666666666 0.009999999999999998
3066 0.06666666666666667 0.02333333333333333 0.009999999999999998
3067 0.06333333333333332 0.02333333333333333 0.01333333333333333
3068 0.06666666666666667 0.02333333333333333 0.01333333333333333
3069 0.06333333333333332 0.02333333333333333 0.01666666666666667
3070 0.06666666666666667 0.02666666666666666 0.01666666666666667
3071 0.06666666666666667 0.02333333333333333 0.01666666666666667
3072 0.06333333333333332 0.02666666666666666 0.003333333333333333
3073 0.06333333333333332 0.02666666666666666 0.006666666666666666
3074 0.06333333333333332 0.02666666666666666 0.009999999999999998
3075 0.06333333333333332 0.02666666666666666 0.01333333333333333
3076 0.06333333333333332 0.02666666666666666 0.01666666666666667
3077 0.06333333333333332 0.03 0.003333333333333333
3078 0.06666666666666667 0.03333333333333333 0.003333333333333333
3079 0.06666666666666667 0.03 0.003333333333333333
3080 0.06333333333333332 0.03 0.006666666666666666
3081 0.06666666666666667 0.03 0.006666666666666666
3082 0.06333333333333332 0.03 0.009999999999999998
3083 0.06666666666666667 0.03333333333333333 0.009999999999999998
3084 0.06666666666666667 0.03 0.009999999999999998
3085 0.06333333333333332 0.03 0.01333333333333333
3086 0.06666666666666667 0.03 0.01333333333333333
3087 0.06333333333333332 0.03 0.01666666666666667
3088 0.06666666666666667 0.03333333333333333 0.01666666666666667
3089 0.06666666666666667 0.03 0.01666666666666667
3090 0.06333333333333332 0.03333333333333333 0.003333333333333333
3091 0.06333333333333332 0.03333333333333333 0.006666666666666666
3092 0.06333333333333332 0.03333333333333333 0.009999999999999998
3093 0.06333333333333332 0.03333333333333333 0.01333333333333333
3094 0.06333333333333332 0.03333333333333333 0.01666666666666667
3095 0.06333333333333332 0.03666666666666667 0.003333333333333333
3096 0.06666666666666667 0.03666666666666667 0.003333333333333333
3097 0.06333333333333332 0.03666666666666667 0.006666666666666666
3098 0.06666666666666667 0.03666666666666667 0.006666666666666666
3099 0.06333333333333332 0.03666666666666667 0.009999999999999998
3100 0.06666666666666667 0.03666666666666667 0.009999999999999998
3101 0.06333333333333332 0.03666666666666667 0.01333333333333333
3102 0.06666666666666667 0.03666666666666667 0.01333333333333333
3103 0.06333333333333332 0.03666666666666667 0.01666666666666667
3104 0.06666666666666667 0.03666666666666667 0.01666666666666667
3105 0.07000000000000001 0.003333333333333333 0.003333333333333333
3106 0.07333333333333333 0.006666666666666666 0.003333333333333333
3107 0.07333333333333333 0.003333333333333333 0.003333333333333333
3108 0.07000000000000001 0.003333333333333333 0.006666666666666666
3109 0.07333333333333333 0.003333333333333333 0.006666666666666666
3110 0.07000000000000001 0.003333333333333333 0.009999999999999998
3111 0.07333333333333333 0.006666666666666666 0.009999999999999998
3112 0.07333333333333333 0.003333333333333333 0.009999999999999998
3113 0.07000000000000001 0.003333333333333333 0.01333333333333333
3114 0.07333333333333333 0.003333333333333333 0.01333333333333333
3115 0.07000000000000001 0.003333333333333333 0.01666666666666667
3116 0.07333333333333333 0.006666666666666666 0.01666666666666667
3117 0.07333333333333333 0.003333333333333333 0.01666666666666667
3118 0.07000000000000001 0.006666666666666666 0.003333333333333333
3119 0.07000000000000001 0.006666666666666666 0.006666666666666666
3120 0.07000000000000001 0.006666666666666666 0.009999999999999998
3121 0.07000000000000001 0.006666666666666666 0.01333333333333333
3122 0.07000000000000001 0.006666666666666666 0.01666666666666667
3123 0.07000000000000001 0.009999999999999998 0.003333333333333333
3124 0.07333333333333333 0.01333333333333333 0.003333333333333333
3125 0.07333333333333333 0.009999999999999998 0.003333333333333333
3126 0.07000000000000001 0.009999999999999998 0.006666666666666666
3127 0.07333333333333333 0.009999999999999998 0.006666666666666666
3128 0.07000000000000001 0.009999999999999998 0.009999999999999998
3129 0.07333333333333333 0.01333333333333333 0.009999999999999998
3130 0.07333333333333333 0.009999999999999998 0.009999999999999998
3131 0.07000000000000001 0.009999999999999998 0.01333333333333333
3132 0.07333333333333333 0.009999999999999998 0.01333333333333333
3133 0.07000000000000001 0.009999999999999998 0.01666666666666667
3134 0.07333333333333333 0.01333333333333333 0.01666666666666667
3135 0.07333333333333333 0.009999999999999998 0.01666666666666667
3136 0.07000000000000001 0.01333333333333333 0.003333333333333333
3137 0.07000000000000001 0.01333333333333333 0.006666666666666666
3138 0.07000000000000001 0.01333333333333333 0.009999999999999998
3139 0.07000000000000001 0.01333333333333333 0.01333333333333333
3140 0.07000000000000001 0.01333333333333333 0.01666666666666667
3141 0.07000000000000001 0.01666666666666667 0.003333333333333333
3142 0.07333333333333333 0.02 0.003333333333333333
3143 0.07333333333333333 0.01666666666666667 0.003333333333333333
3144 0.07000000000000001 0.01666666666666667 0.006666666666666666
3145 0.07333333333333333 0.01666666666666667 0.006666666666666666
3146 0.07000000000000001 0.01666666666666667 0.009999999999999998
3147 0.07333333333333333 0.02 0.009999999999999998
3148 0.07333333333333333 0.01666666666666667 0.009999999999999998
3149 0.07000000000000001 0.01666666666666667 0.01333333333333333
3150 0.07333333333333333 0.01666666666666667 0.01333333333333333
3151 0.07000000000000001 0.01666666666666667 0.01666666666666667
3152 0.07333333333333333 0.02 0.01666666666666667
3153 0.07333333333333333 0.01666666666666667 0.01666666666666667
3154 0.07000000000000001 0.02 0.003333333333333333
3155 0.07000000000000001 0.02 0.006666666666666666
3156 0.07000000000000001 0.02 0.009999999999999998
3157 0.07000000000000001 0.02 0.01333333333333333
3158 0.07000000000000001 0.02 0.01666666666666667
3159 0.07000000000000001 0.02333333333333333 0.003333333333333333
3160 0.07333333333333333 0.02666666666666666 0.003333333333333333
3161 0.07333333333333333 0.02333333333333333 0.003333333333333333
3162 0.07000000000000001 0.02333333333333333 0.006666666666666666
3163 0.07333333333333333 0.02333333333333333 0.006666666666666666
3164 0.07000000000000001 0.02333333333333333 0.009999999999999998
3165 0.07333333333333333 0.02666666666666666 0.009999999999999998
3166 0.07333333333333333 0.02333333333333333 0.009999999999999998
3167 0.07000000000000001 0.02333333333333333 0.01333333333333333
3168 0.07333333333333333 0.02333333333333333 0.01333333333333333
3169 0.07000000000000001 0.02333333333333333 0.01666666666666667
3170 0.07333333333333333 0.02666666666666666 0.01666666666666667
3171 0.07333333333333333 0.02333333333333333 0.01666666666666667
3172 0.07000000000000001 0.02666666666666666 0.003333333333333333
3173 0.07000000000000001 0.02666666666666666 0.006666666666666666
3174 0.07000000000000001 0.02666666666666666 0.009999999999999998
3175 0.07000000000000001 0.02666666666666666 0.01333333333333333
3176 0.07000000000000001 0.02666666666666666 0.01666666666666667
3177 0.07000000000000001 0.03 0.003333333333333333
3178 0.07333333333333333 0.03333333333333333 0.003333333333333333
3179 0.07333333333333333 0.03 0.003333333333333333
3180 0.07000000000000001 0.03 0.006666666666666666
3181 0.07333333333333333 0.03 0.006666666666666666
3182 0.07000000000000001 0.03 0.009999999999999998
3183 0.07333333333333333 0.03333333333333333 0.009999999999999998
3184 0.07333333333333333 0.03 0.009999999999999998
3185 0.07000000000000001 0.03 0.01333333333333333
3186 0.07333333333333333 0.03 0.01333333333333333
3187 0.07000000000000001 0.03 0.01666666666666667
3188 0.07333333333333333 0.03333333333333333 0.01666666666666667
3189 0.07333333333333333 0.03 0.01666666666666667
3190 0.07000000000000001 0.03333333333333333 0.003333333333333333
3191 0.07000000000000001 0.03333333333333333 0.006666666666666666
3192 0.07000000000000001 0.03333333333333333 0.009999999999999998
3193 0.07000000000000001 0.03333333333333333 0.01333333333333333
3194 0.07000000000000001 0.03333333333333333 0.01666666666666667
3195 0.07000000000000001 0.03666666666666667 0.003333333333333333
3196 0.07333333333333333 0.03666666666666667 0.003333333333333333
3197 0.07000000000000001 0.03666666666666667 0.006666666666666666
3198 0.07333333333333333 0.03666666666666667 0.006666666666666666
3199 0.07000000000000001 0.03666666666666667 0.009999999999999998
3200 0.07333333333333333 0.03666666666666667 0.009999999999999998
3201 0.07000000000000001 0.03666666666666667 0.01333333333333333
3202 0.07333333333333333 0.03666666666666667 0.01333333333333333
3203 0.07000000000000001 0.03666666666666667 0.01666666666666667
3204 0.07333333333333333 0.03666666666666667 0.01666666666666667
3205 0.07666666666666666 0.003333333333333333 0.003333333333333333
3206 0.08 0.006666666666666666 0.003333333333333333
3207 0.08 0.003333333333333333 0.003333333333333333
3208 0.07666666666666666 0.003333333333333333 0.006666666666666666
3209 0.08 0.003333333333333333 0.006666666666666666
3210 0.07666666666666666 0.003333333333333333 0.009999999999999998
3211 0.08 0.006666666666666666 0.009999999999999998
3212 0.08 0.003333333333333333 0.009999999999999998
3213 0.07666666666666666 0.003333333333333333 0.01333333333333333
3214 0.08 0.003333333333333333 0.01333333333333333
3215 0.07666666666666666 0.003333333333333333 0.01666666666666667
3216 0.08 0.006666666666666666 0.01666666666666667
3217 0.08 0.003333333333333333 0.01666666666666667
3218 0.07666666666666666 0.006666666666666666 0.003333333333333333
3219 0.07666666666666666 0.006666666666666666 0.006666666666666666
3220 0.07666666666666666 0.006666666666666666 0.009999999999999998
3221 0.07666666666666666 0.006666666666666666 0.01333333333333333
3222 0.07666666666666666 0.006666666666666666 0.01666666666666667
3223 0.07666666666666666 0.009999999999999998 0.003333333333333333
3224 0.08 0.01333333333333333 0.003333333333333333
3225 0.08 0.009999999999999998 0.003333333333333333
3226 0.07666666666666666 0.009999999999999998 0.006666666666666666
3227 0.08 0.009999999999999998 0.006666666666666666
3228 0.07666666666666666 0.009999999999999998 0.009999999999999998
3229 0.08 0.01333333333333333 0.009999999999999998
3230 0.08 0.009999999999999998 0.009999999999999998
3231 0.07666666666666666 0.009999999999999998 0.01333333333333333
3232 0.08 0.009999999999999998 0.01333333333333333
3233 0.07666666666666666 0.009999999999999998 0.01666666666666667
3234 0.08 0.01333333333333333 0.01666666666666667
3235 0.08 0.009999999999999998 0.01666666666666667
3236 0.07666666666666666 0.01333333333333333 0.003333333333333333
3237 0.07666666666666666 0.01333333333333333 0.006666666666666666
3238 0.07666666666666666 0.01333333333333333 0.009999999999999998
3239 0.07666666666666666 0.01333333333333333 0.01333333333333333
3240 0.07666666666666666 0.01333333333333333 0.01666666666666667
3241 0.07666666666666666 0.01666666666666667 0.003333333333333333
3242 0.08 0.02 0.003333333333333333
3243 0.08 0.01666666666666667 0.003333333333333333
3244 0.07666666666666666 0.01666666666666667 0.006666666666666666
3245 0.08 0.01666666666666667 0.006666666666666666
3246 0.07666666666666666 0.01666666666666667 0.009999999999999998
3247 0.08 0.02 0.009999999999999998
3248 0.08 0.01666666666666667 0.009999999999999998
3249 0.07666666666666666 0.01666666666666667 0.01333333333333333
3250 0.08 0.01666666666666667 0.01333333333333333
3251 0.07666666666666666 0.01666666666666667 0.01666666666666667
3252 0.08 0.02 0.01666666666666667
3253 0.08 0.01666666666666667 0.01666666666666667
3254 0.07666666666666666 0.02 0.003333333333333333
3255 0.07666666666666666 0.02 0.006666666666666666
3256 0.07666666666666666 0.02 0.009999999999999998
3257 0.07666666666666666 0.02 0.01333333333333333
3258 0.07666666666666666 0.02 0.01666666666666667
3259 0.07666666666666666 0.02333333333333333 0.003333333333333333
3260 0.08 0.02666666666666666 0.003333333333333333
3261 0.08 0.02333333333333333 0.003333333333333333
3262 0.07666666666666666 0.02333333333333333 0.006666666666666666
3263 0.08 0.02333333333333333 0.006666666666666666
3264 0.07666666666666666 0.02333333333333333 0.009999999999999998
3265 0.08 0.02666666666666666 0.009999999999999998
3266 0.08 0.02333333333333333 0.009999999999999998
3267 0.07666666666666666 0.02333333333333333 0.01333333333333333
3268 0.08 0.02333333333333333 0.01333333333333333
3269 0.07666666666666666 0.02333333333333333 0.01666666666666667
3270 0.08 0.02666666666666666 0.01666666666666667
3271 0.08 0.02333333333333333 0.01666666666666667
3272 0.07666666666666666 0.02666666666666666 0.003333333333333333
3273 0.07666666666666666 0.02666666666666666 0.006666666666666666
3274 0.07666666666666666 0.02666666666666666 0.009999999999999998
3275 0.07666666666666666 0.02666666666666666 0.01333333333333333
3276 0.07666666666666666 0.02666666666666666 0.01666666666666667
3277 0.07666666666666666 0.03 0.003333333333333333
3278 0.08 0.03333333333333333 0.003333333333333333
3279 0.08 0.03 0.003333333333333333
3280 0.07666666666666666 0.03 0.006666666666666666
3281 0.08 0.03 0.006666666666666666
3282 0.07666666666666666 0.03 0.009999999999999998
3283 0.08 0.03333333333333333 0.009999999999999998
3284 0.08 0.03 0.009999999999999998
3285 0.07666666666666666 0.03 0.01333333333333333
3286 0.08 0.03 0.01333333333333333
3287 0.07666666666666666 0.03 0.01666666666666667
3288 0.08 0.03333333333333333 0.01666666666666667
3289 0.08 0.03 0.01666666666666667
3290 0.07666666666666666 0.03333333333333333 0.003333333333333333
3291 0.07666666666666666 0.03333333333333333 0.006666666666666666
3292 0.07666666666666666 0.03333333333333333 0.009999999999999998
3293 0.07666666666666666 0.03333333333333333 0.01333333333333333
3294 0.07666666666666666 0.03333333333333333 0.01666666666666667
3295 0.07666666666666666 0.03666666666666667 0.003333333333333333
3296 0.08 0.03666666666666667 0.003333333333333333
3297 0.07666666666666666 0.03666666666666667 0.006666666666666666
3298 0.08 0.03666666666666667 0.006666666666666666
3299 0.07666666666666666 0.03666666666666667 0.009999999999999998
3300 0.08 0.03666666666666667 0.009999999999999998
3301 0.07666666666666666 0.03666666666666667 0.01333333333333333
3302 0.08 0.03666666666666667 0.01333333333333333
3303 0.07666666666666666 0.03666666666666667 0.01666666666666667
3304 0.08 0.03666666666666667 0.01666666666666667
3305 0.08333333333333333 0.003333333333333333 0.003333333333333333
3306 0.08666666666666666 0.006666666666666666 0.003333333333333333
3307 0.08666666666666666 0.003333333333333333 0.003333333333333333
3308 0.08333333333333333 0.003333333333333333 0.006666666666666666
3309 0.08666666666666666 0.003333333333333333 0.006666666666666666
3310 0.08333333333333333 0.003333333333333333 0.009999999999999998
3311 0.08666666666666666 0.006666666666666666 0.009999999999999998
3312 0.08666666666666666 0.003333333333333333 0.009999999999999998
3313 0.08333333333333333 0.003333333333333333 0.01333333333333333
3314 0.08666666666666666 0.003333333333333333 0.01333333333333333
3315 0.08333333333333333 0.003333333333333333 0.01666666666666667
3316 0.08666666666666666 0.006666666666666666 0.01666666666666667
3317 0.08666666666666666 0.003333333333333333 0.01666666666666667
3318 0.08333333333333333 0.006666666666666666 0.003333333333333333
3319 0.08333333333333333 0.006666666666666666 0.006666666666666666
3320 0.08333333333333333 0.006666666666666666 0.009999999999999998
3321 0.08333333333333333 0.006666666666666666 0.01333333333333333
3322 0.08333333333333333 0.006666666666666666 0.01666666666666667
3323 0.08333333333333333 0.009999999999999998 0.003333333333333333
3324 0.08666666666666666 0.01333333333333333 0.003333333333333333
3325 0.08666666666666666 0.009999999999999998 0.003333333333333333
3326 0.08333333333333333 0.009999999999999998 0.006666666666666666
3327 0.08666666666666666 0.009999999999999998 0.006666666666666666
3328 0.08333333333333333 0.009999999999999998 0.009999999999999998
3329 0.08666666666666666 0.01333333333333333 0.009999999999999998
3330 0.08666666666666666 0.009999999999999998 0.009999999999999998
3331 0.08333333333333333 0.009999999999999998 0.01333333333333333
3332 0.08666666666666666 0.009999999999999998 0.01333333333333333
3333 0.08333333333333333 0.009999999999999998 0.01666666666666667
3334 0.08666666666666666 0.01333333333333333 0.01666666666666667
3335 0.08666666666666666 0.009999999999999998 0.01666666666666667
3336 0.08333333333333333 0.01333333333333333 0.003333333333333333
3337 0.08333333333333333 0.01333333333333333 0.006666666666666666
3338 0.08333333333333333 0.01333333333333333 0.009999999999999998
3339 0.08333333333333333 0.01333333333333333 0.01333333333333333
3340 0.08333333333333333 0.01333333333333333 0.01666666666666667
3341 0.08333333333333333 0.01666666666666667 0.003333333333333333
3342 0.08666666666666666 0.02 0.003333333333333333
3343 0.08666666666666666 0.01666666666666667 0.003333333333333333
3344 0.08333333333333333 0.01666666666666667 0.006666666666666666
3345 0.08666666666666666 0.01666666666666667 0.006666666666666666
3346 0.08333333333333333 0.01666666666666667 0.009999999999999998
3347 0.08666666666666666 0.02 0.009999999999999998
3348 0.08666666666666666 0.01666666666666667 0.009999999999999998
3349 0.08333333333333333 0.01666666666666667 0.01333333333333333
3350 0.08666666666666666 0.01666666666666667 0.01333333333333333
3351 0.08333333333333333 0.01666666666666667 0.01666666666666667
3352 0.08666666666666666 0.02 0.01666666666666667
3353 0.08666666666666666 0.01666666666666667 0.01666666666666667
3354 0.08333333333333333 0.02 0.003333333333333333
3355 0.08333333333333333 0.02 0.006666666666666666
3356 0.08333333333333333 0.02 0.009999999999999998
3357 0.08333333333333333 0.02 0.01333333333333333
3358 0.08333333333333333 0.02 0.01666666666666667
3359 0.08333333333333333 0.02333333333333333 0.003333333333333333
3360 0.08666666666666666 0.02666666666666666 0.003333333333333333
3361 0.08666666666666666 0.02333333333333333 0.003333333333333333
3362 0.08333333333333333 0.02333333333333333 0.006666666666666666
3363 0.08666666666666666 0.02333333333333333 0.006666666666666666
3364 0.08333333333333333 0.02333333333333333 0.009999999999999998
3365 0.08666666666666666 0.02666666666666666 0.009999999999999998
3366 0.08666666666666666 0.02333333333333333 0.009999999999999998
3367 0.08333333333333333 0.02333333333333333 0.01333333333333333
3368 0.08666666666666666 0.02333333333333333 0.01333333333333333
3369 0.08333333333333333 0.02333333333333333 0.01666666666666667
3370 0.08666666666666666 0.02666666666666666 0.01666666666666667
3371 0.08666666666666666 0.02333333333333333 0.01666666666666667
3372 0.08333333333333333 0.02666666666666666 0.003333333333333333
3373 0.08333333333333333 0.02666666666666666 0.006666666666666666
3374 0.08333333333333333 0.02666666666666666 0.009999999999999998
3375 0.08333333333333333 0.02666666666666666 0.01333333333333333
3376 0.08333333333333333 0.02666666666666666 0.01666666666666667
3377 0.08333333333333333 0.03 0.003333333333333333
3378 0.08666666666666666 0.03333333333333333 0.003333333333333333
3379 0.08666666666666666 0.03 0.003333333333333333
3380 0.08333333333333333 0.03 0.006666666666666666
3381 0.08666666666666666 0.03 0.006666666666666666
3382 0.08333333333333333 0.03 0.009999999999999998
3383 0.08666666666666666 0.03333333333333333 0.009999999999999998
3384 0.08666666666666666 0.03 0.009999999999999998
3385 0.08333333333333333 0.03 0.01333333333333333
3386 0.08666666666666666 0.03 0.01333333333333333
3387 0.08333333333333333 0.03 0.01666666666666667
3388 0.08666666666666666 0.03333333333333333 0.01666666666666667
3389 0.08666666666666666 0.03 0.01666666666666667
3390 0.08333333333333333 0.03333333333333333 0.003333333333333333
3391 0.08333333333333333 0.03333333333333333 0.006666666666666666
3392 0.08333333333333333 0.03333333333333333 0.009999999999999998
3393 0.08333333333333333 0.03333333333333333 0.01333333333333333
3394 0.08333333333333333 0.03333333333333333 0.01666666666666667
3395 0.08333333333333333 0.03666666666666667 0.003333333333333333
3396 0.08666666666666666 0.03666666666666667 0.003333333333333333
3397 0.08333333333333333 0.03666666666666667 0.006666666666666666
3398 0.08666666666666666 0.03666666666666667 0.006666666666666666
3399 0.08333333333333333 0.03666666666666667 0.009999999999999998
3400 0.08666666666666666 0.03666666666666667 0.009999999999999998
3401 0.08333333333333333 0.03666666666666667 0.01333333333333333
3402 0.08666666666666666 0.03666666666666667 0.01333333333333333
3403 0.08333333333333333 0.03666666666666667 0.01666666666666667
3404 0.08666666666666666 0.03666666666666667 0.01666666666666667
3405 0.09 0.003333333333333333 0.003333333333333333
3406 0.09333333333333334 0.006666666666666666 0.003333333333333333
3407 0.09333333333333334 0.003333333333333333 0.003333333333333333
3408 0.09 0.003333333333333333 0.006666666666666666
3409 0.09333333333333334 0.003333333333333333 0.006666666666666666
3410 0.09 0.003333333333333333 0.009999999999999998
3411 0.09333333333333334 0.006666666666666666 0.009999999999999998
3412 0.09333333333333334 0.003333333333333333 0.009999999999999998
3413 0.09 0.003333333333333333 0.01333333333333333
3414 0.09333333333333334 0.003333333333333333 0.01333333333333333
3415 0.09 0.003333333333333333 0.01666666666666667
3416 0.09333333333333334 0.006666666666666666 0.01666666666666667
3417 0.09333333333333334 0.003333333333333333 0.01666666666666667
3418 0.09 0.006666666666666666 0.003333333333333333
3419 0.09 0.006666666666666666 0.006666666666666666
3420 0.09 0.006666666666666666 0.009999999999999998
3421 0.09 0.006666666666666666 0.01333333333333333
3422 0.09 0.006666666666666666 0.01666666666666667
3423 0.09 0.009999999999999998 0.003333333333333333
3424 0.09333333333333334 0.01333333333333333 0.003333333333333333
3425 0.09333333333333334 0.009999999999999998 0.003333333333333333
3426 0.09 0.009999999999999998 0.006666666666666666
3427 0.09333333333333334 0.009999999999999998 0.006666666666666666
3428 0.09 0.009999999999999998 0.009999999999999998
3429 0.09333333333333334 0.01333333333333333 0.009999999999999998
3430 0.09333333333333334 0.009999999999999998 0.009999999999999998
3431 0.09 0.009999999999999998 0.01333333333333333
3432 0.09333333333333334 0.009999999999999998 0.01333333333333333
3433 0.09 0.009999999999999998 0.01666666666666667
3434 0.09333333333333334 0.01333333333333333 0.01666666666666667
3435 0.09333333333333334 0.009999999999999998 0.01666666666666667
3436 0.09 0.01333333333333333 0.003333333333333333
3437 0.09 0.01333333333333333 0.006666666666666666
3438 0.09 0.01333333333333333 0.009999999999999998
3439 0.09 0.01333333333333333 0.01333333333333333
3440 0.09 0.01333333333333333 0.01666666666666667
3441 0.09 0.01666666666666667 0.003333333333333333
3442 0.09333333333333334 0.02 0.003333333333333333
3443 0.09333333333333334 0.01666666666666667 0.003333333333333333
3444 0.09 0.01666666666666667 0.006666666666666666
3445 0.09333333333333334 0.01666666666666667 0.006666666666666666
3446 0.09 0.01666666666666667 0.009999999999999998
3447 0.09333333333333334 0.02 0.009999999999999998
3448 0.09333333333333334 0.01666666666666667 0.009999999999999998
3449 0.09 0.01666666666666667 0.01333333333333333
3450 0.09333333333333334 0.01666666666666667 0.01333333333333333
3451 0.09 0.01666666666666667 0.01666666666666667
3452 0.09333333333333334 0.02 0.01666666666666667
3453 0.09333333333333334 0.01666666666666667 0.01666666666666667
3454 0.09 0.02 0.003333333333333333
3455 0.09 0.02 0.006666666666666666
3456 0.09 0.02 0.009999999999999998
3457 0.09 0.02 0.01333333333333333
3458 0.09 0.02 0.01666666666666667
3459 0.09 0.02333333333333333 0.003333333333333333
3460 0.09333333333333334 0.02666666666666666 0.003333333333333333
3461 0.09333333333333334 0.02333333333333333 0.003333333333333333
3462 0.09 0.02333333333333333 0.006666666666666666
3463 0.09333333333333334 0.02333333333333333 0.006666666666666666
3464 0.09 0.02333333333333333 0.009999999999999998
3465 0.09333333333333334 0.02666666666666666 0.009999999999999998
3466 0.09333333333333334 0.02333333333333333 0.009999999999999998
3467 0.09 0.02333333333333333 0.01333333333333333
3468 0.09333333333333334 0.02333333333333333 0.01333333333333333
3469 0.09 0.02333333333333333 0.01666666666666667
3470 0.09333333333333334 0.02666666666666666 0.01666666666666667
3471 0.09333333333333334 0.02333333333333333 0.01666666666666667
3472 0.09 0.02666666666666666 0.003333333333333333
3473 0.09 0.02666666666666666 0.006666666666666666
3474 0.09 0.02666666666666666 0.009999999999999998
3475 0.09 0.02666666666666666 0.01333333333333333
3476 0.09 0.02666666666666666 0.01666666666666667
3477 0.09 0.03 0.003333333333333333
3478 0.09333333333333334 0.03333333333333333 0.003333333333333333
3479 0.09333333333333334 0.03 0.003333333333333333
3480 0.09 0.03 0.006666666666666666
3481 0.09333333333333334 0.03 0.006666666666666666
3482 0.09 0.03 0.009999999999999998
3483 0.09333333333333334 0.03333333333333333 0.009999999999999998
3484 0.09333333333333334 0.03 0.009999999999999998
3485 0.09 0.03 0.01333333333333333
3486 0.09333333333333334 0.03 0.01333333333333333
3487 0.09 0.03 0.01666666666666667
3488 0.09333333333333334 0.03333333333333333 0.01666666666666667
3489 0.09333333333333334 0.03 0.01666666666666667
3490 0.09 0.03333333333333333 0.003333333333333333
3491 0.09 0.03333333333333333 0.006666666666666666
3492 0.09 0.03333333333333333 0.009999999999999998
3493 0.09 0.03333333333333333 0.01333333333333333
3494 0.09 0.03333333333333333 0.01666666666666667
3495 0.09 0.03666666666666667 0.003333333333333333
3496 0.09333333333333334 0.03666666666666667 0.003333333333333333
3497 0.09 0.03666666666666667 0.006666666666666666
3498 0.09333333333333334 0.03666666666666667 0.006666666666666666
3499 0.09 0.03666666666666667 0.009999999999999998
3500 0.09333333333333334 0.03666666666666667 0.009999999999999998
3501 0.09 0.03666666666666667 0.01333333333333333
3502 0.09333333333333334 0.03666666666666667 0.01333333333333333
3503 0.09 0.03666666666666667 0.01666666666666667
3504 0.09333333333333334 0.03666666666666667 0.01666666666666667
3505 0.09666666666666668 0.003333333333333333 0.003333333333333333
3506 0.1 0.006666666666666666 0.003333333333333333
3507 0.1 0.003333333333333333 0.003333333333333333
3508 0.09666666666666668 0.003333333333333333 0.006666666666666666
3509 0.1 0.003333333333333333 0.006666666666666666
3510 0.09666666666666668 0.003333333333333333 0.009999999999999998
3511 0.1 0.006666666666666666 0.009999999999999998
3512 0.1 0.003333333333333333 0.009999999999999998
3513 0.09666666666666668 0.003333333333333333 0.01333333333333333
3514 0.1 0.003333333333333333 0.01333333333333333
3515 0.09666666666666668 0.003333333333333333 0.01666666666666667
3516 0.1 0.006666666666666666 0.01666666666666667
3517 0.1 0.003333333333333333 0.01666666666666667
3518 0.09666666666666668 0.006666666666666666 0.003333333333333333
3519 0.09666666666666668 0.006666666666666666 0.006666666666666666
3520 0.09666666666666668 0.006666666666666666 0.009999999999999998
3521 0.09666666666666668 0.006666666666666666 0.01333333333333333
3522 0.09666666666666668 0.006666666666666666 0.01666666666666667
3523 0.09666666666666668 0.009999999999999998 0.003333333333333333
3524 0.1 0.01333333333333333 0.003333333333333333
3525 0.1 0.009999999999999998 0.003333333333333333
3526 0.09666666666666668 0.009999999999999998 0.006666666666666666
3527 0.1 0.009999999999999998 0.006666666666666666
3528 0.09666666666666668 0.009999999999999998 0.009999999999999998
3529 0.1 0.01333333333333333 0.009999999999999998
3530 0.1 0.009999999999999998 0.009999999999999998
3531 0.09666666666666668 0.009999999999999998 0.01333333333333333
3532 0.1 0.009999999999999998 0.01333333333333333
3533 0.09666666666666668 0.009999999999999998 0.01666666666666667
3534 0.1 0.01333333333333333 0.01666666666666667
3535 0.1 0.009999999999999998 0.01666666666666667
3536 0.09666666666666668 0.01333333333333333 0.003333333333333333
3537 0.09666666666666668 0.01333333333333333 0.006666666666666666
3538 0.09666666666666668 0.01333333333333333 0.009999999999999998
3539 0.09666666666666668 0.01333333333333333 0.01333333333333333
3540 0.09666666666666668 0.01333333333333333 0.01666666666666667
3541 0.09666666666666668 0.01666666666666667 0.003333333333333333
3542 0.1 0.02 0.003333333333333333
3543 0.1 0.01666666666666667 0.003333333333333333
3544 0.09666666666666668 0.01666666666666667 0.006666666666666666
3545 0.1 0.01666666666666667 0.006666666666666666
3546 0.09666666666666668 0.01666666666666667 0.009999999999999998
3547 0.1 0.02 0.009999999999999998
3548 0.1 0.01666666666666667 0.009999999999999998
3549 0.09666666666666668 0.01666666666666667 0.01333333333333333
3550 0.1 0.01666666666666667 0.01333333333333333
3551 0.09666666666666668 0.01666666666666667 0.01666666666666667
3552 0.1 0.02 0.01666666666666667
3553 0.1 0.01666666666666667 0.01666666666666667
3554 0.09666666666666668 0.02 0.003333333333333333
3555 0.09666666666666668 0.02 0.006666666666666666
3556 0.09666666666666668 0.02 0.009999999999999998
3557 0.09666666666666668 0.02 0.01333333333333333
3558 0.09666666666666668 0.02 0.01666666666666667
3559 0.09666666666666668 0.02333333333333333 0.003333333333333333
3560 0.1 0.02666666666666666 0.003333333333333333
3561 0.1 0.02333333333333333 0.003333333333333333
3562 0.09666666666666668 0.02333333333333333 0.006666666666666666
3563 0.1 0.02333333333333333 0.006666666666666666
3564 0.09666666666666668 0.02333333333333333 0.009999999999999998
3565 0.1 0.02666666666666666 0.009999999999999998
3566 0.1 0.02333333333333333 0.009999999999999998
3567 0.09666666666666668 0.02333333333333333 0.01333333333333333
3568 0.1 0.02333333333333333 0.01333333333333333
3569 0.09666666666666668 0.02333333333333333 0.01666666666666667
3570 0.1 0.02666666666666666 0.01666666666666667
3571 0.1 0.02333333333333333 0.01666666666666667
3572 0.09666666666666668 0.02666666666666666 0.003333333333333333
3573 0.09666666666666668 0.02666666666666666 0.006666666666666666
3574 0.09666666666666668 0.02666666666666666 0.009999999999999998
3575 0.09666666666666668 0.02666666666666666 0.01333333333333333
3576 0.09666666666666668 0.02666666666666666 0.01666666666666667
3577 0.09666666666666668 0.03 0.003333333333333333
3578 0.1 0.03333333333333333 0.003333333333333333
3579 0.1 0.03 0.003333333333333333
3580 0.09666666666666668 0.03 0.006666666666666666
3581 0.1 0.03 0.006666666666666666
3582 0.09666666666666668 0.03 0.009999999999999998
3583 0.1 0.03333333333333333 0.009999999999999998
3584 0.1 0.03 0.009999999999999998
3585 0.09666666666666668 0.03 0.01333333333333333
3586 0.1 0.03 0.01333333333333333
3587 0.09666666666666668 0.03 0.01666666666666667
3588 0.1 0.03333333333333333 0.01666666666666667
3589 0.1 0.03 0.01666666666666667
3590 0.09666666666666668 0.03333333333333333 0.003333333333333333
3591 0.09666666666666668 0.03333333333333333 0.006666666666666666
3592 0.09666666666666668 0.03333333333333333 0.009999999999999998
3593 0.09666666666666668 0.03333333333333333 0.01333333333333333
3594 0.09666666666666668 0.03333333333333333 0.01666666666666667
3595 0.09666666666666668 0.03666666666666667 0.003333333333333333
3596 0.1 0.03666666666666667 0.003333333333333333
3597 0.09666666666666668 0.03666666666666667 0.006666666666666666
3598 0.1 0.03666666666666667 0.006666666666666666
3599 0.09666666666666668 0.03666666666666667 0.009999999999999998
3600 0.1 0.03666666666666667 0.009999999999999998
3601 0.09666666666666668 0.03666666666666667 0.01333333333333333
3602 0.1 0.03666666666666667 0.01333333333333333
3603 0.09666666666666668 0.03666666666666667 0.01666666666666667
3604 0.1 0.03666666666666667 0.01666666666666667
3605 0.1033333333333333 0.003333333333333333 0.003333333333333333
3606 0.1066666666666667 0.006666666666666666 0.003333333333333333
3607 0.1066666666666667 0.003333333333333333 0.003333333333333333
3608 0.1033333333333333 0.003333333333333333 0.006666666666666666
3609 0.1066666666666667 0.003333333333333333 0.006666666666666666
3610 0.1033333333333333 0.003333333333333333 0.009999999999999998
3611 0.1066666666666667 0.006666666666666666 0.009999999999999998
3612 0.1066666666666667 0.003333333333333333 0.009999999999999998
3613 0.1033333333333333 0.003333333333333333 0.01333333333333333
3614 0.1066666666666667 0.003333333333333333 0.01333333333333333
3615 0.1033333333333333 0.003333333333333333 0.01666666666666667
3616 0.1066666666666667 0.006666666666666666 0.01666666666666667
3617 0.1066666666666667 0.003333333333333333 0.01666666666666667
3618 0.1033333333333333 0.006666666666666666 0.003333333333333333
3619 0.1033333333333333 0.006666666666666666 0.006666666666666666
3620 0.1033333333333333 0.006666666666666666 0.009999999999999998
3621 0.1033333333333333 0.006666666666666666 0.01333333333333333
3622 0.1033333333333333 0.006666666666666666 0.01666666666666667
3623 0.1033333333333333 0.009999999999999998 0.003333333333333333
3624 0.1066666666666667 0.01333333333333333 0.003333333333333333
3625 0.1066666666666667 0.009999999999999998 0.003333333333333333
3626 0.1033333333333333 0.009999999999999998 0.006666666666666666
3627 0.1066666666666667 0.009999999999999998 0.006666666666666666
3628 0.1033333333333333 0.009999999999999998 0.009999999999999998
3629 0.1066666666666667 0.01333333333333333 0.009999999999999998
3630 0.1066666666666667 0.009999999999999998 0.009999999999999998
3631 0.1033333333333333 0.009999999999999998 0.01333333333333333
3632 0.1066666666666667 0.009999999999999998 0.01333333333333333
3633 0.1033333333333333 0.009999999999999998 0.01666666666666667
3634 0.1066666666666667 0.01333333333333333 0.01666666666666667
3635 0.1066666666666667 0.009999999999999998 0.01666666666666667
3636 0.1033333333333333 0.01333333333333333 0.003333333333333333
3637 0.1033333333333333 0.01333333333333333 0.006666666666666666
3638 0.1033333333333333 0.01333333333333333 0.009999999999999998
3639 0.1033333333333333 0.01333333333333333 0.01333333333333333
3640 0.1033333333333333 0.01333333333333333 0.01666666666666667
3641 0.1033333333333333 0.01666666666666667 0.003333333333333333
3642 0.1066666666666667 0.02 0.003333333333333333
3643 0.1066666666666667 0.01666666666666667 0.003333333333333333
3644 0.1033333333333333 0.01666666666666667 0.006666666666666666
3645 0.1066666666666667 0.01666666666666667 0.006666666666666666
3646 0.1033333333333333 0.01666666666666667 0.009999999999999998
3647 0.1066666666666667 0.02 0.009999999999999998
3648 0.1066666666666667 0.01666666666666667 0.009999999999999998
3649 0.1033333333333333 0.01666666666666667 0.01333333333333333
3650 0.1066666666666667 0.01666666666666667 0.01333333333333333
3651 0.1033333333333333 0.01666666666666667 0.01666666666666667
3652 0.1066666666666667 0.02 0.01666666666666667
3653 0.1066666666666667 0.01666666666666667 0.01666666666666667
3654 0.1033333333333333 0.02 0.003333333333333333
3655 0.1033333333333333 0.02 0.006666666666666666
3656 0.1033333333333333 0.02 0.009999999999999998
3657 0.1033333333333333 0.02 0.01333333333333333
3658 0.1033333333333333 0.02 0.01666666666666667
3659 0.1033333333333333 0.02333333333333333 0.003333333333333333
3660 0.1066666666666667 0.02666666666666666 0.003333333333333333
3661 0.1066666666666667 0.02333333333333333 0.003333333333333333
3662 0.1033333333333333 0.02333333333333333 0.006666666666666666
3663 0.1066666666666667 0.02333333333333333 0.006666666666666666
3664 0.1033333333333333 0.02333333333333333 0.009999999999999998
3665 0.1066666666666667 0.02666666666666666 0.009999999999999998
3666 0.1066666666666667 0.02333333333333333 0.009999999999999998
3667 0.1033333333333333 0.02333333333333333 0.01333333333333333
3668 0.1066666666666667 0.02333333333333333 0.01333333333333333
3669 0.1033333333333333 0.02333333333333333 0.01666666666666667
3670 0.1066666666666667 0.02666666666666666 0.01666666666666667
3671 0.1066666666666667 0.02333333333333333 0.01666666666666667
3672 0.1033333333333333 0.02666666666666666 0.003333333333333333
3673 0.1033333333333333 0.02666666666666666 0.006666666666666666
3674 0.1033333333333333 0.02666666666666666 0.009999999999999998
3675 0.1033333333333333 0.02666666666666666 0.01333333333333333
3676 0.1033333333333333 0.02666666666666666 0.01666666666666667
3677 0.1033333333333333 0.03 0.003333333333333333
3678 0.1066666666666667 0.03333333333333333 0.003333333333333333
3679 0.1066666666666667 0.03 0.003333333333333333
3680 0.1033333333333333 0.03 0.006666666666666666
3681 0.1066666666666667 0.03 0.006666666666666666
3682 0.1033333333333333 0.03 0.009999999999999998
3683 0.1066666666666667 0.03333333333333333 0.009999999999999998
3684 0.1066666666666667 0.03 0.009999999999999998
3685 0.1033333333333333 0.03 0.01333333333333333
3686 0.1066666666666667 0.03 0.01333333333333333
3687 0.1033333333333333 0.03 0.01666666666666667
3688 0.1066666666666667 0.03333333333333333 0.01666666666666667
3689 0.1066666666666667 0.03 0.01666666666666667
3690 0.1033333333333333 0.03333333333333333 0.003333333333333333
3691 0.1033333333333333 0.03333333333333333 0.006666666666666666
3692 0.1033333333333333 0.03333333333333333 0.009999999999999998
3693 0.1033333333333333 0.03333333333333333 0.01333333333333333
3694 0.1033333333333333 0.03333333333333333 0.01666666666666667
3695 0.1033333333333333 0.03666666666666667 0.003333333333333333
3696 0.1066666666666667 0.03666666666666667 0.003333333333333333
3697 0.1033333333333333 0.03666666666666667 0.006666666666666666
3698 0.1066666666666667 0.03666666666666667 0.006666666666666666
3699 0.1033333333333333 0.03666666666666667 0.009999999999999998
3700 0.1066666666666667 0.03666666666666667 0.009999999999999998
3701 0.1033333333333333 0.03666666666666667 0.01333333333333333
3702 0.1066666666666667 0.03666666666666667 0.01333333333333333
3703 0.1033333333333333 0.03666666666666667 0.01666666666666667
3704 0.1066666666666667 0.03666666666666667 0.01666666666666667
3705 0.11 0.003333333333333333 0.003333333333333333
3706 0.1133333333333333 0.006666666666666666 0.003333333333333333
3707 0.1133333333333333 0.003333333333333333 0.003333333333333333
3708 0.11 0.003333333333333333 0.006666666666666666
3709 0.1133333333333333 0.003333333333333333 0.006666666666666666
3710 0.11 0.003333333333333333 0.009999999999999998
3711 0.1133333333333333 0.006666666666666666 0.009999999999999998
3712 0.1133333333333333 0.003333333333333333 0.009999999999999998
3713 0.11 0.003333333333333333 0.01333333333333333
3714 0.1133333333333333 0.003333333333333333 0.01333333333333333
3715 0.11 0.003333333333333333 0.01666666666666667
3716 0.1133333333333333 0.006666666666666666 0.01666666666666667
3717 0.1133333333333333 0.003333333333333333 0.01666666666666667
3718 0.11 0.006666666666666666 0.003333333333333333
3719 0.11 0.006666666666666666 0.006666666666666666
3720 0.11 0.006666666666666666 0.009999999999999998
3721 0.11 0.006666666666666666 0.01333333333333333
3722 0.11 0.006666666666666666 0.01666666666666667
3723 0.11 0.009999999999999998 0.003333333333333333
3724 0.1133333333333333 0.01333333333333333 0.003333333333333333
3725 0.1133333333333333 0.009999999999999998 0.003333333333333333
3726 0.11 0.009999999999999998 0.006666666666666666
3727 0.1133333333333333 0.009999999999999998 0.006666666666666666
3728 0.11 0.009999999999999998 0.009999999999999998
3729 0.1133333333333333 0.01333333333333333 0.009999999999999998
3730 0.1133333333333333 0.009999999999999998 0.009999999999999998
3731 0.11 0.009999999999999998 0.01333333333333333
3732 0.1133333333333333 0.009999999999999998 0.01333333333333333
3733 0.11 0.009999999999999998 0.01666666666666667
3734 0.1133333333333333 0.01333333333333333 0.01666666666666667
3735 0.1133333333333333 0.009999999999999998 0.01666666666666667
3736 0.11 0.01333333333333333 0.003333333333333333
3737 0.11 0.01333333333333333 0.006666666666666666
3738 0.11 0.01333333333333333 0.009999999999999998
3739 0.11 0.01333333333333333 0.01333333333333333
3740 0.11 0.01333333333333333 0.01666666666666667
3741 0.11 0.01666666666666667 0.003333333333333333
3742 0.1133333333333333 0.02 0.003333333333333333
3743 0.1133333333333333 0.01666666666666667 0.003333333333333333
3744 0.11 0.01666666666666667 0.006666666666666666
3745 0.1133333333333333 0.01666666666666667 0.006666666666666666
3746 0.11 0.01666666666666667 0.009999999999999998
3747 0.1133333333333333 0.02 0.009999999999999998
3748 0.1133333333333333 0.01666666666666667 0.009999999999999998
3749 0.11 0.01666666666666667 0.01333333333333333
3750 0.1133333333333333 0.01666666666666667 0.01333333333333333
3751 0.11 0.01666666666666667 0.01666666666666667
3752 0.1133333333333333 0.02 0.01666666666666667
3753 0.1133333333333333 0.01666666666666667 0.01666666666666667
3754 0.11 0.02 0.003333333333333333
3755 0.11 0.02 0.006666666666666666
3756 0.11 0.02 0.009999999999999998
3757 0.11 0.02 0.01333333333333333
3758 0.11 0.02 0.01666666666666667
3759 0.11 0.02333333333333333 0.003333333333333333
3760 0.1133333333333333 0.02666666666666666 0.003333333333333333
3761 0.1133333333333333 0.02333333333333333 0.003333333333333333
3762 0.11 0.02333333333333333 0.006666666666666666
3763 0.1133333333333333 0.02333333333333333 0.006666666666666666
3764 0.11 0.02333333333333333 0.009999999999999998
3765 0.1133333333333333 0.02666666666666666 0.009999999999999998
3766 0.1133333333333333 0.02333333333333333 0.009999999999999998
3767 0.11 0.02333333333333333 0.01333333333333333
3768 0.1133333333333333 0.02333333333333333 0.01333333333333333
3769 0.11 0.02333333333333333 0.01666666666666667
3770 0.1133333333333333 0.02666666666666666 0.01666666666666667
3771 0.1133333333333333 0.02333333333333333 0.01666666666666667
3772 0.11 0.02666666666666666 0.003333333333333333
3773 0.11 0.02666666666666666 0.006666666666666666
3774 0.11 0.02666666666666666 0.009999999999999998
3775 0.11 0.02666666666666666 0.01333333333333333
3776 0.11 0.02666666666666666 0.01666666666666667
3777 0.11 0.03 0.003333333333333333
3778 0.1133333333333333 0.03333333333333333 0.003333333333333333
3779 0.1133333333333333 0.03 0.003333333333333333
3780 0.11 0.03 0.006666666666666666
3781 0.1133333333333333 0.03 0.006666666666666666
3782 0.11 0.03 0.009999999999999998
3783 0.1133333333333333 0.03333333333333333 0.009999999999999998
3784 0.1133333333333333 0.03 0.009999999999999998
3785 0.11 0.03 0.01333333333333333
3786 0.1133333333333333 0.03 0.01333333333333333
3787 0.11 0.03 0.01666666666666667
3788 0.1133333333333333 0.03333333333333333 0.01666666666666667
3789 0.1133333333333333 0.03 0.01666666666666667
3790 0.11 0.03333333333333333 0.003333333333333333
3791 0.11 0.03333333333333333 0.006666666666666666
3792 0.11 0.03333333333333333 0.009999999999999998
3793 0.11 0.03333333333333333 0.01333333333333333
3794 0.11 0.03333333333333333 0.01666666666666667
3795 0.11 0.03666666666666667 0.003333333333333333
3796 0.1133333333333333 0.03666666666666667 0.003333333333333333
3797 0.11 0.03666666666666667 0.006666666666666666
3798 0.1133333333333333 0.03666666666666667 0.006666666666666666
3799 0.11 0.03666666666666667 0.009999999999999998
3800 0.1133333333333333 0.03666666666666667 0.009999999999999998
3801 0.11 0.03666666666666667 0.01333333333333333
3802 0.1133333333333333 0.03666666666666667 0.01333333333333333
3803 0.11 0.03666666666666667 0.01666666666666667
3804 0.1133333333333333 0.03666666666666667 0.01666666666666667
3805 0.1166666666666667 0.003333333333333333 0.003333333333333333
3806 0.12 0.006666666666666666 0.003333333333333333
3807 0.12 0.003333333333333333 0.003333333333333333
3808 0.1166666666666667 0.003333333333333333 0.006666666666666666
3809 0.12 0.003333333333333333 0.006666666666666666
3810 0.1166666666666667 0.003333333333333333 0.009999999999999998
3811 0.12 0.006666666666666666 0.009999999999999998
3812 0.12 0.003333333333333333 0.009999999999999998
3813 0.1166666666666667 0.003333333333333333 0.01333333333333333
3814 0.12 0.003333333333333333 0.01333333333333333
3815 0.1166666666666667 0.003333333333333333 0.01666666666666667
3816 0.12 0.006666666666666666 0.01666666666666667
3817 0.12 0.003333333333333333 0.01666666666666667
3818 0.1166666666666667 0.006666666666666666 0.003333333333333333
3819 0.1166666666666667 0.006666666666666666 0.006666666666666666
3820 0.1166666666666667 0.006666666666666666 0.009999999999999998
3821 0.1166666666666667 0.006666666666666666 0.01333333333333333
3822 0.1166666666666667 0.006666666666666666 0.01666666666666667
3823 0.1166666666666667 0.009999999999999998 0.003333333333333333
3824 0.12 0.01333333333333333 0.003333333333333333
3825 0.12 0.009999999999999998 0.003333333333333333
3826 0.1166666666666667 0.009999999999999998 0.006666666666666666
3827 0.12 0.009999999999999998 0.006666666666666666
3828 0.1166666666666667 0.009999999999999998 0.009999999999999998
3829 0.12 0.01333333333333333 0.009999999999999998
3830 0.12 0.009999999999999998 0.009999999999999998
3831 0.1166666666666667 0.009999999999999998 0.01333333333333333
3832 0.12 0.009999999999999998 0.01333333333333333
3833 0.1166666666666667 0.009999999999999998 0.01666666666666667
3834 0.12 0.01333333333333333 0.01666666666666667
3835 0.12 0.009999999999999998 0.01666666666666667
3836 0.1166666666666667 0.01333333333333333 0.003333333333333333
3837 0.1166666666666667 0.01333333333333333 0.006666666666666666
3838 0.1166666666666667 0.01333333333333333 0.009999999999999998
3839 0.1166666666666667 0.01333333333333333 0.01333333333333333
3840 0.1166666666666667 0.01333333333333333 0.01666666666666667
3841 0.1166666666666667 0.01666666666666667 0.003333333333333333
3842 0.12 0.02 0.003333333333333333
3843 0.12 0.01666666666666667 0.003333333333333333
3844 0.1166666666666667 0.01666666666666667 0.006666666666666666
3845 0.12 0.01666666666666667 0.006666666666666666
3846 0.1166666666666667 0.01666666666666667 0.009999999999999998
3847 0.12 0.02 0.009999999999999998
3848 0.12 0.01666666666666667 0.009999999999999998
3849 0.1166666666666667 0.01666666666666667 0.01333333333333333
3850 0.12 0.01666666666666667 0.01333333333333333
3851 0.1166666666666667 0.01666666666666667 0.01666666666666667
3852 0.12 0.02 0.01666666666666667
3853 0.12 0.01666666666666667 0.01666666666666667
3854 0.1166666666666667 0.02 0.003333333333333333
3855 0.1166666666666667 0.02 0.006666666666666666
3856 0.1166666666666667 0.02 0.009999999999999998
3857 0.1166666666666667 0.02 0.01333333333333333
3858 0.1166666666666667 0.02 0.01666666666666667
3859 0.1166666666666667 0.02333333333333333 0.003333333333333333
3860 0.12 0.02666666666666666 0.003333333333333333
3861 0.12 0.02333333333333333 0.003333333333333333
3862 0.1166666666666667 0.02333333333333333 0.006666666666666666
3863 0.12 0.02333333333333333 0.006666666666666666
3864 0.1166666666666667 0.02333333333333333 0.009999999999999998
3865 0.12 0.02666666666666666 0.009999999999999998
3866 0.12 0.02333333333333333 0.009999999999999998
3867 0.1166666666666667 0.02333333333333333 0.01333333333333333
3868 0.12 0.02333333333333333 0.01333333333333333
3869 0.1166666666666667 0.02333333333333333 0.01666666666666667
3870 0.12 0.02666666666666666 0.01666666666666667
3871 0.12 0.02333333333333333 0.01666666666666667
3872 0.1166666666666667 0.02666666666666666 0.003333333333333333
3873 0.1166666666666667 0.02666666666666666 0.006666666666666666
3874 0.1166666666666667 0.02666666666666666 0.009999999999999998
3875 0.1166666666666667 0.02666666666666666 0.01333333333333333
3876 0.1166666666666667 0.02666666666666666 0.01666666666666667
3877 0.1166666666666667 0.03 0.003333333333333333
3878 0.12 0.03333333333333333 0.003333333333333333
3879 0.12 0.03 0.003333333333333333
3880 0.1166666666666667 0.03 0.006666666666666666
3881 0.12 0.03 0.006666666666666666
3882 0.1166666666666667 0.03 0.009999999999999998
3883 0.12 0.03333333333333333 0.009999999999999998
3884 0.12 0.03 0.009999999999999998
3885 0.1166666666666667 0.03 0.01333333333333333
3886 0.12 0.03 0.01333333333333333
3887 0.1166666666666667 0.03 0.01666666666666667
3888 0.12 0.03333333333333333 0.01666666666666667
3889 0.12 0.03 0.01666666666666667
3890 0.1166666666666667 0.03333333333333333 0.003333333333333333
3891 0.1166666666666667 0.03333333333333333 0.006666666666666666
3892 0.1166666666666667 0.03333333333333333 0.009999999999999998
3893 0.1166666666666667 0.03333333333333333 0.01333333333333333
3894 0.1166666666666667 0.03333333333333333 0.01666666666666667
3895 0.1166666666666667 0.03666666666666667 0.003333333333333333
3896 0.12 0.03666666666666667 0.003333333333333333
3897 0.1166666666666667 0.03666666666666667 0.006666666666666666
3898 0.12 0.03666666666666667 0.006666666666666666
3899 0.1166666666666667 0.03666666666666667 0.009999999999999998
3900 0.12 0.03666666666666667 0.009999999999999998
3901 0.1166666666666667 0.03666666666666667 0.01333333333333333
3902 0.12 0.03666666666666667 0.01333333333333333
3903 0.1166666666666667 0.03666666666666667 0.01666666666666667
3904 0.12 0.03666666666666667 0.01666666666666667
3905 0.1233333333333333 0.003333333333333333 0.003333333333333333
3906 0.1266666666666666 0.006666666666666666 0.003333333333333333
3907 0.1266666666666666 0.003333333333333333 0.003333333333333333
3908 0.1233333333333333 0.003333333333333333 0.006666666666666666
3909 0.1266666666666666 0.003333333333333333 0.006666666666666666
3910 0.1233333333333333 0.003333333333333333 0.009999999999999998
3911 0.1266666666666666 0.006666666666666666 0.009999999999999998
3912 0.1266666666666666 0.003333333333333333 0.009999999999999998
3913 0.1233333333333333 0.003333333333333333 0.01333333333333333
3914 0.1266666666666666 0.003333333333333333 0.01333333333333333
3915 0.1233333333333333 0.003333333333333333 0.01666666666666667
3916 0.1266666666666666 0.006666666666666666 0.01666666666666667
3917 0.1266666666666666 0.003333333333333333 0.01666666666666667
3918 0.1233333333333333 0.006666666666666666 0.003333333333333333
3919 0.1233333333333333 0.006666666666666666 0.006666666666666666
3920 0.1233333333333333 0.006666666666666666 0.009999999999999998
3921 0.1233333333333333 0.006666666666666666 0.01333333333333333
3922 0.1233333333333333 0.006666666666666666 0.01666666666666667
3923 0.1233333333333333 0.009999999999999998 0.003333333333333333
3924 0.1266666666666666 0.01333333333333333 0.003333333333333333
3925 0.1266666666666666 0.009999999999999998 0.003333333333333333
3926 0.1233333333333333 0.009999999999999998 0.006666666666666666
3927 0.1266666666666666 0.009999999999999998 0.006666666666666666
3928 0.1233333333333333 0.009999999999999998 0.009999999999999998
3929 0.1266666666666666 0.01333333333333333 0.009999999999999998
3930 0.1266666666666666 0.009999999999999998 0.009999999999999998
3931 0.1233333333333333 0.009999999999999998 0.01333333333333333
3932 0.1266666666666666 0.009999999999999998 0.01333333333333333
3933 0.1233333333333333 0.009999999999999998 0.01666666666666667
3934 0.1266666666666666 0.01333333333333333 0.01666666666666667
3935 0.1266666666666666 0.009999999999999998 0.01666666666666667
3936 0.1233333333333333 0.01333333333333333 0.003333333333333333
3937 0.1233333333333333 0.01333333333333333 0.006666666666666666
3938 0.1233333333333333 0.01333333333333333 0.009999999999999998
3939 0.1233333333333333 0.01333333333333333 0.01333333333333333
3940 0.1233333333333333 0.01333333333333333 0.01666666666666667
3941 0.1233333333333333 0.01666666666666667 0.003333333333333333
3942 0.1266666666666666 0.02 0.003333333333333333
3943 0.1266666666666666 0.01666666666666667 0.003333333333333333
3944 0.1233333333333333 0.01666666666666667 0.006666666666666666
3945 0.1266666666666666 0.01666666666666667 0.006666666666666666
3946 0.1233333333333333 0.01666666666666667 0.009999999999999998
3947 0.1266666666666666 0.02 0.009999999999999998
3948 0.1266666666666666 0.01666666666666667 0.009999999999999998
3949 0.1233333333333333 0.01666666666666667 0.01333333333333333
3950 0.1266666666666666 0.01666666666666667 0.01333333333333333
3951 0.1233333333333333 0.01666666666666667 0.01666666666666667
3952 0.1266666666666666 0.02 0.01666666666666667
3953 0.1266666666666666 0.01666666666666667 0.01666666666666667
3954 0.1233333333333333 0.02 0.003333333333333333
3955 0.1233333333333333 0.02 0.006666666666666666
3956 0.1233333333333333 0.02 0.009999999999999998
3957 0.1233333333333333 0.02 0.01333333333333333
3958 0.1233333333333333 0.02 0.01666666666666667
3959 0.1233333333333333 0.02333333333333333 0.003333333333333333
3960 0.1266666666666666 0.02666666666666666 0.003333333333333333
3961 0.1266666666666666 0.02333333333333333 0.003333333333333333
3962 0.1233333333333333 0.02333333333333333 0.006666666666666666
3963 0.1266666666666666 0.02333333333333333 0.006666666666666666
3964 0.1233333333333333 0.02333333333333333 0.009999999999999998
3965 0.1266666666666666 0.02666666666666666 0.009999999999999998
3966 0.1266666666666666 0.02333333333333333 0.009999999999999998
3967 0.1233333333333333 0.02333333333333333 0.01333333333333333
3968 0.1266666666666666 0.02333333333333333 0.01333333333333333
3969 0.1233333333333333 0.02333333333333333 0.01666666666666667
3970 0.1266666666666666 0.02666666666666666 0.01666666666666667
3971 0.1266666666666666 0.02333333333333333 0.01666666666666667
3972 0.1233333333333333 0.02666666666666666 0.003333333333333333
3973 0.1233333333333333 0.02666666666666666 0.006666666666666666
3974 0.1233333333333333 0.02666666666666666 0.009999999999999998
3975 0.1233333333333333 0.02666666666666666 0.01333333333333333
3976 0.1233333333333333 0.02666666666666666 0.01666666666666667
3977 0.1233333333333333 0.03 0.003333333333333333
3978 0.1266666666666666 0.03333333333333333 0.003333333333333333
3979 0.1266666666666666 0.03 0.003333333333333333
3980 0.1233333333333333 0.03 0.006666666666666666
3981 0.1266666666666666 0.03 0.006666666666666666
3982 0.1233333333333333 0.03 0.009999999999999998
3983 0.1266666666666666 0.03333333333333333 0.009999999999999998
3984 0.1266666666666666 0.03 0.009999999999999998
3985 0.1233333333333333 0.03 0.01333333333333333
3986 0.1266666666666666 0.03 0.01333333333333333
3987 0.1233333333333333 0.03 0.01666666666666667
3988 0.1266666666666666 0.03333333333333333 0.01666666666666667
3989 0.1266666666666666 0.03 0.01666666666666667
3990 0.1233333333333333 0.03333333333333333 0.003333333333333333
3991 0.1233333333333333 0.03333333333333333 0.006666666666666666
3992 0.1233333333333333 0.03333333333333333 0.009999999999999998
3993 0.1233333333333333 0.03333333333333333 0.01333333333333333
3994 0.1233333333333333 0.03333333333333333 0.01666666666666667
3995 0.1233333333333333 0.03666666666666667 0.003333333333333333
3996 0.1266666666666666 0.03666666666666667 0.003333333333333333
3997 0.1233333333333333 0.03666666666666667 0.006666666666666666
3998 0.1266666666666666 0.03666666666666667 0.006666666666666666
3999 0.1233333333333333 0.03666666666666667 0.009999999999999998
4000 0.1266666666666666 0.03666666666666667 0.009999999999999998
4001 0.1233333333333333 0.03666666666666667 0.01333333333333333
4002 0.1266666666666666 0.03666666666666667 0.01333333333333333
4003 0.1233333333333333 0.03666666666666667 0.01666666666666667
4004 0.1266666666666666 0.03666666666666667 0.01666666666666667
4005 0.13 0.003333333333333333 0.003333333333333333
4006 0.1333333333333333 0.006666666666666666 0.003333333333333333
4007 0.1333333333333333 0.003333333333333333 0.003333333333333333
4008 0.13 0.003333333333333333 0.006666666666666666
4009 0.1333333333333333 0.003333333333333333 0.006666666666666666
4010 0.13 0.003333333333333333 0.009999999999999998
4011 0.1333333333333333 0.006666666666666666 0.009999999999999998
4012 0.1333333333333333 0.003333333333333333 0.009999999999999998
4013 0.13 0.003333333333333333 0.01333333333333333
4014 0.1333333333333333 0.003333333333333333 0.01333333333333333
4015 0.13 0.003333333333333333 0.01666666666666667
4016 0.1333333333333333 0.006666666666666666 0.01666666666666667
4017 0.1333333333333333 0.003333333333333333 0.01666666666666667
4018 0.13 0.006666666666666666 0.003333333333333333
4019 0.13 0.006666666666666666 0.006666666666666666
4020 0.13 0.006666666666666666 0.009999999999999998
4021 0.13 0.006666666666666666 0.01333333333333333
4022 0.13 0.006666666666666666 0.01666666666666667
4023 0.13 0.009999999999999998 0.003333333333333333
4024 0.1333333333333333 0.01333333333333333 0.003333333333333333
4025 0.1333333333333333 0.009999999999999998 0.003333333333333333
4026 0.13 0.009999999999999998 0.006666666666666666
4027 0.1333333333333333 0.009999999999999998 0.006666666666666666
4028 0.13 0.009999999999999998 0.009999999999999998
4029 0.1333333333333333 0.01333333333333333 0.009999999999999998
4030 0.1333333333333333 0.009999999999999998 0.009999999999999998
4031 0.13 0.009999999999999998 0.01333333333333333
4032 0.1333333333333333 0.009999999999999998 0.01333333333333333
4033 0.13 0.009999999999999998 0.01666666666666667
4034 0.1333333333333333 0.01333333333333333 0.01666666666666667
4035 0.1333333333333333 0.009999999999999998 0.01666666666666667
4036 0.13 0.01333333333333333 0.003333333333333333
4037 0.13 0.01333333333333333 0.006666666666666666
4038 0.13 0.01333333333333333 0.009999999999999998
4039 0.13 0.01333333333333333 0.01333333333333333
4040 0.13 0.01333333333333333 0.01666666666666667
4041 0.13 0.01666666666666667 0.003333333333333333
4042 0.1333333333333333 0.02 0.003333333333333333
4043 0.1333333333333333 0.01666666666666667 0.003333333333333333
4044 0.13 0.01666666666666667 0.006666666666666666
4045 0.1333333333333333 0.01666666666666667 0.006666666666666666
4046 0.13 0.01666666666666667 0.009999999999999998
4047 0.1333333333333333 0.02 0.009999999999999998
4048 0.1333333333333333 0.01666666666666667 0.009999999999999998
4049 0.13 0.01666666666666667 0.01333333333333333
4050 0.1333333333333333 0.01666666666666667 0.01333333333333333
4051 0.13 0.01666666666666667 0.01666666666666667
4052 0.1333333333333333 0.02 0.01666666666666667
4053 0.1333333333333333 0.01666666666666667 0.01666666666666667
4054 0.13 0.02 0.003333333333333333
4055 0.13 0.02 0.006666666666666666
4056 0.13 0.02 0.009999999999999998
4057 0.13 0.02 0.01333333333333333
4058 0.13 0.02 0.01666666666666667
4059 0.13 0.02333333333333333 0.003333333333333333
4060 0.1333333333333333 0.02666666666666666 0.003333333333333333
4061 0.1333333333333333 0.02333333333333333 0.003333333333333333
4062 0.13 0.02333333333333333 0.006666666666666666
4063 0.1333333333333333 0.02333333333333333 0.006666666666666666
4064 0.13 0.02333333333333333 0.009999999999999998
4065 0.1333333333333333 0.02666666666666666 0.009999999999999998
4066 0.1333333333333333 0.02333333333333333 0.009999999999999998
4067 0.13 0.02333333333333333 0.01333333333333333
4068 0.1333333333333333 0.02333333333333333 0.01333333333333333
4069 0.13 0.02333333333333333 0.01666666666666667
4070 0.1333333333333333 0.02666666666666666 0.01666666666666667
4071 0.1333333333333333 0.02333333333333333 0.01666666666666667
4072 0.13 0.02666666666666666 0.003333333333333333
4073 0.13 0.02666666666666666 0.006666666666666666
4074 0.13 0.02666666666666666 0.009999999999999998
4075 0.13 0.02666666666666666 0.01333333333333333
4076 0.13 0.02666666666666666 0.01666666666666667
4077 0.13 0.03 0.003333333333333333
4078 0.1333333333333333 0.03333333333333333 0.003333333333333333
4079 0.1333333333333333 0.03 0.003333333333333333
4080 0.13 0.03 0.006666666666666666
4081 0.1333333333333333 0.03 0.006666666666666666
4082 0.13 0.03 0.009999999999999998
4083 0.1333333333333333 0.03333333333333333 0.009999999999999998
4084 0.1333333333333333 0.03 0.009999999999999998
4085 0.13 0.03 0.01333333333333333
4086 0.1333333333333333 0.03 0.01333333333333333
4087 0.13 0.03 0.01666666666666667
4088 0.1333333333333333 0.03333333333333333 0.01666666666666667
4089 0.1333333333333333 0.03 0.01666666666666667
4090 0.13 0.03333333333333333 0.003333333333333333
4091 0.13 0.03333333333333333 0.006666666666666666
4092 0.13 0.03333333333333333 0.009999999999999998
4093 0.13 0.03333333333333333 0.01333333333333333
4094 0.13 0.03333333333333333 0.01666666666666667
4095 0.13 0.03666666666666667 0.003333333333333333
4096 0.1333333333333333 0.03666666666666667 0.003333333333333333
4097 0.13 0.03666666666666667 0.006666666666666666
4098 0.1333333333333333 0.03666666666666667 0.006666666666666666
4099 0.13 0.03666666666666667 0.009999999999999998
4100 0.1333333333333333 0.03666666666666667 0.009999999999999998
4101 0.13 0.03666666666666667 0.01333333333333333
4102 0.1333333333333333 0.03666666666666667 0.01333333333333333
4103 0.13 0.03666666666666667 0.01666666666666667
4104 0.1333333333333333 0.03666666666666667 0.01666666666666667
4105 0.1366666666666667 0.003333333333333333 0.003333333333333333
4106 0.14 0.006666666666666666 0.003333333333333333
4107 0.14 0.003333333333333333 0.003333333333333333
4108 0.1366666666666667 0.003333333333333333 0.006666666666666666
4109 0.14 0.003333333333333333 0.006666666666666666
4110 0.1366666666666667 0.003333333333333333 0.009999999999999998
4111 0.14 0.006666666666666666 0.009999999999999998
4112 0.14 0.003333333333333333 0.009999999999999998
4113 0.1366666666666667 0.003333333333333333 0.01333333333333333
4114 0.14 0.003333333333333333 0.01333333333333333
4115 0.1366666666666667 0.003333333333333333 0.01666666666666667
4116 0.14 0.006666666666666666 0.01666666666666667
4117 0.14 0.003333333333333333 0.01666666666666667
4118 0.1366666666666667 0.006666666666666666 0.003333333333333333
4119 0.1366666666666667 0.006666666666666666 0.006666666666666666
4120 0.1366666666666667 0.006666666666666666 0.009999999999999998
4121 0.1366666666666667 0.006666666666666666 0.01333333333333333
4122 0.1366666666666667 0.006666666666666666 0.01666666666666667
4123 0.1366666666666667 0.009999999999999998 0.003333333333333333
4124 0.14 0.01333333333333333 0.003333333333333333
4125 0.14 0.009999999999999998 0.003333333333333333
4126 0.1366666666666667 0.009999999999999998 0.006666666666666666
4127 0.14 0.009999999999999998 0.006666666666666666
4128 0.1366666666666667 0.009999999999999998 0.009999999999999998
4129 0.14 0.01333333333333333 0.009999999999999998
4130 0.14 0.009999999999999998 0.009999999999999998
4131 0.1366666666666667 0.009999999999999998 0.01333333333333333
4132 0.14 0.009999999999999998 0.01333333333333333
4133 0.1366666666666667 0.009999999999999998 0.01666666666666667
4134 0.14 0.01333333333333333 0.01666666666666667
4135 0.14 0.009999999999999998 0.01666666666666667
4136 0.1366666666666667 0.01333333333333333 0.003333333333333333
4137 0.1366666666666667 0.01333333333333333 0.006666666666666666
4138 0.1366666666666667 0.01333333333333333 0.009999999999999998
4139 0.1366666666666667 0.01333333333333333 0.01333333333333333
4140 0.1366666666666667 0.01333333333333333 0.01666666666666667
4141 0.1366666666666667 0.01666666666666667 0.003333333333333333
4142 0.14 0.02 0.003333333333333333
4143 0.14 0.01666666666666667 0.003333333333333333
4144 0.1366666666666667 0.01666666666666667 0.006666666666666666
4145 0.14 0.01666666666666667 0.006666666666666666
4146 0.1366666666666667 0.01666666666666667 0.009999999999999998
4147 0.14 0.02 0.009999999999999998
4148 0.14 0.01666666666666667 0.009999999999999998
4149 0.1366666666666667 0.01666666666666667 0.01333333333333333
4150 0.14 0.01666666666666667 0.01333333333333333
4151 0.1366666666666667 0.01666666666666667 0.01666666666666667
4152 0.14 0.02 0.01666666666666667
4153 0.14 0.01666666666666667 0.01666666666666667
4154 0.1366666666666667 0.02 0.003333333333333333
4155 0.1366666666666667 0.02 0.006666666666666666
4156 0.1366666666666667 0.02 0.009999999999999998
4157 0.1366666666666667 0.02 0.01333333333333333
4158 0.1366666666666667 0.02 0.01666666666666667
4159 0.1366666666666667 0.02333333333333333 0.003333333333333333
4160 0.14 0.02666666666666666 0.003333333333333333
4161 0.14 0.02333333333333333 0.003333333333333333
4162 0.1366666666666667 0.02333333333333333 0.006666666666666666
4163 0.14 0.02333333333333333 0.006666666666666666
4164 0.1366666666666667 0.02333333333333333 0.009999999999999998
4165 0.14 0.02666666666666666 0.009999999999999998
4166 0.14 0.02333333333333333 0.009999999999999998
4167 0.1366666666666667 0.02333333333333333 0.01333333333333333
4168 0.14 0.02333333333333333 0.01333333333333333
4169 0.1366666666666667 0.02333333333333333 0.01666666666666667
4170 0.14 0.02666666666666666 0.01666666666666667
4171 0.14 0.02333333333333333 0.01666666666666667
4172 0.1366666666666667 0.02666666666666666 0.003333333333333333
4173 0.1366666666666667 0.02666666666666666 0.006666666666666666
4174 0.1366666666666667 0.02666666666666666 0.009999999999999998
4175 0.1366666666666667 0.02666666666666666 0.01333333333333333
4176 0.1366666666666667 0.02666666666666666 0.01666666666666667
4177 0.1366666666666667 0.03 0.003333333333333333
4178 0.14 0.03333333333333333 0.003333333333333333
4179 0.14 0.03 0.003333333333333333
4180 0.1366666666666667 0.03 0.006666666666666666
4181 0.14 0.03 0.006666666666666666
4182 0.1366666666666667 0.03 0.009999999999999998
4183 0.14 0.03333333333333333 0.009999999999999998
4184 0.14 0.03 0.009999999999999998
4185 0.1366666666666667 0.03 0.01333333333333333
4186 0.14 0.03 0.01333333333333333
4187 0.1366666666666667 0.03 0.01666666666666667
4188 0.14 0.03333333333333333 0.01666666666666667
4189 0.14 0.03 0.01666666666666667
4190 0.1366666666666667 0.03333333333333333 0.003333333333333333
4191 0.1366666666666667 0.03333333333333333 0.006666666666666666
4192 0.1366666666666667 0.03333333333333333 0.009999999999999998
4193 0.1366666666666667 0.03333333333333333 0.01333333333333333
4194 0.1366666666666667 0.03333333333333333 0.01666666666666667
4195 0.1366666666666667 0.03666666666666667 0.003333333333333333
4196 0.14 0.03666666666666667 0.003333333333333333
4197 0.1366666666666667 0.03666666666666667 0.006666666666666666
4198 0.14 0.03666666666666667 0.006666666666666666
4199 0.1366666666666667 0.03666666666666667 0.009999999999999998
4200 0.14 0.03666666666666667 0.009999999999999998
4201 0.1366666666666667 0.03666666666666667 0.01333333333333333
4202 0.14 0.03666666666666667 0.01333333333333333
4203 0.1366666666666667 0.03666666666666667 0.01666666666666667
4204 0.14 0.03666666666666667 0.01666666666666667
4205 0.1433333333333333 0.003333333333333333 0.003333333333333333
4206 0.1466666666666667 0.006666666666666666 0.003333333333333333
4207 0.1466666666666667 0.003333333333333333 0.003333333333333333
4208 0.1433333333333333 0.003333333333333333 0.006666666666666666
4209 0.1466666666666667 0.003333333333333333 0.006666666666666666
4210 0.1433333333333333 0.003333333333333333 0.009999999999999998
4211 0.1466666666666667 0.006666666666666666 0.009999999999999998
4212 0.1466666666666667 0.003333333333333333 0.009999999999999998
4213 0.1433333333333333 0.003333333333333333 0.01333333333333333
4214 0.1466666666666667 0.003333333333333333 0.01333333333333333
4215 0.1433333333333333 0.003333333333333333 0.01666666666666667
4216 0.1466666666666667 0.006666666666666666 0.01666666666666667
4217 0.1466666666666667 0.003333333333333333 0.01666666666666667
4218 0.1433333333333333 0.006666666666666666 0.003333333333333333
4219 0.1433333333333333 0.006666666666666666 0.006666666666666666
4220 0.1433333333333333 0.006666666666666666 0.009999999999999998
4221 0.1433333333333333 0.006666666666666666 0.01333333333333333
4222 0.1433333333333333 0.006666666666666666 0.01666666666666667
4223 0.1433333333333333 0.009999999999999998 0.003333333333333333
4224 0.1466666666666667 0.01333333333333333 0.003333333333333333
4225 0.1466666666666667 0.009999999999999998 0.003333333333333333
4226 0.1433333333333333 0.009999999999999998 0.006666666666666666
4227 0.1466666666666667 0.009999999999999998 0.006666666666666666
4228 0.1433333333333333 0.009999999999999998 0.009999999999999998
4229 0.1466666666666667 0.01333333333333333 0.009999999999999998
4230 0.1466666666666667 0.009999999999999998 0.009999999999999998
4231 0.1433333333333333 0.009999999999999998 0.01333333333333333
4232 0.1466666666666667 0.009999999999999998 0.01333333333333333
4233 0.1433333333333333 0.009999999999999998 0.01666666666666667
4234 0.1466666666666667 0.01333333333333333 0.01666666666666667
4235 0.1466666666666667 0.009999999999999998 0.01666666666666667
4236 0.1433333333333333 0.01333333333333333 0.003333333333333333
4237 0.1433333333333333 0.01333333333333333 0.006666666666666666
4238 0.1433333333333333 0.01333333333333333 0.009999999999999998
4239 0.1433333333333333 0.01333333333333333 0.01333333333333333
4240 0.1433333333333333 0.01333333333333333 0.01666666666666667
4241 0.1433333333333333 0.01666666666666667 0.003333333333333333
4242 0.1466666666666667 0.02 0.003333333333333333
4243 0.1466666666666667 0.01666666666666667 0.003333333333333333
4244 0.1433333333333333 0.01666666666666667 0.006666666666666666
4245 0.1466666666666667 0.01666666666666667 0.006666666666666666
4246 0.1433333333333333 0.01666666666666667 0.009999999999999998
4247 0.1466666666666667 0.02 0.009999999999999998
4248 0.1466666666666667 0.01666666666666667 0.009999999999999998
4249 0.1433333333333333 0.01666666666666667 0.01333333333333333
4250 0.1466666666666667 0.01666666666666667 0.01333333333333333
4251 0.1433333333333333 0.01666666666666667 0.01666666666666667
4252 0.1466666666666667 0.02 0.01666666666666667
4253 0.1466666666666667 0.01666666666666667 0.01666666666666667
4254 0.1433333333333333 0.02 0.003333333333333333
4255 0.1433333333333333 0.02 0.006666666666666666
4256 0.1433333333333333 0.02 0.009999999999999998
4257 0.1433333333333333 0.02 0.01333333333333333
4258 0.1433333333333333 0.02 0.01666666666666667
4259 0.1433333333333333 0.02333333333333333 0.003333333333333333
4260 0.1466666666666667 0.02666666666666666 0.003333333333333333
4261 0.1466666666666667 0.02333333333333333 0.003333333333333333
4262 0.1433333333333333 0.02333333333333333 0.006666666666666666
4263 0.1466666666666667 0.02333333333333333 0.006666666666666666
4264 0.1433333333333333 0.02333333333333333 0.009999999999999998
4265 0.1466666666666667 0.02666666666666666 0.009999999999999998
4266 0.1466666666666667 0.02333333333333333 0.009999999999999998
4267 0.1433333333333333 0.02333333333333333 0.01333333333333333
4268 0.1466666666666667 0.02333333333333333 0.01333333333333333
4269 0.1433333333333333 0.02333333333333333 0.01666666666666667
4270 0.1466666666666667 0.02666666666666666 0.01666666666666667
4271 0.1466666666666667 0.02333333333333333 0.01666666666666667
4272 0.1433333333333333 0.02666666666666666 0.003333333333333333
4273 0.1433333333333333 0.02666666666666666 0.006666666666666666
4274 0.1433333333333333 0.02666666666666666 0.009999999999999998
4275 0.1433333333333333 0.02666666666666666 0.01333333333333333
4276 0.1433333333333333 0.02666666666666666 0.01666666666666667
4277 0.1433333333333333 0.03 0.003333333333333333
4278 0.1466666666666667 0.03333333333333333 0.003333333333333333
4279 0.1466666666666667 0.03 0.003333333333333333
4280 0.1433333333333333 0.03 0.006666666666666666
4281 0.1466666666666667 0.03 0.006666666666666666
4282 0.1433333333333333 0.03 0.009999999999999998
4283 0.1466666666666667 0.03333333333333333 0.009999999999999998
4284 0.1466666666666667 0.03 0.009999999999999998
4285 0.1433333333333333 0.03 0.01333333333333333
4286 0.1466666666666667 0.03 0.01333333333333333
4287 0.1433333333333333 0.03 0.01666666666666667
4288 0.1466666666666667 0.03333333333333333 0.01666666666666667
4289 0.1466666666666667 0.03 0.01666666666666667
4290 0.1433333333333333 0.03333333333333333 0.003333333333333333
4291 0.1433333333333333 0.03333333333333333 0.006666666666666666
4292 0.1433333333333333 0.03333333333333333 0.009999999999999998
4293 0.1433333333333333 0.03333333333333333 0.01333333333333333
4294 0.1433333333333333 0.03333333333333333 0.01666666666666667
4295 0.1433333333333333 0.03666666666666667 0.003333333333333333
4296 0.1466666666666667 0.03666666666666667 0.003333333333333333
4297 0.1433333333333333 0.03666666666666667 0.006666666666666666
4298 0.1466666666666667 0.03666666666666667 0.006666666666666666
4299 0.1433333333333333 0.03666666666666667 0.009999999999999998
4300 0.1466666666666667 0.03666666666666667 0.009999999999999998
4301 0.1433333333333333 0.03666666666666667 0.01333333333333333
4302 0.1466666666666667 0.03666666666666667 0.01333333333333333
4303 0.1433333333333333 0.03666666666666667 0.01666666666666667
4304 0.1466666666666667 0.03666666666666667 0.01666666666666667
4305 0.15 0.003333333333333333 0.003333333333333333
4306 0.1533333333333333 0.006666666666666666 0.003333333333333333
4307 0.1533333333333333 0.003333333333333333 0.003333333333333333
4308 0.15 0.003333333333333333 0.006666666666666666
4309 0.1533333333333333 0.003333333333333333 0.006666666666666666
4310 0.15 0.003333333333333333 0.009999999999999998
4311 0.1533333333333333 0.006666666666666666 0.009999999999999998
4312 0.1533333333333333 0.003333333333333333 0.009999999999999998
4313 0.15 0.003333333333333333 0.01333333333333333
4314 0.1533333333333333 0.003333333333333333 0.01333333333333333
4315 0.15 0.003333333333333333 0.01666666666666667
4316 0.1533333333333333 0.006666666666666666 0.01666666666666667
4317 0.1533333333333333 0.003333333333333333 0.01666666666666667
4318 0.15 0.006666666666666666 0.003333333333333333
4319 0.15 0.006666666666666666 0.006666666666666666
4320 0.15 0.006666666666666666 0.009999999999999998
4321 0.15 0.006666666666666666 0.01333333333333333
4322 0.15 0.006666666666666666 0.01666666666666667
4323 0.15 0.009999999999999998 0.003333333333333333
4324 0.1533333333333333 0.01333333333333333 0.003333333333333333
4325 0.1533333333333333 0.009999999999999998 0.003333333333333333
4326 0.15 0.009999999999999998 0.006666666666666666
4327 0.1533333333333333 0.009999999999999998 0.006666666666666666
4328 0.15 0.009999999999999998 0.009999999999999998
4329 0.1533333333333333 0.01333333333333333 0.009999999999999998
4330 0.1533333333333333 0.009999999999999998 0.009999999999999998
4331 0.15 0.009999999999999998 0.01333333333333333
4332 0.1533333333333333 0.009999999999999998 0.01333333333333333
4333 0.15 0.009999999999999998 0.01666666666666667
4334 0.1533333333333333 0.01333333333333333 0.01666666666666667
4335 0.1533333333333333 0.009999999999999998 0.01666666666666667
4336 0.15 0.01333333333333333 0.003333333333333333
4337 0.15 0.01333333333333333 0.006666666666666666
4338 0.15 0.01333333333333333 0.009999999999999998
4339 0.15 0.01333333333333333 0.01333333333333333
4340 0.15 0.01333333333333333 0.01666666666666667
4341 0.15 0.01666666666666667 0.003333333333333333
4342 0.1533333333333333 0.02 0.003333333333333333
4343 0.1533333333333333 0.01666666666666667 0.003333333333333333
4344 0.15 0.01666666666666667 0.006666666666666666
4345 0.1533333333333333 0.01666666666666667 0.006666666666666666
4346 0.15 0.01666666666666667 0.009999999999999998
4347 0.1533333333333333 0.02 0.009999999999999998
4348 0.1533333333333333 0.01666666666666667 0.009999999999999998
4349 0.15 0.01666666666666667 0.01333333333333333
4350 0.1533333333333333 0.01666666666666667 0.01333333333333333
4351 0.15 0.01666666666666667 0.01666666666666667
4352 0.1533333333333333 0.02 0.01666666666666667
4353 0.1533333333333333 0.01666666666666667 0.01666666666666667
4354 0.15 0.02 0.003333333333333333
4355 0.15 0.02 0.006666666666666666
4356 0.15 0.02 0.009999999999999998
4357 0.15 0.02 0.01333333333333333
4358 0.15 0.02 0.01666666666666667
4359 0.15 0.02333333333333333 0.003333333333333333
4360 0.1533333333333333 0.02666666666666666 0.003333333333333333
4361 0.1533333333333333 0.02333333333333333 0.003333333333333333
4362 0.15 0.02333333333333333 0.006666666666666666
4363 0.1533333333333333 0.02333333333333333 0.006666666666666666
4364 0.15 0.02333333333333333 0.009999999999999998
4365 0.1533333333333333 0.02666666666666666 0.009999999999999998
4366 0.1533333333333333 0.02333333333333333 0.009999999999999998
4367 0.15 0.02333333333333333 0.01333333333333333
4368 0.1533333333333333 0.02333333333333333 0.01333333333333333
4369 0.15 0.02333333333333333 0.01666666666666667
4370 0.1533333333333333 0.02666666666666666 0.01666666666666667
4371 0.1533333333333333 0.02333333333333333 0.01666666666666667
4372 0.15 0.02666666666666666 0.003333333333333333
4373 0.15 0.02666666666666666 0.006666666666666666
4374 0.15 0.02666666666666666 0.009999999999999998
4375 0.15 0.02666666666666666 0.01333333333333333
4376 0.15 0.02666666666666666 0.01666666666666667
4377 0.15 0.03 0.003333333333333333
4378 0.1533333333333333 0.03333333333333333 0.003333333333333333
4379 0.1533333333333333 0.03 0.003333333333333333
4380 0.15 0.03 0.006666666666666666
4381 0.1533333333333333 0.03 0.006666666666666666
4382 0.15 0.03 0.009999999999999998
4383 0.1533333333333333 0.03333333333333333 0.009999999999999998
4384 0.1533333333333333 0.03 0.009999999999999998
4385 0.15 0.03 0.01333333333333333
4386 0.1533333333333333 0.03 0.01333333333333333
4387 0.15 0.03 0.01666666666666667
4388 0.1533333333333333 0.03333333333333333 0.01666666666666667
4389 0.1533333333333333 0.03 0.01666666666666667
4390 0.15 0.03333333333333333 0.003333333333333333
4391 0.15 0.03333333333333333 0.006666666666666666
4392 0.15 0.03333333333333333 0.009999999999999998
4393 0.15 0.03333333333333333 0.01333333333333333
4394 0.15 0.03333333333333333 0.01666666666666667
4395 0.15 0.03666666666666667 0.003333333333333333
4396 0.1533333333333333 0.03666666666666667 0.003333333333333333
4397 0.15 0.03666666666666667 0.006666666666666666
4398 0.1533333333333333 0.03666666666666667 0.006666666666666666
4399 0.15 0.03666666666666667 0.009999999999999998
4400 0.1533333333333333 0.03666666666666667 0.009999999999999998
4401 0.15 0.03666666666666667 0.01333333333333333
4402 0.1533333333333333 0.03666666666666667 0.01333333333333333
4403 0.15 0.03666666666666667 0.01666666666666667
4404 0.1533333333333333 0.03666666666666667 0.01666666666666667
4405 0.1566666666666667 0.003333333333333333 0.003333333333333333
4406 0.1566666666666667 0.003333333333333333 0.006666666666666666
4407 0.1566666666666667 0.003333333333333333 0.009999999999999998
4408 0.1566666666666667 0.003333333333333333 0.01333333333333333
4409 0.1566666666666667 0.003333333333333333 0.01666666666666667
4410 0.1566666666666667 0.006666666666666666 0.003333333333333333
4411 0.1566666666666667 0.006666666666666666 0.006666666666666666
4412 0.1566666666666667 0.006666666666666666 0.009999999999999998
4413 0.1566666666666667 0.006666666666666666 0.01333333333333333
4414 0.1566666666666667 0.006666666666666666 0.01666666666666667
4415 0.1566666666666667 0.009999999999999998 0.003333333333333333
4416 0.1566666666666667 0.009999999999999998 0.006666666666666666
4417 0.1566666666666667 0.009999999999999998 0.009999999999999998
4418 0.1566666666666667 0.009999999999999998 0.01333333333333333
4419 0.1566666666666667 0.009999999999999998 0.01666666666666667
4420 0.1566666666666667 0.01333333333333333 0.003333333333333333
4421 0.1566666666666667 0.01333333333333333 0.006666666666666666
4422 0.1566666666666667 0.01333333333333333 0.009999999999999998
4423 0.1566666666666667 0.01333333333333333 0.01333333333333333
4424 0.1566666666666667 0.01333333333333333 0.01666666666666667
4425 0.1566666666666667 0.01666666666666667 0.003333333333333333
4426 0.1566666666666667 0.01666666666666667 0.006666666666666666
4427 0.1566666666666667 0.01666666666666667 0.009999999999999998
4428 0.1566666666666667 0.01666666666666667 0.01333333333333333
4429 0.1566666666666667 0.01666666666666667 0.01666666666666667
4430 0.1566666666666667 0.02 0.003333333333333333
4431 0.1566666666666667 0.02 0.006666666666666666
4432 0.1566666666666667 0.02 0.009999999999999998
4433 0.1566666666666667 0.02 0.01333333333333333
4434 0.1566666666666667 0.02 0.01666666666666667
4435 0.1566666666666667 0.02333333333333333 0.003333333333333333
4436 0.1566666666666667 0.02333333333333333 0.006666666666666666
4437 0.1566666666666667 0.02333333333333333 0.009999999999999998
4438 0.1566666666666667 0.02333333333333333 0.01333333333333333
4439 0.1566666666666667 0.02333333333333333 0.01666666666666667
4440 0.1566666666666667 0.02666666666666666 0.003333333333333333
4441 0.1566666666666667 0.02666666666666666 0.006666666666666666
4442 0.1566666666666667 0.02666666666666666 0.009999999999999998
4443 0.1566666666666667 0.02666666666666666 0.01333333333333333
4444 0.1566666666666667 0.02666666666666666 0.01666666666666667
4445 0.1566666666666667 0.03 0.003333333333333333
4446 0.1566666666666667 0.03 0.006666666666666666
4447 0.1566666666666667 0.03 0.009999999999999998
4448 0.1566666666666667 0.03 0.01333333333333333
4449 0.1566666666666667 0.03 0.01666666666666667
4450 0.1566666666666667 0.03333333333333333 0.003333333333333333
4451 0.1566666666666667 0.03333333333333333 0.006666666666666666
4452 0.1566666666666667 0.03333333333333333 0.009999999999999998
4453 0.1566666666666667 0.03333333333333333 0.01333333333333333
4454 0.1566666666666667 0.03333333333333333 0.01666666666666667
4455 0.1566666666666667 0.03666666666666667 0.003333333333333333
4456 0.1566666666666667 0.03666666666666667 0.006666666666666666
4457 0.1566666666666667 0.03666666666666667 0.009999999999999998
4458 0.1566666666666667 0.03666666666666667 0.01333333333333333
4459 0.1566666666666667 0.03666666666666667 0.01666666666666667
$EndNodes
$Elements
3668
1 15 2 0 1 1
2 15 2 0 2 2
3 15 2 0 3 3
4 15 2 0 4 4
5 15 2 0 5 5
6 15 2 0 6 6
7 15 2 0 10 7
8 15 2 0 14 8
9 8 2 0 1 1 9 32
10 8 2 0 1 9 10 33
11 8 2 0 1 10 11 34
12 8 2 0 1 11 12 35
13 8 2 0 1 12 13 36
14 8 2 0 1 13 14 37
15 8 2 0 1 14 15 38
16 8 2 0 1 15 16 39
17 8 2 0 1 16 17 40
18 8 2 0 1 17 18 41
19 8 2 0 1 18 19 42
20 8 2 0 1 19 20 43
21 8 2 0 1 20 21 44
22 8 2 0 1 21 22 45
23 8 2 0 1 22 23 46
24 8 2 0 1 23 24 47
25 8 2 0 1 24 25 48
26 8 2 0 1 25 26 49
27 8 2 0 1 26 27 50
28 8 2 0 1 27 28 51
29 8 2 0 1 28 29 52
30 8 2 0 1 29 30 53
31 8 2 0 1 30 31 54
32 8 2 0 1 31 2 55
33 8 2 0 2 3 56 79
34 8 2 0 2 56 57 80
35 8 2 0 2 57 58 81
36 8 2 0 2 58 59 82
37 8 2 0 2 59 60 83
38 8 2 0 2 60 61 84
39 8 2 0 2 61 62 85
40 8 2 0 2 62 63 86
41 8 2 0 2 63 64 87
42 8 2 0 2 64 65 88
43 8 2 0 2 65 66 89
44 8 2 0 2 66 67 90
45 8 2 0 2 67 68 91
46 8 2 0 2 68 69 92
47 8 2 0 2 69 70 93
48 8 2 0 2 70 71 94
49 8 2 0 2 71 72 95
50 8 2 0 2 72 73 96
51 8 2 0 2 73 74 97
52 8 2 0 2 74 75 98
53 8 2 0 2 75 76 99
54 8 2 0 2 76 77 100
55 8 2 0 2 77 78 101
56 8 2 0 2 78 4 102
57 8 2 0 3 1 103 108
58 8 2 0 3 103 104 109
59 8 2 0 3 104 105 110
60 8 2 0 3 105 106 111
61 8 2 0 3 106 107 112
62 8 2 0 3 107 3 113
63 8 2 0 4 2 114 119
64 8 2 0 4 114 115 120
65 8 2 0 4 115 116 121
66 8 2 0 4 116 117 122
67 8 2 0 4 117 118 123
68 8 2 0 4 118 4 124
69 8 2 0 7 5 125 148
70 8 2 0 7 125 126 149
71 8 2 0 7 126 127 150
72 8 2 0 7 127 128 151
73 8 2 0 7 128 129 152
74 8 2 0 7 129 130 153
75 8 2 0 7 130 131 154
76 8 2 0 7 131 132 155
77 8 2 0 7 132 133 156
78 8 2 0 7 133 134 157
79 8 2 0 7 134 135 158
80 8 2 0 7 135 136 159
81 8 2 0 7 136 137 160
82 8 2 0 7 137 138 161
83 8 2 0 7 138 139 162
84 8 2 0 7 139 140 163
85 8 2 0 7 140 141 164
86 8 2 0 7 141 142 165
87 8 2 0 7 142 143 166
88 8 2 0 7 143 144 167
89 8 2 0 7 144 145 168
90 8 2 0 7 145 146 169
91 8 2 0 7 146 147 170
92 8 2 0 7 147 6 171
93 8 2 0 8 6 172 177
94 8 2 0 8 172 173 178
95 8 2 0 8 173 174 179
96 8 2 0 8 174 175 180
97 8 2 0 8 175 176 181
98 8 2 0 8 176 7 182
99 8 2 0 9 7 183 206
100 8 2 0 9 183 184 207
101 8 2 0 9 184 185 208
102 8 2 0 9 185 186 209
103 8 2 0 9 186 187 210
104 8 2 0 9 187 188 211
105 8 2 0 9 188 189 212
106 8 2 0 9 189 190 213
107 8 2 0 9 190 191 214
108 8 2 0 9 191 192 215
109 8 2 0 9 192 193 216
110 8 2 0 9 193 194 217
111 8 2 0 9 194 195 218
112 8 2 0 9 195 196 219
113 8 2 0 9 196 197 220
114 8 2 0 9 197 198 221
115 8 2 0 9 198 199 222
116 8 2 0 9 199 200 223
117 8 2 0 9 200 201 224
118 8 2 0 9 201 202 225
119 8 2 0 9 202 203 226
120 8 2 0 9 203 204 227
121 8 2 0 9 204 205 228
122 8 2 0 9 205 8 229
123 8 2 0 10 8 230 235
124 8 2 0 10 230 231 236
125 8 2 0 10 231 232 237
126 8 2 0 10 232 233 238
127 8 2 0 10 233 234 239
128 8 2 0 10 234 5 240
129 8 2 0 12 1 241 243
130 8 2 0 12 241 242 244
131 8 2 0 12 242 5 245
132 8 2 0 13 2 246 248
133 8 2 0 13 246 247 249
134 8 2 0 13 247 6 250
135 8 2 0 17 4 251 253
136 8 2 0 17 251 252 254
137 8 2 0 17 252 7 255
138 8 2 0 21 3 256 258
139 8 2 0 21 256 257 259
140 8 2 0 21 257 8 260
141 9 2 0 5 103 1 261 108 376 377
142 9 2 0 5 1 9 261 32 378 376
143 9 2 0 5 104 103 262 109 379 380
144 9 2 0 5 103 261 262 377 381 379
145 9 2 0 5 105 104 263 110 382 383
146 9 2 0 5 104 262 263 380 384 382
147 9 2 0 5 106 105 264 111 385 386
148 9 2 0 5 105 263 264 383 387 385
149 9 2 0 5 107 106 265 112 388 389
150 9 2 0 5 106 264 265 386 390 388
151 9 2 0 5 3 107 56 113 391 79
152 9 2 0 5 107 265 56 389 392 391
153 9 2 0 5 261 9 266 378 393 394
154 9 2 0 5 9 10 266 33 395 393
155 9 2 0 5 262 261 267 381 396 397
156 9 2 0 5 261 266 267 394 398 396
157 9 2 0 5 263 262 268 384 399 400
158 9 2 0 5 262 267 268 397 401 399
159 9 2 0 5 264 263 269 387 402 403
160 9 2 0 5 263 268 269 400 404 402
161 9 2 0 5 265 264 270 390 405 406
162 9 2 0 5 264 269 270 403 407 405
163 9 2 0 5 56 265 57 392 408 80
164 9 2 0 5 265 270 57 406 409 408
165 9 2 0 5 266 10 271 395 410 411
166 9 2 0 5 10 11 271 34 412 410
167 9 2 0 5 267 266 272 398 413 414
168 9 2 0 5 266 271 272 411 415 413
169 9 2 0 5 268 267 273 401 416 417
170 9 2 0 5 267 272 273 414 418 416
171 9 2 0 5 269 268 274 404 419 420
172 9 2 0 5 268 273 274 417 421 419
173 9 2 0 5 270 269 275 407 422 423
174 9 2 0 5 269 274 275 420 424 422
175 9 2 0 5 57 270 58 409 425 81
176 9 2 0 5 270 275 58 423 426 425
177 9 2 0 5 271 11 276 412 427 428
178 9 2 0 5 11 12 276 35 429 427
179 9 2 0 5 272 271 277 415 430 431
180 9 2 0 5 271 276 277 428 432 430
181 9 2 0 5 273 272 278 418 433 434
182 9 2 0 5 272 277 278 431 435 433
183 9 2 0 5 274 273 279 421 436 437
184 9 2 0 5 273 278 279 434 438 436
185 9 2 0 5 275 274 280 424 439 440
186 9 2 0 5 274 279 280 437 441 439
187 9 2 0 5 58 275 59 426 442 82
188 9 2 0 5 275 280 59 440 443 442
189 9 2 0 5 276 12 281 429 444 445
190 9 2 0 5 12 13 281 36 446 444
191 9 2 0 5 277 276 282 432 447 448
192 9 2 0 5 276 281 282 445 449 447
193 9 2 0 5 278 277 283 435 450 451
194 9 2 0 5 277 282 283 448 452 450
195 9 2 0 5 279 278 284 438 453 454
196 9 2 0 5 278 283 284 451 455 453
197 9 2 0 5 280 279 285 441 456 457
198 9 2 0 5 279 284 285 454 458 456
199 9 2 0 5 59 280 60 443 459 83
200 9 2 0 5 280 285 60 457 460 459
201 9 2 0 5 281 13 286 446 461 462
202 9 2 0 5 13 14 286 37 463 461
203 9 2 0 5 282 281 287 449 464 465
204 9 2 0 5 281 286 287 462 466 464
205 9 2 0 5 283 282 288 452 467 468
206 9 2 0 5 282 287 288 465 469 467
207 9 2 0 5 284 283 289 455 470 471
208 9 2 0 5 283 288 289 468 472 470
209 9 2 0 5 285 284 290 458 473 474
210 9 2 0 5 284 289 290 471 475 473
211 9 2 0 5 60 285 61 460 476 84
212 9 2 0 5 285 290 61 474 477 476
213 9 2 0 5 286 14 291 463 478 479
214 9 2 0 5 14 15 291 38 480 478
215 9 2 0 5 287 286 292 466 481 482
216 9 2 0 5 286 291 292 479 483 481
217 9 2 0 5 288 287 293 469 484 485
218 9 2 0 5 287 292 293 482 486 484
219 9 2 0 5 289 288 294 472 487 488
220 9 2 0 5 288 293 294 485 489 487
221 9 2 0 5 290 289 295 475 490 491
222 9 2 0 5 289 294 295 488 492 490
223 9 2 0 5 61 290 62 477 493 85
224 9 2 0 5 290 295 62 491 494 493
225 9 2 0 5 291 15 296 480 495 496
226 9 2 0 5 15 16 296 39 497 495
227 9 2 0 5 292 291 297 483 498 499
228 9 2 0 5 291 296 297 496 500 498
229 9 2 0 5 293 292 298 486 501 502
230 9 2 0 5 292 297 298 499 503 501
231 9 2 0 5 294 293 299 489 504 505
232 9 2 0 5 293 298 299 502 506 504
233 9 2 0 5 295 294 300 492 507 508
234 9 2 0 5 294 299 300 505 509 507
235 9 2 0 5 62 295 63 494 510 86
236 9 2 0 5 295 300 63 508 511 510
237 9 2 0 5 296 16 301 497 512 513
238 9 2 0 5 16 17 301 40 514 512
239 9 2 0 5 297 296 302 500 515 516
240 9 2 0 5 296 301 302 513 517 515
241 9 2 0 5 298 297 303 503 518 519
242 9 2 0 5 297 302 303 516 520 518
243 9 2 0 5 299 298 304 506 521 522
244 9 2 0 5 298 303 304 519 523 521
245 9 2 0 5 300 299 305 509 524 525
246 9 2 0 5 299 304 305 522 526 524
247 9 2 0 5 63 300 64 511 527 87
248 9 2 0 5 300 305 64 525 528 527
249 9 2 0 5 301 17 306 514 529 530
250 9 2 0 5 17 18 306 41 531 529
251 9 2 0 5 302 301 307 517 532 533
252 9 2 0 5 301 306 307 530 534 532
253 9 2 0 5 303 302 308 520 535 536
254 9 2 0 5 302 307 308 533 537 535
255 9 2 0 5 304 303 309 523 538 539
256 9 2 0 5 303 308 309 536 540 538
257 9 2 0 5 305 304 310 526 541 542
258 9 2 0 5 304 309 310 539 543 541
259 9 2 0 5 64 305 65 528 544 88
260 9 2 0 5 305 310 65 542 545 544
261 9 2 0 5 306 18 311 531 546 547
262 9 2 0 5 18 19 311 42 548 546
263 9 2 0 5 307 306 312 534 549 550
264 9 2 0 5 306 311 312 547 551 549
265 9 2 0 5 308 307 313 537 552 553
266 9 2 0 5 307 312 313 550 554 552
267 9 2 0 5 309 308 314 540 555 556
268 9 2 0 5 308 313 314 553 557 555
269 9 2 0 5 310 309 315 543 558 559
270 9 2 0 5 309 314 315 556 560 558
271 9 2 0 5 65 310 66 545 561 89
272 9 2 0 5 310 315 66 559 562 561
273 9 2 0 5 311 19 316 548 563 564
274 9 2 0 5 19 20 316 43 565 563
275 9 2 0 5 312 311 317 551 566 567
276 9 2 0 5 311 316 317 564 568 566
277 9 2 0 5 313 312 318 554 569 570
278 9 2 0 5 312 317 318 567 571 569
279 9 2 0 5 314 313 319 557 572 573
280 9 2 0 5 313 318 319 570 574 572
281 9 2 0 5 315 314 320 560 575 576
282 9 2 0 5 314 319 320 573 577 575
283 9 2 0 5 66 315 67 562 578 90
284 9 2 0 5 315 320 67 576 579 578
285 9 2 0 5 316 20 321 565 580 581
286 9 2 0 5 20 21 321 44 582 580
287 9 2 0 5 317 316 322 568 583 584
288 9 2 0 5 316 321 322 581 585 583
289 9 2 0 5 318 317 323 571 586 587
290 9 2 0 5 317 322 323 584 588 586
291 9 2 0 5 319 318 324 574 589 590
292 9 2 0 5 318 323 324 587 591 589
293 9 2 0 5 320 319 325 577 592 593
294 9 2 0 5 319 324 325 590 594 592
295 9 2 0 5 67 320 68 579 595 91
296 9 2 0 5 320 325 68 593 596 595
297 9 2 0 5 321 21 326 582 597 598
298 9 2 0 5 21 22 326 45 599 597
299 9 2 0 5 322 321 327 585 600 601
300 9 2 0 5 321 326 327 598 602 600
301 9 2 0 5 323 322 328 588 603 604
302 9 2 0 5 322 327 328 601 605 603
303 9 2 0 5 324 323 329 591 606 607
304 9 2 0 5 323 328 329 604 608 606
305 9 2 0 5 325 324 330 594 609 610
306 9 2 0 5 324 329 330 607 611 609
307 9 2 0 5 68 325 69 596 612 92
308 9 2 0 5 325 330 69 610 613 612
309 9 2 0 5 326 22 331 599 614 615
310 9 2 0 5 22 23 331 46 616 614
311 9 2 0 5 327 326 332 602 617 618
312 9 2 0 5 326 331 332 615 619 617
313 9 2 0 5 328 327 333 605 620 621
314 9 2 0 5 327 332 333 618 622 620
315 9 2 0 5 329 328 334 608 623 624
316 9 2 0 5 328 333 334 621 625 623
317 9 2 0 5 330 329 335 611 626 627
318 9 2 0 5 329 334 335 624 628 626
319 9 2 0 5 69 330 70 613 629 93
320 9 2 0 5 330 335 70 627 630 629
321 9 2 0 5 331 23 336 616 631 632
322 9 2 0 5 23 24 336 47 633 631
323 9 2 0 5 332 331 337 619 634 635
324 9 2 0 5 331 336 337 632 636 634
325 9 2 0 5 333 332 338 622 637 638
326 9 2 0 5 332 337 338 635 639 637
327 9 2 0 5 334 333 339 625 640 641
328 9 2 0 5 333 338 339 638 642 640
329 9 2 0 5 335 334 340 628 643 644
330 9 2 0 5 334 339 340 641 645 643
331 9 2 0 5 70 335 71 630 646 94
332 9 2 0 5 335 340 71 644 647 646
333 9 2 0 5 336 24 341 633 648 649
334 9 2 0 5 24 25 341 48 650 648
335 9 2 0 5 337 336 342 636 651 652
336 9 2 0 5 336 341 342 649 653 651
337 9 2 0 5 338 337 343 639 654 655
338 9 2 0 5 337 342 343 652 656 654
339 9 2 0 5 339 338 344 642 657 658
340 9 2 0 5 338 343 344 655 659 657
341 9 2 0 5 340 339 345 645 660 661
342 9 2 0 5 339 344 345 658 662 660
343 9 2 0 5 71 340 72 647 663 95
344 9 2 0 5 340 345 72 661 664 663
345 9 2 0 5 341 25 346 650 665 666
346 9 2 0 5 25 26 346 49 667 665
347 9 2 0 5 342 341 347 653 668 669
348 9 2 0 5 341 346 347 666 670 668
349 9 2 0 5 343 342 348 656 671 672
350 9 2 0 5 342 347 348 669 673 671
351 9 2 0 5 344 343 349 659 674 675
352 9 2 0 5 343 348 349 672 676 674
353 9 2 0 5 345 344 350 662 677 678
354 9 2 0 5 344 349 350 675 679 677
355 9 2 0 5 72 345 73 664 680 96
356 9 2 0 5 345 350 73 678 681 680
357 9 2 0 5 346 26 351 667 682 683
358 9 2 0 5 26 27 351 50 684 682
359 9 2 0 5 347 346 352 670 685 686
360 9 2 0 5 346 351 352 683 687 685
361 9 2 0 5 348 347 353 673 688 689
362 9 2 0 5 347 352 353 686 690 688
363 9 2 0 5 349 348 354 676 691 692
364 9 2 0 5 348 353 354 689 693 691
365 9 2 0 5 350 349 355 679 694 695
366 9 2 0 5 349 354 355 692 696 694
367 9 2 0 5 73 350 74 681 697 97
368 9 2 0 5 350 355 74 695 698 697
369 9 2 0 5 351 27 356 684 699 700
370 9 2 0 5 27 28 356 51 701 699
371 9 2 0 5 352 351 357 687 702 703
372 9 2 0 5 351 356 357 700 704 702
373 9 2 0 5 353 352 358 690 705 706
374 9 2 0 5 352 357 358 703 707 705
375 9 2 0 5 354 353 359 693 708 709
376 9 2 0 5 353 358 359 706 710 708
377 9 2 0 5 355 354 360 696 711 712
378 9 2 0 5 354 359 360 709 713 711
379 9 2 0 5 74 355 75 698 714 98
380 9 2 0 5 355 360 75 712 715 714
381 9 2 0 5 356 28 361 701 716 717
382 9 2 0 5 28 29 361 52 718 716
383 9 2 0 5 357 356 362 704 719 720
384 9 2 0 5 356 361 362 717 721 719
385 9 2 0 5 358 357 363 707 722 723
386 9 2 0 5 357 362 363 720 724 722
387 9 2 0 5 359 358 364 710 725 726
388 9 2 0 5 358 363 364 723 727 725
389 9 2 0 5 360 359 365 713 728 729
390 9 2 0 5 359 364 365 726 730 728
391 9 2 0 5 75 360 76 715 731 99
392 9 2 0 5 360 365 76 729 732 731
393 9 2 0 5 361 29 366 718 733 734
394 9 2 0 5 29 30 366 53 735 733
395 9 2 0 5 362 361 367 721 736 737
396 9 2 0 5 361 366 367 734 738 736
397 9 2 0 5 363 362 368 724 739 740
398 9 2 0 5 362 367 368 737 741 739
399 9 2 0 5 364 363 369 727 742 743
400 9 2 0 5 363 368 369 740 744 742
401 9 2 0 5 365 364 370 730 745 746
402 9 2 0 5 364 369 370 743 747 745
403 9 2 0 5 76 365 77 732 748 100
404 9 2 0 5 365 370 77 746 749 748
405 9 2 0 5 366 30 371 735 750 751
406 9 2 0 5 30 31 371 54 752 750
407 9 2 0 5 367 366 372 738 753 754
408 9 2 0 5 366 371 372 751 755 753
409 9 2 0 5 368 367 373 741 756 757
410 9 2 0 5 367 372 373 754 758 756
411 9 2 0 5 369 368 374 744 759 760
412 9 2 0 5 368 373 374 757 761 759
413 9 2 0 5 370 369 375 747 762 763
414 9 2 0 5 369 374 375 760 764 762
415 9 2 0 5 77 370 78 749 765 101
416 9 2 0 5 370 375 78 763 766 765
417 9 2 0 5 371 31 114 752 767 768
418 9 2 0 5 31 2 114 55 119 767
419 9 2 0 5 372 371 115 755 769 770
420 9 2 0 5 371 114 115 768 120 769
421 9 2 0 5 373 372 116 758 771 772
422 9 2 0 5 372 115 116 770 121 771
423 9 2 0 5 374 373 117 761 773 774
424 9 2 0 5 373 116 117 772 122 773
425 9 2 0 5 375 374 118 764 775 776
426 9 2 0 5 374 117 118 774 123 775
427 9 2 0 5 78 375 4 766 777 102
428 9 2 0 5 375 118 4 776 124 777
429 9 2 0 14 241 1 9 243 32 824
430 9 2 0 14 241 9 778 824 825 826
431 9 2 0 14 242 241 778 244 826 827
432 9 2 0 14 242 778 779 827 828 829
433 9 2 0 14 5 242 779 245 829 830
434 9 2 0 14 5 779 125 830 831 148
435 9 2 0 14 778 9 10 825 33 832
436 9 2 0 14 778 10 780 832 833 834
437 9 2 0 14 779 778 780 828 834 835
438 9 2 0 14 779 780 781 835 836 837
439 9 2 0 14 125 779 781 831 837 838
440 9 2 0 14 125 781 126 838 839 149
441 9 2 0 14 780 10 11 833 34 840
442 9 2 0 14 780 11 782 840 841 842
443 9 2 0 14 781 780 782 836 842 843
444 9 2 0 14 781 782 783 843 844 845
445 9 2 0 14 126 781 783 839 845 846
446 9 2 0 14 126 783 127 846 847 150
447 9 2 0 14 782 11 12 841 35 848
448 9 2 0 14 782 12 784 848 849 850
449 9 2 0 14 783 782 784 844 850 851
450 9 2 0 14 783 784 785 851 852 853
451 9 2 0 14 127 783 785 847 853 854
452 9 2 0 14 127 785 128 854 855 151
453 9 2 0 14 784 12 13 849 36 856
454 9 2 0 14 784 13 786 856 857 858
455 9 2 0 14 785 784 786 852 858 859
456 9 2 0 14 785 786 787 859 860 861
457 9 2 0 14 128 785 787 855 861 862
458 9 2 0 14 128 787 129 862 863 152
459 9 2 0 14 786 13 14 857 37 864
460 9 2 0 14 786 14 788 864 865 866
461 9 2 0 14 787 786 788 860 866 867
462 9 2 0 14 787 788 789 867 868 869
463 9 2 0 14 129 787 789 863 869 870
464 9 2 0 14 129 789 130 870 871 153
465 9 2 0 14 788 14 15 865 38 872
466 9 2 0 14 788 15 790 872 873 874
467 9 2 0 14 789 788 790 868 874 875
468 9 2 0 14 789 790 791 875 876 877
469 9 2 0 14 130 789 791 871 877 878
470 9 2 0 14 130 791 131 878 879 154
471 9 2 0 14 790 15 16 873 39 880
472 9 2 0 14 790 16 792 880 881 882
473 9 2 0 14 791 790 792 876 882 883
474 9 2 0 14 791 792 793 883 884 885
475 9 2 0 14 131 791 793 879 885 886
476 9 2 0 14 131 793 132 886 887 155
477 9 2 0 14 792 16 17 881 40 888
478 9 2 0 14 792 17 794 888 889 890
479 9 2 0 14 793 792 794 884 890 891
480 9 2 0 14 793 794 795 891 892 893
481 9 2 0 14 132 793 795 887 893 894
482 9 2 0 14 132 795 133 894 895 156
483 9 2 0 14 794 17 18 889 41 896
484 9 2 0 14 794 18 796 896 897 898
485 9 2 0 14 795 794 796 892 898 899
486 9 2 0 14 795 796 797 899 900 901
487 9 2 0 14 133 795 797 895 901 902
488 9 2 0 14 133 797 134 902 903 157
489 9 2 0 14 796 18 19 897 42 904
490 9 2 0 14 796 19 798 904 905 906
491 9 2 0 14 797 796 798 900 906 907
492 9 2 0 14 797 798 799 907 908 909
493 9 2 0 14 134 797 799 903 909 910
494 9 2 0 14 134 799 135 910 911 158
495 9 2 0 14 798 19 20 905 43 912
496 9 2 0 14 798 20 800 912 913 914
497 9 2 0 14 799 798 800 908 914 915
498 9 2 0 14 799 800 801 915 916 917
499 9 2 0 14 135 799 801 911 917 918
500 9 2 0 14 135 801 136 918 919 159
501 9 2 0 14 800 20 21 913 44 920
502 9 2 0 14 800 21 802 920 921 922
503 9 2 0 14 801 800 802 916 922 923
504 9 2 0 14 801 802 803 923 924 925
505 9 2 0 14 136 801 803 919 925 926
506 9 2 0 14 136 803 137 926 927 160
507 9 2 0 14 802 21 22 921 45 928
508 9 2 0 14 802 22 804 928 929 930
509 9 2 0 14 803 802 804 924 930 931
510 9 2 0 14 803 804 805 931 932 933
511 9 2 0 14 137 803 805 927 933 934
512 9 2 0 14 137 805 138 934 935 161
513 9 2 0 14 804 22 23 929 46 936
514 9 2 0 14 804 23 806 936 937 938
515 9 2 0 14 805 804 806 932 938 939
516 9 2 0 14 805 806 807 939 940 941
517 9 2 0 14 138 805 807 935 941 942
518 9 2 0 14 138 807 139 942 943 162
519 9 2 0 14 806 23 24 937 47 944
520 9 2 0 14 806 24 808 944 945 946
521 9 2 0 14 807 806 808 940 946 947
522 9 2 0 14 807 808 809 947 948 949
523 9 2 0 14 139 807 809 943 949 950
524 9 2 0 14 139 809 140 950 951 163
525 9 2 0 14 808 24 25 945 48 952
526 9 2 0 14 808 25 810 952 953 954
527 9 2 0 14 809 808 810 948 954 955
528 9 2 0 14 809 810 811 955 956 957
529 9 2 0 14 140 809 811 951 957 958
530 9 2 0 14 140 811 141 958 959 164
531 9 2 0 14 810 25 26 953 49 960
532 9 2 0 14 810 26 812 960 961 962
533 9 2 0 14 811 810 812 956 962 963
534 9 2 0 14 811 812 813 963 964 965
535 9 2 0 14 141 811 813 959 965 966
536 9 2 0 14 141 813 142 966 967 165
537 9 2 0 14 812 26 27 961 50 968
538 9 2 0 14 812 27 814 968 969 970
539 9 2 0 14 813 812 814 964 970 971
540 9 2 0 14 813 814 815 971 972 973
541 9 2 0 14 142 813 815 967 973 974
542 9 2 0 14 142 815 143 974 975 166
543 9 2 0 14 814 27 28 969 51 976
544 9 2 0 14 814 28 816 976 977 978
545 9 2 0 14 815 814 816 972 978 979
546 9 2 0 14 815 816 817 979 980 981
547 9 2 0 14 143 815 817 975 981 982
548 9 2 0 14 143 817 144 982 983 167
549 9 2 0 14 816 28 29 977 52 984
550 9 2 0 14 816 29 818 984 985 986
551 9 2 0 14 817 816 818 980 986 987
552 9 2 0 14 817 818 819 987 988 989
553 9 2 0 14 144 817 819 983 989 990
554 9 2 0 14 144 819 145 990 991 168
555 9 2 0 14 818 29 30 985 53 992
556 9 2 0 14 818 30 820 992 993 994
557 9 2 0 14 819 818 820 988 994 995
558 9 2 0 14 819 820 821 995 996 997
559 9 2 0 14 145 819 821 991 997 998
560 9 2 0 14 145 821 146 998 999 169
561 9 2 0 14 820 30 31 993 54 1000
562 9 2 0 14 820 31 822 1000 1001 1002
563 9 2 0 14 821 820 822 996 1002 1003
564 9 2 0 14 821 822 823 1003 1004 1005
565 9 2 0 14 146 821 823 999 1005 1006
566 9 2 0 14 146 823 147 1006 1007 170
567 9 2 0 14 822 31 2 1001 55 1008
568 9 2 0 14 822 2 246 1008 248 1009
569 9 2 0 14 823 822 246 1004 1009 1010
570 9 2 0 14 823 246 247 1010 249 1011
571 9 2 0 14 147 823 247 1007 1011 1012
572 9 2 0 14 147 247 6 1012 250 171
573 9 2 0 18 246 2 1013 248 1023 1024
574 9 2 0 18 2 114 1013 119 1025 1023
575 9 2 0 18 247 246 1014 249 1026 1027
576 9 2 0 18 246 1013 1014 1024 1028 1026
577 9 2 0 18 6 247 172 250 1029 177
578 9 2 0 18 247 1014 172 1027 1030 1029
579 9 2 0 18 1013 114 1015 1025 1031 1032
580 9 2 0 18 114 115 1015 120 1033 1031
581 9 2 0 18 1014 1013 1016 1028 1034 1035
582 9 2 0 18 1013 1015 1016 1032 1036 1034
583 9 2 0 18 172 1014 173 1030 1037 178
584 9 2 0 18 1014 1016 173 1035 1038 1037
585 9 2 0 18 1015 115 1017 1033 1039 1040
586 9 2 0 18 115 116 1017 121 1041 1039
587 9 2 0 18 1016 1015 1018 1036 1042 1043
588 9 2 0 18 1015 1017 1018 1040 1044 1042
589 9 2 0 18 173 1016 174 1038 1045 179
590 9 2 0 18 1016 1018 174 1043 1046 1045
591 9 2 0 18 1017 116 1019 1041 1047 1048
592 9 2 0 18 116 117 1019 122 1049 1047
593 9 2 0 18 1018 1017 1020 1044 1050 1051
594 9 2 0 18 1017 1019 1020 1048 1052 1050
595 9 2 0 18 174 1018 175 1046 1053 180
596 9 2 0 18 1018 1020 175 1051 1054 1053
597 9 2 0 18 1019 117 1021 1049 1055 1056
598 9 2 0 18 117 118 1021 123 1057 1055
599 9 2 0 18 1020 1019 1022 1052 1058 1059
600 9 2 0 18 1019 1021 1022 1056 1060 1058
601 9 2 0 18 175 1020 176 1054 1061 181
602 9 2 0 18 1020 1022 176 1059 1062 1061
603 9 2 0 18 1021 118 251 1057 1063 1064
604 9 2 0 18 118 4 251 124 253 1063
605 9 2 0 18 1022 1021 252 1060 1065 1066
606 9 2 0 18 1021 251 252 1064 254 1065
607 9 2 0 18 176 1022 7 1062 1067 182
608 9 2 0 18 1022 252 7 1066 255 1067
609 9 2 0 22 256 56 3 1114 79 258
610 9 2 0 22 256 1068 56 1115 1116 1114
611 9 2 0 22 257 1068 256 1117 1115 259
612 9 2 0 22 257 1069 1068 1118 1119 1117
613 9 2 0 22 8 1069 257 1120 1118 260
614 9 2 0 22 8 205 1069 229 1121 1120
615 9 2 0 22 1068 57 56 1122 80 1116
616 9 2 0 22 1068 1070 57 1123 1124 1122
617 9 2 0 22 1069 1070 1068 1125 1123 1119
618 9 2 0 22 1069 1071 1070 1126 1127 1125
619 9 2 0 22 205 1071 1069 1128 1126 1121
620 9 2 0 22 205 204 1071 228 1129 1128
621 9 2 0 22 1070 58 57 1130 81 1124
622 9 2 0 22 1070 1072 58 1131 1132 1130
623 9 2 0 22 1071 1072 1070 1133 1131 1127
624 9 2 0 22 1071 1073 1072 1134 1135 1133
625 9 2 0 22 204 1073 1071 1136 1134 1129
626 9 2 0 22 204 203 1073 227 1137 1136
627 9 2 0 22 1072 59 58 1138 82 1132
628 9 2 0 22 1072 1074 59 1139 1140 1138
629 9 2 0 22 1073 1074 1072 1141 1139 1135
630 9 2 0 22 1073 1075 1074 1142 1143 1141
631 9 2 0 22 203 1075 1073 1144 1142 1137
632 9 2 0 22 203 202 1075 226 1145 1144
633 9 2 0 22 1074 60 59 1146 83 1140
634 9 2 0 22 1074 1076 60 1147 1148 1146
635 9 2 0 22 1075 1076 1074 1149 1147 1143
636 9 2 0 22 1075 1077 1076 1150 1151 1149
637 9 2 0 22 202 1077 1075 1152 1150 1145
638 9 2 0 22 202 201 1077 225 1153 1152
639 9 2 0 22 1076 61 60 1154 84 1148
640 9 2 0 22 1076 1078 61 1155 1156 1154
641 9 2 0 22 1077 1078 1076 1157 1155 1151
642 9 2 0 22 1077 1079 1078 1158 1159 1157
643 9 2 0 22 201 1079 1077 1160 1158 1153
644 9 2 0 22 201 200 1079 224 1161 1160
645 9 2 0 22 1078 62 61 1162 85 1156
646 9 2 0 22 1078 1080 62 1163 1164 1162
647 9 2 0 22 1079 1080 1078 1165 1163 1159
648 9 2 0 22 1079 1081 1080 1166 1167 1165
649 9 2 0 22 200 1081 1079 1168 1166 1161
650 9 2 0 22 200 199 1081 223 1169 1168
651 9 2 0 22 1080 63 62 1170 86 1164
652 9 2 0 22 1080 1082 63 1171 1172 1170
653 9 2 0 22 1081 1082 1080 1173 1171 1167
654 9 2 0 22 1081 1083 1082 1174 1175 1173
655 9 2 0 22 199 1083 1081 1176 1174 1169
656 9 2 0 22 199 198 1083 222 1177 1176
657 9 2 0 22 1082 64 63 1178 87 1172
658 9 2 0 22 1082 1084 64 1179 1180 1178
659 9 2 0 22 1083 1084 1082 1181 1179 1175
660 9 2 0 22 1083 1085 1084 1182 1183 1181
661 9 2 0 22 198 1085 1083 1184 1182 1177
662 9 2 0 22 198 197 1085 221 1185 1184
663 9 2 0 22 1084 65 64 1186 88 1180
664 9 2 0 22 1084 1086 65 1187 1188 1186
665 9 2 0 22 1085 1086 1084 1189 1187 1183
666 9 2 0 22 1085 1087 1086 1190 1191 1189
667 9 2 0 22 197 1087 1085 1192 1190 1185
668 9 2 0 22 197 196 1087 220 1193 1192
669 9 2 0 22 1086 66 65 1194 89 1188
670 9 2 0 22 1086 1088 66 1195 1196 1194
671 9 2 0 22 1087 1088 1086 1197 1195 1191
672 9 2 0 22 1087 1089 1088 1198 1199 1197
673 9 2 0 22 196 1089 1087 1200 1198 1193
674 9 2 0 22 196 195 1089 219 1201 1200
675 9 2 0 22 1088 67 66 1202 90 1196
676 9 2 0 22 1088 1090 67 1203 1204 1202
677 9 2 0 22 1089 1090 1088 1205 1203 1199
678 9 2 0 22 1089 1091 1090 1206 1207 1205
679 9 2 0 22 195 1091 1089 1208 1206 1201
680 9 2 0 22 195 194 1091 218 1209 1208
681 9 2 0 22 1090 68 67 1210 91 1204
682 9 2 0 22 1090 1092 68 1211 1212 1210
683 9 2 0 22 1091 1092 1090 1213 1211 1207
684 9 2 0 22 1091 1093 1092 1214 1215 1213
685 9 2 0 22 194 1093 1091 1216 1214 1209
686 9 2 0 22 194 193 1093 217 1217 1216
687 9 2 0 22 1092 69 68 1218 92 1212
688 9 2 0 22 1092 1094 69 1219 1220 1218
689 9 2 0 22 1093 1094 1092 1221 1219 1215
690 9 2 0 22 1093 1095 1094 1222 1223 1221
691 9 2 0 22 193 1095 1093 1224 1222 1217
692 9 2 0 22 193 192 1095 216 1225 1224
693 9 2 0 22 1094 70 69 1226 93 1220
694 9 2 0 22 1094 1096 70 1227 1228 1226
695 9 2 0 22 1095 1096 1094 1229 1227 1223
696 9 2 0 22 1095 1097 1096 1230 1231 1229
697 9 2 0 22 192 1097 1095 1232 1230 1225
698 9 2 0 22 192 191 1097 215 1233 1232
699 9 2 0 22 1096 71 70 1234 94 1228
700 9 2 0 22 1096 1098 71 1235 1236 1234
701 9 2 0 22 1097 1098 1096 1237 1235 1231
702 9 2 0 22 1097 1099 1098 1238 1239 1237
703 9 2 0 22 191 1099 1097 1240 1238 1233
704 9 2 0 22 191 190 1099 214 1241 1240
705 9 2 0 22 1098 72 71 1242 95 1236
706 9 2 0 22 1098 1100 72 1243 1244 1242
707 9 2 0 22 1099 1100 1098 1245 1243 1239
708 9 2 0 22 1099 1101 1100 1246 1247 1245
709 9 2 0 22 190 1101 1099 1248 1246 1241
710 9 2 0 22 190 189 1101 213 1249 1248
711 9 2 0 22 1100 73 72 1250 96 1244
712 9 2 0 22 1100 1102 73 1251 1252 1250
713 9 2 0 22 1101 1102 1100 1253 1251 1247
714 9 2 0 22 1101 1103 1102 1254 1255 1253
715 9 2 0 22 189 1103 1101 1256 1254 1249
716 9 2 0 22 189 188 1103 212 1257 1256
717 9 2 0 22 1102 74 73 1258 97 1252
718 9 2 0 22 1102 1104 74 1259 1260 1258
719 9 2 0 22 1103 1104 1102 1261 1259 1255
720 9 2 0 22 1103 1105 1104 1262 1263 1261
721 9 2 0 22 188 1105 1103 1264 1262 1257
722 9 2 0 22 188 187 1105 211 1265 1264
723 9 2 0 22 1104 75 74 1266 98 1260
724 9 2 0 22 1104 1106 75 1267 1268 1266
725 9 2 0 22 1105 1106 1104 1269 1267 1263
726 9 2 0 22 1105 1107 1106 1270 1271 1269
727 9 2 0 22 187 1107 1105 1272 1270 1265
728 9 2 0 22 187 186 1107 210 1273 1272
729 9 2 0 22 1106 76 75 1274 99 1268
730 9 2 0 22 1106 1108 76 1275 1276 1274
731 9 2 0 22 1107 1108 1106 1277 1275 1271
732 9 2 0 22 1107 1109 1108 1278 1279 1277
733 9 2 0 22 186 1109 1107 1280 1278 1273
734 9 2 0 22 186 185 1109 209 1281 1280
735 9 2 0 22 1108 77 76 1282 100 1276
736 9 2 0 22 1108 1110 77 1283 1284 1282
737 9 2 0 22 1109 1110 1108 1285 1283 1279
738 9 2 0 22 1109 1111 1110 1286 1287 1285
739 9 2 0 22 185 1111 1109 1288 1286 1281
740 9 2 0 22 185 184 1111 208 1289 1288
741 9 2 0 22 1110 78 77 1290 101 1284
742 9 2 0 22 1110 1112 78 1291 1292 1290
743 9 2 0 22 1111 1112 1110 1293 1291 1287
744 9 2 0 22 1111 1113 1112 1294 1295 1293
745 9 2 0 22 184 1113 1111 1296 1294 1289
746 9 2 0 22 184 183 1113 207 1297 1296
747 9 2 0 22 1112 4 78 1298 102 1292
748 9 2 0 22 1112 251 4 1299 253 1298
749 9 2 0 22 1113 251 1112 1300 1299 1295
750 9 2 0 22 1113 252 251 1301 254 1300
751 9 2 0 22 183 252 1113 1302 1301 1297
752 9 2 0 22 183 7 252 206 255 1302
753 9 2 0 26 241 1303 1 1313 1314 243
754 9 2 0 26 1 1303 103 1314 1315 108
755 9 2 0 26 242 1304 241 1316 1317 244
756 9 2 0 26 241 1304 1303 1317 1318 1313
757 9 2 0 26 5 234 242 240 1319 245
758 9 2 0 26 242 234 1304 1319 1320 1316
759 9 2 0 26 1303 1305 103 1321 1322 1315
760 9 2 0 26 103 1305 104 1322 1323 109
761 9 2 0 26 1304 1306 1303 1324 1325 1318
762 9 2 0 26 1303 1306 1305 1325 1326 1321
763 9 2 0 26 234 233 1304 239 1327 1320
764 9 2 0 26 1304 233 1306 1327 1328 1324
765 9 2 0 26 1305 1307 104 1329 1330 1323
766 9 2 0 26 104 1307 105 1330 1331 110
767 9 2 0 26 1306 1308 1305 1332 1333 1326
768 9 2 0 26 1305 1308 1307 1333 1334 1329
769 9 2 0 26 233 232 1306 238 1335 1328
770 9 2 0 26 1306 232 1308 1335 1336 1332
771 9 2 0 26 1307 1309 105 1337 1338 1331
772 9 2 0 26 105 1309 106 1338 1339 111
773 9 2 0 26 1308 1310 1307 1340 1341 1334
774 9 2 0 26 1307 1310 1309 1341 1342 1337
775 9 2 0 26 232 231 1308 237 1343 1336
776 9 2 0 26 1308 231 1310 1343 1344 1340
777 9 2 0 26 1309 1311 106 1345 1346 1339
778 9 2 0 26 106 1311 107 1346 1347 112
779 9 2 0 26 1310 1312 1309 1348 1349 1342
780 9 2 0 26 1309 1312 1311 1349 1350 1345
781 9 2 0 26 231 230 1310 236 1351 1344
782 9 2 0 26 1310 230 1312 1351 1352 1348
783 9 2 0 26 1311 256 107 1353 1354 1347
784 9 2 0 26 107 256 3 1354 258 113
785 9 2 0 26 1312 257 1311 1355 1356 1350
786 9 2 0 26 1311 257 256 1356 259 1353
787 9 2 0 26 230 8 1312 235 1357 1352
788 9 2 0 26 1312 8 257 1357 260 1355
789 9 2 0 27 5 125 1358 148 1473 1474
790 9 2 0 27 5 1358 234 1474 1475 240
791 9 2 0 27 234 1358 1359 1475 1476 1477
792 9 2 0 27 234 1359 233 1477 1478 239
793 9 2 0 27 233 1359 1360 1478 1479 1480
794 9 2 0 27 233 1360 232 1480 1481 238
795 9 2 0 27 232 1360 1361 1481 1482 1483
796 9 2 0 27 232 1361 231 1483 1484 237
797 9 2 0 27 231 1361 1362 1484 1485 1486
798 9 2 0 27 231 1362 230 1486 1487 236
799 9 2 0 27 230 1362 205 1487 1488 1489
800 9 2 0 27 230 205 8 1489 229 235
801 9 2 0 27 125 126 1363 149 1490 1491
802 9 2 0 27 125 1363 1358 1491 1492 1473
803 9 2 0 27 1358 1363 1364 1492 1493 1494
804 9 2 0 27 1358 1364 1359 1494 1495 1476
805 9 2 0 27 1359 1364 1365 1495 1496 1497
806 9 2 0 27 1359 1365 1360 1497 1498 1479
807 9 2 0 27 1360 1365 1366 1498 1499 1500
808 9 2 0 27 1360 1366 1361 1500 1501 1482
809 9 2 0 27 1361 1366 1367 1501 1502 1503
810 9 2 0 27 1361 1367 1362 1503 1504 1485
811 9 2 0 27 1362 1367 204 1504 1505 1506
812 9 2 0 27 1362 204 205 1506 228 1488
813 9 2 0 27 126 127 1368 150 1507 1508
814 9 2 0 27 126 1368 1363 1508 1509 1490
815 9 2 0 27 1363 1368 1369 1509 1510 1511
816 9 2 0 27 1363 1369 1364 1511 1512 1493
817 9 2 0 27 1364 1369 1370 1512 1513 1514
818 9 2 0 27 1364 1370 1365 1514 1515 1496
819 9 2 0 27 1365 1370 1371 1515 1516 1517
820 9 2 0 27 1365 1371 1366 1517 1518 1499
821 9 2 0 27 1366 1371 1372 1518 1519 1520
822 9 2 0 27 1366 1372 1367 1520 1521 1502
823 9 2 0 27 1367 1372 203 1521 1522 1523
824 9 2 0 27 1367 203 204 1523 227 1505
825 9 2 0 27 127 128 1373 151 1524 1525
826 9 2 0 27 127 1373 1368 1525 1526 1507
827 9 2 0 27 1368 1373 1374 1526 1527 1528
828 9 2 0 27 1368 1374 1369 1528 1529 1510
829 9 2 0 27 1369 1374 1375 1529 1530 1531
830 9 2 0 27 1369 1375 1370 1531 1532 1513
831 9 2 0 27 1370 1375 1376 1532 1533 1534
832 9 2 0 27 1370 1376 1371 1534 1535 1516
833 9 2 0 27 1371 1376 1377 1535 1536 1537
834 9 2 0 27 1371 1377 1372 1537 1538 1519
835 9 2 0 27 1372 1377 202 1538 1539 1540
836 9 2 0 27 1372 202 203 1540 226 1522
837 9 2 0 27 128 129 1378 152 1541 1542
838 9 2 0 27 128 1378 1373 1542 1543 1524
839 9 2 0 27 1373 1378 1379 1543 1544 1545
840 9 2 0 27 1373 1379 1374 1545 1546 1527
841 9 2 0 27 1374 1379 1380 1546 1547 1548
842 9 2 0 27 1374 1380 1375 1548 1549 1530
843 9 2 0 27 1375 1380 1381 1549 1550 1551
844 9 2 0 27 1375 1381 1376 1551 1552 1533
845 9 2 0 27 1376 1381 1382 1552 1553 1554
846 9 2 0 27 1376 1382 1377 1554 1555 1536
847 9 2 0 27 1377 1382 201 1555 1556 1557
848 9 2 0 27 1377 201 202 1557 225 1539
849 9 2 0 27 129 130 1383 153 1558 1559
850 9 2 0 27 129 1383 1378 1559 1560 1541
851 9 2 0 27 1378 1383 1384 1560 1561 1562
852 9 2 0 27 1378 1384 1379 1562 1563 1544
853 9 2 0 27 1379 1384 1385 1563 1564 1565
854 9 2 0 27 1379 1385 1380 1565 1566 1547
855 9 2 0 27 1380 1385 1386 1566 1567 1568
856 9 2 0 27 1380 1386 1381 1568 1569 1550
857 9 2 0 27 1381 1386 1387 1569 1570 1571
858 9 2 0 27 1381 1387 1382 1571 1572 1553
859 9 2 0 27 1382 1387 200 1572 1573 1574
860 9 2 0 27 1382 200 201 1574 224 1556
861 9 2 0 27 130 131 1388 154 1575 1576
862 9 2 0 27 130 1388 1383 1576 1577 1558
863 9 2 0 27 1383 1388 1389 1577 1578 1579
864 9 2 0 27 1383 1389 1384 1579 1580 1561
865 9 2 0 27 1384 1389 1390 1580 1581 1582
866 9 2 0 27 1384 1390 1385 1582 1583 1564
867 9 2 0 27 1385 1390 1391 1583 1584 1585
868 9 2 0 27 1385 1391 1386 1585 1586 1567
869 9 2 0 27 1386 1391 1392 1586 1587 1588
870 9 2 0 27 1386 1392 1387 1588 1589 1570
871 9 2 0 27 1387 1392 199 1589 1590 1591
872 9 2 0 27 1387 199 200 1591 223 1573
873 9 2 0 27 131 132 1393 155 1592 1593
874 9 2 0 27 131 1393 1388 1593 1594 1575
875 9 2 0 27 1388 1393 1394 1594 1595 1596
876 9 2 0 27 1388 1394 1389 1596 1597 1578
877 9 2 0 27 1389 1394 1395 1597 1598 1599
878 9 2 0 27 1389 1395 1390 1599 1600 1581
879 9 2 0 27 1390 1395 1396 1600 1601 1602
880 9 2 0 27 1390 1396 1391 1602 1603 1584
881 9 2 0 27 1391 1396 1397 1603 1604 1605
882 9 2 0 27 1391 1397 1392 1605 1606 1587
883 9 2 0 27 1392 1397 198 1606 1607 1608
884 9 2 0 27 1392 198 199 1608 222 1590
885 9 2 0 27 132 133 1398 156 1609 1610
886 9 2 0 27 132 1398 1393 1610 1611 1592
887 9 2 0 27 1393 1398 1399 1611 1612 1613
888 9 2 0 27 1393 1399 1394 1613 1614 1595
889 9 2 0 27 1394 1399 1400 1614 1615 1616
890 9 2 0 27 1394 1400 1395 1616 1617 1598
891 9 2 0 27 1395 1400 1401 1617 1618 1619
892 9 2 0 27 1395 1401 1396 1619 1620 1601
893 9 2 0 27 1396 1401 1402 1620 1621 1622
894 9 2 0 27 1396 1402 1397 1622 1623 1604
895 9 2 0 27 1397 1402 197 1623 1624 1625
896 9 2 0 27 1397 197 198 1625 221 1607
897 9 2 0 27 133 134 1403 157 1626 1627
898 9 2 0 27 133 1403 1398 1627 1628 1609
899 9 2 0 27 1398 1403 1404 1628 1629 1630
900 9 2 0 27 1398 1404 1399 1630 1631 1612
901 9 2 0 27 1399 1404 1405 1631 1632 1633
902 9 2 0 27 1399 1405 1400 1633 1634 1615
903 9 2 0 27 1400 1405 1406 1634 1635 1636
904 9 2 0 27 1400 1406 1401 1636 1637 1618
905 9 2 0 27 1401 1406 1407 1637 1638 1639
906 9 2 0 27 1401 1407 1402 1639 1640 1621
907 9 2 0 27 1402 1407 196 1640 1641 1642
908 9 2 0 27 1402 196 197 1642 220 1624
909 9 2 0 27 134 135 1408 158 1643 1644
910 9 2 0 27 134 1408 1403 1644 1645 1626
911 9 2 0 27 1403 1408 1409 1645 1646 1647
912 9 2 0 27 1403 1409 1404 1647 1648 1629
913 9 2 0 27 1404 1409 1410 1648 1649 1650
914 9 2 0 27 1404 1410 1405 1650 1651 1632
915 9 2 0 27 1405 1410 1411 1651 1652 1653
916 9 2 0 27 1405 1411 1406 1653 1654 1635
917 9 2 0 27 1406 1411 1412 1654 1655 1656
918 9 2 0 27 1406 1412 1407 1656 1657 1638
919 9 2 0 27 1407 1412 195 1657 1658 1659
920 9 2 0 27 1407 195 196 1659 219 1641
921 9 2 0 27 135 136 1413 159 1660 1661
922 9 2 0 27 135 1413 1408 1661 1662 1643
923 9 2 0 27 1408 1413 1414 1662 1663 1664
924 9 2 0 27 1408 1414 1409 1664 1665 1646
925 9 2 0 27 1409 1414 1415 1665 1666 1667
926 9 2 0 27 1409 1415 1410 1667 1668 1649
927 9 2 0 27 1410 1415 1416 1668 1669 1670
928 9 2 0 27 1410 1416 1411 1670 1671 1652
929 9 2 0 27 1411 1416 1417 1671 1672 1673
930 9 2 0 27 1411 1417 1412 1673 1674 1655
931 9 2 0 27 1412 1417 194 1674 1675 1676
932 9 2 0 27 1412 194 195 1676 218 1658
933 9 2 0 27 136 137 1418 160 1677 1678
934 9 2 0 27 136 1418 1413 1678 1679 1660
935 9 2 0 27 1413 1418 1419 1679 1680 1681
936 9 2 0 27 1413 1419 1414 1681 1682 1663
937 9 2 0 27 1414 1419 1420 1682 1683 1684
938 9 2 0 27 1414 1420 1415 1684 1685 1666
939 9 2 0 27 1415 1420 1421 1685 1686 1687
940 9 2 0 27 1415 1421 1416 1687 1688 1669
941 9 2 0 27 1416 1421 1422 1688 1689 1690
942 9 2 0 27 1416 1422 1417 1690 1691 1672
943 9 2 0 27 1417 1422 193 1691 1692 1693
944 9 2 0 27 1417 193 194 1693 217 1675
945 9 2 0 27 137 138 1423 161 1694 1695
946 9 2 0 27 137 1423 1418 1695 1696 1677
947 9 2 0 27 1418 1423 1424 1696 1697 1698
948 9 2 0 27 1418 1424 1419 1698 1699 1680
949 9 2 0 27 1419 1424 1425 1699 1700 1701
950 9 2 0 27 1419 1425 1420 1701 1702 1683
951 9 2 0 27 1420 1425 1426 1702 1703 1704
952 9 2 0 27 1420 1426 1421 1704 1705 1686
953 9 2 0 27 1421 1426 1427 1705 1706 1707
954 9 2 0 27 1421 1427 1422 1707 1708 1689
955 9 2 0 27 1422 1427 192 1708 1709 1710
956 9 2 0 27 1422 192 193 1710 216 1692
957 9 2 0 27 138 139 1428 162 1711 1712
958 9 2 0 27 138 1428 1423 1712 1713 1694
959 9 2 0 27 1423 1428 1429 1713 1714 1715
960 9 2 0 27 1423 1429 1424 1715 1716 1697
961 9 2 0 27 1424 1429 1430 1716 1717 1718
962 9 2 0 27 1424 1430 1425 1718 1719 1700
963 9 2 0 27 1425 1430 1431 1719 1720 1721
964 9 2 0 27 1425 1431 1426 1721 1722 1703
965 9 2 0 27 1426 1431 1432 1722 1723 1724
966 9 2 0 27 1426 1432 1427 1724 1725 1706
967 9 2 0 27 1427 1432 191 1725 1726 1727
968 9 2 0 27 1427 191 192 1727 215 1709
969 9 2 0 27 139 140 1433 163 1728 1729
970 9 2 0 27 139 1433 1428 1729 1730 1711
971 9 2 0 27 1428 1433 1434 1730 1731 1732
972 9 2 0 27 1428 1434 1429 1732 1733 1714
973 9 2 0 27 1429 1434 1435 1733 1734 1735
974 9 2 0 27 1429 1435 1430 1735 1736 1717
975 9 2 0 27 1430 1435 1436 1736 1737 1738
976 9 2 0 27 1430 1436 1431 1738 1739 1720
977 9 2 0 27 1431 1436 1437 1739 1740 1741
978 9 2 0 27 1431 1437 1432 1741 1742 1723
979 9 2 0 27 1432 1437 190 1742 1743 1744
980 9 2 0 27 1432 190 191 1744 214 1726
981 9 2 0 27 140 141 1438 164 1745 1746
982 9 2 0 27 140 1438 1433 1746 1747 1728
983 9 2 0 27 1433 1438 1439 1747 1748 1749
984 9 2 0 27 1433 1439 1434 1749 1750 1731
985 9 2 0 27 1434 1439 1440 1750 1751 1752
986 9 2 0 27 1434 1440 1435 1752 1753 1734
987 9 2 0 27 1435 1440 1441 1753 1754 1755
988 9 2 0 27 1435 1441 1436 1755 1756 1737
989 9 2 0 27 1436 1441 1442 1756 1757 1758
990 9 2 0 27 1436 1442 1437 1758 1759 1740
991 9 2 0 27 1437 1442 189 1759 1760 1761
992 9 2 0 27 1437 189 190 1761 213 1743
993 9 2 0 27 141 142 1443 165 1762 1763
994 9 2 0 27 141 1443 1438 1763 1764 1745
995 9 2 0 27 1438 1443 1444 1764 1765 1766
996 9 2 0 27 1438 1444 1439 1766 1767 1748
997 9 2 0 27 1439 1444 1445 1767 1768 1769
998 9 2 0 27 1439 1445 1440 1769 1770 1751
999 9 2 0 27 1440 1445 1446 1770 1771 1772
1000 9 2 0 27 1440 1446 1441 1772 1773 1754
1001 9 2 0 27 1441 1446 1447 1773 1774 1775
1002 9 2 0 27 1441 1447 1442 1775 1776 1757
1003 9 2 0 27 1442 1447 188 1776 1777 1778
1004 9 2 0 27 1442 188 189 1778 212 1760
1005 9 2 0 27 142 143 1448 166 1779 1780
1006 9 2 0 27 142 1448 1443 1780 1781 1762
1007 9 2 0 27 1443 1448 1449 1781 1782 1783
1008 9 2 0 27 1443 1449 1444 1783 1784 1765
1009 9 2 0 27 1444 1449 1450 1784 1785 1786
1010 9 2 0 27 1444 1450 1445 1786 1787 1768
1011 9 2 0 27 1445 1450 1451 1787 1788 1789
1012 9 2 0 27 1445 1451 1446 1789 1790 1771
1013 9 2 0 27 1446 1451 1452 1790 1791 1792
1014 9 2 0 27 1446 1452 1447 1792 1793 1774
1015 9 2 0 27 1447 1452 187 1793 1794 1795
1016 9 2 0 27 1447 187 188 1795 211 1777
1017 9 2 0 27 143 144 1453 167 1796 1797
1018 9 2 0 27 143 1453 1448 1797 1798 1779
1019 9 2 0 27 1448 1453 1454 1798 1799 1800
1020 9 2 0 27 1448 1454 1449 1800 1801 1782
1021 9 2 0 27 1449 1454 1455 1801 1802 1803
1022 9 2 0 27 1449 1455 1450 1803 1804 1785
1023 9 2 0 27 1450 1455 1456 1804 1805 1806
1024 9 2 0 27 1450 1456 1451 1806 1807 1788
1025 9 2 0 27 1451 1456 1457 1807 1808 1809
1026 9 2 0 27 1451 1457 1452 1809 1810 1791
1027 9 2 0 27 1452 1457 186 1810 1811 1812
1028 9 2 0 27 1452 186 187 1812 210 1794
1029 9 2 0 27 144 145 1458 168 1813 1814
1030 9 2 0 27 144 1458 1453 1814 1815 1796
1031 9 2 0 27 1453 1458 1459 1815 1816 1817
1032 9 2 0 27 1453 1459 1454 1817 1818 1799
1033 9 2 0 27 1454 1459 1460 1818 1819 1820
1034 9 2 0 27 1454 1460 1455 1820 1821 1802
1035 9 2 0 27 1455 1460 1461 1821 1822 1823
1036 9 2 0 27 1455 1461 1456 1823 1824 1805
1037 9 2 0 27 1456 1461 1462 1824 1825 1826
1038 9 2 0 27 1456 1462 1457 1826 1827 1808
1039 9 2 0 27 1457 1462 185 1827 1828 1829
1040 9 2 0 27 1457 185 186 1829 209 1811
1041 9 2 0 27 145 146 1463 169 1830 1831
1042 9 2 0 27 145 1463 1458 1831 1832 1813
1043 9 2 0 27 1458 1463 1464 1832 1833 1834
1044 9 2 0 27 1458 1464 1459 1834 1835 1816
1045 9 2 0 27 1459 1464 1465 1835 1836 1837
1046 9 2 0 27 1459 1465 1460 1837 1838 1819
1047 9 2 0 27 1460 1465 1466 1838 1839 1840
1048 9 2 0 27 1460 1466 1461 1840 1841 1822
1049 9 2 0 27 1461 1466 1467 1841 1842 1843
1050 9 2 0 27 1461 1467 1462 1843 1844 1825
1051 9 2 0 27 1462 1467 184 1844 1845 1846
1052 9 2 0 27 1462 184 185 1846 208 1828
1053 9 2 0 27 146 147 1468 170 1847 1848
1054 9 2 0 27 146 1468 1463 1848 1849 1830
1055 9 2 0 27 1463 1468 1469 1849 1850 1851
1056 9 2 0 27 1463 1469 1464 1851 1852 1833
1057 9 2 0 27 1464 1469 1470 1852 1853 1854
1058 9 2 0 27 1464 1470 1465 1854 1855 1836
1059 9 2 0 27 1465 1470 1471 1855 1856 1857
1060 9 2 0 27 1465 1471 1466 1857 1858 1839
1061 9 2 0 27 1466 1471 1472 1858 1859 1860
1062 9 2 0 27 1466 1472 1467 1860 1861 1842
1063 9 2 0 27 1467 1472 183 1861 1862 1863
1064 9 2 0 27 1467 183 184 1863 207 1845
1065 9 2 0 27 147 6 172 171 177 1864
1066 9 2 0 27 147 172 1468 1864 1865 1847
1067 9 2 0 27 1468 172 173 1865 178 1866
1068 9 2 0 27 1468 173 1469 1866 1867 1850
1069 9 2 0 27 1469 173 174 1867 179 1868
1070 9 2 0 27 1469 174 1470 1868 1869 1853
1071 9 2 0 27 1470 174 175 1869 180 1870
1072 9 2 0 27 1470 175 1471 1870 1871 1856
1073 9 2 0 27 1471 175 176 1871 181 1872
1074 9 2 0 27 1471 176 1472 1872 1873 1859
1075 9 2 0 27 1472 176 7 1873 182 1874
1076 9 2 0 27 1472 7 183 1874 206 1862
1077 11 2 0 1 1 9 261 1875 32 378 376 2105 2106 2107
1078 11 2 0 1 778 241 1875 9 826 2108 2109 825 2107 824
1079 11 2 0 1 9 241 1875 1 824 2108 2107 32 2105 243
1080 11 2 0 1 241 778 1875 1876 826 2109 2108 2110 2111 2112
1081 11 2 0 1 779 242 1876 778 829 2113 2114 828 2112 827
1082 11 2 0 1 778 242 1876 241 827 2113 2112 826 2110 244
1083 11 2 0 1 242 779 1876 1358 829 2114 2113 2115 2116 2117
1084 11 2 0 1 125 5 1358 779 148 1474 1473 831 2117 830
1085 11 2 0 1 779 5 1358 242 830 1474 2117 829 2115 245
1086 11 2 0 1 1 261 103 1303 376 377 108 1314 1315 2118
1087 11 2 0 1 1875 241 1303 1 2108 1313 2119 2105 1314 243
1088 11 2 0 1 261 1 1875 1303 376 2105 2106 2118 2119 1314
1089 11 2 0 1 241 1875 1303 1304 2108 2119 1313 1317 1318 2120
1090 11 2 0 1 1876 242 1304 241 2113 1316 2121 2110 1317 244
1091 11 2 0 1 1875 241 1876 1304 2108 2110 2111 2120 2121 1317
1092 11 2 0 1 242 1876 1304 234 2113 2121 1316 1319 1320 2122
1093 11 2 0 1 1358 5 234 242 1474 240 1475 2115 1319 245
1094 11 2 0 1 1876 242 1358 234 2113 2115 2116 2122 1475 1319
1095 11 2 0 1 103 261 262 1877 377 381 379 2123 2124 2125
1096 11 2 0 1 1875 1303 1877 261 2119 2126 2127 2106 2125 2118
1097 11 2 0 1 261 1303 1877 103 2118 2126 2125 377 2123 1315
1098 11 2 0 1 1303 1875 1877 1878 2119 2127 2126 2128 2129 2130
1099 11 2 0 1 1876 1304 1878 1875 2121 2131 2132 2111 2130 2120
1100 11 2 0 1 1875 1304 1878 1303 2120 2131 2130 2119 2128 1318
1101 11 2 0 1 1304 1876 1878 1359 2121 2132 2131 2133 2134 2135
1102 11 2 0 1 1358 234 1359 1876 1475 1477 1476 2116 2135 2122
1103 11 2 0 1 1876 234 1359 1304 2122 1477 2135 2121 2133 1320
1104 11 2 0 1 103 262 104 1305 379 380 109 1322 1323 2136
1105 11 2 0 1 1877 1303 1305 103 2126 1321 2137 2123 1322 1315
1106 11 2 0 1 262 103 1877 1305 379 2123 2124 2136 2137 1322
1107 11 2 0 1 1303 1877 1305 1306 2126 2137 1321 1325 1326 2138
1108 11 2 0 1 1878 1304 1306 1303 2131 1324 2139 2128 1325 1318
1109 11 2 0 1 1877 1303 1878 1306 2126 2128 2129 2138 2139 1325
1110 11 2 0 1 1304 1878 1306 233 2131 2139 1324 1327 1328 2140
1111 11 2 0 1 1359 234 233 1304 1477 239 1478 2133 1327 1320
1112 11 2 0 1 1878 1304 1359 233 2131 2133 2134 2140 1478 1327
1113 11 2 0 1 104 262 263 1879 380 384 382 2141 2142 2143
1114 11 2 0 1 1877 1305 1879 262 2137 2144 2145 2124 2143 2136
1115 11 2 0 1 262 1305 1879 104 2136 2144 2143 380 2141 1323
1116 11 2 0 1 1305 1877 1879 1880 2137 2145 2144 2146 2147 2148
1117 11 2 0 1 1878 1306 1880 1877 2139 2149 2150 2129 2148 2138
1118 11 2 0 1 1877 1306 1880 1305 2138 2149 2148 2137 2146 1326
1119 11 2 0 1 1306 1878 1880 1360 2139 2150 2149 2151 2152 2153
1120 11 2 0 1 1359 233 1360 1878 1478 1480 1479 2134 2153 2140
1121 11 2 0 1 1878 233 1360 1306 2140 1480 2153 2139 2151 1328
1122 11 2 0 1 104 263 105 1307 382 383 110 1330 1331 2154
1123 11 2 0 1 1879 1305 1307 104 2144 1329 2155 2141 1330 1323
1124 11 2 0 1 263 104 1879 1307 382 2141 2142 2154 2155 1330
1125 11 2 0 1 1305 1879 1307 1308 2144 2155 1329 1333 1334 2156
1126 11 2 0 1 1880 1306 1308 1305 2149 1332 2157 2146 1333 1326
1127 11 2 0 1 1879 1305 1880 1308 2144 2146 2147 2156 2157 1333
1128 11 2 0 1 1306 1880 1308 232 2149 2157 1332 1335 1336 2158
1129 11 2 0 1 1360 233 232 1306 1480 238 1481 2151 1335 1328
1130 11 2 0 1 1880 1306 1360 232 2149 2151 2152 2158 1481 1335
1131 11 2 0 1 105 263 264 1881 383 387 385 2159 2160 2161
1132 11 2 0 1 1879 1307 1881 263 2155 2162 2163 2142 2161 2154
1133 11 2 0 1 263 1307 1881 105 2154 2162 2161 383 2159 1331
1134 11 2 0 1 1307 1879 1881 1882 2155 2163 2162 2164 2165 2166
1135 11 2 0 1 1880 1308 1882 1879 2157 2167 2168 2147 2166 2156
1136 11 2 0 1 1879 1308 1882 1307 2156 2167 2166 2155 2164 1334
1137 11 2 0 1 1308 1880 1882 1361 2157 2168 2167 2169 2170 2171
1138 11 2 0 1 1360 232 1361 1880 1481 1483 1482 2152 2171 2158
1139 11 2 0 1 1880 232 1361 1308 2158 1483 2171 2157 2169 1336
1140 11 2 0 1 105 264 106 1309 385 386 111 1338 1339 2172
1141 11 2 0 1 1881 1307 1309 105 2162 1337 2173 2159 1338 1331
1142 11 2 0 1 264 105 1881 1309 385 2159 2160 2172 2173 1338
1143 11 2 0 1 1307 1881 1309 1310 2162 2173 1337 1341 1342 2174
1144 11 2 0 1 1882 1308 1310 1307 2167 1340 2175 2164 1341 1334
1145 11 2 0 1 1881 1307 1882 1310 2162 2164 2165 2174 2175 1341
1146 11 2 0 1 1308 1882 1310 231 2167 2175 1340 1343 1344 2176
1147 11 2 0 1 1361 232 231 1308 1483 237 1484 2169 1343 1336
1148 11 2 0 1 1882 1308 1361 231 2167 2169 2170 2176 1484 1343
1149 11 2 0 1 106 264 265 1883 386 390 388 2177 2178 2179
1150 11 2 0 1 1881 1309 1883 264 2173 2180 2181 2160 2179 2172
1151 11 2 0 1 264 1309 1883 106 2172 2180 2179 386 2177 1339
1152 11 2 0 1 1309 1881 1883 1884 2173 2181 2180 2182 2183 2184
1153 11 2 0 1 1882 1310 1884 1881 2175 2185 2186 2165 2184 2174
1154 11 2 0 1 1881 1310 1884 1309 2174 2185 2184 2173 2182 1342
1155 11 2 0 1 1310 1882 1884 1362 2175 2186 2185 2187 2188 2189
1156 11 2 0 1 1361 231 1362 1882 1484 1486 1485 2170 2189 2176
1157 11 2 0 1 1882 231 1362 1310 2176 1486 2189 2175 2187 1344
1158 11 2 0 1 106 265 107 1311 388 389 112 1346 1347 2190
1159 11 2 0 1 1883 1309 1311 106 2180 1345 2191 2177 1346 1339
1160 11 2 0 1 265 106 1883 1311 388 2177 2178 2190 2191 1346
1161 11 2 0 1 1309 1883 1311 1312 2180 2191 1345 1349 1350 2192
1162 11 2 0 1 1884 1310 1312 1309 2185 1348 2193 2182 1349 1342
1163 11 2 0 1 1883 1309 1884 1312 2180 2182 2183 2192 2193 1349
1164 11 2 0 1 1310 1884 1312 230 2185 2193 1348 1351 1352 2194
1165 11 2 0 1 1362 231 230 1310 1486 236 1487 2187 1351 1344
1166 11 2 0 1 1884 1310 1362 230 2185 2187 2188 2194 1487 1351
1167 11 2 0 1 107 265 56 1068 389 392 391 2195 1116 2196
1168 11 2 0 1 1883 1311 1068 265 2191 2197 2198 2178 2196 2190
1169 11 2 0 1 265 1311 1068 107 2190 2197 2196 389 2195 1347
1170 11 2 0 1 1311 1883 1068 1069 2191 2198 2197 2199 1119 2200
1171 11 2 0 1 1884 1312 1069 1883 2193 2201 2202 2183 2200 2192
1172 11 2 0 1 1883 1312 1069 1311 2192 2201 2200 2191 2199 1350
1173 11 2 0 1 1312 1884 1069 205 2193 2202 2201 2203 1121 2204
1174 11 2 0 1 1362 230 205 1884 1487 1489 1488 2188 2204 2194
1175 11 2 0 1 1884 230 205 1312 2194 1489 2204 2193 2203 1352
1176 11 2 0 1 107 56 3 256 391 79 113 1354 258 1114
1177 11 2 0 1 1068 1311 256 107 2197 1353 1115 2195 1354 1347
1178 11 2 0 1 56 107 1068 256 391 2195 1116 1114 1115 1354
1179 11 2 0 1 1311 1068 256 257 2197 1115 1353 1356 259 1117
1180 11 2 0 1 1069 1312 257 1311 2201 1355 1118 2199 1356 1350
1181 11 2 0 1 1068 1311 1069 257 2197 2199 1119 1117 1118 1356
1182 11 2 0 1 1312 1069 257 8 2201 1118 1355 1357 260 1120
1183 11 2 0 1 205 230 8 1312 1489 235 229 2203 1357 1352
1184 11 2 0 1 1069 1312 205 8 2201 2203 1121 1120 229 1357
1185 11 2 0 1 9 10 266 1885 33 395 393 2205 2206 2207
1186 11 2 0 1 780 778 1885 10 834 2208 2209 833 2207 832
1187 11 2 0 1 10 778 1885 9 832 2208 2207 33 2205 825
1188 11 2 0 1 778 780 1885 1886 834 2209 2208 2210 2211 2212
1189 11 2 0 1 781 779 1886 780 837 2213 2214 836 2212 835
1190 11 2 0 1 780 779 1886 778 835 2213 2212 834 2210 828
1191 11 2 0 1 779 781 1886 1363 837 2214 2213 2215 2216 2217
1192 11 2 0 1 126 125 1363 781 149 1491 1490 839 2217 838
1193 11 2 0 1 781 125 1363 779 838 1491 2217 837 2215 831
1194 11 2 0 1 9 266 261 1875 393 394 378 2107 2106 2218
1195 11 2 0 1 1885 778 1875 9 2208 2109 2219 2205 2107 825
1196 11 2 0 1 266 9 1885 1875 393 2205 2206 2218 2219 2107
1197 11 2 0 1 778 1885 1875 1876 2208 2219 2109 2112 2111 2220
1198 11 2 0 1 1886 779 1876 778 2213 2114 2221 2210 2112 828
1199 11 2 0 1 1885 778 1886 1876 2208 2210 2211 2220 2221 2112
1200 11 2 0 1 779 1886 1876 1358 2213 2221 2114 2117 2116 2222
1201 11 2 0 1 1363 125 1358 779 1491 1473 1492 2215 2117 831
1202 11 2 0 1 1886 779 1363 1358 2213 2215 2216 2222 1492 2117
1203 11 2 0 1 261 266 267 1887 394 398 396 2223 2224 2225
1204 11 2 0 1 1885 1875 1887 266 2219 2226 2227 2206 2225 2218
1205 11 2 0 1 266 1875 1887 261 2218 2226 2225 394 2223 2106
1206 11 2 0 1 1875 1885 1887 1888 2219 2227 2226 2228 2229 2230
1207 11 2 0 1 1886 1876 1888 1885 2221 2231 2232 2211 2230 2220
1208 11 2 0 1 1885 1876 1888 1875 2220 2231 2230 2219 2228 2111
1209 11 2 0 1 1876 1886 1888 1364 2221 2232 2231 2233 2234 2235
1210 11 2 0 1 1363 1358 1364 1886 1492 1494 1493 2216 2235 2222
1211 11 2 0 1 1886 1358 1364 1876 2222 1494 2235 2221 2233 2116
1212 11 2 0 1 261 267 262 1877 396 397 381 2125 2124 2236
1213 11 2 0 1 1887 1875 1877 261 2226 2127 2237 2223 2125 2106
1214 11 2 0 1 267 261 1887 1877 396 2223 2224 2236 2237 2125
1215 11 2 0 1 1875 1887 1877 1878 2226 2237 2127 2130 2129 2238
1216 11 2 0 1 1888 1876 1878 1875 2231 2132 2239 2228 2130 2111
1217 11 2 0 1 1887 1875 1888 1878 2226 2228 2229 2238 2239 2130
1218 11 2 0 1 1876 1888 1878 1359 2231 2239 2132 2135 2134 2240
1219 11 2 0 1 1364 1358 1359 1876 1494 1476 1495 2233 2135 2116
1220 11 2 0 1 1888 1876 1364 1359 2231 2233 2234 2240 1495 2135
1221 11 2 0 1 262 267 268 1889 397 401 399 2241 2242 2243
1222 11 2 0 1 1887 1877 1889 267 2237 2244 2245 2224 2243 2236
1223 11 2 0 1 267 1877 1889 262 2236 2244 2243 397 2241 2124
1224 11 2 0 1 1877 1887 1889 1890 2237 2245 2244 2246 2247 2248
1225 11 2 0 1 1888 1878 1890 1887 2239 2249 2250 2229 2248 2238
1226 11 2 0 1 1887 1878 1890 1877 2238 2249 2248 2237 2246 2129
1227 11 2 0 1 1878 1888 1890 1365 2239 2250 2249 2251 2252 2253
1228 11 2 0 1 1364 1359 1365 1888 1495 1497 1496 2234 2253 2240
1229 11 2 0 1 1888 1359 1365 1878 2240 1497 2253 2239 2251 2134
1230 11 2 0 1 262 268 263 1879 399 400 384 2143 2142 2254
1231 11 2 0 1 1889 1877 1879 262 2244 2145 2255 2241 2143 2124
1232 11 2 0 1 268 262 1889 1879 399 2241 2242 2254 2255 2143
1233 11 2 0 1 1877 1889 1879 1880 2244 2255 2145 2148 2147 2256
1234 11 2 0 1 1890 1878 1880 1877 2249 2150 2257 2246 2148 2129
1235 11 2 0 1 1889 1877 1890 1880 2244 2246 2247 2256 2257 2148
1236 11 2 0 1 1878 1890 1880 1360 2249 2257 2150 2153 2152 2258
1237 11 2 0 1 1365 1359 1360 1878 1497 1479 1498 2251 2153 2134
1238 11 2 0 1 1890 1878 1365 1360 2249 2251 2252 2258 1498 2153
1239 11 2 0 1 263 268 269 1891 400 404 402 2259 2260 2261
1240 11 2 0 1 1889 1879 1891 268 2255 2262 2263 2242 2261 2254
1241 11 2 0 1 268 1879 1891 263 2254 2262 2261 400 2259 2142
1242 11 2 0 1 1879 1889 1891 1892 2255 2263 2262 2264 2265 2266
1243 11 2 0 1 1890 1880 1892 1889 2257 2267 2268 2247 2266 2256
1244 11 2 0 1 1889 1880 1892 1879 2256 2267 2266 2255 2264 2147
1245 11 2 0 1 1880 1890 1892 1366 2257 2268 2267 2269 2270 2271
1246 11 2 0 1 1365 1360 1366 1890 1498 1500 1499 2252 2271 2258
1247 11 2 0 1 1890 1360 1366 1880 2258 1500 2271 2257 2269 2152
1248 11 2 0 1 263 269 264 1881 402 403 387 2161 2160 2272
1249 11 2 0 1 1891 1879 1881 263 2262 2163 2273 2259 2161 2142
1250 11 2 0 1 269 263 1891 1881 402 2259 2260 2272 2273 2161
1251 11 2 0 1 1879 1891 1881 1882 2262 2273 2163 2166 2165 2274
1252 11 2 0 1 1892 1880 1882 1879 2267 2168 2275 2264 2166 2147
1253 11 2 0 1 1891 1879 1892 1882 2262 2264 2265 2274 2275 2166
1254 11 2 0 1 1880 1892 1882 1361 2267 2275 2168 2171 2170 2276
1255 11 2 0 1 1366 1360 1361 1880 1500 1482 1501 2269 2171 2152
1256 11 2 0 1 1892 1880 1366 1361 2267 2269 2270 2276 1501 2171
1257 11 2 0 1 264 269 270 1893 403 407 405 2277 2278 2279
1258 11 2 0 1 1891 1881 1893 269 2273 2280 2281 2260 2279 2272
1259 11 2 0 1 269 1881 1893 264 2272 2280 2279 403 2277 2160
1260 11 2 0 1 1881 1891 1893 1894 2273 2281 2280 2282 2283 2284
1261 11 2 0 1 1892 1882 1894 1891 2275 2285 2286 2265 2284 2274
1262 11 2 0 1 1891 1882 1894 1881 2274 2285 2284 2273 2282 2165
1263 11 2 0 1 1882 1892 1894 1367 2275 2286 2285 2287 2288 2289
1264 11 2 0 1 1366 1361 1367 1892 1501 1503 1502 2270 2289 2276
1265 11 2 0 1 1892 1361 1367 1882 2276 1503 2289 2275 2287 2170
1266 11 2 0 1 264 270 265 1883 405 406 390 2179 2178 2290
1267 11 2 0 1 1893 1881 1883 264 2280 2181 2291 2277 2179 2160
1268 11 2 0 1 270 264 1893 1883 405 2277 2278 2290 2291 2179
1269 11 2 0 1 1881 1893 1883 1884 2280 2291 2181 2184 2183 2292
1270 11 2 0 1 1894 1882 1884 1881 2285 2186 2293 2282 2184 2165
1271 11 2 0 1 1893 1881 1894 1884 2280 2282 2283 2292 2293 2184
1272 11 2 0 1 1882 1894 1884 1362 2285 2293 2186 2189 2188 2294
1273 11 2 0 1 1367 1361 1362 1882 1503 1485 1504 2287 2189 2170
1274 11 2 0 1 1894 1882 1367 1362 2285 2287 2288 2294 1504 2189
1275 11 2 0 1 265 270 57 1070 406 409 408 2295 1124 2296
1276 11 2 0 1 1893 1883 1070 270 2291 2297 2298 2278 2296 2290
1277 11 2 0 1 270 1883 1070 265 2290 2297 2296 406 2295 2178
1278 11 2 0 1 1883 1893 1070 1071 2291 2298 2297 2299 1127 2300
1279 11 2 0 1 1894 1884 1071 1893 2293 2301 2302 2283 2300 2292
1280 11 2 0 1 1893 1884 1071 1883 2292 2301 2300 2291 2299 2183
1281 11 2 0 1 1884 1894 1071 204 2293 2302 2301 2303 1129 2304
1282 11 2 0 1 1367 1362 204 1894 1504 1506 1505 2288 2304 2294
1283 11 2 0 1 1894 1362 204 1884 2294 1506 2304 2293 2303 2188
1284 11 2 0 1 265 57 56 1068 408 80 392 2196 1116 1122
1285 11 2 0 1 1070 1883 1068 265 2297 2198 1123 2295 2196 2178
1286 11 2 0 1 57 265 1070 1068 408 2295 1124 1122 1123 2196
1287 11 2 0 1 1883 1070 1068 1069 2297 1123 2198 2200 1119 1125
1288 11 2 0 1 1071 1884 1069 1883 2301 2202 1126 2299 2200 2183
1289 11 2 0 1 1070 1883 1071 1069 2297 2299 1127 1125 1126 2200
1290 11 2 0 1 1884 1071 1069 205 2301 1126 2202 2204 1121 1128
1291 11 2 0 1 204 1362 205 1884 1506 1488 228 2303 2204 2188
1292 11 2 0 1 1071 1884 204 205 2301 2303 1129 1128 228 2204
1293 11 2 0 1 10 11 271 1895 34 412 410 2305 2306 2307
1294 11 2 0 1 782 780 1895 11 842 2308 2309 841 2307 840
1295 11 2 0 1 11 780 1895 10 840 2308 2307 34 2305 833
1296 11 2 0 1 780 782 1895 1896 842 2309 2308 2310 2311 2312
1297 11 2 0 1 783 781 1896 782 845 2313 2314 844 2312 843
1298 11 2 0 1 782 781 1896 780 843 2313 2312 842 2310 836
1299 11 2 0 1 781 783 1896 1368 845 2314 2313 2315 2316 2317
1300 11 2 0 1 127 126 1368 783 150 1508 1507 847 2317 846
1301 11 2 0 1 783 126 1368 781 846 1508 2317 845 2315 839
1302 11 2 0 1 10 271 266 1885 410 411 395 2207 2206 2318
1303 11 2 0 1 1895 780 1885 10 2308 2209 2319 2305 2207 833
1304 11 2 0 1 271 10 1895 1885 410 2305 2306 2318 2319 2207
1305 11 2 0 1 780 1895 1885 1886 2308 2319 2209 2212 2211 2320
1306 11 2 0 1 1896 781 1886 780 2313 2214 2321 2310 2212 836
1307 11 2 0 1 1895 780 1896 1886 2308 2310 2311 2320 2321 2212
1308 11 2 0 1 781 1896 1886 1363 2313 2321 2214 2217 2216 2322
1309 11 2 0 1 1368 126 1363 781 1508 1490 1509 2315 2217 839
1310 11 2 0 1 1896 781 1368 1363 2313 2315 2316 2322 1509 2217
1311 11 2 0 1 266 271 272 1897 411 415 413 2323 2324 2325
1312 11 2 0 1 1895 1885 1897 271 2319 2326 2327 2306 2325 2318
1313 11 2 0 1 271 1885 1897 266 2318 2326 2325 411 2323 2206
1314 11 2 0 1 1885 1895 1897 1898 2319 2327 2326 2328 2329 2330
1315 11 2 0 1 1896 1886 1898 1895 2321 2331 2332 2311 2330 2320
1316 11 2 0 1 1895 1886 1898 1885 2320 2331 2330 2319 2328 2211
1317 11 2 0 1 1886 1896 1898 1369 2321 2332 2331 2333 2334 2335
1318 11 2 0 1 1368 1363 1369 1896 1509 1511 1510 2316 2335 2322
1319 11 2 0 1 1896 1363 1369 1886 2322 1511 2335 2321 2333 2216
1320 11 2 0 1 266 272 267 1887 413 414 398 2225 2224 2336
1321 11 2 0 1 1897 1885 1887 266 2326 2227 2337 2323 2225 2206
1322 11 2 0 1 272 266 1897 1887 413 2323 2324 2336 2337 2225
1323 11 2 0 1 1885 1897 1887 1888 2326 2337 2227 2230 2229 2338
1324 11 2 0 1 1898 1886 1888 1885 2331 2232 2339 2328 2230 2211
1325 11 2 0 1 1897 1885 1898 1888 2326 2328 2329 2338 2339 2230
1326 11 2 0 1 1886 1898 1888 1364 2331 2339 2232 2235 2234 2340
1327 11 2 0 1 1369 1363 1364 1886 1511 1493 1512 2333 2235 2216
1328 11 2 0 1 1898 1886 1369 1364 2331 2333 2334 2340 1512 2235
1329 11 2 0 1 267 272 273 1899 414 418 416 2341 2342 2343
1330 11 2 0 1 1897 1887 1899 272 2337 2344 2345 2324 2343 2336
1331 11 2 0 1 272 1887 1899 267 2336 2344 2343 414 2341 2224
1332 11 2 0 1 1887 1897 1899 1900 2337 2345 2344 2346 2347 2348
1333 11 2 0 1 1898 1888 1900 1897 2339 2349 2350 2329 2348 2338
1334 11 2 0 1 1897 1888 1900 1887 2338 2349 2348 2337 2346 2229
1335 11 2 0 1 1888 1898 1900 1370 2339 2350 2349 2351 2352 2353
1336 11 2 0 1 1369 1364 1370 1898 1512 1514 1513 2334 2353 2340
1337 11 2 0 1 1898 1364 1370 1888 2340 1514 2353 2339 2351 2234
1338 11 2 0 1 267 273 268 1889 416 417 401 2243 2242 2354
1339 11 2 0 1 1899 1887 1889 267 2344 2245 2355 2341 2243 2224
1340 11 2 0 1 273 267 1899 1889 416 2341 2342 2354 2355 2243
1341 11 2 0 1 1887 1899 1889 1890 2344 2355 2245 2248 2247 2356
1342 11 2 0 1 1900 1888 1890 1887 2349 2250 2357 2346 2248 2229
1343 11 2 0 1 1899 1887 1900 1890 2344 2346 2347 2356 2357 2248
1344 11 2 0 1 1888 1900 1890 1365 2349 2357 2250 2253 2252 2358
1345 11 2 0 1 1370 1364 1365 1888 1514 1496 1515 2351 2253 2234
1346 11 2 0 1 1900 1888 1370 1365 2349 2351 2352 2358 1515 2253
1347 11 2 0 1 268 273 274 1901 417 421 419 2359 2360 2361
1348 11 2 0 1 1899 1889 1901 273 2355 2362 2363 2342 2361 2354
1349 11 2 0 1 273 1889 1901 268 2354 2362 2361 417 2359 2242
1350 11 2 0 1 1889 1899 1901 1902 2355 2363 2362 2364 2365 2366
1351 11 2 0 1 1900 1890 1902 1899 2357 2367 2368 2347 2366 2356
1352 11 2 0 1 1899 1890 1902 1889 2356 2367 2366 2355 2364 2247
1353 11 2 0 1 1890 1900 1902 1371 2357 2368 2367 2369 2370 2371
1354 11 2 0 1 1370 1365 1371 1900 1515 1517 1516 2352 2371 2358
1355 11 2 0 1 1900 1365 1371 1890 2358 1517 2371 2357 2369 2252
1356 11 2 0 1 268 274 269 1891 419 420 404 2261 2260 2372
1357 11 2 0 1 1901 1889 1891 268 2362 2263 2373 2359 2261 2242
1358 11 2 0 1 274 268 1901 1891 419 2359 2360 2372 2373 2261
1359 11 2 0 1 1889 1901 1891 1892 2362 2373 2263 2266 2265 2374
1360 11 2 0 1 1902 1890 1892 1889 2367 2268 2375 2364 2266 2247
1361 11 2 0 1 1901 1889 1902 1892 2362 2364 2365 2374 2375 2266
1362 11 2 0 1 1890 1902 1892 1366 2367 2375 2268 2271 2270 2376
1363 11 2 0 1 1371 1365 1366 1890 1517 1499 1518 2369 2271 2252
1364 11 2 0 1 1902 1890 1371 1366 2367 2369 2370 2376 1518 2271
1365 11 2 0 1 269 274 275 1903 420 424 422 2377 2378 2379
1366 11 2 0 1 1901 1891 1903 274 2373 2380 2381 2360 2379 2372
1367 11 2 0 1 274 1891 1903 269 2372 2380 2379 420 2377 2260
1368 11 2 0 1 1891 1901 1903 1904 2373 2381 2380 2382 2383 2384
1369 11 2 0 1 1902 1892 1904 1901 2375 2385 2386 2365 2384 2374
1370 11 2 0 1 1901 1892 1904 1891 2374 2385 2384 2373 2382 2265
1371 11 2 0 1 1892 1902 1904 1372 2375 2386 2385 2387 2388 2389
1372 11 2 0 1 1371 1366 1372 1902 1518 1520 1519 2370 2389 2376
1373 11 2 0 1 1902 1366 1372 1892 2376 1520 2389 2375 2387 2270
1374 11 2 0 1 269 275 270 1893 422 423 407 2279 2278 2390
1375 11 2 0 1 1903 1891 1893 269 2380 2281 2391 2377 2279 2260
1376 11 2 0 1 275 269 1903 1893 422 2377 2378 2390 2391 2279
1377 11 2 0 1 1891 1903 1893 1894 2380 2391 2281 2284 2283 2392
1378 11 2 0 1 1904 1892 1894 1891 2385 2286 2393 2382 2284 2265
1379 11 2 0 1 1903 1891 1904 1894 2380 2382 2383 2392 2393 2284
1380 11 2 0 1 1892 1904 1894 1367 2385 2393 2286 2289 2288 2394
1381 11 2 0 1 1372 1366 1367 1892 1520 1502 1521 2387 2289 2270
1382 11 2 0 1 1904 1892 1372 1367 2385 2387 2388 2394 1521 2289
1383 11 2 0 1 270 275 58 1072 423 426 425 2395 1132 2396
1384 11 2 0 1 1903 1893 1072 275 2391 2397 2398 2378 2396 2390
1385 11 2 0 1 275 1893 1072 270 2390 2397 2396 423 2395 2278
1386 11 2 0 1 1893 1903 1072 1073 2391 2398 2397 2399 1135 2400
1387 11 2 0 1 1904 1894 1073 1903 2393 2401 2402 2383 2400 2392
1388 11 2 0 1 1903 1894 1073 1893 2392 2401 2400 2391 2399 2283
1389 11 2 0 1 1894 1904 1073 203 2393 2402 2401 2403 1137 2404
1390 11 2 0 1 1372 1367 203 1904 1521 1523 1522 2388 2404 2394
1391 11 2 0 1 1904 1367 203 1894 2394 1523 2404 2393 2403 2288
1392 11 2 0 1 270 58 57 1070 425 81 409 2296 1124 1130
1393 11 2 0 1 1072 1893 1070 270 2397 2298 1131 2395 2296 2278
1394 11 2 0 1 58 270 1072 1070 425 2395 1132 1130 1131 2296
1395 11 2 0 1 1893 1072 1070 1071 2397 1131 2298 2300 1127 1133
1396 11 2 0 1 1073 1894 1071 1893 2401 2302 1134 2399 2300 2283
1397 11 2 0 1 1072 1893 1073 1071 2397 2399 1135 1133 1134 2300
1398 11 2 0 1 1894 1073 1071 204 2401 1134 2302 2304 1129 1136
1399 11 2 0 1 203 1367 204 1894 1523 1505 227 2403 2304 2288
1400 11 2 0 1 1073 1894 203 204 2401 2403 1137 1136 227 2304
1401 11 2 0 1 11 12 276 1905 35 429 427 2405 2406 2407
1402 11 2 0 1 784 782 1905 12 850 2408 2409 849 2407 848
1403 11 2 0 1 12 782 1905 11 848 2408 2407 35 2405 841
1404 11 2 0 1 782 784 1905 1906 850 2409 2408 2410 2411 2412
1405 11 2 0 1 785 783 1906 784 853 2413 2414 852 2412 851
1406 11 2 0 1 784 783 1906 782 851 2413 2412 850 2410 844
1407 11 2 0 1 783 785 1906 1373 853 2414 2413 2415 2416 2417
1408 11 2 0 1 128 127 1373 785 151 1525 1524 855 2417 854
1409 11 2 0 1 785 127 1373 783 854 1525 2417 853 2415 847
1410 11 2 0 1 11 276 271 1895 427 428 412 2307 2306 2418
1411 11 2 0 1 1905 782 1895 11 2408 2309 2419 2405 2307 841
1412 11 2 0 1 276 11 1905 1895 427 2405 2406 2418 2419 2307
1413 11 2 0 1 782 1905 1895 1896 2408 2419 2309 2312 2311 2420
1414 11 2 0 1 1906 783 1896 782 2413 2314 2421 2410 2312 844
1415 11 2 0 1 1905 782 1906 1896 2408 2410 2411 2420 2421 2312
1416 11 2 0 1 783 1906 1896 1368 2413 2421 2314 2317 2316 2422
1417 11 2 0 1 1373 127 1368 783 1525 1507 1526 2415 2317 847
1418 11 2 0 1 1906 783 1373 1368 2413 2415 2416 2422 1526 2317
1419 11 2 0 1 271 276 277 1907 428 432 430 2423 2424 2425
1420 11 2 0 1 1905 1895 1907 276 2419 2426 2427 2406 2425 2418
1421 11 2 0 1 276 1895 1907 271 2418 2426 2425 428 2423 2306
1422 11 2 0 1 1895 1905 1907 1908 2419 2427 2426 2428 2429 2430
1423 11 2 0 1 1906 1896 1908 1905 2421 2431 2432 2411 2430 2420
1424 11 2 0 1 1905 1896 1908 1895 2420 2431 2430 2419 2428 2311
1425 11 2 0 1 1896 1906 1908 1374 2421 2432 2431 2433 2434 2435
1426 11 2 0 1 1373 1368 1374 1906 1526 1528 1527 2416 2435 2422
1427 11 2 0 1 1906 1368 1374 1896 2422 1528 2435 2421 2433 2316
1428 11 2 0 1 271 277 272 1897 430 431 415 2325 2324 2436
1429 11 2 0 1 1907 1895 1897 271 2426 2327 2437 2423 2325 2306
1430 11 2 0 1 277 271 1907 1897 430 2423 2424 2436 2437 2325
1431 11 2 0 1 1895 1907 1897 1898 2426 2437 2327 2330 2329 2438
1432 11 2 0 1 1908 1896 1898 1895 2431 2332 2439 2428 2330 2311
1433 11 2 0 1 1907 1895 1908 1898 2426 2428 2429 2438 2439 2330
1434 11 2 0 1 1896 1908 1898 1369 2431 2439 2332 2335 2334 2440
1435 11 2 0 1 1374 1368 1369 1896 1528 1510 1529 2433 2335 2316
1436 11 2 0 1 1908 1896 1374 1369 2431 2433 2434 2440 1529 2335
1437 11 2 0 1 272 277 278 1909 431 435 433 2441 2442 2443
1438 11 2 0 1 1907 1897 1909 277 2437 2444 2445 2424 2443 2436
1439 11 2 0 1 277 1897 1909 272 2436 2444 2443 431 2441 2324
1440 11 2 0 1 1897 1907 1909 1910 2437 2445 2444 2446 2447 2448
1441 11 2 0 1 1908 1898 1910 1907 2439 2449 2450 2429 2448 2438
1442 11 2 0 1 1907 1898 1910 1897 2438 2449 2448 2437 2446 2329
1443 11 2 0 1 1898 1908 1910 1375 2439 2450 2449 2451 2452 2453
1444 11 2 0 1 1374 1369 1375 1908 1529 1531 1530 2434 2453 2440
1445 11 2 0 1 1908 1369 1375 1898 2440 1531 2453 2439 2451 2334
1446 11 2 0 1 272 278 273 1899 433 434 418 2343 2342 2454
1447 11 2 0 1 1909 1897 1899 272 2444 2345 2455 2441 2343 2324
1448 11 2 0 1 278 272 1909 1899 433 2441 2442 2454 2455 2343
1449 11 2 0 1 1897 1909 1899 1900 2444 2455 2345 2348 2347 2456
1450 11 2 0 1 1910 1898 1900 1897 2449 2350 2457 2446 2348 2329
1451 11 2 0 1 1909 1897 1910 1900 2444 2446 2447 2456 2457 2348
1452 11 2 0 1 1898 1910 1900 1370 2449 2457 2350 2353 2352 2458
1453 11 2 0 1 1375 1369 1370 1898 1531 1513 1532 2451 2353 2334
1454 11 2 0 1 1910 1898 1375 1370 2449 2451 2452 2458 1532 2353
1455 11 2 0 1 273 278 279 1911 434 438 436 2459 2460 2461
1456 11 2 0 1 1909 1899 1911 278 2455 2462 2463 2442 2461 2454
1457 11 2 0 1 278 1899 1911 273 2454 2462 2461 434 2459 2342
1458 11 2 0 1 1899 1909 1911 1912 2455 2463 2462 2464 2465 2466
1459 11 2 0 1 1910 1900 1912 1909 2457 2467 2468 2447 2466 2456
1460 11 2 0 1 1909 1900 1912 1899 2456 2467 2466 2455 2464 2347
1461 11 2 0 1 1900 1910 1912 1376 2457 2468 2467 2469 2470 2471
1462 11 2 0 1 1375 1370 1376 1910 1532 1534 1533 2452 2471 2458
1463 11 2 0 1 1910 1370 1376 1900 2458 1534 2471 2457 2469 2352
1464 11 2 0 1 273 279 274 1901 436 437 421 2361 2360 2472
1465 11 2 0 1 1911 1899 1901 273 2462 2363 2473 2459 2361 2342
1466 11 2 0 1 279 273 1911 1901 436 2459 2460 2472 2473 2361
1467 11 2 0 1 1899 1911 1901 1902 2462 2473 2363 2366 2365 2474
1468 11 2 0 1 1912 1900 1902 1899 2467 2368 2475 2464 2366 2347
1469 11 2 0 1 1911 1899 1912 1902 2462 2464 2465 2474 2475 2366
1470 11 2 0 1 1900 1912 1902 1371 2467 2475 2368 2371 2370 2476
1471 11 2 0 1 1376 1370 1371 1900 1534 1516 1535 2469 2371 2352
1472 11 2 0 1 1912 1900 1376 1371 2467 2469 2470 2476 1535 2371
1473 11 2 0 1 274 279 280 1913 437 441 439 2477 2478 2479
1474 11 2 0 1 1911 1901 1913 279 2473 2480 2481 2460 2479 2472
1475 11 2 0 1 279 1901 1913 274 2472 2480 2479 437 2477 2360
1476 11 2 0 1 1901 1911 1913 1914 2473 2481 2480 2482 2483 2484
1477 11 2 0 1 1912 1902 1914 1911 2475 2485 2486 2465 2484 2474
1478 11 2 0 1 1911 1902 1914 1901 2474 2485 2484 2473 2482 2365
1479 11 2 0 1 1902 1912 1914 1377 2475 2486 2485 2487 2488 2489
1480 11 2 0 1 1376 1371 1377 1912 1535 1537 1536 2470 2489 2476
1481 11 2 0 1 1912 1371 1377 1902 2476 1537 2489 2475 2487 2370
1482 11 2 0 1 274 280 275 1903 439 440 424 2379 2378 2490
1483 11 2 0 1 1913 1901 1903 274 2480 2381 2491 2477 2379 2360
1484 11 2 0 1 280 274 1913 1903 439 2477 2478 2490 2491 2379
1485 11 2 0 1 1901 1913 1903 1904 2480 2491 2381 2384 2383 2492
1486 11 2 0 1 1914 1902 1904 1901 2485 2386 2493 2482 2384 2365
1487 11 2 0 1 1913 1901 1914 1904 2480 2482 2483 2492 2493 2384
1488 11 2 0 1 1902 1914 1904 1372 2485 2493 2386 2389 2388 2494
1489 11 2 0 1 1377 1371 1372 1902 1537 1519 1538 2487 2389 2370
1490 11 2 0 1 1914 1902 1377 1372 2485 2487 2488 2494 1538 2389
1491 11 2 0 1 275 280 59 1074 440 443 442 2495 1140 2496
1492 11 2 0 1 1913 1903 1074 280 2491 2497 2498 2478 2496 2490
1493 11 2 0 1 280 1903 1074 275 2490 2497 2496 440 2495 2378
1494 11 2 0 1 1903 1913 1074 1075 2491 2498 2497 2499 1143 2500
1495 11 2 0 1 1914 1904 1075 1913 2493 2501 2502 2483 2500 2492
1496 11 2 0 1 1913 1904 1075 1903 2492 2501 2500 2491 2499 2383
1497 11 2 0 1 1904 1914 1075 202 2493 2502 2501 2503 1145 2504
1498 11 2 0 1 1377 1372 202 1914 1538 1540 1539 2488 2504 2494
1499 11 2 0 1 1914 1372 202 1904 2494 1540 2504 2493 2503 2388
1500 11 2 0 1 275 59 58 1072 442 82 426 2396 1132 1138
1501 11 2 0 1 1074 1903 1072 275 2497 2398 1139 2495 2396 2378
1502 11 2 0 1 59 275 1074 1072 442 2495 1140 1138 1139 2396
1503 11 2 0 1 1903 1074 1072 1073 2497 1139 2398 2400 1135 1141
1504 11 2 0 1 1075 1904 1073 1903 2501 2402 1142 2499 2400 2383
1505 11 2 0 1 1074 1903 1075 1073 2497 2499 1143 1141 1142 2400
1506 11 2 0 1 1904 1075 1073 203 2501 1142 2402 2404 1137 1144
1507 11 2 0 1 202 1372 203 1904 1540 1522 226 2503 2404 2388
1508 11 2 0 1 1075 1904 202 203 2501 2503 1145 1144 226 2404
1509 11 2 0 1 12 13 281 1915 36 446 444 2505 2506 2507
1510 11 2 0 1 786 784 1915 13 858 2508 2509 857 2507 856
1511 11 2 0 1 13 784 1915 12 856 2508 2507 36 2505 849
1512 11 2 0 1 784 786 1915 1916 858 2509 2508 2510 2511 2512
1513 11 2 0 1 787 785 1916 786 861 2513 2514 860 2512 859
1514 11 2 0 1 786 785 1916 784 859 2513 2512 858 2510 852
1515 11 2 0 1 785 787 1916 1378 861 2514 2513 2515 2516 2517
1516 11 2 0 1 129 128 1378 787 152 1542 1541 863 2517 862
1517 11 2 0 1 787 128 1378 785 862 1542 2517 861 2515 855
1518 11 2 0 1 12 281 276 1905 444 445 429 2407 2406 2518
1519 11 2 0 1 1915 784 1905 12 2508 2409 2519 2505 2407 849
1520 11 2 0 1 281 12 1915 1905 444 2505 2506 2518 2519 2407
1521 11 2 0 1 784 1915 1905 1906 2508 2519 2409 2412 2411 2520
1522 11 2 0 1 1916 785 1906 784 2513 2414 2521 2510 2412 852
1523 11 2 0 1 1915 784 1916 1906 2508 2510 2511 2520 2521 2412
1524 11 2 0 1 785 1916 1906 1373 2513 2521 2414 2417 2416 2522
1525 11 2 0 1 1378 128 1373 785 1542 1524 1543 2515 2417 855
1526 11 2 0 1 1916 785 1378 1373 2513 2515 2516 2522 1543 2417
1527 11 2 0 1 276 281 282 1917 445 449 447 2523 2524 2525
1528 11 2 0 1 1915 1905 1917 281 2519 2526 2527 2506 2525 2518
1529 11 2 0 1 281 1905 1917 276 2518 2526 2525 445 2523 2406
1530 11 2 0 1 1905 1915 1917 1918 2519 2527 2526 2528 2529 2530
1531 11 2 0 1 1916 1906 1918 1915 2521 2531 2532 2511 2530 2520
1532 11 2 0 1 1915 1906 1918 1905 2520 2531 2530 2519 2528 2411
1533 11 2 0 1 1906 1916 1918 1379 2521 2532 2531 2533 2534 2535
1534 11 2 0 1 1378 1373 1379 1916 1543 1545 1544 2516 2535 2522
1535 11 2 0 1 1916 1373 1379 1906 2522 1545 2535 2521 2533 2416
1536 11 2 0 1 276 282 277 1907 447 448 432 2425 2424 2536
1537 11 2 0 1 1917 1905 1907 276 2526 2427 2537 2523 2425 2406
1538 11 2 0 1 282 276 1917 1907 447 2523 2524 2536 2537 2425
1539 11 2 0 1 1905 1917 1907 1908 2526 2537 2427 2430 2429 2538
1540 11 2 0 1 1918 1906 1908 1905 2531 2432 2539 2528 2430 2411
1541 11 2 0 1 1917 1905 1918 1908 2526 2528 2529 2538 2539 2430
1542 11 2 0 1 1906 1918 1908 1374 2531 2539 2432 2435 2434 2540
1543 11 2 0 1 1379 1373 1374 1906 1545 1527 1546 2533 2435 2416
1544 11 2 0 1 1918 1906 1379 1374 2531 2533 2534 2540 1546 2435
1545 11 2 0 1 277 282 283 1919 448 452 450 2541 2542 2543
1546 11 2 0 1 1917 1907 1919 282 2537 2544 2545 2524 2543 2536
1547 11 2 0 1 282 1907 1919 277 2536 2544 2543 448 2541 2424
1548 11 2 0 1 1907 1917 1919 1920 2537 2545 2544 2546 2547 2548
1549 11 2 0 1 1918 1908 1920 1917 2539 2549 2550 2529 2548 2538
1550 11 2 0 1 1917 1908 1920 1907 2538 2549 2548 2537 2546 2429
1551 11 2 0 1 1908 1918 1920 1380 2539 2550 2549 2551 2552 2553
1552 11 2 0 1 1379 1374 1380 1918 1546 1548 1547 2534 2553 2540
1553 11 2 0 1 1918 1374 1380 1908 2540 1548 2553 2539 2551 2434
1554 11 2 0 1 277 283 278 1909 450 451 435 2443 2442 2554
1555 11 2 0 1 1919 1907 1909 277 2544 2445 2555 2541 2443 2424
1556 11 2 0 1 283 277 1919 1909 450 2541 2542 2554 2555 2443
1557 11 2 0 1 1907 1919 1909 1910 2544 2555 2445 2448 2447 2556
1558 11 2 0 1 1920 1908 1910 1907 2549 2450 2557 2546 2448 2429
1559 11 2 0 1 1919 1907 1920 1910 2544 2546 2547 2556 2557 2448
1560 11 2 0 1 1908 1920 1910 1375 2549 2557 2450 2453 2452 2558
1561 11 2 0 1 1380 1374 1375 1908 1548 1530 1549 2551 2453 2434
1562 11 2 0 1 1920 1908 1380 1375 2549 2551 2552 2558 1549 2453
1563 11 2 0 1 278 283 284 1921 451 455 453 2559 2560 2561
1564 11 2 0 1 1919 1909 1921 283 2555 2562 2563 2542 2561 2554
1565 11 2 0 1 283 1909 1921 278 2554 2562 2561 451 2559 2442
1566 11 2 0 1 1909 1919 1921 1922 2555 2563 2562 2564 2565 2566
1567 11 2 0 1 1920 1910 1922 1919 2557 2567 2568 2547 2566 2556
1568 11 2 0 1 1919 1910 1922 1909 2556 2567 2566 2555 2564 2447
1569 11 2 0 1 1910 1920 1922 1381 2557 2568 2567 2569 2570 2571
1570 11 2 0 1 1380 1375 1381 1920 1549 1551 1550 2552 2571 2558
1571 11 2 0 1 1920 1375 1381 1910 2558 1551 2571 2557 2569 2452
1572 11 2 0 1 278 284 279 1911 453 454 438 2461 2460 2572
1573 11 2 0 1 1921 1909 1911 278 2562 2463 2573 2559 2461 2442
1574 11 2 0 1 284 278 1921 1911 453 2559 2560 2572 2573 2461
1575 11 2 0 1 1909 1921 1911 1912 2562 2573 2463 2466 2465 2574
1576 11 2 0 1 1922 1910 1912 1909 2567 2468 2575 2564 2466 2447
1577 11 2 0 1 1921 1909 1922 1912 2562 2564 2565 2574 2575 2466
1578 11 2 0 1 1910 1922 1912 1376 2567 2575 2468 2471 2470 2576
1579 11 2 0 1 1381 1375 1376 1910 1551 1533 1552 2569 2471 2452
1580 11 2 0 1 1922 1910 1381 1376 2567 2569 2570 2576 1552 2471
1581 11 2 0 1 279 284 285 1923 454 458 456 2577 2578 2579
1582 11 2 0 1 1921 1911 1923 284 2573 2580 2581 2560 2579 2572
1583 11 2 0 1 284 1911 1923 279 2572 2580 2579 454 2577 2460
1584 11 2 0 1 1911 1921 1923 1924 2573 2581 2580 2582 2583 2584
1585 11 2 0 1 1922 1912 1924 1921 2575 2585 2586 2565 2584 2574
1586 11 2 0 1 1921 1912 1924 1911 2574 2585 2584 2573 2582 2465
1587 11 2 0 1 1912 1922 1924 1382 2575 2586 2585 2587 2588 2589
1588 11 2 0 1 1381 1376 1382 1922 1552 1554 1553 2570 2589 2576
1589 11 2 0 1 1922 1376 1382 1912 2576 1554 2589 2575 2587 2470
1590 11 2 0 1 279 285 280 1913 456 457 441 2479 2478 2590
1591 11 2 0 1 1923 1911 1913 279 2580 2481 2591 2577 2479 2460
1592 11 2 0 1 285 279 1923 1913 456 2577 2578 2590 2591 2479
1593 11 2 0 1 1911 1923 1913 1914 2580 2591 2481 2484 2483 2592
1594 11 2 0 1 1924 1912 1914 1911 2585 2486 2593 2582 2484 2465
1595 11 2 0 1 1923 1911 1924 1914 2580 2582 2583 2592 2593 2484
1596 11 2 0 1 1912 1924 1914 1377 2585 2593 2486 2489 2488 2594
1597 11 2 0 1 1382 1376 1377 1912 1554 1536 1555 2587 2489 2470
1598 11 2 0 1 1924 1912 1382 1377 2585 2587 2588 2594 1555 2489
1599 11 2 0 1 280 285 60 1076 457 460 459 2595 1148 2596
1600 11 2 0 1 1923 1913 1076 285 2591 2597 2598 2578 2596 2590
1601 11 2 0 1 285 1913 1076 280 2590 2597 2596 457 2595 2478
1602 11 2 0 1 1913 1923 1076 1077 2591 2598 2597 2599 1151 2600
1603 11 2 0 1 1924 1914 1077 1923 2593 2601 2602 2583 2600 2592
1604 11 2 0 1 1923 1914 1077 1913 2592 2601 2600 2591 2599 2483
1605 11 2 0 1 1914 1924 1077 201 2593 2602 2601 2603 1153 2604
1606 11 2 0 1 1382 1377 201 1924 1555 1557 1556 2588 2604 2594
1607 11 2 0 1 1924 1377 201 1914 2594 1557 2604 2593 2603 2488
1608 11 2 0 1 280 60 59 1074 459 83 443 2496 1140 1146
1609 11 2 0 1 1076 1913 1074 280 2597 2498 1147 2595 2496 2478
1610 11 2 0 1 60 280 1076 1074 459 2595 1148 1146 1147 2496
1611 11 2 0 1 1913 1076 1074 1075 2597 1147 2498 2500 1143 1149
1612 11 2 0 1 1077 1914 1075 1913 2601 2502 1150 2599 2500 2483
1613 11 2 0 1 1076 1913 1077 1075 2597 2599 1151 1149 1150 2500
1614 11 2 0 1 1914 1077 1075 202 2601 1150 2502 2504 1145 1152
1615 11 2 0 1 201 1377 202 1914 1557 1539 225 2603 2504 2488
1616 11 2 0 1 1077 1914 201 202 2601 2603 1153 1152 225 2504
1617 11 2 0 1 13 14 286 1925 37 463 461 2605 2606 2607
1618 11 2 0 1 788 786 1925 14 866 2608 2609 865 2607 864
1619 11 2 0 1 14 786 1925 13 864 2608 2607 37 2605 857
1620 11 2 0 1 786 788 1925 1926 866 2609 2608 2610 2611 2612
1621 11 2 0 1 789 787 1926 788 869 2613 2614 868 2612 867
1622 11 2 0 1 788 787 1926 786 867 2613 2612 866 2610 860
1623 11 2 0 1 787 789 1926 1383 869 2614 2613 2615 2616 2617
1624 11 2 0 1 130 129 1383 789 153 1559 1558 871 2617 870
1625 11 2 0 1 789 129 1383 787 870 1559 2617 869 2615 863
1626 11 2 0 1 13 286 281 1915 461 462 446 2507 2506 2618
1627 11 2 0 1 1925 786 1915 13 2608 2509 2619 2605 2507 857
1628 11 2 0 1 286 13 1925 1915 461 2605 2606 2618 2619 2507
1629 11 2 0 1 786 1925 1915 1916 2608 2619 2509 2512 2511 2620
1630 11 2 0 1 1926 787 1916 786 2613 2514 2621 2610 2512 860
1631 11 2 0 1 1925 786 1926 1916 2608 2610 2611 2620 2621 2512
1632 11 2 0 1 787 1926 1916 1378 2613 2621 2514 2517 2516 2622
1633 11 2 0 1 1383 129 1378 787 1559 1541 1560 2615 2517 863
1634 11 2 0 1 1926 787 1383 1378 2613 2615 2616 2622 1560 2517
1635 11 2 0 1 281 286 287 1927 462 466 464 2623 2624 2625
1636 11 2 0 1 1925 1915 1927 286 2619 2626 2627 2606 2625 2618
1637 11 2 0 1 286 1915 1927 281 2618 2626 2625 462 2623 2506
1638 11 2 0 1 1915 1925 1927 1928 2619 2627 2626 2628 2629 2630
1639 11 2 0 1 1926 1916 1928 1925 2621 2631 2632 2611 2630 2620
1640 11 2 0 1 1925 1916 1928 1915 2620 2631 2630 2619 2628 2511
1641 11 2 0 1 1916 1926 1928 1384 2621 2632 2631 2633 2634 2635
1642 11 2 0 1 1383 1378 1384 1926 1560 1562 1561 2616 2635 2622
1643 11 2 0 1 1926 1378 1384 1916 2622 1562 2635 2621 2633 2516
1644 11 2 0 1 281 287 282 1917 464 465 449 2525 2524 2636
1645 11 2 0 1 1927 1915 1917 281 2626 2527 2637 2623 2525 2506
1646 11 2 0 1 287 281 1927 1917 464 2623 2624 2636 2637 2525
1647 11 2 0 1 1915 1927 1917 1918 2626 2637 2527 2530 2529 2638
1648 11 2 0 1 1928 1916 1918 1915 2631 2532 2639 2628 2530 2511
1649 11 2 0 1 1927 1915 1928 1918 2626 2628 2629 2638 2639 2530
1650 11 2 0 1 1916 1928 1918 1379 2631 2639 2532 2535 2534 2640
1651 11 2 0 1 1384 1378 1379 1916 1562 1544 1563 2633 2535 2516
1652 11 2 0 1 1928 1916 1384 1379 2631 2633 2634 2640 1563 2535
1653 11 2 0 1 282 287 288 1929 465 469 467 2641 2642 2643
1654 11 2 0 1 1927 1917 1929 287 2637 2644 2645 2624 2643 2636
1655 11 2 0 1 287 1917 1929 282 2636 2644 2643 465 2641 2524
1656 11 2 0 1 1917 1927 1929 1930 2637 2645 2644 2646 2647 2648
1657 11 2 0 1 1928 1918 1930 1927 2639 2649 2650 2629 2648 2638
1658 11 2 0 1 1927 1918 1930 1917 2638 2649 2648 2637 2646 2529
1659 11 2 0 1 1918 1928 1930 1385 2639 2650 2649 2651 2652 2653
1660 11 2 0 1 1384 1379 1385 1928 1563 1565 1564 2634 2653 2640
1661 11 2 0 1 1928 1379 1385 1918 2640 1565 2653 2639 2651 2534
1662 11 2 0 1 282 288 283 1919 467 468 452 2543 2542 2654
1663 11 2 0 1 1929 1917 1919 282 2644 2545 2655 2641 2543 2524
1664 11 2 0 1 288 282 1929 1919 467 2641 2642 2654 2655 2543
1665 11 2 0 1 1917 1929 1919 1920 2644 2655 2545 2548 2547 2656
1666 11 2 0 1 1930 1918 1920 1917 2649 2550 2657 2646 2548 2529
1667 11 2 0 1 1929 1917 1930 1920 2644 2646 2647 2656 2657 2548
1668 11 2 0 1 1918 1930 1920 1380 2649 2657 2550 2553 2552 2658
1669 11 2 0 1 1385 1379 1380 1918 1565 1547 1566 2651 2553 2534
1670 11 2 0 1 1930 1918 1385 1380 2649 2651 2652 2658 1566 2553
1671 11 2 0 1 283 288 289 1931 468 472 470 2659 2660 2661
1672 11 2 0 1 1929 1919 1931 288 2655 2662 2663 2642 2661 2654
1673 11 2 0 1 288 1919 1931 283 2654 2662 2661 468 2659 2542
1674 11 2 0 1 1919 1929 1931 1932 2655 2663 2662 2664 2665 2666
1675 11 2 0 1 1930 1920 1932 1929 2657 2667 2668 2647 2666 2656
1676 11 2 0 1 1929 1920 1932 1919 2656 2667 2666 2655 2664 2547
1677 11 2 0 1 1920 1930 1932 1386 2657 2668 2667 2669 2670 2671
1678 11 2 0 1 1385 1380 1386 1930 1566 1568 1567 2652 2671 2658
1679 11 2 0 1 1930 1380 1386 1920 2658 1568 2671 2657 2669 2552
1680 11 2 0 1 283 289 284 1921 470 471 455 2561 2560 2672
1681 11 2 0 1 1931 1919 1921 283 2662 2563 2673 2659 2561 2542
1682 11 2 0 1 289 283 1931 1921 470 2659 2660 2672 2673 2561
1683 11 2 0 1 1919 1931 1921 1922 2662 2673 2563 2566 2565 2674
1684 11 2 0 1 1932 1920 1922 1919 2667 2568 2675 2664 2566 2547
1685 11 2 0 1 1931 1919 1932 1922 2662 2664 2665 2674 2675 2566
1686 11 2 0 1 1920 1932 1922 1381 2667 2675 2568 2571 2570 2676
1687 11 2 0 1 1386 1380 1381 1920 1568 1550 1569 2669 2571 2552
1688 11 2 0 1 1932 1920 1386 1381 2667 2669 2670 2676 1569 2571
1689 11 2 0 1 284 289 290 1933 471 475 473 2677 2678 2679
1690 11 2 0 1 1931 1921 1933 289 2673 2680 2681 2660 2679 2672
1691 11 2 0 1 289 1921 1933 284 2672 2680 2679 471 2677 2560
1692 11 2 0 1 1921 1931 1933 1934 2673 2681 2680 2682 2683 2684
1693 11 2 0 1 1932 1922 1934 1931 2675 2685 2686 2665 2684 2674
1694 11 2 0 1 1931 1922 1934 1921 2674 2685 2684 2673 2682 2565
1695 11 2 0 1 1922 1932 1934 1387 2675 2686 2685 2687 2688 2689
1696 11 2 0 1 1386 1381 1387 1932 1569 1571 1570 2670 2689 2676
1697 11 2 0 1 1932 1381 1387 1922 2676 1571 2689 2675 2687 2570
1698 11 2 0 1 284 290 285 1923 473 474 458 2579 2578 2690
1699 11 2 0 1 1933 1921 1923 284 2680 2581 2691 2677 2579 2560
1700 11 2 0 1 290 284 1933 1923 473 2677 2678 2690 2691 2579
1701 11 2 0 1 1921 1933 1923 1924 2680 2691 2581 2584 2583 2692
1702 11 2 0 1 1934 1922 1924 1921 2685 2586 2693 2682 2584 2565
1703 11 2 0 1 1933 1921 1934 1924 2680 2682 2683 2692 2693 2584
1704 11 2 0 1 1922 1934 1924 1382 2685 2693 2586 2589 2588 2694
1705 11 2 0 1 1387 1381 1382 1922 1571 1553 1572 2687 2589 2570
1706 11 2 0 1 1934 1922 1387 1382 2685 2687 2688 2694 1572 2589
1707 11 2 0 1 285 290 61 1078 474 477 476 2695 1156 2696
1708 11 2 0 1 1933 1923 1078 290 2691 2697 2698 2678 2696 2690
1709 11 2 0 1 290 1923 1078 285 2690 2697 2696 474 2695 2578
1710 11 2 0 1 1923 1933 1078 1079 2691 2698 2697 2699 1159 2700
1711 11 2 0 1 1934 1924 1079 1933 2693 2701 2702 2683 2700 2692
1712 11 2 0 1 1933 1924 1079 1923 2692 2701 2700 2691 2699 2583
1713 11 2 0 1 1924 1934 1079 200 2693 2702 2701 2703 1161 2704
1714 11 2 0 1 1387 1382 200 1934 1572 1574 1573 2688 2704 2694
1715 11 2 0 1 1934 1382 200 1924 2694 1574 2704 2693 2703 2588
1716 11 2 0 1 285 61 60 1076 476 84 460 2596 1148 1154
1717 11 2 0 1 1078 1923 1076 285 2697 2598 1155 2695 2596 2578
1718 11 2 0 1 61 285 1078 1076 476 2695 1156 1154 1155 2596
1719 11 2 0 1 1923 1078 1076 1077 2697 1155 2598 2600 1151 1157
1720 11 2 0 1 1079 1924 1077 1923 2701 2602 1158 2699 2600 2583
1721 11 2 0 1 1078 1923 1079 1077 2697 2699 1159 1157 1158 2600
1722 11 2 0 1 1924 1079 1077 201 2701 1158 2602 2604 1153 1160
1723 11 2 0 1 200 1382 201 1924 1574 1556 224 2703 2604 2588
1724 11 2 0 1 1079 1924 200 201 2701 2703 1161 1160 224 2604
1725 11 2 0 1 14 15 291 1935 38 480 478 2705 2706 2707
1726 11 2 0 1 790 788 1935 15 874 2708 2709 873 2707 872
1727 11 2 0 1 15 788 1935 14 872 2708 2707 38 2705 865
1728 11 2 0 1 788 790 1935 1936 874 2709 2708 2710 2711 2712
1729 11 2 0 1 791 789 1936 790 877 2713 2714 876 2712 875
1730 11 2 0 1 790 789 1936 788 875 2713 2712 874 2710 868
1731 11 2 0 1 789 791 1936 1388 877 2714 2713 2715 2716 2717
1732 11 2 0 1 131 130 1388 791 154 1576 1575 879 2717 878
1733 11 2 0 1 791 130 1388 789 878 1576 2717 877 2715 871
1734 11 2 0 1 14 291 286 1925 478 479 463 2607 2606 2718
1735 11 2 0 1 1935 788 1925 14 2708 2609 2719 2705 2607 865
1736 11 2 0 1 291 14 1935 1925 478 2705 2706 2718 2719 2607
1737 11 2 0 1 788 1935 1925 1926 2708 2719 2609 2612 2611 2720
1738 11 2 0 1 1936 789 1926 788 2713 2614 2721 2710 2612 868
1739 11 2 0 1 1935 788 1936 1926 2708 2710 2711 2720 2721 2612
1740 11 2 0 1 789 1936 1926 1383 2713 2721 2614 2617 2616 2722
1741 11 2 0 1 1388 130 1383 789 1576 1558 1577 2715 2617 871
1742 11 2 0 1 1936 789 1388 1383 2713 2715 2716 2722 1577 2617
1743 11 2 0 1 286 291 292 1937 479 483 481 2723 2724 2725
1744 11 2 0 1 1935 1925 1937 291 2719 2726 2727 2706 2725 2718
1745 11 2 0 1 291 1925 1937 286 2718 2726 2725 479 2723 2606
1746 11 2 0 1 1925 1935 1937 1938 2719 2727 2726 2728 2729 2730
1747 11 2 0 1 1936 1926 1938 1935 2721 2731 2732 2711 2730 2720
1748 11 2 0 1 1935 1926 1938 1925 2720 2731 2730 2719 2728 2611
1749 11 2 0 1 1926 1936 1938 1389 2721 2732 2731 2733 2734 2735
1750 11 2 0 1 1388 1383 1389 1936 1577 1579 1578 2716 2735 2722
1751 11 2 0 1 1936 1383 1389 1926 2722 1579 2735 2721 2733 2616
1752 11 2 0 1 286 292 287 1927 481 482 466 2625 2624 2736
1753 11 2 0 1 1937 1925 1927 286 2726 2627 2737 2723 2625 2606
1754 11 2 0 1 292 286 1937 1927 481 2723 2724 2736 2737 2625
1755 11 2 0 1 1925 1937 1927 1928 2726 2737 2627 2630 2629 2738
1756 11 2 0 1 1938 1926 1928 1925 2731 2632 2739 2728 2630 2611
1757 11 2 0 1 1937 1925 1938 1928 2726 2728 2729 2738 2739 2630
1758 11 2 0 1 1926 1938 1928 1384 2731 2739 2632 2635 2634 2740
1759 11 2 0 1 1389 1383 1384 1926 1579 1561 1580 2733 2635 2616
1760 11 2 0 1 1938 1926 1389 1384 2731 2733 2734 2740 1580 2635
1761 11 2 0 1 287 292 293 1939 482 486 484 2741 2742 2743
1762 11 2 0 1 1937 1927 1939 292 2737 2744 2745 2724 2743 2736
1763 11 2 0 1 292 1927 1939 287 2736 2744 2743 482 2741 2624
1764 11 2 0 1 1927 1937 1939 1940 2737 2745 2744 2746 2747 2748
1765 11 2 0 1 1938 1928 1940 1937 2739 2749 2750 2729 2748 2738
1766 11 2 0 1 1937 1928 1940 1927 2738 2749 2748 2737 2746 2629
1767 11 2 0 1 1928 1938 1940 1390 2739 2750 2749 2751 2752 2753
1768 11 2 0 1 1389 1384 1390 1938 1580 1582 1581 2734 2753 2740
1769 11 2 0 1 1938 1384 1390 1928 2740 1582 2753 2739 2751 2634
1770 11 2 0 1 287 293 288 1929 484 485 469 2643 2642 2754
1771 11 2 0 1 1939 1927 1929 287 2744 2645 2755 2741 2643 2624
1772 11 2 0 1 293 287 1939 1929 484 2741 2742 2754 2755 2643
1773 11 2 0 1 1927 1939 1929 1930 2744 2755 2645 2648 2647 2756
1774 11 2 0 1 1940 1928 1930 1927 2749 2650 2757 2746 2648 2629
1775 11 2 0 1 1939 1927 1940 1930 2744 2746 2747 2756 2757 2648
1776 11 2 0 1 1928 1940 1930 1385 2749 2757 2650 2653 2652 2758
1777 11 2 0 1 1390 1384 1385 1928 1582 1564 1583 2751 2653 2634
1778 11 2 0 1 1940 1928 1390 1385 2749 2751 2752 2758 1583 2653
1779 11 2 0 1 288 293 294 1941 485 489 487 2759 2760 2761
1780 11 2 0 1 1939 1929 1941 293 2755 2762 2763 2742 2761 2754
1781 11 2 0 1 293 1929 1941 288 2754 2762 2761 485 2759 2642
1782 11 2 0 1 1929 1939 1941 1942 2755 2763 2762 2764 2765 2766
1783 11 2 0 1 1940 1930 1942 1939 2757 2767 2768 2747 2766 2756
1784 11 2 0 1 1939 1930 1942 1929 2756 2767 2766 2755 2764 2647
1785 11 2 0 1 1930 1940 1942 1391 2757 2768 2767 2769 2770 2771
1786 11 2 0 1 1390 1385 1391 1940 1583 1585 1584 2752 2771 2758
1787 11 2 0 1 1940 1385 1391 1930 2758 1585 2771 2757 2769 2652
1788 11 2 0 1 288 294 289 1931 487 488 472 2661 2660 2772
1789 11 2 0 1 1941 1929 1931 288 2762 2663 2773 2759 2661 2642
1790 11 2 0 1 294 288 1941 1931 487 2759 2760 2772 2773 2661
1791 11 2 0 1 1929 1941 1931 1932 2762 2773 2663 2666 2665 2774
1792 11 2 0 1 1942 1930 1932 1929 2767 2668 2775 2764 2666 2647
1793 11 2 0 1 1941 1929 1942 1932 2762 2764 2765 2774 2775 2666
1794 11 2 0 1 1930 1942 1932 1386 2767 2775 2668 2671 2670 2776
1795 11 2 0 1 1391 1385 1386 1930 1585 1567 1586 2769 2671 2652
1796 11 2 0 1 1942 1930 1391 1386 2767 2769 2770 2776 1586 2671
1797 11 2 0 1 289 294 295 1943 488 492 490 2777 2778 2779
1798 11 2 0 1 1941 1931 1943 294 2773 2780 2781 2760 2779 2772
1799 11 2 0 1 294 1931 1943 289 2772 2780 2779 488 2777 2660
1800 11 2 0 1 1931 1941 1943 1944 2773 2781 2780 2782 2783 2784
1801 11 2 0 1 1942 1932 1944 1941 2775 2785 2786 2765 2784 2774
1802 11 2 0 1 1941 1932 1944 1931 2774 2785 2784 2773 2782 2665
1803 11 2 0 1 1932 1942 1944 1392 2775 2786 2785 2787 2788 2789
1804 11 2 0 1 1391 1386 1392 1942 1586 1588 1587 2770 2789 2776
1805 11 2 0 1 1942 1386 1392 1932 2776 1588 2789 2775 2787 2670
1806 11 2 0 1 289 295 290 1933 490 491 475 2679 2678 2790
1807 11 2 0 1 1943 1931 1933 289 2780 2681 2791 2777 2679 2660
1808 11 2 0 1 295 289 1943 1933 490 2777 2778 2790 2791 2679
1809 11 2 0 1 1931 1943 1933 1934 2780 2791 2681 2684 2683 2792
1810 11 2 0 1 1944 1932 1934 1931 2785 2686 2793 2782 2684 2665
1811 11 2 0 1 1943 1931 1944 1934 2780 2782 2783 2792 2793 2684
1812 11 2 0 1 1932 1944 1934 1387 2785 2793 2686 2689 2688 2794
1813 11 2 0 1 1392 1386 1387 1932 1588 1570 1589 2787 2689 2670
1814 11 2 0 1 1944 1932 1392 1387 2785 2787 2788 2794 1589 2689
1815 11 2 0 1 290 295 62 1080 491 494 493 2795 1164 2796
1816 11 2 0 1 1943 1933 1080 295 2791 2797 2798 2778 2796 2790
1817 11 2 0 1 295 1933 1080 290 2790 2797 2796 491 2795 2678
1818 11 2 0 1 1933 1943 1080 1081 2791 2798 2797 2799 1167 2800
1819 11 2 0 1 1944 1934 1081 1943 2793 2801 2802 2783 2800 2792
1820 11 2 0 1 1943 1934 1081 1933 2792 2801 2800 2791 2799 2683
1821 11 2 0 1 1934 1944 1081 199 2793 2802 2801 2803 1169 2804
1822 11 2 0 1 1392 1387 199 1944 1589 1591 1590 2788 2804 2794
1823 11 2 0 1 1944 1387 199 1934 2794 1591 2804 2793 2803 2688
1824 11 2 0 1 290 62 61 1078 493 85 477 2696 1156 1162
1825 11 2 0 1 1080 1933 1078 290 2797 2698 1163 2795 2696 2678
1826 11 2 0 1 62 290 1080 1078 493 2795 1164 1162 1163 2696
1827 11 2 0 1 1933 1080 1078 1079 2797 1163 2698 2700 1159 1165
1828 11 2 0 1 1081 1934 1079 1933 2801 2702 1166 2799 2700 2683
1829 11 2 0 1 1080 1933 1081 1079 2797 2799 1167 1165 1166 2700
1830 11 2 0 1 1934 1081 1079 200 2801 1166 2702 2704 1161 1168
1831 11 2 0 1 199 1387 200 1934 1591 1573 223 2803 2704 2688
1832 11 2 0 1 1081 1934 199 200 2801 2803 1169 1168 223 2704
1833 11 2 0 1 15 16 296 1945 39 497 495 2805 2806 2807
1834 11 2 0 1 792 790 1945 16 882 2808 2809 881 2807 880
1835 11 2 0 1 16 790 1945 15 880 2808 2807 39 2805 873
1836 11 2 0 1 790 792 1945 1946 882 2809 2808 2810 2811 2812
1837 11 2 0 1 793 791 1946 792 885 2813 2814 884 2812 883
1838 11 2 0 1 792 791 1946 790 883 2813 2812 882 2810 876
1839 11 2 0 1 791 793 1946 1393 885 2814 2813 2815 2816 2817
1840 11 2 0 1 132 131 1393 793 155 1593 1592 887 2817 886
1841 11 2 0 1 793 131 1393 791 886 1593 2817 885 2815 879
1842 11 2 0 1 15 296 291 1935 495 496 480 2707 2706 2818
1843 11 2 0 1 1945 790 1935 15 2808 2709 2819 2805 2707 873
1844 11 2 0 1 296 15 1945 1935 495 2805 2806 2818 2819 2707
1845 11 2 0 1 790 1945 1935 1936 2808 2819 2709 2712 2711 2820
1846 11 2 0 1 1946 791 1936 790 2813 2714 2821 2810 2712 876
1847 11 2 0 1 1945 790 1946 1936 2808 2810 2811 2820 2821 2712
1848 11 2 0 1 791 1946 1936 1388 2813 2821 2714 2717 2716 2822
1849 11 2 0 1 1393 131 1388 791 1593 1575 1594 2815 2717 879
1850 11 2 0 1 1946 791 1393 1388 2813 2815 2816 2822 1594 2717
1851 11 2 0 1 291 296 297 1947 496 500 498 2823 2824 2825
1852 11 2 0 1 1945 1935 1947 296 2819 2826 2827 2806 2825 2818
1853 11 2 0 1 296 1935 1947 291 2818 2826 2825 496 2823 2706
1854 11 2 0 1 1935 1945 1947 1948 2819 2827 2826 2828 2829 2830
1855 11 2 0 1 1946 1936 1948 1945 2821 2831 2832 2811 2830 2820
1856 11 2 0 1 1945 1936 1948 1935 2820 2831 2830 2819 2828 2711
1857 11 2 0 1 1936 1946 1948 1394 2821 2832 2831 2833 2834 2835
1858 11 2 0 1 1393 1388 1394 1946 1594 1596 1595 2816 2835 2822
1859 11 2 0 1 1946 1388 1394 1936 2822 1596 2835 2821 2833 2716
1860 11 2 0 1 291 297 292 1937 498 499 483 2725 2724 2836
1861 11 2 0 1 1947 1935 1937 291 2826 2727 2837 2823 2725 2706
1862 11 2 0 1 297 291 1947 1937 498 2823 2824 2836 2837 2725
1863 11 2 0 1 1935 1947 1937 1938 2826 2837 2727 2730 2729 2838
1864 11 2 0 1 1948 1936 1938 1935 2831 2732 2839 2828 2730 2711
1865 11 2 0 1 1947 1935 1948 1938 2826 2828 2829 2838 2839 2730
1866 11 2 0 1 1936 1948 1938 1389 2831 2839 2732 2735 2734 2840
1867 11 2 0 1 1394 1388 1389 1936 1596 1578 1597 2833 2735 2716
1868 11 2 0 1 1948 1936 1394 1389 2831 2833 2834 2840 1597 2735
1869 11 2 0 1 292 297 298 1949 499 503 501 2841 2842 2843
1870 11 2 0 1 1947 1937 1949 297 2837 2844 2845 2824 2843 2836
1871 11 2 0 1 297 1937 1949 292 2836 2844 2843 499 2841 2724
1872 11 2 0 1 1937 1947 1949 1950 2837 2845 2844 2846 2847 2848
1873 11 2 0 1 1948 1938 1950 1947 2839 2849 2850 2829 2848 2838
1874 11 2 0 1 1947 1938 1950 1937 2838 2849 2848 2837 2846 2729
1875 11 2 0 1 1938 1948 1950 1395 2839 2850 2849 2851 2852 2853
1876 11 2 0 1 1394 1389 1395 1948 1597 1599 1598 2834 2853 2840
1877 11 2 0 1 1948 1389 1395 1938 2840 1599 2853 2839 2851 2734
1878 11 2 0 1 292 298 293 1939 501 502 486 2743 2742 2854
1879 11 2 0 1 1949 1937 1939 292 2844 2745 2855 2841 2743 2724
1880 11 2 0 1 298 292 1949 1939 501 2841 2842 2854 2855 2743
1881 11 2 0 1 1937 1949 1939 1940 2844 2855 2745 2748 2747 2856
1882 11 2 0 1 1950 1938 1940 1937 2849 2750 2857 2846 2748 2729
1883 11 2 0 1 1949 1937 1950 1940 2844 2846 2847 2856 2857 2748
1884 11 2 0 1 1938 1950 1940 1390 2849 2857 2750 2753 2752 2858
1885 11 2 0 1 1395 1389 1390 1938 1599 1581 1600 2851 2753 2734
1886 11 2 0 1 1950 1938 1395 1390 2849 2851 2852 2858 1600 2753
1887 11 2 0 1 293 298 299 1951 502 506 504 2859 2860 2861
1888 11 2 0 1 1949 1939 1951 298 2855 2862 2863 2842 2861 2854
1889 11 2 0 1 298 1939 1951 293 2854 2862 2861 502 2859 2742
1890 11 2 0 1 1939 1949 1951 1952 2855 2863 2862 2864 2865 2866
1891 11 2 0 1 1950 1940 1952 1949 2857 2867 2868 2847 2866 2856
1892 11 2 0 1 1949 1940 1952 1939 2856 2867 2866 2855 2864 2747
1893 11 2 0 1 1940 1950 1952 1396 2857 2868 2867 2869 2870 2871
1894 11 2 0 1 1395 1390 1396 1950 1600 1602 1601 2852 2871 2858
1895 11 2 0 1 1950 1390 1396 1940 2858 1602 2871 2857 2869 2752
1896 11 2 0 1 293 299 294 1941 504 505 489 2761 2760 2872
1897 11 2 0 1 1951 1939 1941 293 2862 2763 2873 2859 2761 2742
1898 11 2 0 1 299 293 1951 1941 504 2859 2860 2872 2873 2761
1899 11 2 0 1 1939 1951 1941 1942 2862 2873 2763 2766 2765 2874
1900 11 2 0 1 1952 1940 1942 1939 2867 2768 2875 2864 2766 2747
1901 11 2 0 1 1951 1939 1952 1942 2862 2864 2865 2874 2875 2766
1902 11 2 0 1 1940 1952 1942 1391 2867 2875 2768 2771 2770 2876
1903 11 2 0 1 1396 1390 1391 1940 1602 1584 1603 2869 2771 2752
1904 11 2 0 1 1952 1940 1396 1391 2867 2869 2870 2876 1603 2771
1905 11 2 0 1 294 299 300 1953 505 509 507 2877 2878 2879
1906 11 2 0 1 1951 1941 1953 299 2873 2880 2881 2860 2879 2872
1907 11 2 0 1 299 1941 1953 294 2872 2880 2879 505 2877 2760
1908 11 2 0 1 1941 1951 1953 1954 2873 2881 2880 2882 2883 2884
1909 11 2 0 1 1952 1942 1954 1951 2875 2885 2886 2865 2884 2874
1910 11 2 0 1 1951 1942 1954 1941 2874 2885 2884 2873 2882 2765
1911 11 2 0 1 1942 1952 1954 1397 2875 2886 2885 2887 2888 2889
1912 11 2 0 1 1396 1391 1397 1952 1603 1605 1604 2870 2889 2876
1913 11 2 0 1 1952 1391 1397 1942 2876 1605 2889 2875 2887 2770
1914 11 2 0 1 294 300 295 1943 507 508 492 2779 2778 2890
1915 11 2 0 1 1953 1941 1943 294 2880 2781 2891 2877 2779 2760
1916 11 2 0 1 300 294 1953 1943 507 2877 2878 2890 2891 2779
1917 11 2 0 1 1941 1953 1943 1944 2880 2891 2781 2784 2783 2892
1918 11 2 0 1 1954 1942 1944 1941 2885 2786 2893 2882 2784 2765
1919 11 2 0 1 1953 1941 1954 1944 2880 2882 2883 2892 2893 2784
1920 11 2 0 1 1942 1954 1944 1392 2885 2893 2786 2789 2788 2894
1921 11 2 0 1 1397 1391 1392 1942 1605 1587 1606 2887 2789 2770
1922 11 2 0 1 1954 1942 1397 1392 2885 2887 2888 2894 1606 2789
1923 11 2 0 1 295 300 63 1082 508 511 510 2895 1172 2896
1924 11 2 0 1 1953 1943 1082 300 2891 2897 2898 2878 2896 2890
1925 11 2 0 1 300 1943 1082 295 2890 2897 2896 508 2895 2778
1926 11 2 0 1 1943 1953 1082 1083 2891 2898 2897 2899 1175 2900
1927 11 2 0 1 1954 1944 1083 1953 2893 2901 2902 2883 2900 2892
1928 11 2 0 1 1953 1944 1083 1943 2892 2901 2900 2891 2899 2783
1929 11 2 0 1 1944 1954 1083 198 2893 2902 2901 2903 1177 2904
1930 11 2 0 1 1397 1392 198 1954 1606 1608 1607 2888 2904 2894
1931 11 2 0 1 1954 1392 198 1944 2894 1608 2904 2893 2903 2788
1932 11 2 0 1 295 63 62 1080 510 86 494 2796 1164 1170
1933 11 2 0 1 1082 1943 1080 295 2897 2798 1171 2895 2796 2778
1934 11 2 0 1 63 295 1082 1080 510 2895 1172 1170 1171 2796
1935 11 2 0 1 1943 1082 1080 1081 2897 1171 2798 2800 1167 1173
1936 11 2 0 1 1083 1944 1081 1943 2901 2802 1174 2899 2800 2783
1937 11 2 0 1 1082 1943 1083 1081 2897 2899 1175 1173 1174 2800
1938 11 2 0 1 1944 1083 1081 199 2901 1174 2802 2804 1169 1176
1939 11 2 0 1 198 1392 199 1944 1608 1590 222 2903 2804 2788
1940 11 2 0 1 1083 1944 198 199 2901 2903 1177 1176 222 2804
1941 11 2 0 1 16 17 301 1955 40 514 512 2905 2906 2907
1942 11 2 0 1 794 792 1955 17 890 2908 2909 889 2907 888
1943 11 2 0 1 17 792 1955 16 888 2908 2907 40 2905 881
1944 11 2 0 1 792 794 1955 1956 890 2909 2908 2910 2911 2912
1945 11 2 0 1 795 793 1956 794 893 2913 2914 892 2912 891
1946 11 2 0 1 794 793 1956 792 891 2913 2912 890 2910 884
1947 11 2 0 1 793 795 1956 1398 893 2914 2913 2915 2916 2917
1948 11 2 0 1 133 132 1398 795 156 1610 1609 895 2917 894
1949 11 2 0 1 795 132 1398 793 894 1610 2917 893 2915 887
1950 11 2 0 1 16 301 296 1945 512 513 497 2807 2806 2918
1951 11 2 0 1 1955 792 1945 16 2908 2809 2919 2905 2807 881
1952 11 2 0 1 301 16 1955 1945 512 2905 2906 2918 2919 2807
1953 11 2 0 1 792 1955 1945 1946 2908 2919 2809 2812 2811 2920
1954 11 2 0 1 1956 793 1946 792 2913 2814 2921 2910 2812 884
1955 11 2 0 1 1955 792 1956 1946 2908 2910 2911 2920 2921 2812
1956 11 2 0 1 793 1956 1946 1393 2913 2921 2814 2817 2816 2922
1957 11 2 0 1 1398 132 1393 793 1610 1592 1611 2915 2817 887
1958 11 2 0 1 1956 793 1398 1393 2913 2915 2916 2922 1611 2817
1959 11 2 0 1 296 301 302 1957 513 517 515 2923 2924 2925
1960 11 2 0 1 1955 1945 1957 301 2919 2926 2927 2906 2925 2918
1961 11 2 0 1 301 1945 1957 296 2918 2926 2925 513 2923 2806
1962 11 2 0 1 1945 1955 1957 1958 2919 2927 2926 2928 2929 2930
1963 11 2 0 1 1956 1946 1958 1955 2921 2931 2932 2911 2930 2920
1964 11 2 0 1 1955 1946 1958 1945 2920 2931 2930 2919 2928 2811
1965 11 2 0 1 1946 1956 1958 1399 2921 2932 2931 2933 2934 2935
1966 11 2 0 1 1398 1393 1399 1956 1611 1613 1612 2916 2935 2922
1967 11 2 0 1 1956 1393 1399 1946 2922 1613 2935 2921 2933 2816
1968 11 2 0 1 296 302 297 1947 515 516 500 2825 2824 2936
1969 11 2 0 1 1957 1945 1947 296 2926 2827 2937 2923 2825 2806
1970 11 2 0 1 302 296 1957 1947 515 2923 2924 2936 2937 2825
1971 11 2 0 1 1945 1957 1947 1948 2926 2937 2827 2830 2829 2938
1972 11 2 0 1 1958 1946 1948 1945 2931 2832 2939 2928 2830 2811
1973 11 2 0 1 1957 1945 1958 1948 2926 2928 2929 2938 2939 2830
1974 11 2 0 1 1946 1958 1948 1394 2931 2939 2832 2835 2834 2940
1975 11 2 0 1 1399 1393 1394 1946 1613 1595 1614 2933 2835 2816
1976 11 2 0 1 1958 1946 1399 1394 2931 2933 2934 2940 1614 2835
1977 11 2 0 1 297 302 303 1959 516 520 518 2941 2942 2943
1978 11 2 0 1 1957 1947 1959 302 2937 2944 2945 2924 2943 2936
1979 11 2 0 1 302 1947 1959 297 2936 2944 2943 516 2941 2824
1980 11 2 0 1 1947 1957 1959 1960 2937 2945 2944 2946 2947 2948
1981 11 2 0 1 1958 1948 1960 1957 2939 2949 2950 2929 2948 2938
1982 11 2 0 1 1957 1948 1960 1947 2938 2949 2948 2937 2946 2829
1983 11 2 0 1 1948 1958 1960 1400 2939 2950 2949 2951 2952 2953
1984 11 2 0 1 1399 1394 1400 1958 1614 1616 1615 2934 2953 2940
1985 11 2 0 1 1958 1394 1400 1948 2940 1616 2953 2939 2951 2834
1986 11 2 0 1 297 303 298 1949 518 519 503 2843 2842 2954
1987 11 2 0 1 1959 1947 1949 297 2944 2845 2955 2941 2843 2824
1988 11 2 0 1 303 297 1959 1949 518 2941 2942 2954 2955 2843
1989 11 2 0 1 1947 1959 1949 1950 2944 2955 2845 2848 2847 2956
1990 11 2 0 1 1960 1948 1950 1947 2949 2850 2957 2946 2848 2829
1991 11 2 0 1 1959 1947 1960 1950 2944 2946 2947 2956 2957 2848
1992 11 2 0 1 1948 1960 1950 1395 2949 2957 2850 2853 2852 2958
1993 11 2 0 1 1400 1394 1395 1948 1616 1598 1617 2951 2853 2834
1994 11 2 0 1 1960 1948 1400 1395 2949 2951 2952 2958 1617 2853
1995 11 2 0 1 298 303 304 1961 519 523 521 2959 2960 2961
1996 11 2 0 1 1959 1949 1961 303 2955 2962 2963 2942 2961 2954
1997 11 2 0 1 303 1949 1961 298 2954 2962 2961 519 2959 2842
1998 11 2 0 1 1949 1959 1961 1962 2955 2963 2962 2964 2965 2966
1999 11 2 0 1 1960 1950 1962 1959 2957 2967 2968 2947 2966 2956
2000 11 2 0 1 1959 1950 1962 1949 2956 2967 2966 2955 2964 2847
2001 11 2 0 1 1950 1960 1962 1401 2957 2968 2967 2969 2970 2971
2002 11 2 0 1 1400 1395 1401 1960 1617 1619 1618 2952 2971 2958
2003 11 2 0 1 1960 1395 1401 1950 2958 1619 2971 2957 2969 2852
2004 11 2 0 1 298 304 299 1951 521 522 506 2861 2860 2972
2005 11 2 0 1 1961 1949 1951 298 2962 2863 2973 2959 2861 2842
2006 11 2 0 1 304 298 1961 1951 521 2959 2960 2972 2973 2861
2007 11 2 0 1 1949 1961 1951 1952 2962 2973 2863 2866 2865 2974
2008 11 2 0 1 1962 1950 1952 1949 2967 2868 2975 2964 2866 2847
2009 11 2 0 1 1961 1949 1962 1952 2962 2964 2965 2974 2975 2866
2010 11 2 0 1 1950 1962 1952 1396 2967 2975 2868 2871 2870 2976
2011 11 2 0 1 1401 1395 1396 1950 1619 1601 1620 2969 2871 2852
2012 11 2 0 1 1962 1950 1401 1396 2967 2969 2970 2976 1620 2871
2013 11 2 0 1 299 304 305 1963 522 526 524 2977 2978 2979
2014 11 2 0 1 1961 1951 1963 304 2973 2980 2981 2960 2979 2972
2015 11 2 0 1 304 1951 1963 299 2972 2980 2979 522 2977 2860
2016 11 2 0 1 1951 1961 1963 1964 2973 2981 2980 2982 2983 2984
2017 11 2 0 1 1962 1952 1964 1961 2975 2985 2986 2965 2984 2974
2018 11 2 0 1 1961 1952 1964 1951 2974 2985 2984 2973 2982 2865
2019 11 2 0 1 1952 1962 1964 1402 2975 2986 2985 2987 2988 2989
2020 11 2 0 1 1401 1396 1402 1962 1620 1622 1621 2970 2989 2976
2021 11 2 0 1 1962 1396 1402 1952 2976 1622 2989 2975 2987 2870
2022 11 2 0 1 299 305 300 1953 524 525 509 2879 2878 2990
2023 11 2 0 1 1963 1951 1953 299 2980 2881 2991 2977 2879 2860
2024 11 2 0 1 305 299 1963 1953 524 2977 2978 2990 2991 2879
2025 11 2 0 1 1951 1963 1953 1954 2980 2991 2881 2884 2883 2992
2026 11 2 0 1 1964 1952 1954 1951 2985 2886 2993 2982 2884 2865
2027 11 2 0 1 1963 1951 1964 1954 2980 2982 2983 2992 2993 2884
2028 11 2 0 1 1952 1964 1954 1397 2985 2993 2886 2889 2888 2994
2029 11 2 0 1 1402 1396 1397 1952 1622 1604 1623 2987 2889 2870
2030 11 2 0 1 1964 1952 1402 1397 2985 2987 2988 2994 1623 2889
2031 11 2 0 1 300 305 64 1084 525 528 527 2995 1180 2996
2032 11 2 0 1 1963 1953 1084 305 2991 2997 2998 2978 2996 2990
2033 11 2 0 1 305 1953 1084 300 2990 2997 2996 525 2995 2878
2034 11 2 0 1 1953 1963 1084 1085 2991 2998 2997 2999 1183 3000
2035 11 2 0 1 1964 1954 1085 1963 2993 3001 3002 2983 3000 2992
2036 11 2 0 1 1963 1954 1085 1953 2992 3001 3000 2991 2999 2883
2037 11 2 0 1 1954 1964 1085 197 2993 3002 3001 3003 1185 3004
2038 11 2 0 1 1402 1397 197 1964 1623 1625 1624 2988 3004 2994
2039 11 2 0 1 1964 1397 197 1954 2994 1625 3004 2993 3003 2888
2040 11 2 0 1 300 64 63 1082 527 87 511 2896 1172 1178
2041 11 2 0 1 1084 1953 1082 300 2997 2898 1179 2995 2896 2878
2042 11 2 0 1 64 300 1084 1082 527 2995 1180 1178 1179 2896
2043 11 2 0 1 1953 1084 1082 1083 2997 1179 2898 2900 1175 1181
2044 11 2 0 1 1085 1954 1083 1953 3001 2902 1182 2999 2900 2883
2045 11 2 0 1 1084 1953 1085 1083 2997 2999 1183 1181 1182 2900
2046 11 2 0 1 1954 1085 1083 198 3001 1182 2902 2904 1177 1184
2047 11 2 0 1 197 1397 198 1954 1625 1607 221 3003 2904 2888
2048 11 2 0 1 1085 1954 197 198 3001 3003 1185 1184 221 2904
2049 11 2 0 1 17 18 306 1965 41 531 529 3005 3006 3007
2050 11 2 0 1 796 794 1965 18 898 3008 3009 897 3007 896
2051 11 2 0 1 18 794 1965 17 896 3008 3007 41 3005 889
2052 11 2 0 1 794 796 1965 1966 898 3009 3008 3010 3011 3012
2053 11 2 0 1 797 795 1966 796 901 3013 3014 900 3012 899
2054 11 2 0 1 796 795 1966 794 899 3013 3012 898 3010 892
2055 11 2 0 1 795 797 1966 1403 901 3014 3013 3015 3016 3017
2056 11 2 0 1 134 133 1403 797 157 1627 1626 903 3017 902
2057 11 2 0 1 797 133 1403 795 902 1627 3017 901 3015 895
2058 11 2 0 1 17 306 301 1955 529 530 514 2907 2906 3018
2059 11 2 0 1 1965 794 1955 17 3008 2909 3019 3005 2907 889
2060 11 2 0 1 306 17 1965 1955 529 3005 3006 3018 3019 2907
2061 11 2 0 1 794 1965 1955 1956 3008 3019 2909 2912 2911 3020
2062 11 2 0 1 1966 795 1956 794 3013 2914 3021 3010 2912 892
2063 11 2 0 1 1965 794 1966 1956 3008 3010 3011 3020 3021 2912
2064 11 2 0 1 795 1966 1956 1398 3013 3021 2914 2917 2916 3022
2065 11 2 0 1 1403 133 1398 795 1627 1609 1628 3015 2917 895
2066 11 2 0 1 1966 795 1403 1398 3013 3015 3016 3022 1628 2917
2067 11 2 0 1 301 306 307 1967 530 534 532 3023 3024 3025
2068 11 2 0 1 1965 1955 1967 306 3019 3026 3027 3006 3025 3018
2069 11 2 0 1 306 1955 1967 301 3018 3026 3025 530 3023 2906
2070 11 2 0 1 1955 1965 1967 1968 3019 3027 3026 3028 3029 3030
2071 11 2 0 1 1966 1956 1968 1965 3021 3031 3032 3011 3030 3020
2072 11 2 0 1 1965 1956 1968 1955 3020 3031 3030 3019 3028 2911
2073 11 2 0 1 1956 1966 1968 1404 3021 3032 3031 3033 3034 3035
2074 11 2 0 1 1403 1398 1404 1966 1628 1630 1629 3016 3035 3022
2075 11 2 0 1 1966 1398 1404 1956 3022 1630 3035 3021 3033 2916
2076 11 2 0 1 301 307 302 1957 532 533 517 2925 2924 3036
2077 11 2 0 1 1967 1955 1957 301 3026 2927 3037 3023 2925 2906
2078 11 2 0 1 307 301 1967 1957 532 3023 3024 3036 3037 2925
2079 11 2 0 1 1955 1967 1957 1958 3026 3037 2927 2930 2929 3038
2080 11 2 0 1 1968 1956 1958 1955 3031 2932 3039 3028 2930 2911
2081 11 2 0 1 1967 1955 1968 1958 3026 3028 3029 3038 3039 2930
2082 11 2 0 1 1956 1968 1958 1399 3031 3039 2932 2935 2934 3040
2083 11 2 0 1 1404 1398 1399 1956 1630 1612 1631 3033 2935 2916
2084 11 2 0 1 1968 1956 1404 1399 3031 3033 3034 3040 1631 2935
2085 11 2 0 1 302 307 308 1969 533 537 535 3041 3042 3043
2086 11 2 0 1 1967 1957 1969 307 3037 3044 3045 3024 3043 3036
2087 11 2 0 1 307 1957 1969 302 3036 3044 3043 533 3041 2924
2088 11 2 0 1 1957 1967 1969 1970 3037 3045 3044 3046 3047 3048
2089 11 2 0 1 1968 1958 1970 1967 3039 3049 3050 3029 3048 3038
2090 11 2 0 1 1967 1958 1970 1957 3038 3049 3048 3037 3046 2929
2091 11 2 0 1 1958 1968 1970 1405 3039 3050 3049 3051 3052 3053
2092 11 2 0 1 1404 1399 1405 1968 1631 1633 1632 3034 3053 3040
2093 11 2 0 1 1968 1399 1405 1958 3040 1633 3053 3039 3051 2934
2094 11 2 0 1 302 308 303 1959 535 536 520 2943 2942 3054
2095 11 2 0 1 1969 1957 1959 302 3044 2945 3055 3041 2943 2924
2096 11 2 0 1 308 302 1969 1959 535 3041 3042 3054 3055 2943
2097 11 2 0 1 1957 1969 1959 1960 3044 3055 2945 2948 2947 3056
2098 11 2 0 1 1970 1958 1960 1957 3049 2950 3057 3046 2948 2929
2099 11 2 0 1 1969 1957 1970 1960 3044 3046 3047 3056 3057 2948
2100 11 2 0 1 1958 1970 1960 1400 3049 3057 2950 2953 2952 3058
2101 11 2 0 1 1405 1399 1400 1958 1633 1615 1634 3051 2953 2934
2102 11 2 0 1 1970 1958 1405 1400 3049 3051 3052 3058 1634 2953
2103 11 2 0 1 303 308 309 1971 536 540 538 3059 3060 3061
2104 11 2 0 1 1969 1959 1971 308 3055 3062 3063 3042 3061 3054
2105 11 2 0 1 308 1959 1971 303 3054 3062 3061 536 3059 2942
2106 11 2 0 1 1959 1969 1971 1972 3055 3063 3062 3064 3065 3066
2107 11 2 0 1 1970 1960 1972 1969 3057 3067 3068 3047 3066 3056
2108 11 2 0 1 1969 1960 1972 1959 3056 3067 3066 3055 3064 2947
2109 11 2 0 1 1960 1970 1972 1406 3057 3068 3067 3069 3070 3071
2110 11 2 0 1 1405 1400 1406 1970 1634 1636 1635 3052 3071 3058
2111 11 2 0 1 1970 1400 1406 1960 3058 1636 3071 3057 3069 2952
2112 11 2 0 1 303 309 304 1961 538 539 523 2961 2960 3072
2113 11 2 0 1 1971 1959 1961 303 3062 2963 3073 3059 2961 2942
2114 11 2 0 1 309 303 1971 1961 538 3059 3060 3072 3073 2961
2115 11 2 0 1 1959 1971 1961 1962 3062 3073 2963 2966 2965 3074
2116 11 2 0 1 1972 1960 1962 1959 3067 2968 3075 3064 2966 2947
2117 11 2 0 1 1971 1959 1972 1962 3062 3064 3065 3074 3075 2966
2118 11 2 0 1 1960 1972 1962 1401 3067 3075 2968 2971 2970 3076
2119 11 2 0 1 1406 1400 1401 1960 1636 1618 1637 3069 2971 2952
2120 11 2 0 1 1972 1960 1406 1401 3067 3069 3070 3076 1637 2971
2121 11 2 0 1 304 309 310 1973 539 543 541 3077 3078 3079
2122 11 2 0 1 1971 1961 1973 309 3073 3080 3081 3060 3079 3072
2123 11 2 0 1 309 1961 1973 304 3072 3080 3079 539 3077 2960
2124 11 2 0 1 1961 1971 1973 1974 3073 3081 3080 3082 3083 3084
2125 11 2 0 1 1972 1962 1974 1971 3075 3085 3086 3065 3084 3074
2126 11 2 0 1 1971 1962 1974 1961 3074 3085 3084 3073 3082 2965
2127 11 2 0 1 1962 1972 1974 1407 3075 3086 3085 3087 3088 3089
2128 11 2 0 1 1406 1401 1407 1972 1637 1639 1638 3070 3089 3076
2129 11 2 0 1 1972 1401 1407 1962 3076 1639 3089 3075 3087 2970
2130 11 2 0 1 304 310 305 1963 541 542 526 2979 2978 3090
2131 11 2 0 1 1973 1961 1963 304 3080 2981 3091 3077 2979 2960
2132 11 2 0 1 310 304 1973 1963 541 3077 3078 3090 3091 2979
2133 11 2 0 1 1961 1973 1963 1964 3080 3091 2981 2984 2983 3092
2134 11 2 0 1 1974 1962 1964 1961 3085 2986 3093 3082 2984 2965
2135 11 2 0 1 1973 1961 1974 1964 3080 3082 3083 3092 3093 2984
2136 11 2 0 1 1962 1974 1964 1402 3085 3093 2986 2989 2988 3094
2137 11 2 0 1 1407 1401 1402 1962 1639 1621 1640 3087 2989 2970
2138 11 2 0 1 1974 1962 1407 1402 3085 3087 3088 3094 1640 2989
2139 11 2 0 1 305 310 65 1086 542 545 544 3095 1188 3096
2140 11 2 0 1 1973 1963 1086 310 3091 3097 3098 3078 3096 3090
2141 11 2 0 1 310 1963 1086 305 3090 3097 3096 542 3095 2978
2142 11 2 0 1 1963 1973 1086 1087 3091 3098 3097 3099 1191 3100
2143 11 2 0 1 1974 1964 1087 1973 3093 3101 3102 3083 3100 3092
2144 11 2 0 1 1973 1964 1087 1963 3092 3101 3100 3091 3099 2983
2145 11 2 0 1 1964 1974 1087 196 3093 3102 3101 3103 1193 3104
2146 11 2 0 1 1407 1402 196 1974 1640 1642 1641 3088 3104 3094
2147 11 2 0 1 1974 1402 196 1964 3094 1642 3104 3093 3103 2988
2148 11 2 0 1 305 65 64 1084 544 88 528 2996 1180 1186
2149 11 2 0 1 1086 1963 1084 305 3097 2998 1187 3095 2996 2978
2150 11 2 0 1 65 305 1086 1084 544 3095 1188 1186 1187 2996
2151 11 2 0 1 1963 1086 1084 1085 3097 1187 2998 3000 1183 1189
2152 11 2 0 1 1087 1964 1085 1963 3101 3002 1190 3099 3000 2983
2153 11 2 0 1 1086 1963 1087 1085 3097 3099 1191 1189 1190 3000
2154 11 2 0 1 1964 1087 1085 197 3101 1190 3002 3004 1185 1192
2155 11 2 0 1 196 1402 197 1964 1642 1624 220 3103 3004 2988
2156 11 2 0 1 1087 1964 196 197 3101 3103 1193 1192 220 3004
2157 11 2 0 1 18 19 311 1975 42 548 546 3105 3106 3107
2158 11 2 0 1 798 796 1975 19 906 3108 3109 905 3107 904
2159 11 2 0 1 19 796 1975 18 904 3108 3107 42 3105 897
2160 11 2 0 1 796 798 1975 1976 906 3109 3108 3110 3111 3112
2161 11 2 0 1 799 797 1976 798 909 3113 3114 908 3112 907
2162 11 2 0 1 798 797 1976 796 907 3113 3112 906 3110 900
2163 11 2 0 1 797 799 1976 1408 909 3114 3113 3115 3116 3117
2164 11 2 0 1 135 134 1408 799 158 1644 1643 911 3117 910
2165 11 2 0 1 799 134 1408 797 910 1644 3117 909 3115 903
2166 11 2 0 1 18 311 306 1965 546 547 531 3007 3006 3118
2167 11 2 0 1 1975 796 1965 18 3108 3009 3119 3105 3007 897
2168 11 2 0 1 311 18 1975 1965 546 3105 3106 3118 3119 3007
2169 11 2 0 1 796 1975 1965 1966 3108 3119 3009 3012 3011 3120
2170 11 2 0 1 1976 797 1966 796 3113 3014 3121 3110 3012 900
2171 11 2 0 1 1975 796 1976 1966 3108 3110 3111 3120 3121 3012
2172 11 2 0 1 797 1976 1966 1403 3113 3121 3014 3017 3016 3122
2173 11 2 0 1 1408 134 1403 797 1644 1626 1645 3115 3017 903
2174 11 2 0 1 1976 797 1408 1403 3113 3115 3116 3122 1645 3017
2175 11 2 0 1 306 311 312 1977 547 551 549 3123 3124 3125
2176 11 2 0 1 1975 1965 1977 311 3119 3126 3127 3106 3125 3118
2177 11 2 0 1 311 1965 1977 306 3118 3126 3125 547 3123 3006
2178 11 2 0 1 1965 1975 1977 1978 3119 3127 3126 3128 3129 3130
2179 11 2 0 1 1976 1966 1978 1975 3121 3131 3132 3111 3130 3120
2180 11 2 0 1 1975 1966 1978 1965 3120 3131 3130 3119 3128 3011
2181 11 2 0 1 1966 1976 1978 1409 3121 3132 3131 3133 3134 3135
2182 11 2 0 1 1408 1403 1409 1976 1645 1647 1646 3116 3135 3122
2183 11 2 0 1 1976 1403 1409 1966 3122 1647 3135 3121 3133 3016
2184 11 2 0 1 306 312 307 1967 549 550 534 3025 3024 3136
2185 11 2 0 1 1977 1965 1967 306 3126 3027 3137 3123 3025 3006
2186 11 2 0 1 312 306 1977 1967 549 3123 3124 3136 3137 3025
2187 11 2 0 1 1965 1977 1967 1968 3126 3137 3027 3030 3029 3138
2188 11 2 0 1 1978 1966 1968 1965 3131 3032 3139 3128 3030 3011
2189 11 2 0 1 1977 1965 1978 1968 3126 3128 3129 3138 3139 3030
2190 11 2 0 1 1966 1978 1968 1404 3131 3139 3032 3035 3034 3140
2191 11 2 0 1 1409 1403 1404 1966 1647 1629 1648 3133 3035 3016
2192 11 2 0 1 1978 1966 1409 1404 3131 3133 3134 3140 1648 3035
2193 11 2 0 1 307 312 313 1979 550 554 552 3141 3142 3143
2194 11 2 0 1 1977 1967 1979 312 3137 3144 3145 3124 3143 3136
2195 11 2 0 1 312 1967 1979 307 3136 3144 3143 550 3141 3024
2196 11 2 0 1 1967 1977 1979 1980 3137 3145 3144 3146 3147 3148
2197 11 2 0 1 1978 1968 1980 1977 3139 3149 3150 3129 3148 3138
2198 11 2 0 1 1977 1968 1980 1967 3138 3149 3148 3137 3146 3029
2199 11 2 0 1 1968 1978 1980 1410 3139 3150 3149 3151 3152 3153
2200 11 2 0 1 1409 1404 1410 1978 1648 1650 1649 3134 3153 3140
2201 11 2 0 1 1978 1404 1410 1968 3140 1650 3153 3139 3151 3034
2202 11 2 0 1 307 313 308 1969 552 553 537 3043 3042 3154
2203 11 2 0 1 1979 1967 1969 307 3144 3045 3155 3141 3043 3024
2204 11 2 0 1 313 307 1979 1969 552 3141 3142 3154 3155 3043
2205 11 2 0 1 1967 1979 1969 1970 3144 3155 3045 3048 3047 3156
2206 11 2 0 1 1980 1968 1970 1967 3149 3050 3157 3146 3048 3029
2207 11 2 0 1 1979 1967 1980 1970 3144 3146 3147 3156 3157 3048
2208 11 2 0 1 1968 1980 1970 1405 3149 3157 3050 3053 3052 3158
2209 11 2 0 1 1410 1404 1405 1968 1650 1632 1651 3151 3053 3034
2210 11 2 0 1 1980 1968 1410 1405 3149 3151 3152 3158 1651 3053
2211 11 2 0 1 308 313 314 1981 553 557 555 3159 3160 3161
2212 11 2 0 1 1979 1969 1981 313 3155 3162 3163 3142 3161 3154
2213 11 2 0 1 313 1969 1981 308 3154 3162 3161 553 3159 3042
2214 11 2 0 1 1969 1979 1981 1982 3155 3163 3162 3164 3165 3166
2215 11 2 0 1 1980 1970 1982 1979 3157 3167 3168 3147 3166 3156
2216 11 2 0 1 1979 1970 1982 1969 3156 3167 3166 3155 3164 3047
2217 11 2 0 1 1970 1980 1982 1411 3157 3168 3167 3169 3170 3171
2218 11 2 0 1 1410 1405 1411 1980 1651 1653 1652 3152 3171 3158
2219 11 2 0 1 1980 1405 1411 1970 3158 1653 3171 3157 3169 3052
2220 11 2 0 1 308 314 309 1971 555 556 540 3061 3060 3172
2221 11 2 0 1 1981 1969 1971 308 3162 3063 3173 3159 3061 3042
2222 11 2 0 1 314 308 1981 1971 555 3159 3160 3172 3173 3061
2223 11 2 0 1 1969 1981 1971 1972 3162 3173 3063 3066 3065 3174
2224 11 2 0 1 1982 1970 1972 1969 3167 3068 3175 3164 3066 3047
2225 11 2 0 1 1981 1969 1982 1972 3162 3164 3165 3174 3175 3066
2226 11 2 0 1 1970 1982 1972 1406 3167 3175 3068 3071 3070 3176
2227 11 2 0 1 1411 1405 1406 1970 1653 1635 1654 3169 3071 3052
2228 11 2 0 1 1982 1970 1411 1406 3167 3169 3170 3176 1654 3071
2229 11 2 0 1 309 314 315 1983 556 560 558 3177 3178 3179
2230 11 2 0 1 1981 1971 1983 314 3173 3180 3181 3160 3179 3172
2231 11 2 0 1 314 1971 1983 309 3172 3180 3179 556 3177 3060
2232 11 2 0 1 1971 1981 1983 1984 3173 3181 3180 3182 3183 3184
2233 11 2 0 1 1982 1972 1984 1981 3175 3185 3186 3165 3184 3174
2234 11 2 0 1 1981 1972 1984 1971 3174 3185 3184 3173 3182 3065
2235 11 2 0 1 1972 1982 1984 1412 3175 3186 3185 3187 3188 3189
2236 11 2 0 1 1411 1406 1412 1982 1654 1656 1655 3170 3189 3176
2237 11 2 0 1 1982 1406 1412 1972 3176 1656 3189 3175 3187 3070
2238 11 2 0 1 309 315 310 1973 558 559 543 3079 3078 3190
2239 11 2 0 1 1983 1971 1973 309 3180 3081 3191 3177 3079 3060
2240 11 2 0 1 315 309 1983 1973 558 3177 3178 3190 3191 3079
2241 11 2 0 1 1971 1983 1973 1974 3180 3191 3081 3084 3083 3192
2242 11 2 0 1 1984 1972 1974 1971 3185 3086 3193 3182 3084 3065
2243 11 2 0 1 1983 1971 1984 1974 3180 3182 3183 3192 3193 3084
2244 11 2 0 1 1972 1984 1974 1407 3185 3193 3086 3089 3088 3194
2245 11 2 0 1 1412 1406 1407 1972 1656 1638 1657 3187 3089 3070
2246 11 2 0 1 1984 1972 1412 1407 3185 3187 3188 3194 1657 3089
2247 11 2 0 1 310 315 66 1088 559 562 561 3195 1196 3196
2248 11 2 0 1 1983 1973 1088 315 3191 3197 3198 3178 3196 3190
2249 11 2 0 1 315 1973 1088 310 3190 3197 3196 559 3195 3078
2250 11 2 0 1 1973 1983 1088 1089 3191 3198 3197 3199 1199 3200
2251 11 2 0 1 1984 1974 1089 1983 3193 3201 3202 3183 3200 3192
2252 11 2 0 1 1983 1974 1089 1973 3192 3201 3200 3191 3199 3083
2253 11 2 0 1 1974 1984 1089 195 3193 3202 3201 3203 1201 3204
2254 11 2 0 1 1412 1407 195 1984 1657 1659 1658 3188 3204 3194
2255 11 2 0 1 1984 1407 195 1974 3194 1659 3204 3193 3203 3088
2256 11 2 0 1 310 66 65 1086 561 89 545 3096 1188 1194
2257 11 2 0 1 1088 1973 1086 310 3197 3098 1195 3195 3096 3078
2258 11 2 0 1 66 310 1088 1086 561 3195 1196 1194 1195 3096
2259 11 2 0 1 1973 1088 1086 1087 3197 1195 3098 3100 1191 1197
2260 11 2 0 1 1089 1974 1087 1973 3201 3102 1198 3199 3100 3083
2261 11 2 0 1 1088 1973 1089 1087 3197 3199 1199 1197 1198 3100
2262 11 2 0 1 1974 1089 1087 196 3201 1198 3102 3104 1193 1200
2263 11 2 0 1 195 1407 196 1974 1659 1641 219 3203 3104 3088
2264 11 2 0 1 1089 1974 195 196 3201 3203 1201 1200 219 3104
2265 11 2 0 1 19 20 316 1985 43 565 563 3205 3206 3207
2266 11 2 0 1 800 798 1985 20 914 3208 3209 913 3207 912
2267 11 2 0 1 20 798 1985 19 912 3208 3207 43 3205 905
2268 11 2 0 1 798 800 1985 1986 914 3209 3208 3210 3211 3212
2269 11 2 0 1 801 799 1986 800 917 3213 3214 916 3212 915
2270 11 2 0 1 800 799 1986 798 915 3213 3212 914 3210 908
2271 11 2 0 1 799 801 1986 1413 917 3214 3213 3215 3216 3217
2272 11 2 0 1 136 135 1413 801 159 1661 1660 919 3217 918
2273 11 2 0 1 801 135 1413 799 918 1661 3217 917 3215 911
2274 11 2 0 1 19 316 311 1975 563 564 548 3107 3106 3218
2275 11 2 0 1 1985 798 1975 19 3208 3109 3219 3205 3107 905
2276 11 2 0 1 316 19 1985 1975 563 3205 3206 3218 3219 3107
2277 11 2 0 1 798 1985 1975 1976 3208 3219 3109 3112 3111 3220
2278 11 2 0 1 1986 799 1976 798 3213 3114 3221 3210 3112 908
2279 11 2 0 1 1985 798 1986 1976 3208 3210 3211 3220 3221 3112
2280 11 2 0 1 799 1986 1976 1408 3213 3221 3114 3117 3116 3222
2281 11 2 0 1 1413 135 1408 799 1661 1643 1662 3215 3117 911
2282 11 2 0 1 1986 799 1413 1408 3213 3215 3216 3222 1662 3117
2283 11 2 0 1 311 316 317 1987 564 568 566 3223 3224 3225
2284 11 2 0 1 1985 1975 1987 316 3219 3226 3227 3206 3225 3218
2285 11 2 0 1 316 1975 1987 311 3218 3226 3225 564 3223 3106
2286 11 2 0 1 1975 1985 1987 1988 3219 3227 3226 3228 3229 3230
2287 11 2 0 1 1986 1976 1988 1985 3221 3231 3232 3211 3230 3220
2288 11 2 0 1 1985 1976 1988 1975 3220 3231 3230 3219 3228 3111
2289 11 2 0 1 1976 1986 1988 1414 3221 3232 3231 3233 3234 3235
2290 11 2 0 1 1413 1408 1414 1986 1662 1664 1663 3216 3235 3222
2291 11 2 0 1 1986 1408 1414 1976 3222 1664 3235 3221 3233 3116
2292 11 2 0 1 311 317 312 1977 566 567 551 3125 3124 3236
2293 11 2 0 1 1987 1975 1977 311 3226 3127 3237 3223 3125 3106
2294 11 2 0 1 317 311 1987 1977 566 3223 3224 3236 3237 3125
2295 11 2 0 1 1975 1987 1977 1978 3226 3237 3127 3130 3129 3238
2296 11 2 0 1 1988 1976 1978 1975 3231 3132 3239 3228 3130 3111
2297 11 2 0 1 1987 1975 1988 1978 3226 3228 3229 3238 3239 3130
2298 11 2 0 1 1976 1988 1978 1409 3231 3239 3132 3135 3134 3240
2299 11 2 0 1 1414 1408 1409 1976 1664 1646 1665 3233 3135 3116
2300 11 2 0 1 1988 1976 1414 1409 3231 3233 3234 3240 1665 3135
2301 11 2 0 1 312 317 318 1989 567 571 569 3241 3242 3243
2302 11 2 0 1 1987 1977 1989 317 3237 3244 3245 3224 3243 3236
2303 11 2 0 1 317 1977 1989 312 3236 3244 3243 567 3241 3124
2304 11 2 0 1 1977 1987 1989 1990 3237 3245 3244 3246 3247 3248
2305 11 2 0 1 1988 1978 1990 1987 3239 3249 3250 3229 3248 3238
2306 11 2 0 1 1987 1978 1990 1977 3238 3249 3248 3237 3246 3129
2307 11 2 0 1 1978 1988 1990 1415 3239 3250 3249 3251 3252 3253
2308 11 2 0 1 1414 1409 1415 1988 1665 1667 1666 3234 3253 3240
2309 11 2 0 1 1988 1409 1415 1978 3240 1667 3253 3239 3251 3134
2310 11 2 0 1 312 318 313 1979 569 570 554 3143 3142 3254
2311 11 2 0 1 1989 1977 1979 312 3244 3145 3255 3241 3143 3124
2312 11 2 0 1 318 312 1989 1979 569 3241 3242 3254 3255 3143
2313 11 2 0 1 1977 1989 1979 1980 3244 3255 3145 3148 3147 3256
2314 11 2 0 1 1990 1978 1980 1977 3249 3150 3257 3246 3148 3129
2315 11 2 0 1 1989 1977 1990 1980 3244 3246 3247 3256 3257 3148
2316 11 2 0 1 1978 1990 1980 1410 3249 3257 3150 3153 3152 3258
2317 11 2 0 1 1415 1409 1410 1978 1667 1649 1668 3251 3153 3134
2318 11 2 0 1 1990 1978 1415 1410 3249 3251 3252 3258 1668 3153
2319 11 2 0 1 313 318 319 1991 570 574 572 3259 3260 3261
2320 11 2 0 1 1989 1979 1991 318 3255 3262 3263 3242 3261 3254
2321 11 2 0 1 318 1979 1991 313 3254 3262 3261 570 3259 3142
2322 11 2 0 1 1979 1989 1991 1992 3255 3263 3262 3264 3265 3266
2323 11 2 0 1 1990 1980 1992 1989 3257 3267 3268 3247 3266 3256
2324 11 2 0 1 1989 1980 1992 1979 3256 3267 3266 3255 3264 3147
2325 11 2 0 1 1980 1990 1992 1416 3257 3268 3267 3269 3270 3271
2326 11 2 0 1 1415 1410 1416 1990 1668 1670 1669 3252 3271 3258
2327 11 2 0 1 1990 1410 1416 1980 3258 1670 3271 3257 3269 3152
2328 11 2 0 1 313 319 314 1981 572 573 557 3161 3160 3272
2329 11 2 0 1 1991 1979 1981 313 3262 3163 3273 3259 3161 3142
2330 11 2 0 1 319 313 1991 1981 572 3259 3260 3272 3273 3161
2331 11 2 0 1 1979 1991 1981 1982 3262 3273 3163 3166 3165 3274
2332 11 2 0 1 1992 1980 1982 1979 3267 3168 3275 3264 3166 3147
2333 11 2 0 1 1991 1979 1992 1982 3262 3264 3265 3274 3275 3166
2334 11 2 0 1 1980 1992 1982 1411 3267 3275 3168 3171 3170 3276
2335 11 2 0 1 1416 1410 1411 1980 1670 1652 1671 3269 3171 3152
2336 11 2 0 1 1992 1980 1416 1411 3267 3269 3270 3276 1671 3171
2337 11 2 0 1 314 319 320 1993 573 577 575 3277 3278 3279
2338 11 2 0 1 1991 1981 1993 319 3273 3280 3281 3260 3279 3272
2339 11 2 0 1 319 1981 1993 314 3272 3280 3279 573 3277 3160
2340 11 2 0 1 1981 1991 1993 1994 3273 3281 3280 3282 3283 3284
2341 11 2 0 1 1992 1982 1994 1991 3275 3285 3286 3265 3284 3274
2342 11 2 0 1 1991 1982 1994 1981 3274 3285 3284 3273 3282 3165
2343 11 2 0 1 1982 1992 1994 1417 3275 3286 3285 3287 3288 3289
2344 11 2 0 1 1416 1411 1417 1992 1671 1673 1672 3270 3289 3276
2345 11 2 0 1 1992 1411 1417 1982 3276 1673 3289 3275 3287 3170
2346 11 2 0 1 314 320 315 1983 575 576 560 3179 3178 3290
2347 11 2 0 1 1993 1981 1983 314 3280 3181 3291 3277 3179 3160
2348 11 2 0 1 320 314 1993 1983 575 3277 3278 3290 3291 3179
2349 11 2 0 1 1981 1993 1983 1984 3280 3291 3181 3184 3183 3292
2350 11 2 0 1 1994 1982 1984 1981 3285 3186 3293 3282 3184 3165
2351 11 2 0 1 1993 1981 1994 1984 3280 3282 3283 3292 3293 3184
2352 11 2 0 1 1982 1994 1984 1412 3285 3293 3186 3189 3188 3294
2353 11 2 0 1 1417 1411 1412 1982 1673 1655 1674 3287 3189 3170
2354 11 2 0 1 1994 1982 1417 1412 3285 3287 3288 3294 1674 3189
2355 11 2 0 1 315 320 67 1090 576 579 578 3295 1204 3296
2356 11 2 0 1 1993 1983 1090 320 3291 3297 3298 3278 3296 3290
2357 11 2 0 1 320 1983 1090 315 3290 3297 3296 576 3295 3178
2358 11 2 0 1 1983 1993 1090 1091 3291 3298 3297 3299 1207 3300
2359 11 2 0 1 1994 1984 1091 1993 3293 3301 3302 3283 3300 3292
2360 11 2 0 1 1993 1984 1091 1983 3292 3301 3300 3291 3299 3183
2361 11 2 0 1 1984 1994 1091 194 3293 3302 3301 3303 1209 3304
2362 11 2 0 1 1417 1412 194 1994 1674 1676 1675 3288 3304 3294
2363 11 2 0 1 1994 1412 194 1984 3294 1676 3304 3293 3303 3188
2364 11 2 0 1 315 67 66 1088 578 90 562 3196 1196 1202
2365 11 2 0 1 1090 1983 1088 315 3297 3198 1203 3295 3196 3178
2366 11 2 0 1 67 315 1090 1088 578 3295 1204 1202 1203 3196
2367 11 2 0 1 1983 1090 1088 1089 3297 1203 3198 3200 1199 1205
2368 11 2 0 1 1091 1984 1089 1983 3301 3202 1206 3299 3200 3183
2369 11 2 0 1 1090 1983 1091 1089 3297 3299 1207 1205 1206 3200
2370 11 2 0 1 1984 1091 1089 195 3301 1206 3202 3204 1201 1208
2371 11 2 0 1 194 1412 195 1984 1676 1658 218 3303 3204 3188
2372 11 2 0 1 1091 1984 194 195 3301 3303 1209 1208 218 3204
2373 11 2 0 1 20 21 321 1995 44 582 580 3305 3306 3307
2374 11 2 0 1 802 800 1995 21 922 3308 3309 921 3307 920
2375 11 2 0 1 21 800 1995 20 920 3308 3307 44 3305 913
2376 11 2 0 1 800 802 1995 1996 922 3309 3308 3310 3311 3312
2377 11 2 0 1 803 801 1996 802 925 3313 3314 924 3312 923
2378 11 2 0 1 802 801 1996 800 923 3313 3312 922 3310 916
2379 11 2 0 1 801 803 1996 1418 925 3314 3313 3315 3316 3317
2380 11 2 0 1 137 136 1418 803 160 1678 1677 927 3317 926
2381 11 2 0 1 803 136 1418 801 926 1678 3317 925 3315 919
2382 11 2 0 1 20 321 316 1985 580 581 565 3207 3206 3318
2383 11 2 0 1 1995 800 1985 20 3308 3209 3319 3305 3207 913
2384 11 2 0 1 321 20 1995 1985 580 3305 3306 3318 3319 3207
2385 11 2 0 1 800 1995 1985 1986 3308 3319 3209 3212 3211 3320
2386 11 2 0 1 1996 801 1986 800 3313 3214 3321 3310 3212 916
2387 11 2 0 1 1995 800 1996 1986 3308 3310 3311 3320 3321 3212
2388 11 2 0 1 801 1996 1986 1413 3313 3321 3214 3217 3216 3322
2389 11 2 0 1 1418 136 1413 801 1678 1660 1679 3315 3217 919
2390 11 2 0 1 1996 801 1418 1413 3313 3315 3316 3322 1679 3217
2391 11 2 0 1 316 321 322 1997 581 585 583 3323 3324 3325
2392 11 2 0 1 1995 1985 1997 321 3319 3326 3327 3306 3325 3318
2393 11 2 0 1 321 1985 1997 316 3318 3326 3325 581 3323 3206
2394 11 2 0 1 1985 1995 1997 1998 3319 3327 3326 3328 3329 3330
2395 11 2 0 1 1996 1986 1998 1995 3321 3331 3332 3311 3330 3320
2396 11 2 0 1 1995 1986 1998 1985 3320 3331 3330 3319 3328 3211
2397 11 2 0 1 1986 1996 1998 1419 3321 3332 3331 3333 3334 3335
2398 11 2 0 1 1418 1413 1419 1996 1679 1681 1680 3316 3335 3322
2399 11 2 0 1 1996 1413 1419 1986 3322 1681 3335 3321 3333 3216
2400 11 2 0 1 316 322 317 1987 583 584 568 3225 3224 3336
2401 11 2 0 1 1997 1985 1987 316 3326 3227 3337 3323 3225 3206
2402 11 2 0 1 322 316 1997 1987 583 3323 3324 3336 3337 3225
2403 11 2 0 1 1985 1997 1987 1988 3326 3337 3227 3230 3229 3338
2404 11 2 0 1 1998 1986 1988 1985 3331 3232 3339 3328 3230 3211
2405 11 2 0 1 1997 1985 1998 1988 3326 3328 3329 3338 3339 3230
2406 11 2 0 1 1986 1998 1988 1414 3331 3339 3232 3235 3234 3340
2407 11 2 0 1 1419 1413 1414 1986 1681 1663 1682 3333 3235 3216
2408 11 2 0 1 1998 1986 1419 1414 3331 3333 3334 3340 1682 3235
2409 11 2 0 1 317 322 323 1999 584 588 586 3341 3342 3343
2410 11 2 0 1 1997 1987 1999 322 3337 3344 3345 3324 3343 3336
2411 11 2 0 1 322 1987 1999 317 3336 3344 3343 584 3341 3224
2412 11 2 0 1 1987 1997 1999 2000 3337 3345 3344 3346 3347 3348
2413 11 2 0 1 1998 1988 2000 1997 3339 3349 3350 3329 3348 3338
2414 11 2 0 1 1997 1988 2000 1987 3338 3349 3348 3337 3346 3229
2415 11 2 0 1 1988 1998 2000 1420 3339 3350 3349 3351 3352 3353
2416 11 2 0 1 1419 1414 1420 1998 1682 1684 1683 3334 3353 3340
2417 11 2 0 1 1998 1414 1420 1988 3340 1684 3353 3339 3351 3234
2418 11 2 0 1 317 323 318 1989 586 587 571 3243 3242 3354
2419 11 2 0 1 1999 1987 1989 317 3344 3245 3355 3341 3243 3224
2420 11 2 0 1 323 317 1999 1989 586 3341 3342 3354 3355 3243
2421 11 2 0 1 1987 1999 1989 1990 3344 3355 3245 3248 3247 3356
2422 11 2 0 1 2000 1988 1990 1987 3349 3250 3357 3346 3248 3229
2423 11 2 0 1 1999 1987 2000 1990 3344 3346 3347 3356 3357 3248
2424 11 2 0 1 1988 2000 1990 1415 3349 3357 3250 3253 3252 3358
2425 11 2 0 1 1420 1414 1415 1988 1684 1666 1685 3351 3253 3234
2426 11 2 0 1 2000 1988 1420 1415 3349 3351 3352 3358 1685 3253
2427 11 2 0 1 318 323 324 2001 587 591 589 3359 3360 3361
2428 11 2 0 1 1999 1989 2001 323 3355 3362 3363 3342 3361 3354
2429 11 2 0 1 323 1989 2001 318 3354 3362 3361 587 3359 3242
2430 11 2 0 1 1989 1999 2001 2002 3355 3363 3362 3364 3365 3366
2431 11 2 0 1 2000 1990 2002 1999 3357 3367 3368 3347 3366 3356
2432 11 2 0 1 1999 1990 2002 1989 3356 3367 3366 3355 3364 3247
2433 11 2 0 1 1990 2000 2002 1421 3357 3368 3367 3369 3370 3371
2434 11 2 0 1 1420 1415 1421 2000 1685 1687 1686 3352 3371 3358
2435 11 2 0 1 2000 1415 1421 1990 3358 1687 3371 3357 3369 3252
2436 11 2 0 1 318 324 319 1991 589 590 574 3261 3260 3372
2437 11 2 0 1 2001 1989 1991 318 3362 3263 3373 3359 3261 3242
2438 11 2 0 1 324 318 2001 1991 589 3359 3360 3372 3373 3261
2439 11 2 0 1 1989 2001 1991 1992 3362 3373 3263 3266 3265 3374
2440 11 2 0 1 2002 1990 1992 1989 3367 3268 3375 3364 3266 3247
2441 11 2 0 1 2001 1989 2002 1992 3362 3364 3365 3374 3375 3266
2442 11 2 0 1 1990 2002 1992 1416 3367 3375 3268 3271 3270 3376
2443 11 2 0 1 1421 1415 1416 1990 1687 1669 1688 3369 3271 3252
2444 11 2 0 1 2002 1990 1421 1416 3367 3369 3370 3376 1688 3271
2445 11 2 0 1 319 324 325 2003 590 594 592 3377 3378 3379
2446 11 2 0 1 2001 1991 2003 324 3373 3380 3381 3360 3379 3372
2447 11 2 0 1 324 1991 2003 319 3372 3380 3379 590 3377 3260
2448 11 2 0 1 1991 2001 2003 2004 3373 3381 3380 3382 3383 3384
2449 11 2 0 1 2002 1992 2004 2001 3375 3385 3386 3365 3384 3374
2450 11 2 0 1 2001 1992 2004 1991 3374 3385 3384 3373 3382 3265
2451 11 2 0 1 1992 2002 2004 1422 3375 3386 3385 3387 3388 3389
2452 11 2 0 1 1421 1416 1422 2002 1688 1690 1689 3370 3389 3376
2453 11 2 0 1 2002 1416 1422 1992 3376 1690 3389 3375 3387 3270
2454 11 2 0 1 319 325 320 1993 592 593 577 3279 3278 3390
2455 11 2 0 1 2003 1991 1993 319 3380 3281 3391 3377 3279 3260
2456 11 2 0 1 325 319 2003 1993 592 3377 3378 3390 3391 3279
2457 11 2 0 1 1991 2003 1993 1994 3380 3391 3281 3284 3283 3392
2458 11 2 0 1 2004 1992 1994 1991 3385 3286 3393 3382 3284 3265
2459 11 2 0 1 2003 1991 2004 1994 3380 3382 3383 3392 3393 3284
2460 11 2 0 1 1992 2004 1994 1417 3385 3393 3286 3289 3288 3394
2461 11 2 0 1 1422 1416 1417 1992 1690 1672 1691 3387 3289 3270
2462 11 2 0 1 2004 1992 1422 1417 3385 3387 3388 3394 1691 3289
2463 11 2 0 1 320 325 68 1092 593 596 595 3395 1212 3396
2464 11 2 0 1 2003 1993 1092 325 3391 3397 3398 3378 3396 3390
2465 11 2 0 1 325 1993 1092 320 3390 3397 3396 593 3395 3278
2466 11 2 0 1 1993 2003 1092 1093 3391 3398 3397 3399 1215 3400
2467 11 2 0 1 2004 1994 1093 2003 3393 3401 3402 3383 3400 3392
2468 11 2 0 1 2003 1994 1093 1993 3392 3401 3400 3391 3399 3283
2469 11 2 0 1 1994 2004 1093 193 3393 3402 3401 3403 1217 3404
2470 11 2 0 1 1422 1417 193 2004 1691 1693 1692 3388 3404 3394
2471 11 2 0 1 2004 1417 193 1994 3394 1693 3404 3393 3403 3288
2472 11 2 0 1 320 68 67 1090 595 91 579 3296 1204 1210
2473 11 2 0 1 1092 1993 1090 320 3397 3298 1211 3395 3296 3278
2474 11 2 0 1 68 320 1092 1090 595 3395 1212 1210 1211 3296
2475 11 2 0 1 1993 1092 1090 1091 3397 1211 3298 3300 1207 1213
2476 11 2 0 1 1093 1994 1091 1993 3401 3302 1214 3399 3300 3283
2477 11 2 0 1 1092 1993 1093 1091 3397 3399 1215 1213 1214 3300
2478 11 2 0 1 1994 1093 1091 194 3401 1214 3302 3304 1209 1216
2479 11 2 0 1 193 1417 194 1994 1693 1675 217 3403 3304 3288
2480 11 2 0 1 1093 1994 193 194 3401 3403 1217 1216 217 3304
2481 11 2 0 1 21 22 326 2005 45 599 597 3405 3406 3407
2482 11 2 0 1 804 802 2005 22 930 3408 3409 929 3407 928
2483 11 2 0 1 22 802 2005 21 928 3408 3407 45 3405 921
2484 11 2 0 1 802 804 2005 2006 930 3409 3408 3410 3411 3412
2485 11 2 0 1 805 803 2006 804 933 3413 3414 932 3412 931
2486 11 2 0 1 804 803 2006 802 931 3413 3412 930 3410 924
2487 11 2 0 1 803 805 2006 1423 933 3414 3413 3415 3416 3417
2488 11 2 0 1 138 137 1423 805 161 1695 1694 935 3417 934
2489 11 2 0 1 805 137 1423 803 934 1695 3417 933 3415 927
2490 11 2 0 1 21 326 321 1995 597 598 582 3307 3306 3418
2491 11 2 0 1 2005 802 1995 21 3408 3309 3419 3405 3307 921
2492 11 2 0 1 326 21 2005 1995 597 3405 3406 3418 3419 3307
2493 11 2 0 1 802 2005 1995 1996 3408 3419 3309 3312 3311 3420
2494 11 2 0 1 2006 803 1996 802 3413 3314 3421 3410 3312 924
2495 11 2 0 1 2005 802 2006 1996 3408 3410 3411 3420 3421 3312
2496 11 2 0 1 803 2006 1996 1418 3413 3421 3314 3317 3316 3422
2497 11 2 0 1 1423 137 1418 803 1695 1677 1696 3415 3317 927
2498 11 2 0 1 2006 803 1423 1418 3413 3415 3416 3422 1696 3317
2499 11 2 0 1 321 326 327 2007 598 602 600 3423 3424 3425
2500 11 2 0 1 2005 1995 2007 326 3419 3426 3427 3406 3425 3418
2501 11 2 0 1 326 1995 2007 321 3418 3426 3425 598 3423 3306
2502 11 2 0 1 1995 2005 2007 2008 3419 3427 3426 3428 3429 3430
2503 11 2 0 1 2006 1996 2008 2005 3421 3431 3432 3411 3430 3420
2504 11 2 0 1 2005 1996 2008 1995 3420 3431 3430 3419 3428 3311
2505 11 2 0 1 1996 2006 2008 1424 3421 3432 3431 3433 3434 3435
2506 11 2 0 1 1423 1418 1424 2006 1696 1698 1697 3416 3435 3422
2507 11 2 0 1 2006 1418 1424 1996 3422 1698 3435 3421 3433 3316
2508 11 2 0 1 321 327 322 1997 600 601 585 3325 3324 3436
2509 11 2 0 1 2007 1995 1997 321 3426 3327 3437 3423 3325 3306
2510 11 2 0 1 327 321 2007 1997 600 3423 3424 3436 3437 3325
2511 11 2 0 1 1995 2007 1997 1998 3426 3437 3327 3330 3329 3438
2512 11 2 0 1 2008 1996 1998 1995 3431 3332 3439 3428 3330 3311
2513 11 2 0 1 2007 1995 2008 1998 3426 3428 3429 3438 3439 3330
2514 11 2 0 1 1996 2008 1998 1419 3431 3439 3332 3335 3334 3440
2515 11 2 0 1 1424 1418 1419 1996 1698 1680 1699 3433 3335 3316
2516 11 2 0 1 2008 1996 1424 1419 3431 3433 3434 3440 1699 3335
2517 11 2 0 1 322 327 328 2009 601 605 603 3441 3442 3443
2518 11 2 0 1 2007 1997 2009 327 3437 3444 3445 3424 3443 3436
2519 11 2 0 1 327 1997 2009 322 3436 3444 3443 601 3441 3324
2520 11 2 0 1 1997 2007 2009 2010 3437 3445 3444 3446 3447 3448
2521 11 2 0 1 2008 1998 2010 2007 3439 3449 3450 3429 3448 3438
2522 11 2 0 1 2007 1998 2010 1997 3438 3449 3448 3437 3446 3329
2523 11 2 0 1 1998 2008 2010 1425 3439 3450 3449 3451 3452 3453
2524 11 2 0 1 1424 1419 1425 2008 1699 1701 1700 3434 3453 3440
2525 11 2 0 1 2008 1419 1425 1998 3440 1701 3453 3439 3451 3334
2526 11 2 0 1 322 328 323 1999 603 604 588 3343 3342 3454
2527 11 2 0 1 2009 1997 1999 322 3444 3345 3455 3441 3343 3324
2528 11 2 0 1 328 322 2009 1999 603 3441 3442 3454 3455 3343
2529 11 2 0 1 1997 2009 1999 2000 3444 3455 3345 3348 3347 3456
2530 11 2 0 1 2010 1998 2000 1997 3449 3350 3457 3446 3348 3329
2531 11 2 0 1 2009 1997 2010 2000 3444 3446 3447 3456 3457 3348
2532 11 2 0 1 1998 2010 2000 1420 3449 3457 3350 3353 3352 3458
2533 11 2 0 1 1425 1419 1420 1998 1701 1683 1702 3451 3353 3334
2534 11 2 0 1 2010 1998 1425 1420 3449 3451 3452 3458 1702 3353
2535 11 2 0 1 323 328 329 2011 604 608 606 3459 3460 3461
2536 11 2 0 1 2009 1999 2011 328 3455 3462 3463 3442 3461 3454
2537 11 2 0 1 328 1999 2011 323 3454 3462 3461 604 3459 3342
2538 11 2 0 1 1999 2009 2011 2012 3455 3463 3462 3464 3465 3466
2539 11 2 0 1 2010 2000 2012 2009 3457 3467 3468 3447 3466 3456
2540 11 2 0 1 2009 2000 2012 1999 3456 3467 3466 3455 3464 3347
2541 11 2 0 1 2000 2010 2012 1426 3457 3468 3467 3469 3470 3471
2542 11 2 0 1 1425 1420 1426 2010 1702 1704 1703 3452 3471 3458
2543 11 2 0 1 2010 1420 1426 2000 3458 1704 3471 3457 3469 3352
2544 11 2 0 1 323 329 324 2001 606 607 591 3361 3360 3472
2545 11 2 0 1 2011 1999 2001 323 3462 3363 3473 3459 3361 3342
2546 11 2 0 1 329 323 2011 2001 606 3459 3460 3472 3473 3361
2547 11 2 0 1 1999 2011 2001 2002 3462 3473 3363 3366 3365 3474
2548 11 2 0 1 2012 2000 2002 1999 3467 3368 3475 3464 3366 3347
2549 11 2 0 1 2011 1999 2012 2002 3462 3464 3465 3474 3475 3366
2550 11 2 0 1 2000 2012 2002 1421 3467 3475 3368 3371 3370 3476
2551 11 2 0 1 1426 1420 1421 2000 1704 1686 1705 3469 3371 3352
2552 11 2 0 1 2012 2000 1426 1421 3467 3469 3470 3476 1705 3371
2553 11 2 0 1 324 329 330 2013 607 611 609 3477 3478 3479
2554 11 2 0 1 2011 2001 2013 329 3473 3480 3481 3460 3479 3472
2555 11 2 0 1 329 2001 2013 324 3472 3480 3479 607 3477 3360
2556 11 2 0 1 2001 2011 2013 2014 3473 3481 3480 3482 3483 3484
2557 11 2 0 1 2012 2002 2014 2011 3475 3485 3486 3465 3484 3474
2558 11 2 0 1 2011 2002 2014 2001 3474 3485 3484 3473 3482 3365
2559 11 2 0 1 2002 2012 2014 1427 3475 3486 3485 3487 3488 3489
2560 11 2 0 1 1426 1421 1427 2012 1705 1707 1706 3470 3489 3476
2561 11 2 0 1 2012 1421 1427 2002 3476 1707 3489 3475 3487 3370
2562 11 2 0 1 324 330 325 2003 609 610 594 3379 3378 3490
2563 11 2 0 1 2013 2001 2003 324 3480 3381 3491 3477 3379 3360
2564 11 2 0 1 330 324 2013 2003 609 3477 3478 3490 3491 3379
2565 11 2 0 1 2001 2013 2003 2004 3480 3491 3381 3384 3383 3492
2566 11 2 0 1 2014 2002 2004 2001 3485 3386 3493 3482 3384 3365
2567 11 2 0 1 2013 2001 2014 2004 3480 3482 3483 3492 3493 3384
2568 11 2 0 1 2002 2014 2004 1422 3485 3493 3386 3389 3388 3494
2569 11 2 0 1 1427 1421 1422 2002 1707 1689 1708 3487 3389 3370
2570 11 2 0 1 2014 2002 1427 1422 3485 3487 3488 3494 1708 3389
2571 11 2 0 1 325 330 69 1094 610 613 612 3495 1220 3496
2572 11 2 0 1 2013 2003 1094 330 3491 3497 3498 3478 3496 3490
2573 11 2 0 1 330 2003 1094 325 3490 3497 3496 610 3495 3378
2574 11 2 0 1 2003 2013 1094 1095 3491 3498 3497 3499 1223 3500
2575 11 2 0 1 2014 2004 1095 2013 3493 3501 3502 3483 3500 3492
2576 11 2 0 1 2013 2004 1095 2003 3492 3501 3500 3491 3499 3383
2577 11 2 0 1 2004 2014 1095 192 3493 3502 3501 3503 1225 3504
2578 11 2 0 1 1427 1422 192 2014 1708 1710 1709 3488 3504 3494
2579 11 2 0 1 2014 1422 192 2004 3494 1710 3504 3493 3503 3388
2580 11 2 0 1 325 69 68 1092 612 92 596 3396 1212 1218
2581 11 2 0 1 1094 2003 1092 325 3497 3398 1219 3495 3396 3378
2582 11 2 0 1 69 325 1094 1092 612 3495 1220 1218 1219 3396
2583 11 2 0 1 2003 1094 1092 1093 3497 1219 3398 3400 1215 1221
2584 11 2 0 1 1095 2004 1093 2003 3501 3402 1222 3499 3400 3383
2585 11 2 0 1 1094 2003 1095 1093 3497 3499 1223 1221 1222 3400
2586 11 2 0 1 2004 1095 1093 193 3501 1222 3402 3404 1217 1224
2587 11 2 0 1 192 1422 193 2004 1710 1692 216 3503 3404 3388
2588 11 2 0 1 1095 2004 192 193 3501 3503 1225 1224 216 3404
2589 11 2 0 1 22 23 331 2015 46 616 614 3505 3506 3507
2590 11 2 0 1 806 804 2015 23 938 3508 3509 937 3507 936
2591 11 2 0 1 23 804 2015 22 936 3508 3507 46 3505 929
2592 11 2 0 1 804 806 2015 2016 938 3509 3508 3510 3511 3512
2593 11 2 0 1 807 805 2016 806 941 3513 3514 940 3512 939
2594 11 2 0 1 806 805 2016 804 939 3513 3512 938 3510 932
2595 11 2 0 1 805 807 2016 1428 941 3514 3513 3515 3516 3517
2596 11 2 0 1 139 138 1428 807 162 1712 1711 943 3517 942
2597 11 2 0 1 807 138 1428 805 942 1712 3517 941 3515 935
2598 11 2 0 1 22 331 326 2005 614 615 599 3407 3406 3518
2599 11 2 0 1 2015 804 2005 22 3508 3409 3519 3505 3407 929
2600 11 2 0 1 331 22 2015 2005 614 3505 3506 3518 3519 3407
2601 11 2 0 1 804 2015 2005 2006 3508 3519 3409 3412 3411 3520
2602 11 2 0 1 2016 805 2006 804 3513 3414 3521 3510 3412 932
2603 11 2 0 1 2015 804 2016 2006 3508 3510 3511 3520 3521 3412
2604 11 2 0 1 805 2016 2006 1423 3513 3521 3414 3417 3416 3522
2605 11 2 0 1 1428 138 1423 805 1712 1694 1713 3515 3417 935
2606 11 2 0 1 2016 805 1428 1423 3513 3515 3516 3522 1713 3417
2607 11 2 0 1 326 331 332 2017 615 619 617 3523 3524 3525
2608 11 2 0 1 2015 2005 2017 331 3519 3526 3527 3506 3525 3518
2609 11 2 0 1 331 2005 2017 326 3518 3526 3525 615 3523 3406
2610 11 2 0 1 2005 2015 2017 2018 3519 3527 3526 3528 3529 3530
2611 11 2 0 1 2016 2006 2018 2015 3521 3531 3532 3511 3530 3520
2612 11 2 0 1 2015 2006 2018 2005 3520 3531 3530 3519 3528 3411
2613 11 2 0 1 2006 2016 2018 1429 3521 3532 3531 3533 3534 3535
2614 11 2 0 1 1428 1423 1429 2016 1713 1715 1714 3516 3535 3522
2615 11 2 0 1 2016 1423 1429 2006 3522 1715 3535 3521 3533 3416
2616 11 2 0 1 326 332 327 2007 617 618 602 3425 3424 3536
2617 11 2 0 1 2017 2005 2007 326 3526 3427 3537 3523 3425 3406
2618 11 2 0 1 332 326 2017 2007 617 3523 3524 3536 3537 3425
2619 11 2 0 1 2005 2017 2007 2008 3526 3537 3427 3430 3429 3538
2620 11 2 0 1 2018 2006 2008 2005 3531 3432 3539 3528 3430 3411
2621 11 2 0 1 2017 2005 2018 2008 3526 3528 3529 3538 3539 3430
2622 11 2 0 1 2006 2018 2008 1424 3531 3539 3432 3435 3434 3540
2623 11 2 0 1 1429 1423 1424 2006 1715 1697 1716 3533 3435 3416
2624 11 2 0 1 2018 2006 1429 1424 3531 3533 3534 3540 1716 3435
2625 11 2 0 1 327 332 333 2019 618 622 620 3541 3542 3543
2626 11 2 0 1 2017 2007 2019 332 3537 3544 3545 3524 3543 3536
2627 11 2 0 1 332 2007 2019 327 3536 3544 3543 618 3541 3424
2628 11 2 0 1 2007 2017 2019 2020 3537 3545 3544 3546 3547 3548
2629 11 2 0 1 2018 2008 2020 2017 3539 3549 3550 3529 3548 3538
2630 11 2 0 1 2017 2008 2020 2007 3538 3549 3548 3537 3546 3429
2631 11 2 0 1 2008 2018 2020 1430 3539 3550 3549 3551 3552 3553
2632 11 2 0 1 1429 1424 1430 2018 1716 1718 1717 3534 3553 3540
2633 11 2 0 1 2018 1424 1430 2008 3540 1718 3553 3539 3551 3434
2634 11 2 0 1 327 333 328 2009 620 621 605 3443 3442 3554
2635 11 2 0 1 2019 2007 2009 327 3544 3445 3555 3541 3443 3424
2636 11 2 0 1 333 327 2019 2009 620 3541 3542 3554 3555 3443
2637 11 2 0 1 2007 2019 2009 2010 3544 3555 3445 3448 3447 3556
2638 11 2 0 1 2020 2008 2010 2007 3549 3450 3557 3546 3448 3429
2639 11 2 0 1 2019 2007 2020 2010 3544 3546 3547 3556 3557 3448
2640 11 2 0 1 2008 2020 2010 1425 3549 3557 3450 3453 3452 3558
2641 11 2 0 1 1430 1424 1425 2008 1718 1700 1719 3551 3453 3434
2642 11 2 0 1 2020 2008 1430 1425 3549 3551 3552 3558 1719 3453
2643 11 2 0 1 328 333 334 2021 621 625 623 3559 3560 3561
2644 11 2 0 1 2019 2009 2021 333 3555 3562 3563 3542 3561 3554
2645 11 2 0 1 333 2009 2021 328 3554 3562 3561 621 3559 3442
2646 11 2 0 1 2009 2019 2021 2022 3555 3563 3562 3564 3565 3566
2647 11 2 0 1 2020 2010 2022 2019 3557 3567 3568 3547 3566 3556
2648 11 2 0 1 2019 2010 2022 2009 3556 3567 3566 3555 3564 3447
2649 11 2 0 1 2010 2020 2022 1431 3557 3568 3567 3569 3570 3571
2650 11 2 0 1 1430 1425 1431 2020 1719 1721 1720 3552 3571 3558
2651 11 2 0 1 2020 1425 1431 2010 3558 1721 3571 3557 3569 3452
2652 11 2 0 1 328 334 329 2011 623 624 608 3461 3460 3572
2653 11 2 0 1 2021 2009 2011 328 3562 3463 3573 3559 3461 3442
2654 11 2 0 1 334 328 2021 2011 623 3559 3560 3572 3573 3461
2655 11 2 0 1 2009 2021 2011 2012 3562 3573 3463 3466 3465 3574
2656 11 2 0 1 2022 2010 2012 2009 3567 3468 3575 3564 3466 3447
2657 11 2 0 1 2021 2009 2022 2012 3562 3564 3565 3574 3575 3466
2658 11 2 0 1 2010 2022 2012 1426 3567 3575 3468 3471 3470 3576
2659 11 2 0 1 1431 1425 1426 2010 1721 1703 1722 3569 3471 3452
2660 11 2 0 1 2022 2010 1431 1426 3567 3569 3570 3576 1722 3471
2661 11 2 0 1 329 334 335 2023 624 628 626 3577 3578 3579
2662 11 2 0 1 2021 2011 2023 334 3573 3580 3581 3560 3579 3572
2663 11 2 0 1 334 2011 2023 329 3572 3580 3579 624 3577 3460
2664 11 2 0 1 2011 2021 2023 2024 3573 3581 3580 3582 3583 3584
2665 11 2 0 1 2022 2012 2024 2021 3575 3585 3586 3565 3584 3574
2666 11 2 0 1 2021 2012 2024 2011 3574 3585 3584 3573 3582 3465
2667 11 2 0 1 2012 2022 2024 1432 3575 3586 3585 3587 3588 3589
2668 11 2 0 1 1431 1426 1432 2022 1722 1724 1723 3570 3589 3576
2669 11 2 0 1 2022 1426 1432 2012 3576 1724 3589 3575 3587 3470
2670 11 2 0 1 329 335 330 2013 626 627 611 3479 3478 3590
2671 11 2 0 1 2023 2011 2013 329 3580 3481 3591 3577 3479 3460
2672 11 2 0 1 335 329 2023 2013 626 3577 3578 3590 3591 3479
2673 11 2 0 1 2011 2023 2013 2014 3580 3591 3481 3484 3483 3592
2674 11 2 0 1 2024 2012 2014 2011 3585 3486 3593 3582 3484 3465
2675 11 2 0 1 2023 2011 2024 2014 3580 3582 3583 3592 3593 3484
2676 11 2 0 1 2012 2024 2014 1427 3585 3593 3486 3489 3488 3594
2677 11 2 0 1 1432 1426 1427 2012 1724 1706 1725 3587 3489 3470
2678 11 2 0 1 2024 2012 1432 1427 3585 3587 3588 3594 1725 3489
2679 11 2 0 1 330 335 70 1096 627 630 629 3595 1228 3596
2680 11 2 0 1 2023 2013 1096 335 3591 3597 3598 3578 3596 3590
2681 11 2 0 1 335 2013 1096 330 3590 3597 3596 627 3595 3478
2682 11 2 0 1 2013 2023 1096 1097 3591 3598 3597 3599 1231 3600
2683 11 2 0 1 2024 2014 1097 2023 3593 3601 3602 3583 3600 3592
2684 11 2 0 1 2023 2014 1097 2013 3592 3601 3600 3591 3599 3483
2685 11 2 0 1 2014 2024 1097 191 3593 3602 3601 3603 1233 3604
2686 11 2 0 1 1432 1427 191 2024 1725 1727 1726 3588 3604 3594
2687 11 2 0 1 2024 1427 191 2014 3594 1727 3604 3593 3603 3488
2688 11 2 0 1 330 70 69 1094 629 93 613 3496 1220 1226
2689 11 2 0 1 1096 2013 1094 330 3597 3498 1227 3595 3496 3478
2690 11 2 0 1 70 330 1096 1094 629 3595 1228 1226 1227 3496
2691 11 2 0 1 2013 1096 1094 1095 3597 1227 3498 3500 1223 1229
2692 11 2 0 1 1097 2014 1095 2013 3601 3502 1230 3599 3500 3483
2693 11 2 0 1 1096 2013 1097 1095 3597 3599 1231 1229 1230 3500
2694 11 2 0 1 2014 1097 1095 192 3601 1230 3502 3504 1225 1232
2695 11 2 0 1 191 1427 192 2014 1727 1709 215 3603 3504 3488
2696 11 2 0 1 1097 2014 191 192 3601 3603 1233 1232 215 3504
2697 11 2 0 1 23 24 336 2025 47 633 631 3605 3606 3607
2698 11 2 0 1 808 806 2025 24 946 3608 3609 945 3607 944
2699 11 2 0 1 24 806 2025 23 944 3608 3607 47 3605 937
2700 11 2 0 1 806 808 2025 2026 946 3609 3608 3610 3611 3612
2701 11 2 0 1 809 807 2026 808 949 3613 3614 948 3612 947
2702 11 2 0 1 808 807 2026 806 947 3613 3612 946 3610 940
2703 11 2 0 1 807 809 2026 1433 949 3614 3613 3615 3616 3617
2704 11 2 0 1 140 139 1433 809 163 1729 1728 951 3617 950
2705 11 2 0 1 809 139 1433 807 950 1729 3617 949 3615 943
2706 11 2 0 1 23 336 331 2015 631 632 616 3507 3506 3618
2707 11 2 0 1 2025 806 2015 23 3608 3509 3619 3605 3507 937
2708 11 2 0 1 336 23 2025 2015 631 3605 3606 3618 3619 3507
2709 11 2 0 1 806 2025 2015 2016 3608 3619 3509 3512 3511 3620
2710 11 2 0 1 2026 807 2016 806 3613 3514 3621 3610 3512 940
2711 11 2 0 1 2025 806 2026 2016 3608 3610 3611 3620 3621 3512
2712 11 2 0 1 807 2026 2016 1428 3613 3621 3514 3517 3516 3622
2713 11 2 0 1 1433 139 1428 807 1729 1711 1730 3615 3517 943
2714 11 2 0 1 2026 807 1433 1428 3613 3615 3616 3622 1730 3517
2715 11 2 0 1 331 336 337 2027 632 636 634 3623 3624 3625
2716 11 2 0 1 2025 2015 2027 336 3619 3626 3627 3606 3625 3618
2717 11 2 0 1 336 2015 2027 331 3618 3626 3625 632 3623 3506
2718 11 2 0 1 2015 2025 2027 2028 3619 3627 3626 3628 3629 3630
2719 11 2 0 1 2026 2016 2028 2025 3621 3631 3632 3611 3630 3620
2720 11 2 0 1 2025 2016 2028 2015 3620 3631 3630 3619 3628 3511
2721 11 2 0 1 2016 2026 2028 1434 3621 3632 3631 3633 3634 3635
2722 11 2 0 1 1433 1428 1434 2026 1730 1732 1731 3616 3635 3622
2723 11 2 0 1 2026 1428 1434 2016 3622 1732 3635 3621 3633 3516
2724 11 2 0 1 331 337 332 2017 634 635 619 3525 3524 3636
2725 11 2 0 1 2027 2015 2017 331 3626 3527 3637 3623 3525 3506
2726 11 2 0 1 337 331 2027 2017 634 3623 3624 3636 3637 3525
2727 11 2 0 1 2015 2027 2017 2018 3626 3637 3527 3530 3529 3638
2728 11 2 0 1 2028 2016 2018 2015 3631 3532 3639 3628 3530 3511
2729 11 2 0 1 2027 2015 2028 2018 3626 3628 3629 3638 3639 3530
2730 11 2 0 1 2016 2028 2018 1429 3631 3639 3532 3535 3534 3640
2731 11 2 0 1 1434 1428 1429 2016 1732 1714 1733 3633 3535 3516
2732 11 2 0 1 2028 2016 1434 1429 3631 3633 3634 3640 1733 3535
2733 11 2 0 1 332 337 338 2029 635 639 637 3641 3642 3643
2734 11 2 0 1 2027 2017 2029 337 3637 3644 3645 3624 3643 3636
2735 11 2 0 1 337 2017 2029 332 3636 3644 3643 635 3641 3524
2736 11 2 0 1 2017 2027 2029 2030 3637 3645 3644 3646 3647 3648
2737 11 2 0 1 2028 2018 2030 2027 3639 3649 3650 3629 3648 3638
2738 11 2 0 1 2027 2018 2030 2017 3638 3649 3648 3637 3646 3529
2739 11 2 0 1 2018 2028 2030 1435 3639 3650 3649 3651 3652 3653
2740 11 2 0 1 1434 1429 1435 2028 1733 1735 1734 3634 3653 3640
2741 11 2 0 1 2028 1429 1435 2018 3640 1735 3653 3639 3651 3534
2742 11 2 0 1 332 338 333 2019 637 638 622 3543 3542 3654
2743 11 2 0 1 2029 2017 2019 332 3644 3545 3655 3641 3543 3524
2744 11 2 0 1 338 332 2029 2019 637 3641 3642 3654 3655 3543
2745 11 2 0 1 2017 2029 2019 2020 3644 3655 3545 3548 3547 3656
2746 11 2 0 1 2030 2018 2020 2017 3649 3550 3657 3646 3548 3529
2747 11 2 0 1 2029 2017 2030 2020 3644 3646 3647 3656 3657 3548
2748 11 2 0 1 2018 2030 2020 1430 3649 3657 3550 3553 3552 3658
2749 11 2 0 1 1435 1429 1430 2018 1735 1717 1736 3651 3553 3534
2750 11 2 0 1 2030 2018 1435 1430 3649 3651 3652 3658 1736 3553
2751 11 2 0 1 333 338 339 2031 638 642 640 3659 3660 3661
2752 11 2 0 1 2029 2019 2031 338 3655 3662 3663 3642 3661 3654
2753 11 2 0 1 338 2019 2031 333 3654 3662 3661 638 3659 3542
2754 11 2 0 1 2019 2029 2031 2032 3655 3663 3662 3664 3665 3666
2755 11 2 0 1 2030 2020 2032 2029 3657 3667 3668 3647 3666 3656
2756 11 2 0 1 2029 2020 2032 2019 3656 3667 3666 3655 3664 3547
2757 11 2 0 1 2020 2030 2032 1436 3657 3668 3667 3669 3670 3671
2758 11 2 0 1 1435 1430 1436 2030 1736 1738 1737 3652 3671 3658
2759 11 2 0 1 2030 1430 1436 2020 3658 1738 3671 3657 3669 3552
2760 11 2 0 1 333 339 334 2021 640 641 625 3561 3560 3672
2761 11 2 0 1 2031 2019 2021 333 3662 3563 3673 3659 3561 3542
2762 11 2 0 1 339 333 2031 2021 640 3659 3660 3672 3673 3561
2763 11 2 0 1 2019 2031 2021 2022 3662 3673 3563 3566 3565 3674
2764 11 2 0 1 2032 2020 2022 2019 3667 3568 3675 3664 3566 3547
2765 11 2 0 1 2031 2019 2032 2022 3662 3664 3665 3674 3675 3566
2766 11 2 0 1 2020 2032 2022 1431 3667 3675 3568 3571 3570 3676
2767 11 2 0 1 1436 1430 1431 2020 1738 1720 1739 3669 3571 3552
2768 11 2 0 1 2032 2020 1436 1431 3667 3669 3670 3676 1739 3571
2769 11 2 0 1 334 339 340 2033 641 645 643 3677 3678 3679
2770 11 2 0 1 2031 2021 2033 339 3673 3680 3681 3660 3679 3672
2771 11 2 0 1 339 2021 2033 334 3672 3680 3679 641 3677 3560
2772 11 2 0 1 2021 2031 2033 2034 3673 3681 3680 3682 3683 3684
2773 11 2 0 1 2032 2022 2034 2031 3675 3685 3686 3665 3684 3674
2774 11 2 0 1 2031 2022 2034 2021 3674 3685 3684 3673 3682 3565
2775 11 2 0 1 2022 2032 2034 1437 3675 3686 3685 3687 3688 3689
2776 11 2 0 1 1436 1431 1437 2032 1739 1741 1740 3670 3689 3676
2777 11 2 0 1 2032 1431 1437 2022 3676 1741 3689 3675 3687 3570
2778 11 2 0 1 334 340 335 2023 643 644 628 3579 3578 3690
2779 11 2 0 1 2033 2021 2023 334 3680 3581 3691 3677 3579 3560
2780 11 2 0 1 340 334 2033 2023 643 3677 3678 3690 3691 3579
2781 11 2 0 1 2021 2033 2023 2024 3680 3691 3581 3584 3583 3692
2782 11 2 0 1 2034 2022 2024 2021 3685 3586 3693 3682 3584 3565
2783 11 2 0 1 2033 2021 2034 2024 3680 3682 3683 3692 3693 3584
2784 11 2 0 1 2022 2034 2024 1432 3685 3693 3586 3589 3588 3694
2785 11 2 0 1 1437 1431 1432 2022 1741 1723 1742 3687 3589 3570
2786 11 2 0 1 2034 2022 1437 1432 3685 3687 3688 3694 1742 3589
2787 11 2 0 1 335 340 71 1098 644 647 646 3695 1236 3696
2788 11 2 0 1 2033 2023 1098 340 3691 3697 3698 3678 3696 3690
2789 11 2 0 1 340 2023 1098 335 3690 3697 3696 644 3695 3578
2790 11 2 0 1 2023 2033 1098 1099 3691 3698 3697 3699 1239 3700
2791 11 2 0 1 2034 2024 1099 2033 3693 3701 3702 3683 3700 3692
2792 11 2 0 1 2033 2024 1099 2023 3692 3701 3700 3691 3699 3583
2793 11 2 0 1 2024 2034 1099 190 3693 3702 3701 3703 1241 3704
2794 11 2 0 1 1437 1432 190 2034 1742 1744 1743 3688 3704 3694
2795 11 2 0 1 2034 1432 190 2024 3694 1744 3704 3693 3703 3588
2796 11 2 0 1 335 71 70 1096 646 94 630 3596 1228 1234
2797 11 2 0 1 1098 2023 1096 335 3697 3598 1235 3695 3596 3578
2798 11 2 0 1 71 335 1098 1096 646 3695 1236 1234 1235 3596
2799 11 2 0 1 2023 1098 1096 1097 3697 1235 3598 3600 1231 1237
2800 11 2 0 1 1099 2024 1097 2023 3701 3602 1238 3699 3600 3583
2801 11 2 0 1 1098 2023 1099 1097 3697 3699 1239 1237 1238 3600
2802 11 2 0 1 2024 1099 1097 191 3701 1238 3602 3604 1233 1240
2803 11 2 0 1 190 1432 191 2024 1744 1726 214 3703 3604 3588
2804 11 2 0 1 1099 2024 190 191 3701 3703 1241 1240 214 3604
2805 11 2 0 1 24 25 341 2035 48 650 648 3705 3706 3707
2806 11 2 0 1 810 808 2035 25 954 3708 3709 953 3707 952
2807 11 2 0 1 25 808 2035 24 952 3708 3707 48 3705 945
2808 11 2 0 1 808 810 2035 2036 954 3709 3708 3710 3711 3712
2809 11 2 0 1 811 809 2036 810 957 3713 3714 956 3712 955
2810 11 2 0 1 810 809 2036 808 955 3713 3712 954 3710 948
2811 11 2 0 1 809 811 2036 1438 957 3714 3713 3715 3716 3717
2812 11 2 0 1 141 140 1438 811 164 1746 1745 959 3717 958
2813 11 2 0 1 811 140 1438 809 958 1746 3717 957 3715 951
2814 11 2 0 1 24 341 336 2025 648 649 633 3607 3606 3718
2815 11 2 0 1 2035 808 2025 24 3708 3609 3719 3705 3607 945
2816 11 2 0 1 341 24 2035 2025 648 3705 3706 3718 3719 3607
2817 11 2 0 1 808 2035 2025 2026 3708 3719 3609 3612 3611 3720
2818 11 2 0 1 2036 809 2026 808 3713 3614 3721 3710 3612 948
2819 11 2 0 1 2035 808 2036 2026 3708 3710 3711 3720 3721 3612
2820 11 2 0 1 809 2036 2026 1433 3713 3721 3614 3617 3616 3722
2821 11 2 0 1 1438 140 1433 809 1746 1728 1747 3715 3617 951
2822 11 2 0 1 2036 809 1438 1433 3713 3715 3716 3722 1747 3617
2823 11 2 0 1 336 341 342 2037 649 653 651 3723 3724 3725
2824 11 2 0 1 2035 2025 2037 341 3719 3726 3727 3706 3725 3718
2825 11 2 0 1 341 2025 2037 336 3718 3726 3725 649 3723 3606
2826 11 2 0 1 2025 2035 2037 2038 3719 3727 3726 3728 3729 3730
2827 11 2 0 1 2036 2026 2038 2035 3721 3731 3732 3711 3730 3720
2828 11 2 0 1 2035 2026 2038 2025 3720 3731 3730 3719 3728 3611
2829 11 2 0 1 2026 2036 2038 1439 3721 3732 3731 3733 3734 3735
2830 11 2 0 1 1438 1433 1439 2036 1747 1749 1748 3716 3735 3722
2831 11 2 0 1 2036 1433 1439 2026 3722 1749 3735 3721 3733 3616
2832 11 2 0 1 336 342 337 2027 651 652 636 3625 3624 3736
2833 11 2 0 1 2037 2025 2027 336 3726 3627 3737 3723 3625 3606
2834 11 2 0 1 342 336 2037 2027 651 3723 3724 3736 3737 3625
2835 11 2 0 1 2025 2037 2027 2028 3726 3737 3627 3630 3629 3738
2836 11 2 0 1 2038 2026 2028 2025 3731 3632 3739 3728 3630 3611
2837 11 2 0 1 2037 2025 2038 2028 3726 3728 3729 3738 3739 3630
2838 11 2 0 1 2026 2038 2028 1434 3731 3739 3632 3635 3634 3740
2839 11 2 0 1 1439 1433 1434 2026 1749 1731 1750 3733 3635 3616
2840 11 2 0 1 2038 2026 1439 1434 3731 3733 3734 3740 1750 3635
2841 11 2 0 1 337 342 343 2039 652 656 654 3741 3742 3743
2842 11 2 0 1 2037 2027 2039 342 3737 3744 3745 3724 3743 3736
2843 11 2 0 1 342 2027 2039 337 3736 3744 3743 652 3741 3624
2844 11 2 0 1 2027 2037 2039 2040 3737 3745 3744 3746 3747 3748
2845 11 2 0 1 2038 2028 2040 2037 3739 3749 3750 3729 3748 3738
2846 11 2 0 1 2037 2028 2040 2027 3738 3749 3748 3737 3746 3629
2847 11 2 0 1 2028 2038 2040 1440 3739 3750 3749 3751 3752 3753
2848 11 2 0 1 1439 1434 1440 2038 1750 1752 1751 3734 3753 3740
2849 11 2 0 1 2038 1434 1440 2028 3740 1752 3753 3739 3751 3634
2850 11 2 0 1 337 343 338 2029 654 655 639 3643 3642 3754
2851 11 2 0 1 2039 2027 2029 337 3744 3645 3755 3741 3643 3624
2852 11 2 0 1 343 337 2039 2029 654 3741 3742 3754 3755 3643
2853 11 2 0 1 2027 2039 2029 2030 3744 3755 3645 3648 3647 3756
2854 11 2 0 1 2040 2028 2030 2027 3749 3650 3757 3746 3648 3629
2855 11 2 0 1 2039 2027 2040 2030 3744 3746 3747 3756 3757 3648
2856 11 2 0 1 2028 2040 2030 1435 3749 3757 3650 3653 3652 3758
2857 11 2 0 1 1440 1434 1435 2028 1752 1734 1753 3751 3653 3634
2858 11 2 0 1 2040 2028 1440 1435 3749 3751 3752 3758 1753 3653
2859 11 2 0 1 338 343 344 2041 655 659 657 3759 3760 3761
2860 11 2 0 1 2039 2029 2041 343 3755 3762 3763 3742 3761 3754
2861 11 2 0 1 343 2029 2041 338 3754 3762 3761 655 3759 3642
2862 11 2 0 1 2029 2039 2041 2042 3755 3763 3762 3764 3765 3766
2863 11 2 0 1 2040 2030 2042 2039 3757 3767 3768 3747 3766 3756
2864 11 2 0 1 2039 2030 2042 2029 3756 3767 3766 3755 3764 3647
2865 11 2 0 1 2030 2040 2042 1441 3757 3768 3767 3769 3770 3771
2866 11 2 0 1 1440 1435 1441 2040 1753 1755 1754 3752 3771 3758
2867 11 2 0 1 2040 1435 1441 2030 3758 1755 3771 3757 3769 3652
2868 11 2 0 1 338 344 339 2031 657 658 642 3661 3660 3772
2869 11 2 0 1 2041 2029 2031 338 3762 3663 3773 3759 3661 3642
2870 11 2 0 1 344 338 2041 2031 657 3759 3760 3772 3773 3661
2871 11 2 0 1 2029 2041 2031 2032 3762 3773 3663 3666 3665 3774
2872 11 2 0 1 2042 2030 2032 2029 3767 3668 3775 3764 3666 3647
2873 11 2 0 1 2041 2029 2042 2032 3762 3764 3765 3774 3775 3666
2874 11 2 0 1 2030 2042 2032 1436 3767 3775 3668 3671 3670 3776
2875 11 2 0 1 1441 1435 1436 2030 1755 1737 1756 3769 3671 3652
2876 11 2 0 1 2042 2030 1441 1436 3767 3769 3770 3776 1756 3671
2877 11 2 0 1 339 344 345 2043 658 662 660 3777 3778 3779
2878 11 2 0 1 2041 2031 2043 344 3773 3780 3781 3760 3779 3772
2879 11 2 0 1 344 2031 2043 339 3772 3780 3779 658 3777 3660
2880 11 2 0 1 2031 2041 2043 2044 3773 3781 3780 3782 3783 3784
2881 11 2 0 1 2042 2032 2044 2041 3775 3785 3786 3765 3784 3774
2882 11 2 0 1 2041 2032 2044 2031 3774 3785 3784 3773 3782 3665
2883 11 2 0 1 2032 2042 2044 1442 3775 3786 3785 3787 3788 3789
2884 11 2 0 1 1441 1436 1442 2042 1756 1758 1757 3770 3789 3776
2885 11 2 0 1 2042 1436 1442 2032 3776 1758 3789 3775 3787 3670
2886 11 2 0 1 339 345 340 2033 660 661 645 3679 3678 3790
2887 11 2 0 1 2043 2031 2033 339 3780 3681 3791 3777 3679 3660
2888 11 2 0 1 345 339 2043 2033 660 3777 3778 3790 3791 3679
2889 11 2 0 1 2031 2043 2033 2034 3780 3791 3681 3684 3683 3792
2890 11 2 0 1 2044 2032 2034 2031 3785 3686 3793 3782 3684 3665
2891 11 2 0 1 2043 2031 2044 2034 3780 3782 3783 3792 3793 3684
2892 11 2 0 1 2032 2044 2034 1437 3785 3793 3686 3689 3688 3794
2893 11 2 0 1 1442 1436 1437 2032 1758 1740 1759 3787 3689 3670
2894 11 2 0 1 2044 2032 1442 1437 3785 3787 3788 3794 1759 3689
2895 11 2 0 1 340 345 72 1100 661 664 663 3795 1244 3796
2896 11 2 0 1 2043 2033 1100 345 3791 3797 3798 3778 3796 3790
2897 11 2 0 1 345 2033 1100 340 3790 3797 3796 661 3795 3678
2898 11 2 0 1 2033 2043 1100 1101 3791 3798 3797 3799 1247 3800
2899 11 2 0 1 2044 2034 1101 2043 3793 3801 3802 3783 3800 3792
2900 11 2 0 1 2043 2034 1101 2033 3792 3801 3800 3791 3799 3683
2901 11 2 0 1 2034 2044 1101 189 3793 3802 3801 3803 1249 3804
2902 11 2 0 1 1442 1437 189 2044 1759 1761 1760 3788 3804 3794
2903 11 2 0 1 2044 1437 189 2034 3794 1761 3804 3793 3803 3688
2904 11 2 0 1 340 72 71 1098 663 95 647 3696 1236 1242
2905 11 2 0 1 1100 2033 1098 340 3797 3698 1243 3795 3696 3678
2906 11 2 0 1 72 340 1100 1098 663 3795 1244 1242 1243 3696
2907 11 2 0 1 2033 1100 1098 1099 3797 1243 3698 3700 1239 1245
2908 11 2 0 1 1101 2034 1099 2033 3801 3702 1246 3799 3700 3683
2909 11 2 0 1 1100 2033 1101 1099 3797 3799 1247 1245 1246 3700
2910 11 2 0 1 2034 1101 1099 190 3801 1246 3702 3704 1241 1248
2911 11 2 0 1 189 1437 190 2034 1761 1743 213 3803 3704 3688
2912 11 2 0 1 1101 2034 189 190 3801 3803 1249 1248 213 3704
2913 11 2 0 1 25 26 346 2045 49 667 665 3805 3806 3807
2914 11 2 0 1 812 810 2045 26 962 3808 3809 961 3807 960
2915 11 2 0 1 26 810 2045 25 960 3808 3807 49 3805 953
2916 11 2 0 1 810 812 2045 2046 962 3809 3808 3810 3811 3812
2917 11 2 0 1 813 811 2046 812 965 3813 3814 964 3812 963
2918 11 2 0 1 812 811 2046 810 963 3813 3812 962 3810 956
2919 11 2 0 1 811 813 2046 1443 965 3814 3813 3815 3816 3817
2920 11 2 0 1 142 141 1443 813 165 1763 1762 967 3817 966
2921 11 2 0 1 813 141 1443 811 966 1763 3817 965 3815 959
2922 11 2 0 1 25 346 341 2035 665 666 650 3707 3706 3818
2923 11 2 0 1 2045 810 2035 25 3808 3709 3819 3805 3707 953
2924 11 2 0 1 346 25 2045 2035 665 3805 3806 3818 3819 3707
2925 11 2 0 1 810 2045 2035 2036 3808 3819 3709 3712 3711 3820
2926 11 2 0 1 2046 811 2036 810 3813 3714 3821 3810 3712 956
2927 11 2 0 1 2045 810 2046 2036 3808 3810 3811 3820 3821 3712
2928 11 2 0 1 811 2046 2036 1438 3813 3821 3714 3717 3716 3822
2929 11 2 0 1 1443 141 1438 811 1763 1745 1764 3815 3717 959
2930 11 2 0 1 2046 811 1443 1438 3813 3815 3816 3822 1764 3717
2931 11 2 0 1 341 346 347 2047 666 670 668 3823 3824 3825
2932 11 2 0 1 2045 2035 2047 346 3819 3826 3827 3806 3825 3818
2933 11 2 0 1 346 2035 2047 341 3818 3826 3825 666 3823 3706
2934 11 2 0 1 2035 2045 2047 2048 3819 3827 3826 3828 3829 3830
2935 11 2 0 1 2046 2036 2048 2045 3821 3831 3832 3811 3830 3820
2936 11 2 0 1 2045 2036 2048 2035 3820 3831 3830 3819 3828 3711
2937 11 2 0 1 2036 2046 2048 1444 3821 3832 3831 3833 3834 3835
2938 11 2 0 1 1443 1438 1444 2046 1764 1766 1765 3816 3835 3822
2939 11 2 0 1 2046 1438 1444 2036 3822 1766 3835 3821 3833 3716
2940 11 2 0 1 341 347 342 2037 668 669 653 3725 3724 3836
2941 11 2 0 1 2047 2035 2037 341 3826 3727 3837 3823 3725 3706
2942 11 2 0 1 347 341 2047 2037 668 3823 3824 3836 3837 3725
2943 11 2 0 1 2035 2047 2037 2038 3826 3837 3727 3730 3729 3838
2944 11 2 0 1 2048 2036 2038 2035 3831 3732 3839 3828 3730 3711
2945 11 2 0 1 2047 2035 2048 2038 3826 3828 3829 3838 3839 3730
2946 11 2 0 1 2036 2048 2038 1439 3831 3839 3732 3735 3734 3840
2947 11 2 0 1 1444 1438 1439 2036 1766 1748 1767 3833 3735 3716
2948 11 2 0 1 2048 2036 1444 1439 3831 3833 3834 3840 1767 3735
2949 11 2 0 1 342 347 348 2049 669 673 671 3841 3842 3843
2950 11 2 0 1 2047 2037 2049 347 3837 3844 3845 3824 3843 3836
2951 11 2 0 1 347 2037 2049 342 3836 3844 3843 669 3841 3724
2952 11 2 0 1 2037 2047 2049 2050 3837 3845 3844 3846 3847 3848
2953 11 2 0 1 2048 2038 2050 2047 3839 3849 3850 3829 3848 3838
2954 11 2 0 1 2047 2038 2050 2037 3838 3849 3848 3837 3846 3729
2955 11 2 0 1 2038 2048 2050 1445 3839 3850 3849 3851 3852 3853
2956 11 2 0 1 1444 1439 1445 2048 1767 1769 1768 3834 3853 3840
2957 11 2 0 1 2048 1439 1445 2038 3840 1769 3853 3839 3851 3734
2958 11 2 0 1 342 348 343 2039 671 672 656 3743 3742 3854
2959 11 2 0 1 2049 2037 2039 342 3844 3745 3855 3841 3743 3724
2960 11 2 0 1 348 342 2049 2039 671 3841 3842 3854 3855 3743
2961 11 2 0 1 2037 2049 2039 2040 3844 3855 3745 3748 3747 3856
2962 11 2 0 1 2050 2038 2040 2037 3849 3750 3857 3846 3748 3729
2963 11 2 0 1 2049 2037 2050 2040 3844 3846 3847 3856 3857 3748
2964 11 2 0 1 2038 2050 2040 1440 3849 3857 3750 3753 3752 3858
2965 11 2 0 1 1445 1439 1440 2038 1769 1751 1770 3851 3753 3734
2966 11 2 0 1 2050 2038 1445 1440 3849 3851 3852 3858 1770 3753
2967 11 2 0 1 343 348 349 2051 672 676 674 3859 3860 3861
2968 11 2 0 1 2049 2039 2051 348 3855 3862 3863 3842 3861 3854
2969 11 2 0 1 348 2039 2051 343 3854 3862 3861 672 3859 3742
2970 11 2 0 1 2039 2049 2051 2052 3855 3863 3862 3864 3865 3866
2971 11 2 0 1 2050 2040 2052 2049 3857 3867 3868 3847 3866 3856
2972 11 2 0 1 2049 2040 2052 2039 3856 3867 3866 3855 3864 3747
2973 11 2 0 1 2040 2050 2052 1446 3857 3868 3867 3869 3870 3871
2974 11 2 0 1 1445 1440 1446 2050 1770 1772 1771 3852 3871 3858
2975 11 2 0 1 2050 1440 1446 2040 3858 1772 3871 3857 3869 3752
2976 11 2 0 1 343 349 344 2041 674 675 659 3761 3760 3872
2977 11 2 0 1 2051 2039 2041 343 3862 3763 3873 3859 3761 3742
2978 11 2 0 1 349 343 2051 2041 674 3859 3860 3872 3873 3761
2979 11 2 0 1 2039 2051 2041 2042 3862 3873 3763 3766 3765 3874
2980 11 2 0 1 2052 2040 2042 2039 3867 3768 3875 3864 3766 3747
2981 11 2 0 1 2051 2039 2052 2042 3862 3864 3865 3874 3875 3766
2982 11 2 0 1 2040 2052 2042 1441 3867 3875 3768 3771 3770 3876
2983 11 2 0 1 1446 1440 1441 2040 1772 1754 1773 3869 3771 3752
2984 11 2 0 1 2052 2040 1446 1441 3867 3869 3870 3876 1773 3771
2985 11 2 0 1 344 349 350 2053 675 679 677 3877 3878 3879
2986 11 2 0 1 2051 2041 2053 349 3873 3880 3881 3860 3879 3872
2987 11 2 0 1 349 2041 2053 344 3872 3880 3879 675 3877 3760
2988 11 2 0 1 2041 2051 2053 2054 3873 3881 3880 3882 3883 3884
2989 11 2 0 1 2052 2042 2054 2051 3875 3885 3886 3865 3884 3874
2990 11 2 0 1 2051 2042 2054 2041 3874 3885 3884 3873 3882 3765
2991 11 2 0 1 2042 2052 2054 1447 3875 3886 3885 3887 3888 3889
2992 11 2 0 1 1446 1441 1447 2052 1773 1775 1774 3870 3889 3876
2993 11 2 0 1 2052 1441 1447 2042 3876 1775 3889 3875 3887 3770
2994 11 2 0 1 344 350 345 2043 677 678 662 3779 3778 3890
2995 11 2 0 1 2053 2041 2043 344 3880 3781 3891 3877 3779 3760
2996 11 2 0 1 350 344 2053 2043 677 3877 3878 3890 3891 3779
2997 11 2 0 1 2041 2053 2043 2044 3880 3891 3781 3784 3783 3892
2998 11 2 0 1 2054 2042 2044 2041 3885 3786 3893 3882 3784 3765
2999 11 2 0 1 2053 2041 2054 2044 3880 3882 3883 3892 3893 3784
3000 11 2 0 1 2042 2054 2044 1442 3885 3893 3786 3789 3788 3894
3001 11 2 0 1 1447 1441 1442 2042 1775 1757 1776 3887 3789 3770
3002 11 2 0 1 2054 2042 1447 1442 3885 3887 3888 3894 1776 3789
3003 11 2 0 1 345 350 73 1102 678 681 680 3895 1252 3896
3004 11 2 0 1 2053 2043 1102 350 3891 3897 3898 3878 3896 3890
3005 11 2 0 1 350 2043 1102 345 3890 3897 3896 678 3895 3778
3006 11 2 0 1 2043 2053 1102 1103 3891 3898 3897 3899 1255 3900
3007 11 2 0 1 2054 2044 1103 2053 3893 3901 3902 3883 3900 3892
3008 11 2 0 1 2053 2044 1103 2043 3892 3901 3900 3891 3899 3783
3009 11 2 0 1 2044 2054 1103 188 3893 3902 3901 3903 1257 3904
3010 11 2 0 1 1447 1442 188 2054 1776 1778 1777 3888 3904 3894
3011 11 2 0 1 2054 1442 188 2044 3894 1778 3904 3893 3903 3788
3012 11 2 0 1 345 73 72 1100 680 96 664 3796 1244 1250
3013 11 2 0 1 1102 2043 1100 345 3897 3798 1251 3895 3796 3778
3014 11 2 0 1 73 345 1102 1100 680 3895 1252 1250 1251 3796
3015 11 2 0 1 2043 1102 1100 1101 3897 1251 3798 3800 1247 1253
3016 11 2 0 1 1103 2044 1101 2043 3901 3802 1254 3899 3800 3783
3017 11 2 0 1 1102 2043 1103 1101 3897 3899 1255 1253 1254 3800
3018 11 2 0 1 2044 1103 1101 189 3901 1254 3802 3804 1249 1256
3019 11 2 0 1 188 1442 189 2044 1778 1760 212 3903 3804 3788
3020 11 2 0 1 1103 2044 188 189 3901 3903 1257 1256 212 3804
3021 11 2 0 1 26 27 351 2055 50 684 682 3905 3906 3907
3022 11 2 0 1 814 812 2055 27 970 3908 3909 969 3907 968
3023 11 2 0 1 27 812 2055 26 968 3908 3907 50 3905 961
3024 11 2 0 1 812 814 2055 2056 970 3909 3908 3910 3911 3912
3025 11 2 0 1 815 813 2056 814 973 3913 3914 972 3912 971
3026 11 2 0 1 814 813 2056 812 971 3913 3912 970 3910 964
3027 11 2 0 1 813 815 2056 1448 973 3914 3913 3915 3916 3917
3028 11 2 0 1 143 142 1448 815 166 1780 1779 975 3917 974
3029 11 2 0 1 815 142 1448 813 974 1780 3917 973 3915 967
3030 11 2 0 1 26 351 346 2045 682 683 667 3807 3806 3918
3031 11 2 0 1 2055 812 2045 26 3908 3809 3919 3905 3807 961
3032 11 2 0 1 351 26 2055 2045 682 3905 3906 3918 3919 3807
3033 11 2 0 1 812 2055 2045 2046 3908 3919 3809 3812 3811 3920
3034 11 2 0 1 2056 813 2046 812 3913 3814 3921 3910 3812 964
3035 11 2 0 1 2055 812 2056 2046 3908 3910 3911 3920 3921 3812
3036 11 2 0 1 813 2056 2046 1443 3913 3921 3814 3817 3816 3922
3037 11 2 0 1 1448 142 1443 813 1780 1762 1781 3915 3817 967
3038 11 2 0 1 2056 813 1448 1443 3913 3915 3916 3922 1781 3817
3039 11 2 0 1 346 351 352 2057 683 687 685 3923 3924 3925
3040 11 2 0 1 2055 2045 2057 351 3919 3926 3927 3906 3925 3918
3041 11 2 0 1 351 2045 2057 346 3918 3926 3925 683 3923 3806
3042 11 2 0 1 2045 2055 2057 2058 3919 3927 3926 3928 3929 3930
3043 11 2 0 1 2056 2046 2058 2055 3921 3931 3932 3911 3930 3920
3044 11 2 0 1 2055 2046 2058 2045 3920 3931 3930 3919 3928 3811
3045 11 2 0 1 2046 2056 2058 1449 3921 3932 3931 3933 3934 3935
3046 11 2 0 1 1448 1443 1449 2056 1781 1783 1782 3916 3935 3922
3047 11 2 0 1 2056 1443 1449 2046 3922 1783 3935 3921 3933 3816
3048 11 2 0 1 346 352 347 2047 685 686 670 3825 3824 3936
3049 11 2 0 1 2057 2045 2047 346 3926 3827 3937 3923 3825 3806
3050 11 2 0 1 352 346 2057 2047 685 3923 3924 3936 3937 3825
3051 11 2 0 1 2045 2057 2047 2048 3926 3937 3827 3830 3829 3938
3052 11 2 0 1 2058 2046 2048 2045 3931 3832 3939 3928 3830 3811
3053 11 2 0 1 2057 2045 2058 2048 3926 3928 3929 3938 3939 3830
3054 11 2 0 1 2046 2058 2048 1444 3931 3939 3832 3835 3834 3940
3055 11 2 0 1 1449 1443 1444 2046 1783 1765 1784 3933 3835 3816
3056 11 2 0 1 2058 2046 1449 1444 3931 3933 3934 3940 1784 3835
3057 11 2 0 1 347 352 353 2059 686 690 688 3941 3942 3943
3058 11 2 0 1 2057 2047 2059 352 3937 3944 3945 3924 3943 3936
3059 11 2 0 1 352 2047 2059 347 3936 3944 3943 686 3941 3824
3060 11 2 0 1 2047 2057 2059 2060 3937 3945 3944 3946 3947 3948
3061 11 2 0 1 2058 2048 2060 2057 3939 3949 3950 3929 3948 3938
3062 11 2 0 1 2057 2048 2060 2047 3938 3949 3948 3937 3946 3829
3063 11 2 0 1 2048 2058 2060 1450 3939 3950 3949 3951 3952 3953
3064 11 2 0 1 1449 1444 1450 2058 1784 1786 1785 3934 3953 3940
3065 11 2 0 1 2058 1444 1450 2048 3940 1786 3953 3939 3951 3834
3066 11 2 0 1 347 353 348 2049 688 689 673 3843 3842 3954
3067 11 2 0 1 2059 2047 2049 347 3944 3845 3955 3941 3843 3824
3068 11 2 0 1 353 347 2059 2049 688 3941 3942 3954 3955 3843
3069 11 2 0 1 2047 2059 2049 2050 3944 3955 3845 3848 3847 3956
3070 11 2 0 1 2060 2048 2050 2047 3949 3850 3957 3946 3848 3829
3071 11 2 0 1 2059 2047 2060 2050 3944 3946 3947 3956 3957 3848
3072 11 2 0 1 2048 2060 2050 1445 3949 3957 3850 3853 3852 3958
3073 11 2 0 1 1450 1444 1445 2048 1786 1768 1787 3951 3853 3834
3074 11 2 0 1 2060 2048 1450 1445 3949 3951 3952 3958 1787 3853
3075 11 2 0 1 348 353 354 2061 689 693 691 3959 3960 3961
3076 11 2 0 1 2059 2049 2061 353 3955 3962 3963 3942 3961 3954
3077 11 2 0 1 353 2049 2061 348 3954 3962 3961 689 3959 3842
3078 11 2 0 1 2049 2059 2061 2062 3955 3963 3962 3964 3965 3966
3079 11 2 0 1 2060 2050 2062 2059 3957 3967 3968 3947 3966 3956
3080 11 2 0 1 2059 2050 2062 2049 3956 3967 3966 3955 3964 3847
3081 11 2 0 1 2050 2060 2062 1451 3957 3968 3967 3969 3970 3971
3082 11 2 0 1 1450 1445 1451 2060 1787 1789 1788 3952 3971 3958
3083 11 2 0 1 2060 1445 1451 2050 3958 1789 3971 3957 3969 3852
3084 11 2 0 1 348 354 349 2051 691 692 676 3861 3860 3972
3085 11 2 0 1 2061 2049 2051 348 3962 3863 3973 3959 3861 3842
3086 11 2 0 1 354 348 2061 2051 691 3959 3960 3972 3973 3861
3087 11 2 0 1 2049 2061 2051 2052 3962 3973 3863 3866 3865 3974
3088 11 2 0 1 2062 2050 2052 2049 3967 3868 3975 3964 3866 3847
3089 11 2 0 1 2061 2049 2062 2052 3962 3964 3965 3974 3975 3866
3090 11 2 0 1 2050 2062 2052 1446 3967 3975 3868 3871 3870 3976
3091 11 2 0 1 1451 1445 1446 2050 1789 1771 1790 3969 3871 3852
3092 11 2 0 1 2062 2050 1451 1446 3967 3969 3970 3976 1790 3871
3093 11 2 0 1 349 354 355 2063 692 696 694 3977 3978 3979
3094 11 2 0 1 2061 2051 2063 354 3973 3980 3981 3960 3979 3972
3095 11 2 0 1 354 2051 2063 349 3972 3980 3979 692 3977 3860
3096 11 2 0 1 2051 2061 2063 2064 3973 3981 3980 3982 3983 3984
3097 11 2 0 1 2062 2052 2064 2061 3975 3985 3986 3965 3984 3974
3098 11 2 0 1 2061 2052 2064 2051 3974 3985 3984 3973 3982 3865
3099 11 2 0 1 2052 2062 2064 1452 3975 3986 3985 3987 3988 3989
3100 11 2 0 1 1451 1446 1452 2062 1790 1792 1791 3970 3989 3976
3101 11 2 0 1 2062 1446 1452 2052 3976 1792 3989 3975 3987 3870
3102 11 2 0 1 349 355 350 2053 694 695 679 3879 3878 3990
3103 11 2 0 1 2063 2051 2053 349 3980 3881 3991 3977 3879 3860
3104 11 2 0 1 355 349 2063 2053 694 3977 3978 3990 3991 3879
3105 11 2 0 1 2051 2063 2053 2054 3980 3991 3881 3884 3883 3992
3106 11 2 0 1 2064 2052 2054 2051 3985 3886 3993 3982 3884 3865
3107 11 2 0 1 2063 2051 2064 2054 3980 3982 3983 3992 3993 3884
3108 11 2 0 1 2052 2064 2054 1447 3985 3993 3886 3889 3888 3994
3109 11 2 0 1 1452 1446 1447 2052 1792 1774 1793 3987 3889 3870
3110 11 2 0 1 2064 2052 1452 1447 3985 3987 3988 3994 1793 3889
3111 11 2 0 1 350 355 74 1104 695 698 697 3995 1260 3996
3112 11 2 0 1 2063 2053 1104 355 3991 3997 3998 3978 3996 3990
3113 11 2 0 1 355 2053 1104 350 3990 3997 3996 695 3995 3878
3114 11 2 0 1 2053 2063 1104 1105 3991 3998 3997 3999 1263 4000
3115 11 2 0 1 2064 2054 1105 2063 3993 4001 4002 3983 4000 3992
3116 11 2 0 1 2063 2054 1105 2053 3992 4001 4000 3991 3999 3883
3117 11 2 0 1 2054 2064 1105 187 3993 4002 4001 4003 1265 4004
3118 11 2 0 1 1452 1447 187 2064 1793 1795 1794 3988 4004 3994
3119 11 2 0 1 2064 1447 187 2054 3994 1795 4004 3993 4003 3888
3120 11 2 0 1 350 74 73 1102 697 97 681 3896 1252 1258
3121 11 2 0 1 1104 2053 1102 350 3997 3898 1259 3995 3896 3878
3122 11 2 0 1 74 350 1104 1102 697 3995 1260 1258 1259 3896
3123 11 2 0 1 2053 1104 1102 1103 3997 1259 3898 3900 1255 1261
3124 11 2 0 1 1105 2054 1103 2053 4001 3902 1262 3999 3900 3883
3125 11 2 0 1 1104 2053 1105 1103 3997 3999 1263 1261 1262 3900
3126 11 2 0 1 2054 1105 1103 188 4001 1262 3902 3904 1257 1264
3127 11 2 0 1 187 1447 188 2054 1795 1777 211 4003 3904 3888
3128 11 2 0 1 1105 2054 187 188 4001 4003 1265 1264 211 3904
3129 11 2 0 1 27 28 356 2065 51 701 699 4005 4006 4007
3130 11 2 0 1 816 814 2065 28 978 4008 4009 977 4007 976
3131 11 2 0 1 28 814 2065 27 976 4008 4007 51 4005 969
3132 11 2 0 1 814 816 2065 2066 978 4009 4008 4010 4011 4012
3133 11 2 0 1 817 815 2066 816 981 4013 4014 980 4012 979
3134 11 2 0 1 816 815 2066 814 979 4013 4012 978 4010 972
3135 11 2 0 1 815 817 2066 1453 981 4014 4013 4015 4016 4017
3136 11 2 0 1 144 143 1453 817 167 1797 1796 983 4017 982
3137 11 2 0 1 817 143 1453 815 982 1797 4017 981 4015 975
3138 11 2 0 1 27 356 351 2055 699 700 684 3907 3906 4018
3139 11 2 0 1 2065 814 2055 27 4008 3909 4019 4005 3907 969
3140 11 2 0 1 356 27 2065 2055 699 4005 4006 4018 4019 3907
3141 11 2 0 1 814 2065 2055 2056 4008 4019 3909 3912 3911 4020
3142 11 2 0 1 2066 815 2056 814 4013 3914 4021 4010 3912 972
3143 11 2 0 1 2065 814 2066 2056 4008 4010 4011 4020 4021 3912
3144 11 2 0 1 815 2066 2056 1448 4013 4021 3914 3917 3916 4022
3145 11 2 0 1 1453 143 1448 815 1797 1779 1798 4015 3917 975
3146 11 2 0 1 2066 815 1453 1448 4013 4015 4016 4022 1798 3917
3147 11 2 0 1 351 356 357 2067 700 704 702 4023 4024 4025
3148 11 2 0 1 2065 2055 2067 356 4019 4026 4027 4006 4025 4018
3149 11 2 0 1 356 2055 2067 351 4018 4026 4025 700 4023 3906
3150 11 2 0 1 2055 2065 2067 2068 4019 4027 4026 4028 4029 4030
3151 11 2 0 1 2066 2056 2068 2065 4021 4031 4032 4011 4030 4020
3152 11 2 0 1 2065 2056 2068 2055 4020 4031 4030 4019 4028 3911
3153 11 2 0 1 2056 2066 2068 1454 4021 4032 4031 4033 4034 4035
3154 11 2 0 1 1453 1448 1454 2066 1798 1800 1799 4016 4035 4022
3155 11 2 0 1 2066 1448 1454 2056 4022 1800 4035 4021 4033 3916
3156 11 2 0 1 351 357 352 2057 702 703 687 3925 3924 4036
3157 11 2 0 1 2067 2055 2057 351 4026 3927 4037 4023 3925 3906
3158 11 2 0 1 357 351 2067 2057 702 4023 4024 4036 4037 3925
3159 11 2 0 1 2055 2067 2057 2058 4026 4037 3927 3930 3929 4038
3160 11 2 0 1 2068 2056 2058 2055 4031 3932 4039 4028 3930 3911
3161 11 2 0 1 2067 2055 2068 2058 4026 4028 4029 4038 4039 3930
3162 11 2 0 1 2056 2068 2058 1449 4031 4039 3932 3935 3934 4040
3163 11 2 0 1 1454 1448 1449 2056 1800 1782 1801 4033 3935 3916
3164 11 2 0 1 2068 2056 1454 1449 4031 4033 4034 4040 1801 3935
3165 11 2 0 1 352 357 358 2069 703 707 705 4041 4042 4043
3166 11 2 0 1 2067 2057 2069 357 4037 4044 4045 4024 4043 4036
3167 11 2 0 1 357 2057 2069 352 4036 4044 4043 703 4041 3924
3168 11 2 0 1 2057 2067 2069 2070 4037 4045 4044 4046 4047 4048
3169 11 2 0 1 2068 2058 2070 2067 4039 4049 4050 4029 4048 4038
3170 11 2 0 1 2067 2058 2070 2057 4038 4049 4048 4037 4046 3929
3171 11 2 0 1 2058 2068 2070 1455 4039 4050 4049 4051 4052 4053
3172 11 2 0 1 1454 1449 1455 2068 1801 1803 1802 4034 4053 4040
3173 11 2 0 1 2068 1449 1455 2058 4040 1803 4053 4039 4051 3934
3174 11 2 0 1 352 358 353 2059 705 706 690 3943 3942 4054
3175 11 2 0 1 2069 2057 2059 352 4044 3945 4055 4041 3943 3924
3176 11 2 0 1 358 352 2069 2059 705 4041 4042 4054 4055 3943
3177 11 2 0 1 2057 2069 2059 2060 4044 4055 3945 3948 3947 4056
3178 11 2 0 1 2070 2058 2060 2057 4049 3950 4057 4046 3948 3929
3179 11 2 0 1 2069 2057 2070 2060 4044 4046 4047 4056 4057 3948
3180 11 2 0 1 2058 2070 2060 1450 4049 4057 3950 3953 3952 4058
3181 11 2 0 1 1455 1449 1450 2058 1803 1785 1804 4051 3953 3934
3182 11 2 0 1 2070 2058 1455 1450 4049 4051 4052 4058 1804 3953
3183 11 2 0 1 353 358 359 2071 706 710 708 4059 4060 4061
3184 11 2 0 1 2069 2059 2071 358 4055 4062 4063 4042 4061 4054
3185 11 2 0 1 358 2059 2071 353 4054 4062 4061 706 4059 3942
3186 11 2 0 1 2059 2069 2071 2072 4055 4063 4062 4064 4065 4066
3187 11 2 0 1 2070 2060 2072 2069 4057 4067 4068 4047 4066 4056
3188 11 2 0 1 2069 2060 2072 2059 4056 4067 4066 4055 4064 3947
3189 11 2 0 1 2060 2070 2072 1456 4057 4068 4067 4069 4070 4071
3190 11 2 0 1 1455 1450 1456 2070 1804 1806 1805 4052 4071 4058
3191 11 2 0 1 2070 1450 1456 2060 4058 1806 4071 4057 4069 3952
3192 11 2 0 1 353 359 354 2061 708 709 693 3961 3960 4072
3193 11 2 0 1 2071 2059 2061 353 4062 3963 4073 4059 3961 3942
3194 11 2 0 1 359 353 2071 2061 708 4059 4060 4072 4073 3961
3195 11 2 0 1 2059 2071 2061 2062 4062 4073 3963 3966 3965 4074
3196 11 2 0 1 2072 2060 2062 2059 4067 3968 4075 4064 3966 3947
3197 11 2 0 1 2071 2059 2072 2062 4062 4064 4065 4074 4075 3966
3198 11 2 0 1 2060 2072 2062 1451 4067 4075 3968 3971 3970 4076
3199 11 2 0 1 1456 1450 1451 2060 1806 1788 1807 4069 3971 3952
3200 11 2 0 1 2072 2060 1456 1451 4067 4069 4070 4076 1807 3971
3201 11 2 0 1 354 359 360 2073 709 713 711 4077 4078 4079
3202 11 2 0 1 2071 2061 2073 359 4073 4080 4081 4060 4079 4072
3203 11 2 0 1 359 2061 2073 354 4072 4080 4079 709 4077 3960
3204 11 2 0 1 2061 2071 2073 2074 4073 4081 4080 4082 4083 4084
3205 11 2 0 1 2072 2062 2074 2071 4075 4085 4086 4065 4084 4074
3206 11 2 0 1 2071 2062 2074 2061 4074 4085 4084 4073 4082 3965
3207 11 2 0 1 2062 2072 2074 1457 4075 4086 4085 4087 4088 4089
3208 11 2 0 1 1456 1451 1457 2072 1807 1809 1808 4070 4089 4076
3209 11 2 0 1 2072 1451 1457 2062 4076 1809 4089 4075 4087 3970
3210 11 2 0 1 354 360 355 2063 711 712 696 3979 3978 4090
3211 11 2 0 1 2073 2061 2063 354 4080 3981 4091 4077 3979 3960
3212 11 2 0 1 360 354 2073 2063 711 4077 4078 4090 4091 3979
3213 11 2 0 1 2061 2073 2063 2064 4080 4091 3981 3984 3983 4092
3214 11 2 0 1 2074 2062 2064 2061 4085 3986 4093 4082 3984 3965
3215 11 2 0 1 2073 2061 2074 2064 4080 4082 4083 4092 4093 3984
3216 11 2 0 1 2062 2074 2064 1452 4085 4093 3986 3989 3988 4094
3217 11 2 0 1 1457 1451 1452 2062 1809 1791 1810 4087 3989 3970
3218 11 2 0 1 2074 2062 1457 1452 4085 4087 4088 4094 1810 3989
3219 11 2 0 1 355 360 75 1106 712 715 714 4095 1268 4096
3220 11 2 0 1 2073 2063 1106 360 4091 4097 4098 4078 4096 4090
3221 11 2 0 1 360 2063 1106 355 4090 4097 4096 712 4095 3978
3222 11 2 0 1 2063 2073 1106 1107 4091 4098 4097 4099 1271 4100
3223 11 2 0 1 2074 2064 1107 2073 4093 4101 4102 4083 4100 4092
3224 11 2 0 1 2073 2064 1107 2063 4092 4101 4100 4091 4099 3983
3225 11 2 0 1 2064 2074 1107 186 4093 4102 4101 4103 1273 4104
3226 11 2 0 1 1457 1452 186 2074 1810 1812 1811 4088 4104 4094
3227 11 2 0 1 2074 1452 186 2064 4094 1812 4104 4093 4103 3988
3228 11 2 0 1 355 75 74 1104 714 98 698 3996 1260 1266
3229 11 2 0 1 1106 2063 1104 355 4097 3998 1267 4095 3996 3978
3230 11 2 0 1 75 355 1106 1104 714 4095 1268 1266 1267 3996
3231 11 2 0 1 2063 1106 1104 1105 4097 1267 3998 4000 1263 1269
3232 11 2 0 1 1107 2064 1105 2063 4101 4002 1270 4099 4000 3983
3233 11 2 0 1 1106 2063 1107 1105 4097 4099 1271 1269 1270 4000
3234 11 2 0 1 2064 1107 1105 187 4101 1270 4002 4004 1265 1272
3235 11 2 0 1 186 1452 187 2064 1812 1794 210 4103 4004 3988
3236 11 2 0 1 1107 2064 186 187 4101 4103 1273 1272 210 4004
3237 11 2 0 1 28 29 361 2075 52 718 716 4105 4106 4107
3238 11 2 0 1 818 816 2075 29 986 4108 4109 985 4107 984
3239 11 2 0 1 29 816 2075 28 984 4108 4107 52 4105 977
3240 11 2 0 1 816 818 2075 2076 986 4109 4108 4110 4111 4112
3241 11 2 0 1 819 817 2076 818 989 4113 4114 988 4112 987
3242 11 2 0 1 818 817 2076 816 987 4113 4112 986 4110 980
3243 11 2 0 1 817 819 2076 1458 989 4114 4113 4115 4116 4117
3244 11 2 0 1 145 144 1458 819 168 1814 1813 991 4117 990
3245 11 2 0 1 819 144 1458 817 990 1814 4117 989 4115 983
3246 11 2 0 1 28 361 356 2065 716 717 701 4007 4006 4118
3247 11 2 0 1 2075 816 2065 28 4108 4009 4119 4105 4007 977
3248 11 2 0 1 361 28 2075 2065 716 4105 4106 4118 4119 4007
3249 11 2 0 1 816 2075 2065 2066 4108 4119 4009 4012 4011 4120
3250 11 2 0 1 2076 817 2066 816 4113 4014 4121 4110 4012 980
3251 11 2 0 1 2075 816 2076 2066 4108 4110 4111 4120 4121 4012
3252 11 2 0 1 817 2076 2066 1453 4113 4121 4014 4017 4016 4122
3253 11 2 0 1 1458 144 1453 817 1814 1796 1815 4115 4017 983
3254 11 2 0 1 2076 817 1458 1453 4113 4115 4116 4122 1815 4017
3255 11 2 0 1 356 361 362 2077 717 721 719 4123 4124 4125
3256 11 2 0 1 2075 2065 2077 361 4119 4126 4127 4106 4125 4118
3257 11 2 0 1 361 2065 2077 356 4118 4126 4125 717 4123 4006
3258 11 2 0 1 2065 2075 2077 2078 4119 4127 4126 4128 4129 4130
3259 11 2 0 1 2076 2066 2078 2075 4121 4131 4132 4111 4130 4120
3260 11 2 0 1 2075 2066 2078 2065 4120 4131 4130 4119 4128 4011
3261 11 2 0 1 2066 2076 2078 1459 4121 4132 4131 4133 4134 4135
3262 11 2 0 1 1458 1453 1459 2076 1815 1817 1816 4116 4135 4122
3263 11 2 0 1 2076 1453 1459 2066 4122 1817 4135 4121 4133 4016
3264 11 2 0 1 356 362 357 2067 719 720 704 4025 4024 4136
3265 11 2 0 1 2077 2065 2067 356 4126 4027 4137 4123 4025 4006
3266 11 2 0 1 362 356 2077 2067 719 4123 4124 4136 4137 4025
3267 11 2 0 1 2065 2077 2067 2068 4126 4137 4027 4030 4029 4138
3268 11 2 0 1 2078 2066 2068 2065 4131 4032 4139 4128 4030 4011
3269 11 2 0 1 2077 2065 2078 2068 4126 4128 4129 4138 4139 4030
3270 11 2 0 1 2066 2078 2068 1454 4131 4139 4032 4035 4034 4140
3271 11 2 0 1 1459 1453 1454 2066 1817 1799 1818 4133 4035 4016
3272 11 2 0 1 2078 2066 1459 1454 4131 4133 4134 4140 1818 4035
3273 11 2 0 1 357 362 363 2079 720 724 722 4141 4142 4143
3274 11 2 0 1 2077 2067 2079 362 4137 4144 4145 4124 4143 4136
3275 11 2 0 1 362 2067 2079 357 4136 4144 4143 720 4141 4024
3276 11 2 0 1 2067 2077 2079 2080 4137 4145 4144 4146 4147 4148
3277 11 2 0 1 2078 2068 2080 2077 4139 4149 4150 4129 4148 4138
3278 11 2 0 1 2077 2068 2080 2067 4138 4149 4148 4137 4146 4029
3279 11 2 0 1 2068 2078 2080 1460 4139 4150 4149 4151 4152 4153
3280 11 2 0 1 1459 1454 1460 2078 1818 1820 1819 4134 4153 4140
3281 11 2 0 1 2078 1454 1460 2068 4140 1820 4153 4139 4151 4034
3282 11 2 0 1 357 363 358 2069 722 723 707 4043 4042 4154
3283 11 2 0 1 2079 2067 2069 357 4144 4045 4155 4141 4043 4024
3284 11 2 0 1 363 357 2079 2069 722 4141 4142 4154 4155 4043
3285 11 2 0 1 2067 2079 2069 2070 4144 4155 4045 4048 4047 4156
3286 11 2 0 1 2080 2068 2070 2067 4149 4050 4157 4146 4048 4029
3287 11 2 0 1 2079 2067 2080 2070 4144 4146 4147 4156 4157 4048
3288 11 2 0 1 2068 2080 2070 1455 4149 4157 4050 4053 4052 4158
3289 11 2 0 1 1460 1454 1455 2068 1820 1802 1821 4151 4053 4034
3290 11 2 0 1 2080 2068 1460 1455 4149 4151 4152 4158 1821 4053
3291 11 2 0 1 358 363 364 2081 723 727 725 4159 4160 4161
3292 11 2 0 1 2079 2069 2081 363 4155 4162 4163 4142 4161 4154
3293 11 2 0 1 363 2069 2081 358 4154 4162 4161 723 4159 4042
3294 11 2 0 1 2069 2079 2081 2082 4155 4163 4162 4164 4165 4166
3295 11 2 0 1 2080 2070 2082 2079 4157 4167 4168 4147 4166 4156
3296 11 2 0 1 2079 2070 2082 2069 4156 4167 4166 4155 4164 4047
3297 11 2 0 1 2070 2080 2082 1461 4157 4168 4167 4169 4170 4171
3298 11 2 0 1 1460 1455 1461 2080 1821 1823 1822 4152 4171 4158
3299 11 2 0 1 2080 1455 1461 2070 4158 1823 4171 4157 4169 4052
3300 11 2 0 1 358 364 359 2071 725 726 710 4061 4060 4172
3301 11 2 0 1 2081 2069 2071 358 4162 4063 4173 4159 4061 4042
3302 11 2 0 1 364 358 2081 2071 725 4159 4160 4172 4173 4061
3303 11 2 0 1 2069 2081 2071 2072 4162 4173 4063 4066 4065 4174
3304 11 2 0 1 2082 2070 2072 2069 4167 4068 4175 4164 4066 4047
3305 11 2 0 1 2081 2069 2082 2072 4162 4164 4165 4174 4175 4066
3306 11 2 0 1 2070 2082 2072 1456 4167 4175 4068 4071 4070 4176
3307 11 2 0 1 1461 1455 1456 2070 1823 1805 1824 4169 4071 4052
3308 11 2 0 1 2082 2070 1461 1456 4167 4169 4170 4176 1824 4071
3309 11 2 0 1 359 364 365 2083 726 730 728 4177 4178 4179
3310 11 2 0 1 2081 2071 2083 364 4173 4180 4181 4160 4179 4172
3311 11 2 0 1 364 2071 2083 359 4172 4180 4179 726 4177 4060
3312 11 2 0 1 2071 2081 2083 2084 4173 4181 4180 4182 4183 4184
3313 11 2 0 1 2082 2072 2084 2081 4175 4185 4186 4165 4184 4174
3314 11 2 0 1 2081 2072 2084 2071 4174 4185 4184 4173 4182 4065
3315 11 2 0 1 2072 2082 2084 1462 4175 4186 4185 4187 4188 4189
3316 11 2 0 1 1461 1456 1462 2082 1824 1826 1825 4170 4189 4176
3317 11 2 0 1 2082 1456 1462 2072 4176 1826 4189 4175 4187 4070
3318 11 2 0 1 359 365 360 2073 728 729 713 4079 4078 4190
3319 11 2 0 1 2083 2071 2073 359 4180 4081 4191 4177 4079 4060
3320 11 2 0 1 365 359 2083 2073 728 4177 4178 4190 4191 4079
3321 11 2 0 1 2071 2083 2073 2074 4180 4191 4081 4084 4083 4192
3322 11 2 0 1 2084 2072 2074 2071 4185 4086 4193 4182 4084 4065
3323 11 2 0 1 2083 2071 2084 2074 4180 4182 4183 4192 4193 4084
3324 11 2 0 1 2072 2084 2074 1457 4185 4193 4086 4089 4088 4194
3325 11 2 0 1 1462 1456 1457 2072 1826 1808 1827 4187 4089 4070
3326 11 2 0 1 2084 2072 1462 1457 4185 4187 4188 4194 1827 4089
3327 11 2 0 1 360 365 76 1108 729 732 731 4195 1276 4196
3328 11 2 0 1 2083 2073 1108 365 4191 4197 4198 4178 4196 4190
3329 11 2 0 1 365 2073 1108 360 4190 4197 4196 729 4195 4078
3330 11 2 0 1 2073 2083 1108 1109 4191 4198 4197 4199 1279 4200
3331 11 2 0 1 2084 2074 1109 2083 4193 4201 4202 4183 4200 4192
3332 11 2 0 1 2083 2074 1109 2073 4192 4201 4200 4191 4199 4083
3333 11 2 0 1 2074 2084 1109 185 4193 4202 4201 4203 1281 4204
3334 11 2 0 1 1462 1457 185 2084 1827 1829 1828 4188 4204 4194
3335 11 2 0 1 2084 1457 185 2074 4194 1829 4204 4193 4203 4088
3336 11 2 0 1 360 76 75 1106 731 99 715 4096 1268 1274
3337 11 2 0 1 1108 2073 1106 360 4197 4098 1275 4195 4096 4078
3338 11 2 0 1 76 360 1108 1106 731 4195 1276 1274 1275 4096
3339 11 2 0 1 2073 1108 1106 1107 4197 1275 4098 4100 1271 1277
3340 11 2 0 1 1109 2074 1107 2073 4201 4102 1278 4199 4100 4083
3341 11 2 0 1 1108 2073 1109 1107 4197 4199 1279 1277 1278 4100
3342 11 2 0 1 2074 1109 1107 186 4201 1278 4102 4104 1273 1280
3343 11 2 0 1 185 1457 186 2074 1829 1811 209 4203 4104 4088
3344 11 2 0 1 1109 2074 185 186 4201 4203 1281 1280 209 4104
3345 11 2 0 1 29 30 366 2085 53 735 733 4205 4206 4207
3346 11 2 0 1 820 818 2085 30 994 4208 4209 993 4207 992
3347 11 2 0 1 30 818 2085 29 992 4208 4207 53 4205 985
3348 11 2 0 1 818 820 2085 2086 994 4209 4208 4210 4211 4212
3349 11 2 0 1 821 819 2086 820 997 4213 4214 996 4212 995
3350 11 2 0 1 820 819 2086 818 995 4213 4212 994 4210 988
3351 11 2 0 1 819 821 2086 1463 997 4214 4213 4215 4216 4217
3352 11 2 0 1 146 145 1463 821 169 1831 1830 999 4217 998
3353 11 2 0 1 821 145 1463 819 998 1831 4217 997 4215 991
3354 11 2 0 1 29 366 361 2075 733 734 718 4107 4106 4218
3355 11 2 0 1 2085 818 2075 29 4208 4109 4219 4205 4107 985
3356 11 2 0 1 366 29 2085 2075 733 4205 4206 4218 4219 4107
3357 11 2 0 1 818 2085 2075 2076 4208 4219 4109 4112 4111 4220
3358 11 2 0 1 2086 819 2076 818 4213 4114 4221 4210 4112 988
3359 11 2 0 1 2085 818 2086 2076 4208 4210 4211 4220 4221 4112
3360 11 2 0 1 819 2086 2076 1458 4213 4221 4114 4117 4116 4222
3361 11 2 0 1 1463 145 1458 819 1831 1813 1832 4215 4117 991
3362 11 2 0 1 2086 819 1463 1458 4213 4215 4216 4222 1832 4117
3363 11 2 0 1 361 366 367 2087 734 738 736 4223 4224 4225
3364 11 2 0 1 2085 2075 2087 366 4219 4226 4227 4206 4225 4218
3365 11 2 0 1 366 2075 2087 361 4218 4226 4225 734 4223 4106
3366 11 2 0 1 2075 2085 2087 2088 4219 4227 4226 4228 4229 4230
3367 11 2 0 1 2086 2076 2088 2085 4221 4231 4232 4211 4230 4220
3368 11 2 0 1 2085 2076 2088 2075 4220 4231 4230 4219 4228 4111
3369 11 2 0 1 2076 2086 2088 1464 4221 4232 4231 4233 4234 4235
3370 11 2 0 1 1463 1458 1464 2086 1832 1834 1833 4216 4235 4222
3371 11 2 0 1 2086 1458 1464 2076 4222 1834 4235 4221 4233 4116
3372 11 2 0 1 361 367 362 2077 736 737 721 4125 4124 4236
3373 11 2 0 1 2087 2075 2077 361 4226 4127 4237 4223 4125 4106
3374 11 2 0 1 367 361 2087 2077 736 4223 4224 4236 4237 4125
3375 11 2 0 1 2075 2087 2077 2078 4226 4237 4127 4130 4129 4238
3376 11 2 0 1 2088 2076 2078 2075 4231 4132 4239 4228 4130 4111
3377 11 2 0 1 2087 2075 2088 2078 4226 4228 4229 4238 4239 4130
3378 11 2 0 1 2076 2088 2078 1459 4231 4239 4132 4135 4134 4240
3379 11 2 0 1 1464 1458 1459 2076 1834 1816 1835 4233 4135 4116
3380 11 2 0 1 2088 2076 1464 1459 4231 4233 4234 4240 1835 4135
3381 11 2 0 1 362 367 368 2089 737 741 739 4241 4242 4243
3382 11 2 0 1 2087 2077 2089 367 4237 4244 4245 4224 4243 4236
3383 11 2 0 1 367 2077 2089 362 4236 4244 4243 737 4241 4124
3384 11 2 0 1 2077 2087 2089 2090 4237 4245 4244 4246 4247 4248
3385 11 2 0 1 2088 2078 2090 2087 4239 4249 4250 4229 4248 4238
3386 11 2 0 1 2087 2078 2090 2077 4238 4249 4248 4237 4246 4129
3387 11 2 0 1 2078 2088 2090 1465 4239 4250 4249 4251 4252 4253
3388 11 2 0 1 1464 1459 1465 2088 1835 1837 1836 4234 4253 4240
3389 11 2 0 1 2088 1459 1465 2078 4240 1837 4253 4239 4251 4134
3390 11 2 0 1 362 368 363 2079 739 740 724 4143 4142 4254
3391 11 2 0 1 2089 2077 2079 362 4244 4145 4255 4241 4143 4124
3392 11 2 0 1 368 362 2089 2079 739 4241 4242 4254 4255 4143
3393 11 2 0 1 2077 2089 2079 2080 4244 4255 4145 4148 4147 4256
3394 11 2 0 1 2090 2078 2080 2077 4249 4150 4257 4246 4148 4129
3395 11 2 0 1 2089 2077 2090 2080 4244 4246 4247 4256 4257 4148
3396 11 2 0 1 2078 2090 2080 1460 4249 4257 4150 4153 4152 4258
3397 11 2 0 1 1465 1459 1460 2078 1837 1819 1838 4251 4153 4134
3398 11 2 0 1 2090 2078 1465 1460 4249 4251 4252 4258 1838 4153
3399 11 2 0 1 363 368 369 2091 740 744 742 4259 4260 4261
3400 11 2 0 1 2089 2079 2091 368 4255 4262 4263 4242 4261 4254
3401 11 2 0 1 368 2079 2091 363 4254 4262 4261 740 4259 4142
3402 11 2 0 1 2079 2089 2091 2092 4255 4263 4262 4264 4265 4266
3403 11 2 0 1 2090 2080 2092 2089 4257 4267 4268 4247 4266 4256
3404 11 2 0 1 2089 2080 2092 2079 4256 4267 4266 4255 4264 4147
3405 11 2 0 1 2080 2090 2092 1466 4257 4268 4267 4269 4270 4271
3406 11 2 0 1 1465 1460 1466 2090 1838 1840 1839 4252 4271 4258
3407 11 2 0 1 2090 1460 1466 2080 4258 1840 4271 4257 4269 4152
3408 11 2 0 1 363 369 364 2081 742 743 727 4161 4160 4272
3409 11 2 0 1 2091 2079 2081 363 4262 4163 4273 4259 4161 4142
3410 11 2 0 1 369 363 2091 2081 742 4259 4260 4272 4273 4161
3411 11 2 0 1 2079 2091 2081 2082 4262 4273 4163 4166 4165 4274
3412 11 2 0 1 2092 2080 2082 2079 4267 4168 4275 4264 4166 4147
3413 11 2 0 1 2091 2079 2092 2082 4262 4264 4265 4274 4275 4166
3414 11 2 0 1 2080 2092 2082 1461 4267 4275 4168 4171 4170 4276
3415 11 2 0 1 1466 1460 1461 2080 1840 1822 1841 4269 4171 4152
3416 11 2 0 1 2092 2080 1466 1461 4267 4269 4270 4276 1841 4171
3417 11 2 0 1 364 369 370 2093 743 747 745 4277 4278 4279
3418 11 2 0 1 2091 2081 2093 369 4273 4280 4281 4260 4279 4272
3419 11 2 0 1 369 2081 2093 364 4272 4280 4279 743 4277 4160
3420 11 2 0 1 2081 2091 2093 2094 4273 4281 4280 4282 4283 4284
3421 11 2 0 1 2092 2082 2094 2091 4275 4285 4286 4265 4284 4274
3422 11 2 0 1 2091 2082 2094 2081 4274 4285 4284 4273 4282 4165
3423 11 2 0 1 2082 2092 2094 1467 4275 4286 4285 4287 4288 4289
3424 11 2 0 1 1466 1461 1467 2092 1841 1843 1842 4270 4289 4276
3425 11 2 0 1 2092 1461 1467 2082 4276 1843 4289 4275 4287 4170
3426 11 2 0 1 364 370 365 2083 745 746 730 4179 4178 4290
3427 11 2 0 1 2093 2081 2083 364 4280 4181 4291 4277 4179 4160
3428 11 2 0 1 370 364 2093 2083 745 4277 4278 4290 4291 4179
3429 11 2 0 1 2081 2093 2083 2084 4280 4291 4181 4184 4183 4292
3430 11 2 0 1 2094 2082 2084 2081 4285 4186 4293 4282 4184 4165
3431 11 2 0 1 2093 2081 2094 2084 4280 4282 4283 4292 4293 4184
3432 11 2 0 1 2082 2094 2084 1462 4285 4293 4186 4189 4188 4294
3433 11 2 0 1 1467 1461 1462 2082 1843 1825 1844 4287 4189 4170
3434 11 2 0 1 2094 2082 1467 1462 4285 4287 4288 4294 1844 4189
3435 11 2 0 1 365 370 77 1110 746 749 748 4295 1284 4296
3436 11 2 0 1 2093 2083 1110 370 4291 4297 4298 4278 4296 4290
3437 11 2 0 1 370 2083 1110 365 4290 4297 4296 746 4295 4178
3438 11 2 0 1 2083 2093 1110 1111 4291 4298 4297 4299 1287 4300
3439 11 2 0 1 2094 2084 1111 2093 4293 4301 4302 4283 4300 4292
3440 11 2 0 1 2093 2084 1111 2083 4292 4301 4300 4291 4299 4183
3441 11 2 0 1 2084 2094 1111 184 4293 4302 4301 4303 1289 4304
3442 11 2 0 1 1467 1462 184 2094 1844 1846 1845 4288 4304 4294
3443 11 2 0 1 2094 1462 184 2084 4294 1846 4304 4293 4303 4188
3444 11 2 0 1 365 77 76 1108 748 100 732 4196 1276 1282
3445 11 2 0 1 1110 2083 1108 365 4297 4198 1283 4295 4196 4178
3446 11 2 0 1 77 365 1110 1108 748 4295 1284 1282 1283 4196
3447 11 2 0 1 2083 1110 1108 1109 4297 1283 4198 4200 1279 1285
3448 11 2 0 1 1111 2084 1109 2083 4301 4202 1286 4299 4200 4183
3449 11 2 0 1 1110 2083 1111 1109 4297 4299 1287 1285 1286 4200
3450 11 2 0 1 2084 1111 1109 185 4301 1286 4202 4204 1281 1288
3451 11 2 0 1 184 1462 185 2084 1846 1828 208 4303 4204 4188
3452 11 2 0 1 1111 2084 184 185 4301 4303 1289 1288 208 4204
3453 11 2 0 1 30 31 371 2095 54 752 750 4305 4306 4307
3454 11 2 0 1 822 820 2095 31 1002 4308 4309 1001 4307 1000
3455 11 2 0 1 31 820 2095 30 1000 4308 4307 54 4305 993
3456 11 2 0 1 820 822 2095 2096 1002 4309 4308 4310 4311 4312
3457 11 2 0 1 823 821 2096 822 1005 4313 4314 1004 4312 1003
3458 11 2 0 1 822 821 2096 820 1003 4313 4312 1002 4310 996
3459 11 2 0 1 821 823 2096 1468 1005 4314 4313 4315 4316 4317
3460 11 2 0 1 147 146 1468 823 170 1848 1847 1007 4317 1006
3461 11 2 0 1 823 146 1468 821 1006 1848 4317 1005 4315 999
3462 11 2 0 1 30 371 366 2085 750 751 735 4207 4206 4318
3463 11 2 0 1 2095 820 2085 30 4308 4209 4319 4305 4207 993
3464 11 2 0 1 371 30 2095 2085 750 4305 4306 4318 4319 4207
3465 11 2 0 1 820 2095 2085 2086 4308 4319 4209 4212 4211 4320
3466 11 2 0 1 2096 821 2086 820 4313 4214 4321 4310 4212 996
3467 11 2 0 1 2095 820 2096 2086 4308 4310 4311 4320 4321 4212
3468 11 2 0 1 821 2096 2086 1463 4313 4321 4214 4217 4216 4322
3469 11 2 0 1 1468 146 1463 821 1848 1830 1849 4315 4217 999
3470 11 2 0 1 2096 821 1468 1463 4313 4315 4316 4322 1849 4217
3471 11 2 0 1 366 371 372 2097 751 755 753 4323 4324 4325
3472 11 2 0 1 2095 2085 2097 371 4319 4326 4327 4306 4325 4318
3473 11 2 0 1 371 2085 2097 366 4318 4326 4325 751 4323 4206
3474 11 2 0 1 2085 2095 2097 2098 4319 4327 4326 4328 4329 4330
3475 11 2 0 1 2096 2086 2098 2095 4321 4331 4332 4311 4330 4320
3476 11 2 0 1 2095 2086 2098 2085 4320 4331 4330 4319 4328 4211
3477 11 2 0 1 2086 2096 2098 1469 4321 4332 4331 4333 4334 4335
3478 11 2 0 1 1468 1463 1469 2096 1849 1851 1850 4316 4335 4322
3479 11 2 0 1 2096 1463 1469 2086 4322 1851 4335 4321 4333 4216
3480 11 2 0 1 366 372 367 2087 753 754 738 4225 4224 4336
3481 11 2 0 1 2097 2085 2087 366 4326 4227 4337 4323 4225 4206
3482 11 2 0 1 372 366 2097 2087 753 4323 4324 4336 4337 4225
3483 11 2 0 1 2085 2097 2087 2088 4326 4337 4227 4230 4229 4338
3484 11 2 0 1 2098 2086 2088 2085 4331 4232 4339 4328 4230 4211
3485 11 2 0 1 2097 2085 2098 2088 4326 4328 4329 4338 4339 4230
3486 11 2 0 1 2086 2098 2088 1464 4331 4339 4232 4235 4234 4340
3487 11 2 0 1 1469 1463 1464 2086 1851 1833 1852 4333 4235 4216
3488 11 2 0 1 2098 2086 1469 1464 4331 4333 4334 4340 1852 4235
3489 11 2 0 1 367 372 373 2099 754 758 756 4341 4342 4343
3490 11 2 0 1 2097 2087 2099 372 4337 4344 4345 4324 4343 4336
3491 11 2 0 1 372 2087 2099 367 4336 4344 4343 754 4341 4224
3492 11 2 0 1 2087 2097 2099 2100 4337 4345 4344 4346 4347 4348
3493 11 2 0 1 2098 2088 2100 2097 4339 4349 4350 4329 4348 4338
3494 11 2 0 1 2097 2088 2100 2087 4338 4349 4348 4337 4346 4229
3495 11 2 0 1 2088 2098 2100 1470 4339 4350 4349 4351 4352 4353
3496 11 2 0 1 1469 1464 1470 2098 1852 1854 1853 4334 4353 4340
3497 11 2 0 1 2098 1464 1470 2088 4340 1854 4353 4339 4351 4234
3498 11 2 0 1 367 373 368 2089 756 757 741 4243 4242 4354
3499 11 2 0 1 2099 2087 2089 367 4344 4245 4355 4341 4243 4224
3500 11 2 0 1 373 367 2099 2089 756 4341 4342 4354 4355 4243
3501 11 2 0 1 2087 2099 2089 2090 4344 4355 4245 4248 4247 4356
3502 11 2 0 1 2100 2088 2090 2087 4349 4250 4357 4346 4248 4229
3503 11 2 0 1 2099 2087 2100 2090 4344 4346 4347 4356 4357 4248
3504 11 2 0 1 2088 2100 2090 1465 4349 4357 4250 4253 4252 4358
3505 11 2 0 1 1470 1464 1465 2088 1854 1836 1855 4351 4253 4234
3506 11 2 0 1 2100 2088 1470 1465 4349 4351 4352 4358 1855 4253
3507 11 2 0 1 368 373 374 2101 757 761 759 4359 4360 4361
3508 11 2 0 1 2099 2089 2101 373 4355 4362 4363 4342 4361 4354
3509 11 2 0 1 373 2089 2101 368 4354 4362 4361 757 4359 4242
3510 11 2 0 1 2089 2099 2101 2102 4355 4363 4362 4364 4365 4366
3511 11 2 0 1 2100 2090 2102 2099 4357 4367 4368 4347 4366 4356
3512 11 2 0 1 2099 2090 2102 2089 4356 4367 4366 4355 4364 4247
3513 11 2 0 1 2090 2100 2102 1471 4357 4368 4367 4369 4370 4371
3514 11 2 0 1 1470 1465 1471 2100 1855 1857 1856 4352 4371 4358
3515 11 2 0 1 2100 1465 1471 2090 4358 1857 4371 4357 4369 4252
3516 11 2 0 1 368 374 369 2091 759 760 744 4261 4260 4372
3517 11 2 0 1 2101 2089 2091 368 4362 4263 4373 4359 4261 4242
3518 11 2 0 1 374 368 2101 2091 759 4359 4360 4372 4373 4261
3519 11 2 0 1 2089 2101 2091 2092 4362 4373 4263 4266 4265 4374
3520 11 2 0 1 2102 2090 2092 2089 4367 4268 4375 4364 4266 4247
3521 11 2 0 1 2101 2089 2102 2092 4362 4364 4365 4374 4375 4266
3522 11 2 0 1 2090 2102 2092 1466 4367 4375 4268 4271 4270 4376
3523 11 2 0 1 1471 1465 1466 2090 1857 1839 1858 4369 4271 4252
3524 11 2 0 1 2102 2090 1471 1466 4367 4369 4370 4376 1858 4271
3525 11 2 0 1 369 374 375 2103 760 764 762 4377 4378 4379
3526 11 2 0 1 2101 2091 2103 374 4373 4380 4381 4360 4379 4372
3527 11 2 0 1 374 2091 2103 369 4372 4380 4379 760 4377 4260
3528 11 2 0 1 2091 2101 2103 2104 4373 4381 4380 4382 4383 4384
3529 11 2 0 1 2102 2092 2104 2101 4375 4385 4386 4365 4384 4374
3530 11 2 0 1 2101 2092 2104 2091 4374 4385 4384 4373 4382 4265
3531 11 2 0 1 2092 2102 2104 1472 4375 4386 4385 4387 4388 4389
3532 11 2 0 1 1471 1466 1472 2102 1858 1860 1859 4370 4389 4376
3533 11 2 0 1 2102 1466 1472 2092 4376 1860 4389 4375 4387 4270
3534 11 2 0 1 369 375 370 2093 762 763 747 4279 4278 4390
3535 11 2 0 1 2103 2091 2093 369 4380 4281 4391 4377 4279 4260
3536 11 2 0 1 375 369 2103 2093 762 4377 4378 4390 4391 4279
3537 11 2 0 1 2091 2103 2093 2094 4380 4391 4281 4284 4283 4392
3538 11 2 0 1 2104 2092 2094 2091 4385 4286 4393 4382 4284 4265
3539 11 2 0 1 2103 2091 2104 2094 4380 4382 4383 4392 4393 4284
3540 11 2 0 1 2092 2104 2094 1467 4385 4393 4286 4289 4288 4394
3541 11 2 0 1 1472 1466 1467 2092 1860 1842 1861 4387 4289 4270
3542 11 2 0 1 2104 2092 1472 1467 4385 4387 4388 4394 1861 4289
3543 11 2 0 1 370 375 78 1112 763 766 765 4395 1292 4396
3544 11 2 0 1 2103 2093 1112 375 4391 4397 4398 4378 4396 4390
3545 11 2 0 1 375 2093 1112 370 4390 4397 4396 763 4395 4278
3546 11 2 0 1 2093 2103 1112 1113 4391 4398 4397 4399 1295 4400
3547 11 2 0 1 2104 2094 1113 2103 4393 4401 4402 4383 4400 4392
3548 11 2 0 1 2103 2094 1113 2093 4392 4401 4400 4391 4399 4283
3549 11 2 0 1 2094 2104 1113 183 4393 4402 4401 4403 1297 4404
3550 11 2 0 1 1472 1467 183 2104 1861 1863 1862 4388 4404 4394
3551 11 2 0 1 2104 1467 183 2094 4394 1863 4404 4393 4403 4288
3552 11 2 0 1 370 78 77 1110 765 101 749 4296 1284 1290
3553 11 2 0 1 1112 2093 1110 370 4397 4298 1291 4395 4296 4278
3554 11 2 0 1 78 370 1112 1110 765 4395 1292 1290 1291 4296
3555 11 2 0 1 2093 1112 1110 1111 4397 1291 4298 4300 1287 1293
3556 11 2 0 1 1113 2094 1111 2093 4401 4302 1294 4399 4300 4283
3557 11 2 0 1 1112 2093 1113 1111 4397 4399 1295 1293 1294 4300
3558 11 2 0 1 2094 1113 1111 184 4401 1294 4302 4304 1289 1296
3559 11 2 0 1 183 1467 184 2094 1863 1845 207 4403 4304 4288
3560 11 2 0 1 1113 2094 183 184 4401 4403 1297 1296 207 4304
3561 11 2 0 1 31 2 114 1013 55 119 767 4405 1025 1023
3562 11 2 0 1 246 822 1013 2 1009 4406 1024 248 1023 1008
3563 11 2 0 1 2 822 1013 31 1008 4406 1023 55 4405 1001
3564 11 2 0 1 822 246 1013 1014 1009 1024 4406 4407 1028 1026
3565 11 2 0 1 247 823 1014 246 1011 4408 1027 249 1026 1010
3566 11 2 0 1 246 823 1014 822 1010 4408 1026 1009 4407 1004
3567 11 2 0 1 823 247 1014 172 1011 1027 4408 4409 1030 1029
3568 11 2 0 1 6 147 172 247 171 1864 177 250 1029 1012
3569 11 2 0 1 247 147 172 823 1012 1864 1029 1011 4409 1007
3570 11 2 0 1 31 114 371 2095 767 768 752 4307 4306 4410
3571 11 2 0 1 1013 822 2095 31 4406 4309 4411 4405 4307 1001
3572 11 2 0 1 114 31 1013 2095 767 4405 1025 4410 4411 4307
3573 11 2 0 1 822 1013 2095 2096 4406 4411 4309 4312 4311 4412
3574 11 2 0 1 1014 823 2096 822 4408 4314 4413 4407 4312 1004
3575 11 2 0 1 1013 822 1014 2096 4406 4407 1028 4412 4413 4312
3576 11 2 0 1 823 1014 2096 1468 4408 4413 4314 4317 4316 4414
3577 11 2 0 1 172 147 1468 823 1864 1847 1865 4409 4317 1007
3578 11 2 0 1 1014 823 172 1468 4408 4409 1030 4414 1865 4317
3579 11 2 0 1 371 114 115 1015 768 120 769 4415 1033 1031
3580 11 2 0 1 1013 2095 1015 114 4411 4416 1032 1025 1031 4410
3581 11 2 0 1 114 2095 1015 371 4410 4416 1031 768 4415 4306
3582 11 2 0 1 2095 1013 1015 1016 4411 1032 4416 4417 1036 1034
3583 11 2 0 1 1014 2096 1016 1013 4413 4418 1035 1028 1034 4412
3584 11 2 0 1 1013 2096 1016 2095 4412 4418 1034 4411 4417 4311
3585 11 2 0 1 2096 1014 1016 173 4413 1035 4418 4419 1038 1037
3586 11 2 0 1 172 1468 173 1014 1865 1866 178 1030 1037 4414
3587 11 2 0 1 1014 1468 173 2096 4414 1866 1037 4413 4419 4316
3588 11 2 0 1 371 115 372 2097 769 770 755 4325 4324 4420
3589 11 2 0 1 1015 2095 2097 371 4416 4327 4421 4415 4325 4306
3590 11 2 0 1 115 371 1015 2097 769 4415 1033 4420 4421 4325
3591 11 2 0 1 2095 1015 2097 2098 4416 4421 4327 4330 4329 4422
3592 11 2 0 1 1016 2096 2098 2095 4418 4332 4423 4417 4330 4311
3593 11 2 0 1 1015 2095 1016 2098 4416 4417 1036 4422 4423 4330
3594 11 2 0 1 2096 1016 2098 1469 4418 4423 4332 4335 4334 4424
3595 11 2 0 1 173 1468 1469 2096 1866 1850 1867 4419 4335 4316
3596 11 2 0 1 1016 2096 173 1469 4418 4419 1038 4424 1867 4335
3597 11 2 0 1 372 115 116 1017 770 121 771 4425 1041 1039
3598 11 2 0 1 1015 2097 1017 115 4421 4426 1040 1033 1039 4420
3599 11 2 0 1 115 2097 1017 372 4420 4426 1039 770 4425 4324
3600 11 2 0 1 2097 1015 1017 1018 4421 1040 4426 4427 1044 1042
3601 11 2 0 1 1016 2098 1018 1015 4423 4428 1043 1036 1042 4422
3602 11 2 0 1 1015 2098 1018 2097 4422 4428 1042 4421 4427 4329
3603 11 2 0 1 2098 1016 1018 174 4423 1043 4428 4429 1046 1045
3604 11 2 0 1 173 1469 174 1016 1867 1868 179 1038 1045 4424
3605 11 2 0 1 1016 1469 174 2098 4424 1868 1045 4423 4429 4334
3606 11 2 0 1 372 116 373 2099 771 772 758 4343 4342 4430
3607 11 2 0 1 1017 2097 2099 372 4426 4345 4431 4425 4343 4324
3608 11 2 0 1 116 372 1017 2099 771 4425 1041 4430 4431 4343
3609 11 2 0 1 2097 1017 2099 2100 4426 4431 4345 4348 4347 4432
3610 11 2 0 1 1018 2098 2100 2097 4428 4350 4433 4427 4348 4329
3611 11 2 0 1 1017 2097 1018 2100 4426 4427 1044 4432 4433 4348
3612 11 2 0 1 2098 1018 2100 1470 4428 4433 4350 4353 4352 4434
3613 11 2 0 1 174 1469 1470 2098 1868 1853 1869 4429 4353 4334
3614 11 2 0 1 1018 2098 174 1470 4428 4429 1046 4434 1869 4353
3615 11 2 0 1 373 116 117 1019 772 122 773 4435 1049 1047
3616 11 2 0 1 1017 2099 1019 116 4431 4436 1048 1041 1047 4430
3617 11 2 0 1 116 2099 1019 373 4430 4436 1047 772 4435 4342
3618 11 2 0 1 2099 1017 1019 1020 4431 1048 4436 4437 1052 1050
3619 11 2 0 1 1018 2100 1020 1017 4433 4438 1051 1044 1050 4432
3620 11 2 0 1 1017 2100 1020 2099 4432 4438 1050 4431 4437 4347
3621 11 2 0 1 2100 1018 1020 175 4433 1051 4438 4439 1054 1053
3622 11 2 0 1 174 1470 175 1018 1869 1870 180 1046 1053 4434
3623 11 2 0 1 1018 1470 175 2100 4434 1870 1053 4433 4439 4352
3624 11 2 0 1 373 117 374 2101 773 774 761 4361 4360 4440
3625 11 2 0 1 1019 2099 2101 373 4436 4363 4441 4435 4361 4342
3626 11 2 0 1 117 373 1019 2101 773 4435 1049 4440 4441 4361
3627 11 2 0 1 2099 1019 2101 2102 4436 4441 4363 4366 4365 4442
3628 11 2 0 1 1020 2100 2102 2099 4438 4368 4443 4437 4366 4347
3629 11 2 0 1 1019 2099 1020 2102 4436 4437 1052 4442 4443 4366
3630 11 2 0 1 2100 1020 2102 1471 4438 4443 4368 4371 4370 4444
3631 11 2 0 1 175 1470 1471 2100 1870 1856 1871 4439 4371 4352
3632 11 2 0 1 1020 2100 175 1471 4438 4439 1054 4444 1871 4371
3633 11 2 0 1 374 117 118 1021 774 123 775 4445 1057 1055
3634 11 2 0 1 1019 2101 1021 117 4441 4446 1056 1049 1055 4440
3635 11 2 0 1 117 2101 1021 374 4440 4446 1055 774 4445 4360
3636 11 2 0 1 2101 1019 1021 1022 4441 1056 4446 4447 1060 1058
3637 11 2 0 1 1020 2102 1022 1019 4443 4448 1059 1052 1058 4442
3638 11 2 0 1 1019 2102 1022 2101 4442 4448 1058 4441 4447 4365
3639 11 2 0 1 2102 1020 1022 176 4443 1059 4448 4449 1062 1061
3640 11 2 0 1 175 1471 176 1020 1871 1872 181 1054 1061 4444
3641 11 2 0 1 1020 1471 176 2102 4444 1872 1061 4443 4449 4370
3642 11 2 0 1 374 118 375 2103 775 776 764 4379 4378 4450
3643 11 2 0 1 1021 2101 2103 374 4446 4381 4451 4445 4379 4360
3644 11 2 0 1 118 374 1021 2103 775 4445 1057 4450 4451 4379
3645 11 2 0 1 2101 1021 2103 2104 4446 4451 4381 4384 4383 4452
3646 11 2 0 1 1022 2102 2104 2101 4448 4386 4453 4447 4384 4365
3647 11 2 0 1 1021 2101 1022 2104 4446 4447 1060 4452 4453 4384
3648 11 2 0 1 2102 1022 2104 1472 4448 4453 4386 4389 4388 4454
3649 11 2 0 1 176 1471 1472 2102 1872 1859 1873 4449 4389 4370
3650 11 2 0 1 1022 2102 176 1472 4448 4449 1062 4454 1873 4389
3651 11 2 0 1 375 118 4 251 776 124 777 4455 253 1063
3652 11 2 0 1 1021 2103 251 118 4451 4456 1064 1057 1063 4450
3653 11 2 0 1 118 2103 251 375 4450 4456 1063 776 4455 4378
3654 11 2 0 1 2103 1021 251 252 4451 1064 4456 4457 254 1065
3655 11 2 0 1 1022 2104 252 1021 4453 4458 1066 1060 1065 4452
3656 11 2 0 1 1021 2104 252 2103 4452 4458 1065 4451 4457 4383
3657 11 2 0 1 2104 1022 252 7 4453 1066 4458 4459 255 1067
3658 11 2 0 1 176 1472 7 1022 1873 1874 182 1062 1067 4454
3659 11 2 0 1 1022 1472 7 2104 4454 1874 1067 4453 4459 4388
3660 11 2 0 1 375 4 78 1112 777 102 766 4396 1292 1298
3661 11 2 0 1 251 2103 1112 375 4456 4398 1299 4455 4396 4378
3662 11 2 0 1 4 375 251 1112 777 4455 253 1298 1299 4396
3663 11 2 0 1 2103 251 1112 1113 4456 1299 4398 4400 1295 1300
3664 11 2 0 1 252 2104 1113 2103 4458 4402 1301 4457 4400 4383
3665 11 2 0 1 251 2103 252 1113 4456 4457 254 1300 1301 4400
3666 11 2 0 1 2104 252 1113 183 4458 1301 4402 4404 1297 1302
3667 11 2 0 1 7 1472 183 2104 1874 1862 206 4459 4404 4388
3668 11 2 0 1 252 2104 7 183 4458 4459 255 1302 206 4404
$EndElements
